timestamps,open,high,low,close,volume,stock_code
2016-01-04,11.0502,11.1052,9.9333,9.9333,19871150,000021
2016-01-05,9.146,9.8326,8.9537,9.3108,30145763,000021
2016-01-06,9.3199,9.5213,9.3016,9.5213,18093322,000021
2016-01-07,9.3565,9.3565,8.5692,8.5783,5208600,000021
2016-01-08,8.7706,8.9262,8.1481,8.6607,23146720,000021
2016-01-11,8.2945,8.5143,7.791,7.8002,24695328,000021
2016-01-12,7.9375,8.084,7.5804,7.9192,18800758,000021
2016-01-13,7.965,8.084,7.6171,7.6354,16743209,000021
2016-01-14,7.4156,8.0657,7.3241,7.9466,17431690,000021
2016-01-15,7.8734,8.1297,7.6445,7.6811,21732825,000021
2016-01-18,7.5255,8.0748,7.4797,7.9283,16418107,000021
2016-01-19,7.9192,8.3769,7.8459,8.3769,25516864,000021
2016-01-20,8.2854,8.4502,8.1206,8.2396,23056771,000021
2016-01-21,8.0657,8.3586,7.7452,7.7819,19572662,000021
2016-01-22,7.8734,8.2854,7.5987,8.1114,23364324,000021
2016-01-25,8.1847,8.2945,7.9924,8.1389,13522998,000021
2016-01-26,8.0199,8.029,7.3241,7.3241,18913147,000021
2016-01-27,7.3424,7.4706,6.967,7.3058,25804650,000021
2016-01-28,7.2325,7.4156,6.8847,6.9396,13264650,000021
2016-01-29,6.9213,7.3607,6.9213,7.2692,17071327,000021
2016-02-01,7.2417,7.379,7.0678,7.2783,13691025,000021
2016-02-02,7.2783,7.6262,7.2783,7.5072,15401063,000021
2016-02-03,7.4156,7.4889,7.2509,7.4156,26006621,000021
2016-02-04,7.4614,7.7635,7.4431,7.6811,25118026,000021
2016-02-05,7.672,7.7269,7.3973,7.4523,24382194,000021
2016-02-15,7.1959,7.4156,7.0128,7.3333,16709474,000021
2016-02-16,7.3882,8.0107,7.3241,7.8459,32340748,000021
2016-02-17,7.7819,8.2213,7.6995,8.1206,35044313,000021
2016-02-18,8.0565,8.5326,8.0565,8.1938,45109073,000021
2016-02-19,8.1023,8.56,8.1023,8.5143,45195945,000021
2016-02-22,8.6424,8.7706,8.4136,8.5234,39312512,000021
2016-02-23,8.4776,8.5143,8.1755,8.3495,34767957,000021
2016-02-24,8.2488,8.5783,8.2305,8.5692,39940618,000021
2016-02-25,8.6058,8.6516,7.7086,7.7086,41509142,000021
2016-02-26,7.8551,7.8642,7.4797,7.7452,22583688,000021
2016-02-29,7.6445,7.6445,7.0128,7.141,23030500,000021
2016-03-01,7.141,7.4431,7.0494,7.3607,18644084,000021
2016-03-02,7.3333,7.9466,7.3058,7.8734,30534858,000021
2016-03-03,7.8459,8.1023,7.8093,7.8734,27588965,000021
2016-03-04,7.7819,7.9466,7.434,7.5988,24841146,000021
2016-03-07,7.6445,8.2213,7.6445,8.203,36825763,000021
2016-03-08,8.0565,8.1114,7.6445,8.0748,36917273,000021
2016-03-09,7.8276,8.029,7.7086,7.7544,18603880,000021
2016-03-10,7.7544,7.8734,7.4889,7.5072,18686036,000021
2016-03-11,7.4156,7.5164,7.3058,7.434,13505762,000021
2016-03-14,7.5621,7.8276,7.498,7.7269,23546549,000021
2016-03-15,7.6903,7.7635,7.4797,7.5713,15656971,000021
2016-03-16,7.6171,7.6811,7.4156,7.4706,13684774,000021
2016-03-17,7.5072,7.791,7.4889,7.7269,21110819,000021
2016-03-18,7.7361,8.0931,7.7361,8.0107,34434230,000021
2016-03-21,8.1297,8.3037,8.029,8.2579,41666059,000021
2016-03-22,8.1572,8.322,8.0748,8.1938,33841767,000021
2016-03-23,8.1664,8.3586,8.1481,8.3312,28488438,000021
2016-03-24,8.2213,8.2213,8.0107,8.0199,29284884,000021
2016-03-25,8.0382,8.2121,8.0382,8.1938,22648852,000021
2016-03-28,8.1938,8.4319,8.1023,8.1938,28364152,000021
2016-03-29,8.2121,8.6791,8.0565,8.3312,37629457,000021
2016-03-30,8.4136,8.5875,8.3128,8.5783,41560105,000021
2016-03-31,8.6516,8.6516,8.3769,8.4502,36697110,000021
2016-04-01,8.3678,8.3769,8.1114,8.2854,27222507,000021
2016-04-05,8.2945,8.5326,8.2213,8.496,29077540,000021
2016-04-06,8.4136,8.6241,8.3861,8.615,33491165,000021
2016-04-07,8.5875,8.6333,8.2854,8.2945,28154182,000021
2016-04-08,8.1481,8.2305,8.0382,8.1481,22698484,000021
2016-04-11,8.2305,8.3678,8.203,8.2945,23301080,000021
2016-04-12,8.2945,8.2945,8.0748,8.2305,18333004,000021
2016-04-13,8.2854,8.4685,8.2671,8.3495,29311573,000021
2016-04-14,8.615,8.9537,8.5143,8.5692,57230057,000021
2016-04-15,8.5234,8.6791,8.496,8.6516,35240248,000021
2016-04-18,8.5692,8.5967,8.4044,8.4502,22339143,000021
2016-04-19,8.496,8.5692,8.3952,8.5234,19116372,000021
2016-04-20,8.56,8.5692,7.8734,8.0657,34492694,000021
2016-04-21,7.9924,8.1664,7.9283,7.9375,17036699,000021
2016-04-22,7.8551,8.1206,7.791,8.0199,16719744,000021
2016-04-25,7.965,7.9924,7.8093,7.91,13973173,000021
2016-04-26,7.8734,8.0565,7.8734,8.0565,14329025,000021
2016-04-27,8.0382,8.3678,8.0199,8.2396,35122901,000021
2016-04-28,8.1664,8.2305,7.9741,8.1481,15707028,000021
2016-04-29,8.1114,8.3129,8.0657,8.2579,14912795,000021
2016-05-03,8.2488,8.4776,8.1938,8.4685,27512086,000021
2016-05-04,8.4227,8.5692,8.3678,8.4593,25918567,000021
2016-05-05,8.4136,8.4685,8.3312,8.4227,16793458,000021
2016-05-06,8.4227,8.6333,8.2213,8.4593,50342330,000021
2016-05-09,8.3769,8.4319,8.0565,8.2121,32436545,000021
2016-05-10,8.1664,8.2671,7.965,8.0199,20900953,000021
2016-05-11,8.084,8.1206,7.791,7.791,22787678,000021
2016-05-12,7.6811,7.7269,7.4065,7.6537,16281582,000021
2016-05-13,7.5896,7.7452,7.5896,7.6628,11085529,000021
2016-05-16,7.6628,7.7361,7.5713,7.7269,12188208,000021
2016-05-17,7.7269,7.8185,7.6445,7.6995,14570580,000021
2016-05-18,7.6811,7.6811,7.2417,7.3882,19323420,000021
2016-05-19,7.3973,7.6171,7.3607,7.434,15155501,000021
2016-05-20,7.3607,7.5438,7.2692,7.5164,11362848,000021
2016-05-23,7.5164,7.6354,7.5072,7.5713,12907211,000021
2016-05-24,7.553,7.5713,7.3699,7.434,11197963,000021
2016-05-25,7.498,7.5896,7.4248,7.4431,11091151,000021
2016-05-26,7.434,7.498,7.26,7.498,14994566,000021
2016-05-27,7.4431,7.6628,7.434,7.5804,20507730,000021
2016-05-30,7.5072,7.5621,7.3333,7.4523,11859591,000021
2016-05-31,7.498,7.8917,7.4706,7.8459,29004250,000021
2016-06-01,7.8551,7.9375,7.7819,7.9009,25123315,000021
2016-06-02,7.8276,8.3769,7.8002,8.2213,43192028,000021
2016-06-03,8.1572,8.2213,8.0748,8.1297,24849422,000021
2016-06-06,8.1297,8.2671,8.0657,8.1389,15262693,000021
2016-06-07,8.1297,8.1755,8.0016,8.0565,14646061,000021
2016-06-08,8.0748,8.1297,7.9924,8.0748,15456299,000021
2016-06-13,7.9558,8.029,7.553,7.5621,17544720,000021
2016-06-14,7.5621,7.6171,7.3241,7.553,13149479,000021
2016-06-15,7.4706,8.203,7.4248,7.9192,18089826,000021
2016-06-16,7.956,8.0665,7.8823,7.9008,17860119,000021
2016-06-17,7.9468,8.1494,7.9192,8.0481,20010371,000021
2016-06-20,8.0481,8.2138,7.9284,8.177,19438939,000021
2016-06-21,8.2138,8.4901,8.1033,8.2507,45289271,000021
2016-06-22,8.2415,8.5177,8.177,8.5177,45380325,000021
2016-06-23,8.5177,8.8216,8.4625,8.619,50746196,000021
2016-06-24,8.5638,8.6651,8.1494,8.4164,44007945,000021
2016-06-27,8.4533,9.2544,8.4533,9.2544,73361550,000021
2016-06-28,9.6227,10.1844,9.5859,10.1844,85837102,000021
2016-06-29,11.05,11.05,10.0647,10.2121,134317167,000021
2016-06-30,10.1936,10.341,9.9726,10.1384,68727657,000021
2016-07-01,10.1292,10.1568,9.8345,9.899,60431915,000021
2016-07-04,9.899,10.0647,9.8069,9.9726,40404038,000021
2016-07-05,9.945,10.4238,9.8621,10.2489,69824336,000021
2016-07-06,10.1292,10.2213,9.9082,10.0463,41834076,000021
2016-07-07,10.0463,10.4423,9.8345,10.2121,55278662,000021
2016-07-08,10.1476,10.4238,10.1108,10.1384,47894349,000021
2016-07-11,10.2121,10.2949,9.899,9.9082,41849237,000021
2016-07-12,9.7608,9.9266,9.4478,9.7608,40948601,000021
2016-07-13,9.8345,9.9174,9.6503,9.8069,26910163,000021
2016-07-14,9.7608,10.0003,9.6503,9.9174,32240556,000021
2016-07-15,9.899,9.9818,9.7701,9.8621,19825944,000021
2016-07-18,9.8161,9.9911,9.6872,9.7424,26067509,000021
2016-07-19,9.7332,9.9726,9.678,9.9542,25788414,000021
2016-07-20,9.9818,10.1844,9.9082,10.0555,34127756,000021
2016-07-21,10.0555,10.1108,9.8713,9.9634,22675959,000021
2016-07-22,9.9911,10.6264,9.945,10.3133,65779742,000021
2016-07-25,10.3502,10.3502,10.0463,10.1752,32853812,000021
2016-07-26,10.166,10.341,10.0003,10.2213,28850786,000021
2016-07-27,10.4054,11.2434,10.4054,10.9487,143998068,000021
2016-07-28,10.8658,10.8658,10.2028,10.6448,97637726,000021
2016-07-29,10.6449,10.8474,10.2397,10.5436,53712264,000021
2016-08-01,10.3594,10.4607,9.4938,9.4938,63210444,000021
2016-08-02,9.4662,9.7793,9.3741,9.6872,33042775,000021
2016-08-03,9.5675,9.9082,9.5675,9.6872,35575395,000021
2016-08-04,9.8806,10.0003,9.7148,9.8621,32719315,000021
2016-08-05,9.7516,9.8161,9.6227,9.6227,24949078,000021
2016-08-08,9.6227,9.7516,9.3741,9.7424,22820728,000021
2016-08-09,9.7148,9.945,9.6503,9.9358,26200322,000021
2016-08-10,9.9174,9.945,9.7332,9.7977,24043709,000021
2016-08-11,9.8529,9.9266,9.6411,9.7885,26951772,000021
2016-08-12,9.7424,9.8253,9.6043,9.7977,21286319,000021
2016-08-15,9.7793,10.2949,9.7516,10.166,42141450,000021
2016-08-16,10.1568,10.3133,10.0279,10.2028,38770224,000021
2016-08-17,10.2305,10.6725,10.1292,10.2305,40479175,000021
2016-08-18,10.2305,10.4607,10.1752,10.3041,32659744,000021
2016-08-19,10.341,11.2526,10.3318,10.8566,74416276,000021
2016-08-22,10.8566,10.8566,10.2305,10.2857,52138565,000021
2016-08-23,10.3133,10.562,10.2121,10.3318,28898325,000021
2016-08-24,10.3226,10.387,10.12,10.2121,29113549,000021
2016-08-25,10.0924,10.1016,9.8069,10.0187,25545754,000021
2016-08-26,10.0555,10.2673,9.9911,10.0555,18822206,000021
2016-08-29,10.0003,10.2028,9.9634,10.12,13048557,000021
2016-08-30,10.166,10.2305,10.1108,10.1752,15865628,000021
2016-08-31,10.2213,10.2213,10.0187,10.12,15290054,000021
2016-09-01,10.0555,10.1752,9.945,9.9634,15954569,000021
2016-09-02,9.9174,10.0003,9.7516,9.8713,13605951,000021
2016-09-05,9.9082,9.945,9.8253,9.8713,12400647,000021
2016-09-06,9.8898,10.3502,9.8069,10.2949,39035254,000021
2016-09-07,10.2765,10.3318,10.1752,10.1936,21548187,000021
2016-09-08,10.1936,10.3502,10.166,10.3133,24605328,000021
2016-09-09,10.3594,10.3594,10.1292,10.1292,21550427,000021
2016-09-12,9.8529,9.8806,9.5675,9.5859,31951129,000021
2016-09-13,9.6503,9.7516,9.5491,9.7148,14645546,000021
2016-09-14,9.6227,9.6503,9.4938,9.5491,12220578,000021
2016-09-19,9.5398,9.7609,9.5398,9.724,13479617,000021
2016-09-20,9.7332,9.7516,9.5951,9.678,8499501,000021
2016-09-21,9.6688,9.724,9.6227,9.6503,6730516,000021
2016-09-22,9.7332,9.8069,9.7148,9.7793,13886855,000021
2016-09-23,9.7885,9.8069,9.5491,9.5767,10867938,000021
2016-09-26,9.6227,9.6503,9.2912,9.3004,14816725,000021
2016-09-27,9.282,9.4201,9.2636,9.4109,10148487,000021
2016-09-28,9.4017,9.4754,9.3741,9.4109,7484132,000021
2016-09-29,9.4386,9.503,9.4201,9.4754,6870677,000021
2016-09-30,9.4846,9.6872,9.4478,9.6135,10496433,000021
2016-10-10,9.6227,9.9726,9.6227,9.899,21977759,000021
2016-10-11,9.9082,10.2673,9.9082,10.1384,33129574,000021
2016-10-12,10.0463,10.12,9.9818,10.1016,17335076,000021
2016-10-13,10.0923,10.0923,9.9542,10.0003,13328398,000021
2016-10-14,10.0371,10.0371,9.8069,9.9358,11519024,000021
2016-10-17,10.0003,10.0923,9.8529,9.899,14928480,000021
2016-10-18,9.8713,10.0647,9.8345,10.0463,15301646,000021
2016-10-19,10.0463,10.1016,9.9174,9.9542,13250943,000021
2016-10-20,9.9174,10.0003,9.8345,10.0003,12379541,000021
2016-10-21,10.0831,10.1108,9.8529,9.9634,13553754,000021
2016-10-24,9.9634,10.166,9.9634,10.0371,19624063,000021
2016-10-25,10.0371,10.1292,9.9911,10.0647,14410295,000021
2016-10-26,10.0647,10.0647,9.899,9.9542,13426280,000021
2016-10-27,9.8898,9.9911,9.8529,9.9082,9999873,000021
2016-10-28,9.8806,9.9726,9.8161,9.8161,9262084,000021
2016-10-31,9.7977,9.7977,9.5859,9.678,13082634,000021
2016-11-01,9.678,9.8806,9.678,9.8437,9990478,000021
2016-11-02,9.7977,9.8161,9.5491,9.6043,15756642,000021
2016-11-03,9.5675,9.7148,9.5398,9.6411,10660438,000021
2016-11-04,9.6227,9.8806,9.6135,9.7424,14635617,000021
2016-11-07,9.7148,9.7516,9.5583,9.6411,10329876,000021
2016-11-08,9.6872,9.8069,9.6872,9.7516,13962676,000021
2016-11-09,9.724,9.7608,9.4478,9.5859,15825851,000021
2016-11-10,9.6503,9.8345,9.6411,9.8161,18520172,000021
2016-11-11,9.8161,9.8345,9.724,9.8161,12070780,000021
2016-11-14,9.8161,9.9911,9.8161,9.8898,19965803,000021
2016-11-15,9.9358,10.0555,9.8529,9.9726,14433722,000021
2016-11-16,9.945,10.0187,9.8898,9.9266,12729750,000021
2016-11-17,9.9266,9.9266,9.7977,9.8621,9982957,000021
2016-11-18,9.8621,9.9174,9.7608,9.7701,8980043,000021
2016-11-21,9.7608,9.8437,9.6872,9.7977,8364849,000021
2016-11-22,9.7885,9.8345,9.7516,9.7977,11929518,000021
2016-11-23,9.8069,10.1016,9.8069,9.9266,31648417,000021
2016-11-24,9.8806,9.9082,9.7609,9.7885,15275876,000021
2016-11-25,9.7977,9.8437,9.3925,9.8161,17829356,000021
2016-11-28,9.8529,10.0371,9.8437,9.9542,18765953,000021
2016-11-29,9.9542,9.9542,9.7424,9.7701,13926970,000021
2016-11-30,9.724,10.0371,9.724,10.0279,28754004,000021
2016-12-01,10.0095,10.2028,9.9542,10.0739,30007521,000021
2016-12-02,10.0924,10.2949,9.9174,10.0187,27518551,000021
2016-12-05,9.8529,10.12,9.6319,9.7056,21955669,000021
2016-12-06,9.6964,9.8161,9.4938,9.5583,16478525,000021
2016-12-07,9.5491,9.6964,9.4754,9.6872,10527317,000021
2016-12-08,9.678,9.6872,9.5214,9.5306,11903131,000021
2016-12-09,9.5398,9.5859,9.457,9.4754,12983657,000021
2016-12-12,9.4754,9.5214,8.8308,8.8676,21802665,000021
2016-12-13,8.84,8.9413,8.6835,8.8492,12175035,000021
2016-12-14,8.8216,8.9045,8.5914,8.6743,12276734,000021
2016-12-15,8.6651,8.8124,8.6466,8.7295,8920367,000021
2016-12-16,8.7111,8.8861,8.7019,8.8216,8318405,000021
2016-12-19,8.7848,8.9045,8.7756,8.8953,9317402,000021
2016-12-20,8.8861,8.8861,8.7111,8.7663,7240485,000021
2016-12-21,8.7663,8.8676,8.7571,8.8492,6852970,000021
2016-12-22,8.8492,8.8584,8.7663,8.8308,7472159,000021
2016-12-23,8.794,8.8308,8.6835,8.6927,6718798,000021
2016-12-26,8.5638,8.7848,8.4348,8.7756,9771195,000021
2016-12-27,8.7479,8.794,8.6927,8.7203,6585622,000021
2016-12-28,8.7387,9.015,8.6835,8.8492,12175014,000021
2016-12-29,8.794,8.8584,8.7479,8.7571,8237377,000021
2016-12-30,8.7479,8.7848,8.6558,8.6835,6560802,000021
2017-01-03,8.7019,8.8492,8.7019,8.8216,8022727,000021
2017-01-04,8.7848,8.9321,8.7848,8.9229,10333123,000021
2017-01-05,8.9137,9.1163,8.8768,9.0242,17595364,000021
2017-01-06,9.0518,9.1715,8.9597,9.0426,15666534,000021
2017-01-09,9.0242,9.1623,8.9873,9.1347,13466073,000021
2017-01-10,9.1807,9.1807,8.9781,9.0058,10672639,000021
2017-01-11,8.9413,9.4201,8.9413,9.1991,24325594,000021
2017-01-12,9.1163,9.1715,8.9689,8.9689,13122240,000021
2017-01-13,8.9413,9.0518,8.7479,8.794,7577957,000021
2017-01-16,8.7387,8.7756,8.177,8.4717,12867488,000021
2017-01-17,8.4717,8.7479,8.4164,8.6374,10038669,000021
2017-01-18,8.5638,8.7111,8.5177,8.6006,6747337,000021
2017-01-19,8.6006,8.6374,8.4809,8.6374,6633192,000021
2017-01-20,8.5822,8.7479,8.5638,8.6835,7644971,000021
2017-01-23,8.6835,8.794,8.6743,8.7203,5367077,000021
2017-01-24,8.7848,8.8216,8.6927,8.7111,6060221,000021
2017-01-25,8.7019,8.7571,8.6743,8.7295,4276351,000021
2017-01-26,8.7295,8.7663,8.6651,8.7295,5677723,000021
2017-02-03,8.7387,8.7479,8.6282,8.6651,4486110,000021
2017-02-06,8.6558,8.7756,8.6374,8.7571,5730827,000021
2017-02-07,8.7387,8.8308,8.7111,8.7571,6545697,000021
2017-02-08,8.7571,8.8308,8.6651,8.8124,6731292,000021
2017-02-09,8.794,8.9137,8.7663,8.8768,9511637,000021
2017-02-10,8.8676,8.9413,8.84,8.8861,9063922,000021
2017-02-13,8.8953,8.9413,8.8492,8.9229,7738434,000021
2017-02-14,8.9413,8.9505,8.8216,8.8768,7496920,000021
2017-02-15,8.8768,9.015,8.8124,8.8768,11352129,000021
2017-02-16,8.84,8.9597,8.8216,8.9413,10133696,000021
2017-02-17,8.9229,8.9505,8.84,8.8953,8153962,000021
2017-02-20,8.8584,8.9781,8.8584,8.9781,8963804,000021
2017-02-21,8.9873,9.1255,8.9689,9.1071,14894315,000021
2017-02-22,9.1071,9.1899,9.0518,9.1163,12022681,000021
2017-02-23,9.0794,9.1531,8.9966,9.061,8152640,000021
2017-02-24,9.0242,9.1071,8.9873,9.061,6377156,000021
2017-02-27,9.1255,9.1807,9.0242,9.0242,9166643,000021
2017-02-28,9.0242,9.0702,8.9413,9.0058,5918890,000021
2017-03-01,8.9781,9.0702,8.9689,9.0242,6955096,000021
2017-03-02,9.0242,9.0886,8.9413,8.9689,6528506,000021
2017-03-03,8.9045,9.0794,8.8584,9.0702,9268746,000021
2017-03-06,9.0518,9.1991,9.0518,9.1531,10715200,000021
2017-03-07,9.2083,9.2452,9.0702,9.1623,8574132,000021
2017-03-08,9.1439,9.3557,9.0702,9.2083,16198740,000021
2017-03-09,9.1163,9.1807,8.9966,9.0334,10266725,000021
2017-03-10,9.015,9.0794,8.9597,8.9781,6222035,000021
2017-03-13,9.015,9.1255,8.9045,9.1071,9478236,000021
2017-03-14,9.0886,9.1531,9.0058,9.0242,6060770,000021
2017-03-15,9.0242,9.0978,8.9873,9.0334,5394913,000021
2017-03-16,9.0334,9.1715,9.0334,9.1623,10569441,000021
2017-03-17,9.1623,9.1623,9.0242,9.0242,9176110,000021
2017-03-20,9.015,9.1071,8.9781,9.0978,6102388,000021
2017-03-21,9.0978,9.1531,9.0702,9.1163,7247907,000021
2017-03-22,9.0702,9.0794,8.9413,8.9597,7970000,000021
2017-03-23,8.9597,9.0518,8.8676,8.9597,6705893,000021
2017-03-24,8.9505,9.0242,8.9321,9.0242,5842101,000021
2017-03-27,9.0334,9.0518,8.9505,8.9966,6960218,000021
2017-03-28,8.9966,8.9966,8.8492,8.8676,9617974,000021
2017-03-29,8.8861,8.9045,8.7848,8.8308,12081775,000021
2017-03-30,8.794,8.84,8.6006,8.619,11081441,000021
2017-03-31,8.5453,8.619,8.4717,8.5269,9678782,000021
2017-04-05,8.5453,8.6651,8.5085,8.6466,9194479,000021
2017-04-06,8.6466,8.6743,8.573,8.6282,8752393,000021
2017-04-07,8.6374,8.7295,8.6006,8.6743,8350200,000021
2017-04-10,8.6558,8.6651,8.5361,8.5638,7817747,000021
2017-04-11,8.5914,8.6374,8.4256,8.6374,10800268,000021
2017-04-12,8.6927,9.015,8.6558,8.7756,23468473,000021
2017-04-13,8.7756,8.794,8.6374,8.7203,9358462,000021
2017-04-14,8.7111,8.7111,8.4809,8.5546,10268767,000021
2017-04-17,8.5177,8.5453,8.3243,8.398,7509371,000021
2017-04-18,8.3888,8.4717,8.2875,8.3336,7945514,000021
2017-04-19,8.2783,8.2783,8.0113,8.0665,11176671,000021
2017-04-20,8.0665,8.0665,7.2562,7.4772,45183310,000021
2017-04-21,7.4772,7.4772,7.4772,7.4772,0,000021
2017-04-24,7.4496,7.4496,7.1825,7.2193,9680689,000021
2017-04-25,7.2378,7.4035,7.2378,7.2838,6603089,000021
2017-04-26,7.3022,7.3943,7.2746,7.3114,5897862,000021
2017-04-27,7.3114,7.3206,7.0536,7.2838,8650082,000021
2017-04-28,7.2654,7.3759,7.2193,7.3391,5132469,000021
2017-05-02,7.3575,7.4772,7.3483,7.4311,8078568,000021
2017-05-03,7.4219,7.6245,7.3667,7.5416,11682977,000021
2017-05-04,7.689,7.7626,7.5693,7.6982,14114868,000021
2017-05-05,7.6982,7.7442,7.5508,7.5508,8347556,000021
2017-05-08,7.5508,7.7903,7.514,7.6061,9173071,000021
2017-05-09,7.5508,7.6429,7.3483,7.4864,8507076,000021
2017-05-10,7.5693,7.6337,7.4127,7.4219,5941168,000021
2017-05-11,7.4219,7.4219,7.0812,7.3759,11312539,000021
2017-05-12,7.3759,7.4403,7.3114,7.4035,5429402,000021
2017-05-15,7.514,7.5324,7.3667,7.4035,4606561,000021
2017-05-16,7.3943,7.5877,7.3022,7.5416,8666799,000021
2017-05-17,7.5601,7.6521,7.5232,7.5877,8355248,000021
2017-05-18,7.5324,7.5785,7.468,7.5048,5770489,000021
2017-05-19,7.4772,7.5324,7.4219,7.4956,6022938,000021
2017-05-22,7.4864,7.4956,7.3575,7.3667,5113098,000021
2017-05-23,7.3575,7.3851,7.2101,7.2286,5783848,000021
2017-05-24,7.1917,7.3575,7.1641,7.3298,4978345,000021
2017-05-25,7.4403,7.7718,7.4311,7.6429,17316027,000021
2017-05-26,7.5601,7.6613,7.5601,7.5877,8140486,000021
2017-05-31,7.6706,7.9008,7.6245,7.7811,15212480,000021
2017-06-01,7.735,7.8179,7.5416,7.5508,8918050,000021
2017-06-02,7.5508,7.7626,7.4864,7.735,9966194,000021
2017-06-05,7.7258,7.8179,7.6982,7.735,7400747,000021
2017-06-06,7.7442,7.7534,7.6613,7.7258,4576387,000021
2017-06-07,7.7258,7.91,7.6982,7.9008,12916477,000021
2017-06-08,7.8916,7.9744,7.8547,7.8731,11023577,000021
2017-06-09,7.8639,7.8916,7.7626,7.8547,6667639,000021
2017-06-12,7.8087,7.8087,7.6982,7.7258,5798892,000021
2017-06-13,7.7166,7.8271,7.689,7.7903,5559491,000021
2017-06-14,7.735,7.8087,7.6613,7.6982,5741693,000021
2017-06-15,7.6982,7.7995,7.689,7.7811,5792709,000021
2017-06-16,7.7718,7.7995,7.7166,7.7811,4747696,000021
2017-06-19,7.8455,8.177,7.8271,8.0389,21105093,000021
2017-06-20,8.0205,8.1494,7.956,8.0573,11775559,000021
2017-06-21,8.1033,8.1033,7.9652,8.0481,7492075,000021
2017-06-22,8.0666,8.0944,7.8814,7.8907,8730204,000021
2017-06-23,7.9092,7.937,7.7795,7.937,8387820,000021
2017-06-26,7.9647,8.0666,7.9184,8.0481,9169452,000021
2017-06-27,8.0666,8.0851,7.9462,8.0018,6828533,000021
2017-06-28,7.9647,7.9833,7.9092,7.9277,4313989,000021
2017-06-29,7.9277,8.0203,7.9092,7.9833,5407210,000021
2017-06-30,7.9647,7.9647,7.8814,7.9462,4772713,000021
2017-07-03,8.0574,8.1314,8.0111,8.0944,10063899,000021
2017-07-04,8.1037,8.1129,7.9833,8.0296,7617741,000021
2017-07-05,8.0203,8.187,8.0203,8.1685,13000692,000021
2017-07-06,8.1778,8.187,8.0388,8.1129,7682196,000021
2017-07-07,8.0944,8.1129,8.0481,8.1129,5460035,000021
2017-07-10,8.0944,8.1592,8.0481,8.1129,7210882,000021
2017-07-11,8.0574,8.1129,7.9462,7.9462,8422532,000021
2017-07-12,7.9462,7.9925,7.8166,7.8721,7567588,000021
2017-07-13,7.8814,7.9462,7.8629,7.8907,5410392,000021
2017-07-14,7.8907,7.8907,7.8073,7.8536,5178869,000021
2017-07-17,7.8351,7.8351,7.3905,7.4091,11881042,000021
2017-07-18,7.4183,7.5109,7.3535,7.5017,6005824,000021
2017-07-19,7.4739,7.6128,7.4183,7.5943,7205557,000021
2017-07-20,7.5943,7.7332,7.5572,7.7054,7926246,000021
2017-07-21,7.6962,7.8073,7.6684,7.7054,5013847,000021
2017-07-24,7.7054,7.7703,7.6684,7.761,5728724,000021
2017-07-25,7.761,7.8166,7.6591,7.7054,6160614,000021
2017-07-26,7.6776,7.7425,7.6313,7.6962,5410885,000021
2017-07-27,7.6776,7.8536,7.6591,7.8166,7650860,000021
2017-07-28,7.7888,7.8536,7.7517,7.761,6440257,000021
2017-07-31,7.7425,7.8721,7.7332,7.798,7687775,000021
2017-08-01,7.798,7.9184,7.7703,7.8721,7955668,000021
2017-08-02,7.8629,7.8999,7.7425,7.761,6145454,000021
2017-08-03,7.7425,7.8166,7.6962,7.7425,5191581,000021
2017-08-04,7.761,7.9184,7.724,7.798,11471227,000021
2017-08-07,7.761,7.8166,7.7425,7.798,6172825,000021
2017-08-08,7.7888,7.8351,7.7425,7.7795,5607430,000021
2017-08-09,7.7703,7.798,7.7147,7.7147,5379162,000021
2017-08-10,7.7239,7.7425,7.548,7.6406,9147317,000021
2017-08-11,7.585,7.585,7.4461,7.4554,8366771,000021
2017-08-14,7.4554,7.6962,7.4554,7.6776,8485861,000021
2017-08-15,7.6962,7.8073,7.6962,7.7888,8481050,000021
2017-08-16,7.7888,7.974,7.761,7.9092,16900565,000021
2017-08-17,7.9184,7.9833,7.8443,7.9277,12571705,000021
2017-08-18,7.8536,8.2241,7.8351,8.1037,23429403,000021
2017-08-21,8.0759,8.2055,8.0111,8.1222,14670874,000021
2017-08-22,8.1129,8.187,8.0203,8.0296,8456982,000021
2017-08-23,8.0574,8.3537,8.0203,8.2611,21932989,000021
2017-08-24,8.15,8.1685,7.9184,7.9462,19536763,000021
2017-08-25,8.0203,8.2055,8.0111,8.0481,18444883,000021
2017-08-28,8.0851,8.2148,8.0759,8.1778,14991346,000021
2017-08-29,8.1778,8.5575,8.0296,8.4186,36272142,000021
2017-08-30,8.4186,8.6964,8.2889,8.5204,42469553,000021
2017-08-31,8.4278,8.5482,8.4093,8.5204,21316179,000021
2017-09-01,8.5019,8.5945,8.3815,8.5297,19005097,000021
2017-09-04,8.5297,8.7983,8.5297,8.6593,24866719,000021
2017-09-05,8.6593,8.6593,8.5204,8.5482,14451523,000021
2017-09-06,8.5575,8.7242,8.5019,8.6964,19174523,000021
2017-09-07,8.7149,8.7612,8.4834,8.4926,13763746,000021
2017-09-08,8.4556,8.6964,8.4463,8.613,15520941,000021
2017-09-11,8.613,8.6593,8.5204,8.5853,11269841,000021
2017-09-12,8.5853,8.5853,8.4093,8.4278,15855567,000021
2017-09-13,8.4278,8.5204,8.4278,8.4649,8017213,000021
2017-09-14,8.4278,8.4834,8.3908,8.4278,8393304,000021
2017-09-15,8.4278,8.4649,8.3445,8.363,9192520,000021
2017-09-18,8.3537,8.5297,8.3537,8.4371,11915877,000021
2017-09-19,8.4371,8.4926,8.3352,8.3722,9523375,000021
2017-09-20,8.3445,8.9835,8.2796,8.8353,43090197,000021
2017-09-21,8.7056,9.0298,8.6686,8.7983,40186083,000021
2017-09-22,8.7057,8.7705,8.5853,8.6686,15427137,000021
2017-09-25,8.6686,8.9279,8.5389,8.5667,18274921,000021
2017-09-26,8.613,8.6593,8.4,8.5204,12843471,000021
2017-09-27,8.4834,8.6408,8.4463,8.613,8476787,000021
2017-09-28,8.6038,8.8538,8.5667,8.7057,16082844,000021
2017-09-29,8.7057,8.8446,8.6593,8.7427,12621975,000021
2017-10-09,8.8446,9.1039,8.7612,8.9835,27810379,000021
2017-10-10,8.965,9.0483,8.8446,8.9742,14953557,000021
2017-10-11,8.965,8.9742,8.752,8.7612,12971710,000021
2017-10-12,8.7612,8.826,8.6871,8.7612,9819663,000021
2017-10-13,8.7612,8.8631,8.7612,8.8446,9355322,000021
2017-10-16,8.8724,8.9094,8.5853,8.6223,11978213,000021
2017-10-17,8.576,8.7427,8.576,8.6871,6651788,000021
2017-10-18,8.7056,8.8168,8.5853,8.6316,8638882,000021
2017-10-19,8.6316,8.6779,8.3352,8.3722,12251361,000021
2017-10-20,8.3722,8.4834,8.363,8.4463,6591265,000021
2017-10-23,8.4463,8.5667,8.4093,8.5482,6979827,000021
2017-10-24,8.5667,8.576,8.3815,8.4649,8016464,000021
2017-10-25,8.4649,8.576,8.4093,8.5204,6957635,000021
2017-10-26,8.5297,8.6501,8.4741,8.6316,9010441,000021
2017-10-27,8.6501,8.6501,8.5019,8.5204,6710386,000021
2017-10-30,8.5019,8.576,8.2333,8.2518,11863020,000021
2017-10-31,8.2333,8.576,8.2241,8.576,12768411,000021
2017-11-01,8.5853,8.789,8.5389,8.6038,14313920,000021
2017-11-02,8.5297,8.6316,8.4463,8.4926,10092945,000021
2017-11-03,8.4371,8.6593,8.4278,8.4834,10881148,000021
2017-11-06,8.5019,8.8446,8.4556,8.8446,29333726,000021
2017-11-07,8.7983,8.8816,8.6964,8.8538,24375333,000021
2017-11-08,8.7983,9.1039,8.7797,8.9094,30700685,000021
2017-11-09,8.8909,9.3725,8.8353,9.3076,59568611,000021
2017-11-10,9.2613,9.4929,9.1687,9.3447,42517131,000021
2017-11-13,9.3725,9.9004,9.3262,9.7337,63573611,000021
2017-11-14,9.7059,9.7059,9.4003,9.5392,37923822,000021
2017-11-15,9.4373,9.5484,9.2335,9.3354,31199219,000021
2017-11-16,9.3447,9.428,9.1502,9.3447,28099187,000021
2017-11-17,9.3354,9.3817,8.8631,8.8816,35832131,000021
2017-11-20,8.9742,9.215,8.9001,9.1409,27227544,000021
2017-11-21,9.0854,9.2243,8.8816,9.1409,30622127,000021
2017-11-22,9.1224,9.4188,9.0391,9.3076,35693420,000021
2017-11-23,9.2058,9.2058,8.7705,8.7983,27988655,000021
2017-11-24,8.752,8.9187,8.6779,8.7705,15643925,000021
2017-11-27,8.6779,8.6871,8.3167,8.3722,22379724,000021
2017-11-28,8.4278,8.576,8.363,8.5575,15296667,000021
2017-11-29,8.5575,8.5575,8.2518,8.4278,17710776,000021
2017-11-30,8.3908,8.5482,8.3537,8.4093,12779717,000021
2017-12-01,8.4,8.7149,8.3815,8.6501,19877164,000021
2017-12-04,8.5575,8.6686,8.4834,8.5019,13735887,000021
2017-12-05,8.4556,8.5389,8.0666,8.1778,18126450,000021
2017-12-06,8.1685,8.4834,8.1037,8.4556,14856467,000021
2017-12-07,8.4278,8.5112,8.3537,8.363,10380616,000021
2017-12-08,8.3722,8.613,8.3352,8.5204,14097819,000021
2017-12-11,8.5019,8.6223,8.4834,8.6038,13142949,000021
2017-12-12,8.5853,8.5853,8.3445,8.3537,12686908,000021
2017-12-13,8.3537,8.6779,8.3445,8.6408,19431656,000021
2017-12-14,8.6408,9.0668,8.6038,8.9187,40041600,000021
2017-12-15,8.826,9.0205,8.7427,8.9835,29069464,000021
2017-12-18,8.8538,9.0113,8.7612,8.8724,17519965,000021
2017-12-19,8.9187,9.0946,8.8816,8.9928,19927387,000021
2017-12-20,8.965,9.0113,8.7705,8.9372,19318004,000021
2017-12-21,8.8816,9.1872,8.7983,9.1224,27072775,000021
2017-12-22,9.178,9.2243,9.002,9.0483,17025192,000021
2017-12-25,9.0113,9.0205,8.6871,8.752,21822779,000021
2017-12-26,8.7334,8.9279,8.6871,8.8816,15386172,000021
2017-12-27,8.8538,8.9001,8.5482,8.576,17626408,000021
2017-12-28,8.5389,8.8353,8.5389,8.8075,18498597,000021
2017-12-29,8.8816,9.0761,8.7983,9.0113,21415099,000021
2018-01-02,9.1317,9.1687,8.9372,9.1039,24814248,000021
2018-01-03,9.1317,9.1965,9.0113,9.1687,25747808,000021
2018-01-04,9.1039,9.3076,9.0391,9.1502,27128775,000021
2018-01-05,9.1409,9.1502,8.9835,9.1039,18954837,000021
2018-01-08,9.0576,9.0761,8.826,9.0113,21170171,000021
2018-01-09,8.9835,9.0205,8.8446,8.965,14652615,000021
2018-01-10,8.9372,9.5392,8.8168,9.5206,64566882,000021
2018-01-11,9.4929,10.4746,9.4373,10.4746,117260781,000021
2018-01-12,10.7987,11.2988,10.3542,10.3727,154533368,000021
2018-01-15,10.2893,11.2803,10.1412,10.8635,153176631,000021
2018-01-16,10.6042,10.7246,10.03,10.2708,121541601,000021
2018-01-17,9.6318,9.6874,9.2428,9.2428,110278342,000021
2018-01-18,9.215,9.3262,9.0576,9.0946,65686852,000021
2018-01-19,9.1224,9.2706,9.0205,9.1224,52624807,000021
2018-01-22,9.0761,9.0946,8.6779,8.9928,43796729,000021
2018-01-23,8.965,9.0298,8.8631,8.8909,31224986,000021
2018-01-24,8.9001,9.1965,8.826,9.1039,44276203,000021
2018-01-25,9.0391,9.1502,8.965,9.0391,28323730,000021
2018-01-26,9.0483,9.2799,9.002,9.1409,31477349,000021
2018-01-29,9.0761,9.1131,8.8538,8.9372,30578482,000021
2018-01-30,8.9279,8.9928,8.5297,8.6038,35656385,000021
2018-01-31,8.6223,8.6501,8.1407,8.2704,33294321,000021
2018-02-01,8.2704,8.3074,7.5572,7.6684,44556008,000021
2018-02-02,7.5387,7.7888,7.4924,7.761,27616382,000021
2018-02-05,7.5202,7.7332,7.5202,7.6499,14179127,000021
2018-02-06,7.4368,7.5572,7.159,7.1683,28784805,000021
2018-02-07,7.3628,7.4461,7.0942,7.2979,20964595,000021
2018-02-08,7.2887,7.585,7.2516,7.5295,17679692,000021
2018-02-09,7.3257,7.4091,7.1405,7.2331,19012169,000021
2018-02-12,7.3072,7.4924,7.2701,7.4368,15295107,000021
2018-02-13,7.5017,7.6036,7.4461,7.5017,16194894,000021
2018-02-14,7.5665,7.5665,7.4276,7.5295,8326222,000021
2018-02-22,7.6406,7.7517,7.5387,7.6962,15962411,000021
2018-02-23,7.6499,7.6962,7.5572,7.6406,15136701,000021
2018-02-26,7.6776,7.9092,7.6591,7.8721,23805782,000021
2018-02-27,7.8907,8.1314,7.8536,7.9277,26360414,000021
2018-02-28,7.798,8.1685,7.7332,8.0481,27211400,000021
2018-03-01,7.9462,8.2889,7.937,8.2889,34051938,000021
2018-03-02,8.1685,8.3167,8.0759,8.1037,30350118,000021
2018-03-05,8.1685,8.2796,8.1037,8.2704,24206284,000021
2018-03-06,8.2796,8.4,8.1963,8.2982,27153876,000021
2018-03-07,8.2518,8.2982,8.1037,8.1222,20252091,000021
2018-03-08,8.1129,8.3537,8.1129,8.2148,21554151,000021
2018-03-09,8.187,8.4649,8.1592,8.4186,31763067,000021
2018-03-12,8.4741,8.5853,8.3908,8.4463,31584032,000021
2018-03-13,8.4185,8.5482,8.2889,8.3908,27981731,000021
2018-03-14,8.3445,8.363,8.1222,8.1407,22539282,000021
2018-03-15,8.1037,8.2241,8.0111,8.1778,16417817,000021
2018-03-16,8.15,8.2889,8.1407,8.1592,14737232,000021
2018-03-19,8.1314,8.3167,8.1314,8.1778,14127729,000021
2018-03-20,8.0296,8.1129,7.9092,8.0666,17546032,000021
2018-03-21,8.0944,8.363,8.0666,8.1314,25320842,000021
2018-03-22,8.1314,8.2611,7.974,8.2426,19745760,000021
2018-03-23,8.0203,8.0481,7.4276,7.4276,36139245,000021
2018-03-26,7.2053,7.5758,7.0942,7.5295,19867281,000021
2018-03-27,7.6406,7.9462,7.5943,7.8443,21829227,000021
2018-03-28,7.6684,7.8443,7.6499,7.7517,12961012,000021
2018-03-29,7.7517,7.8536,7.7425,7.8351,11603378,000021
2018-03-30,7.8721,8.187,7.8721,8.0944,22580971,000021
2018-04-02,8.15,8.4463,8.0388,8.2796,37090214,000021
2018-04-03,8.1314,8.1963,7.9647,8.1314,25036198,000021
2018-04-04,8.1314,8.1778,7.8258,7.8536,20740768,000021
2018-04-09,7.7703,7.8907,7.5943,7.8166,15388004,000021
2018-04-10,7.8443,7.9277,7.7054,7.9277,14168501,000021
2018-04-11,7.9277,8.1314,7.8907,8.1222,23196389,000021
2018-04-12,8.0388,8.2426,8.0296,8.1037,20851837,000021
2018-04-13,8.1685,8.2982,8.1222,8.1222,19930194,000021
2018-04-16,8.0851,8.2796,7.9647,8.2518,22730735,000021
2018-04-17,8.2704,8.4093,7.8721,7.9184,27022578,000021
2018-04-18,7.9925,8.7149,7.8721,8.7149,50514004,000021
2018-04-19,8.9742,9.2335,8.8075,8.8353,113390678,000021
2018-04-20,8.7149,9.1872,8.6871,8.9557,80030742,000021
2018-04-23,8.9372,8.9464,8.3722,8.5667,59819474,000021
2018-04-24,8.576,8.9372,8.4834,8.9372,47971585,000021
2018-04-25,8.8168,9.2058,8.789,9.0113,65189503,000021
2018-04-26,8.8909,9.1409,8.8168,8.8816,44559802,000021
2018-04-27,8.9835,9.0576,8.5019,8.6501,38870365,000021
2018-05-02,8.4463,8.576,8.1129,8.2148,43659890,000021
2018-05-03,8.1778,8.4463,8.0203,8.363,27489404,000021
2018-05-04,8.2889,8.4741,8.2704,8.2796,19629354,000021
2018-05-07,8.2889,8.3908,8.1778,8.3815,22791861,000021
2018-05-08,8.3722,8.3722,8.2426,8.3259,21118781,000021
2018-05-09,8.3352,8.4093,8.187,8.2333,22680599,000021
2018-05-10,8.2426,8.2796,8.0574,8.187,24646149,000021
2018-05-11,8.187,8.2148,8.0666,8.0759,15710168,000021
2018-05-14,7.9184,8.0666,7.8721,7.8907,18796744,000021
2018-05-15,7.8907,7.9833,7.7147,7.974,21968565,000021
2018-05-16,7.9277,7.9462,7.8073,7.8258,12354898,000021
2018-05-17,7.8629,7.8814,7.7888,7.798,8498300,000021
2018-05-18,7.8166,7.8443,7.6406,7.7703,15023470,000021
2018-05-21,7.8907,7.9462,7.8629,7.9184,14442745,000021
2018-05-22,7.9462,7.9462,7.8351,7.9092,10142869,000021
2018-05-23,7.8999,8.0388,7.7795,7.9277,19972550,000021
2018-05-24,7.8999,7.9462,7.8166,7.8814,11497095,000021
2018-05-25,7.8814,7.8814,7.6962,7.7054,12221980,000021
2018-05-28,7.6962,7.7147,7.548,7.5665,10033011,000021
2018-05-29,7.5572,7.6776,7.5387,7.5943,7477360,000021
2018-05-30,7.5572,7.5572,7.2516,7.3628,14231241,000021
2018-05-31,7.3535,7.4832,7.3442,7.4183,10107451,000021
2018-06-01,7.4091,7.4461,7.2794,7.3257,7061528,000021
2018-06-04,7.3813,7.4276,7.3257,7.3628,5676393,000021
2018-06-05,7.3905,7.548,7.3905,7.5387,8686578,000021
2018-06-06,7.5295,7.5572,7.4554,7.4924,6629500,000021
2018-06-07,7.5202,7.548,7.4091,7.4183,5890837,000021
2018-06-08,7.3813,7.4183,7.122,7.2238,12398429,000021
2018-06-11,7.2331,7.2609,7.1405,7.2053,5157166,000021
2018-06-12,7.2331,7.3072,7.1034,7.2794,6672585,000021
2018-06-13,7.2609,7.3535,7.1775,7.1868,6465689,000021
2018-06-14,7.1775,7.2794,7.1405,7.1497,6498839,000021
2018-06-15,7.1497,7.1961,6.8441,6.8997,12081578,000021
2018-06-19,6.8904,6.8904,6.2144,6.3348,19910595,000021
2018-06-20,6.2792,6.3996,6.131,6.3162,11746723,000021
2018-06-21,6.3162,6.3348,5.7791,5.8161,16182652,000021
2018-06-22,5.7698,6.0013,5.5568,5.9643,10095298,000021
2018-06-25,6.0384,6.1032,5.918,5.9365,7143686,000021
2018-06-26,5.8902,6.2884,5.8161,6.1403,12328464,000021
2018-06-27,6.1958,6.2792,6.094,6.1588,9112475,000021
2018-06-28,6.1588,6.2894,6.1121,6.1495,7713747,000021
2018-06-29,6.1495,6.3734,6.1215,6.3641,10213520,000021
2018-07-02,6.3268,6.3641,6.1401,6.2148,7862111,000021
2018-07-03,6.1774,6.4387,6.1028,6.4014,10166499,000021
2018-07-04,6.4761,6.4761,6.2521,6.3268,9565756,000021
2018-07-05,6.2708,6.3641,6.0468,6.0655,8320786,000021
2018-07-06,6.0841,6.3921,6.0095,6.2708,13249771,000021
2018-07-09,6.3081,6.4387,6.2334,6.4014,11121427,000021
2018-07-10,6.4014,6.4574,6.3174,6.4107,8372702,000021
2018-07-11,6.3268,6.3268,6.1308,6.2241,8700148,000021
2018-07-12,6.2894,6.4667,6.2521,6.4014,11850900,000021
2018-07-13,6.4201,6.4294,6.3174,6.3641,7813443,000021
2018-07-16,6.3547,6.5507,6.3268,6.4481,11822838,000021
2018-07-17,6.4201,6.4667,6.3454,6.4667,7182285,000021
2018-07-18,6.5227,6.7,6.4667,6.4667,11918451,000021
2018-07-19,6.4481,6.4761,6.3174,6.3547,7859244,000021
2018-07-20,6.3547,6.4854,6.2708,6.4481,8093559,000021
2018-07-23,6.4387,6.5974,6.4014,6.5507,9855074,000021
2018-07-24,6.6534,6.6534,6.532,6.6067,12590845,000021
2018-07-25,6.6254,6.7467,6.588,6.6254,11033973,000021
2018-07-26,6.5974,6.6254,6.5227,6.5694,9003578,000021
2018-07-27,6.56,6.5694,6.4574,6.56,7273734,000021
2018-07-30,6.5507,6.588,6.4387,6.4761,7695163,000021
2018-07-31,6.5134,6.5134,6.4201,6.4387,4968641,000021
2018-08-01,6.4481,6.5227,6.2334,6.2521,7985590,000021
2018-08-02,6.2148,6.2801,5.8602,5.9722,10581691,000021
2018-08-03,5.9908,6.0841,5.9068,5.9535,5027075,000021
2018-08-06,5.9908,6.0281,5.7669,5.8322,5940989,000021
2018-08-07,5.8602,6.0001,5.8135,5.9908,5988747,000021
2018-08-08,5.9815,6.0281,5.8788,5.9162,5121149,000021
2018-08-09,5.9068,6.1774,5.8695,6.1308,10853810,000021
2018-08-10,6.1121,6.1495,6.0655,6.1308,6427098,000021
2018-08-13,6.0655,6.2521,5.9815,6.2054,8743176,000021
2018-08-14,6.1681,6.2054,6.0935,6.1308,5239912,000021
2018-08-15,6.1308,6.1961,6.0001,6.0095,5880840,000021
2018-08-16,5.9255,6.1028,5.8415,6.0188,4940286,000021
2018-08-17,6.1121,6.1495,5.8975,5.9535,6382767,000021
2018-08-20,5.8229,5.9722,5.8135,5.9535,6817035,000021
2018-08-21,5.9442,6.0188,5.9162,5.9815,6080114,000021
2018-08-22,5.9628,5.9722,5.7949,5.8042,6416759,000021
2018-08-23,5.8042,5.9442,5.7949,5.9068,6397227,000021
2018-08-24,5.8975,5.9535,5.8695,5.9068,4375077,000021
2018-08-27,5.8788,6.0468,5.8788,6.0188,6972124,000021
2018-08-28,6.0188,6.1028,6.0001,6.0375,6405329,000021
2018-08-29,6.0561,6.0561,5.9162,5.9535,5816974,000021
2018-08-30,5.9628,5.9628,5.8322,5.8322,5031225,000021
2018-08-31,5.8229,5.8602,5.7669,5.7762,5664334,000021
2018-09-03,5.7762,5.7762,5.6082,5.7295,5719344,000021
2018-09-04,5.7202,5.8322,5.7015,5.8042,5104157,000021
2018-09-05,5.7855,5.8135,5.6735,5.6829,4494842,000021
2018-09-06,5.6922,5.8042,5.6735,5.7295,4496813,000021
2018-09-07,5.7015,5.8042,5.6549,5.7109,5171610,000021
2018-09-10,5.6922,5.7295,5.6176,5.6269,4410166,000021
2018-09-11,5.6456,5.7015,5.5709,5.5989,5715112,000021
2018-09-12,5.6082,5.6456,5.5802,5.6082,3941460,000021
2018-09-13,5.6456,5.7015,5.6082,5.6642,4416150,000021
2018-09-14,5.6549,5.6829,5.6082,5.6362,3561972,000021
2018-09-17,5.6269,5.6269,5.4962,5.4962,4819741,000021
2018-09-18,5.4962,5.5989,5.4869,5.5802,3620183,000021
2018-09-19,5.5616,5.7669,5.5522,5.7295,8352184,000021
2018-09-20,5.7482,5.9628,5.7109,5.7855,12077195,000021
2018-09-21,5.7109,5.8135,5.7015,5.8042,7938942,000021
2018-09-25,5.7575,5.8042,5.7295,5.7669,4154751,000021
2018-09-26,5.7482,5.8042,5.7295,5.7575,4943053,000021
2018-09-27,5.7762,5.7855,5.6456,5.6549,5512343,000021
2018-09-28,5.6642,5.7015,5.6549,5.6922,4538899,000021
2018-10-08,5.5896,5.6362,5.5429,5.5522,5132223,000021
2018-10-09,5.5896,5.5989,5.4869,5.5056,4486870,000021
2018-10-10,5.5149,5.5429,5.4589,5.5149,3155448,000021
2018-10-11,5.3843,5.3843,4.9644,5.0017,11081869,000021
2018-10-12,4.9457,4.9644,4.5258,4.7684,11313843,000021
2018-10-15,4.8337,4.899,4.6378,4.6937,6783647,000021
2018-10-16,4.7217,4.7777,4.5538,4.6004,5384319,000021
2018-10-17,4.6657,4.7124,4.5911,4.7031,5108766,000021
2018-10-18,4.6657,4.6844,4.5631,4.5818,4745026,000021
2018-10-19,4.5258,4.7217,4.4325,4.7217,7459496,000021
2018-10-22,4.7311,5.0763,4.7311,4.9644,11326409,000021
2018-10-23,4.9457,4.9737,4.8057,4.8524,6282448,000021
2018-10-24,4.815,4.9177,4.7871,4.8524,4688035,000021
2018-10-25,4.7124,4.8244,4.5911,4.815,5950606,000021
2018-10-26,4.8337,4.955,4.8244,4.8617,5604272,000021
2018-10-29,4.8151,4.8897,4.7871,4.8057,3827452,000021
2018-10-30,4.7871,4.9177,4.7871,4.8897,5602366,000021
2018-10-31,4.9177,5.0483,4.9177,5.0297,9045953,000021
2018-11-01,5.0763,5.207,5.0577,5.095,12056201,000021
2018-11-02,5.1323,5.4123,5.1323,5.3469,14058311,000021
2018-11-05,5.3469,5.3656,5.2256,5.3096,8696872,000021
2018-11-06,5.2816,5.3376,5.1883,5.319,6962256,000021
2018-11-07,5.291,5.4309,5.2816,5.319,9129338,000021
2018-11-08,5.3656,5.4309,5.319,5.3656,7680843,000021
2018-11-09,5.3283,5.3843,5.2816,5.3469,6183744,000021
2018-11-12,5.3096,5.5989,5.2723,5.5896,10498257,000021
2018-11-13,5.5336,5.7015,5.4683,5.6549,11253489,000021
2018-11-14,5.6549,5.7295,5.5802,5.6456,10730303,000021
2018-11-15,5.6269,5.7855,5.6269,5.7762,9460803,000021
2018-11-16,5.7855,6.0188,5.7855,5.9162,13527963,000021
2018-11-19,5.9068,6.0468,5.8788,6.0281,10045843,000021
2018-11-20,5.9908,6.0375,5.7109,5.7389,13315162,000021
2018-11-21,5.7015,5.7669,5.5336,5.7295,15281029,000021
2018-11-22,5.8042,5.8788,5.6735,5.7762,9421166,000021
2018-11-23,5.7855,5.8135,5.5242,5.5336,9750190,000021
2018-11-26,5.5429,5.9255,5.5429,5.7669,15772512,000021
2018-11-27,5.8882,5.9162,5.6549,5.7295,11194897,000021
2018-11-28,5.7202,5.7855,5.5989,5.7855,9718411,000021
2018-11-29,5.7855,5.8135,5.5429,5.5709,11548546,000021
2018-11-30,5.5802,5.7109,5.5522,5.6735,8097428,000021
2018-12-03,5.7762,5.9255,5.7762,5.8695,14027364,000021
2018-12-04,5.8602,5.9535,5.8322,5.9255,8636867,000021
2018-12-05,5.8415,5.8975,5.7855,5.8415,7607827,000021
2018-12-06,5.8415,5.8415,5.5802,5.6269,11360738,000021
2018-12-07,5.6456,5.7295,5.6362,5.7015,5846988,000021
2018-12-10,5.6735,5.7575,5.6176,5.6922,6554428,000021
2018-12-11,5.6735,5.7669,5.6735,5.7575,5520745,000021
2018-12-12,5.7575,5.7855,5.6549,5.6735,5979673,000021
2018-12-13,5.6829,5.8322,5.6456,5.7762,9877372,000021
2018-12-14,5.7669,5.7669,5.5336,5.5522,10641507,000021
2018-12-17,5.5616,5.6549,5.5056,5.6549,6433365,000021
2018-12-18,5.5989,5.6456,5.5522,5.6176,5947272,000021
2018-12-19,5.6176,5.6456,5.4869,5.5242,6153543,000021
2018-12-20,5.5429,5.5709,5.3096,5.3936,6771768,000021
2018-12-21,5.4216,5.5802,5.3936,5.5709,9947103,000021
2018-12-24,5.5242,5.6082,5.4869,5.5802,5964011,000021
2018-12-25,5.5056,5.5616,5.3096,5.4962,6489835,000021
2018-12-26,5.5056,5.5149,5.3843,5.3936,3640433,000021
2018-12-27,5.4962,5.6082,5.4123,5.4776,8561701,000021
2018-12-28,5.4309,5.4683,5.3096,5.3656,8000068,000021
2019-01-02,5.4029,5.4029,5.291,5.3003,4384275,000021
2019-01-03,5.3376,5.3656,5.2536,5.263,4466572,000021
2019-01-04,5.1696,5.4029,5.1417,5.3936,7181225,000021
2019-01-07,5.3936,5.6269,5.3843,5.6269,10272196,000021
2019-01-08,5.6269,5.7202,5.5802,5.6269,9397172,000021
2019-01-09,5.6922,5.7669,5.6269,5.6642,11616141,000021
2019-01-10,5.6735,5.8508,5.6735,5.7015,8609496,000021
2019-01-11,5.7015,5.8508,5.7015,5.7855,7508547,000021
2019-01-14,5.7762,5.8042,5.6735,5.7202,6620389,000021
2019-01-15,5.7669,5.8695,5.7109,5.8602,11629223,000021
2019-01-16,5.8229,5.8882,5.7575,5.7669,9157596,000021
2019-01-17,5.7949,5.8229,5.7109,5.8042,6927691,000021
2019-01-18,5.8135,5.8135,5.6362,5.7295,10851673,000021
2019-01-21,5.7295,5.8135,5.6829,5.7575,7635029,000021
2019-01-22,5.7669,5.8042,5.6269,5.6735,5850713,000021
2019-01-23,5.6642,5.6922,5.6176,5.6549,3798361,000021
2019-01-24,5.6735,5.8508,5.6362,5.7762,10044396,000021
2019-01-25,5.7949,5.8229,5.7015,5.7015,6688250,000021
2019-01-28,5.7295,5.8135,5.6549,5.6735,6986015,000021
2019-01-29,5.6922,5.7015,5.4403,5.5616,7910702,000021
2019-01-30,5.5616,5.6735,5.5149,5.5149,6220015,000021
2019-01-31,5.5522,5.5709,5.3469,5.4403,7318531,000021
2019-02-01,5.4496,5.6362,5.4216,5.6269,7188894,000021
2019-02-11,5.6362,5.8695,5.6362,5.8415,12566608,000021
2019-02-12,5.8415,6.0188,5.8042,5.9628,16562021,000021
2019-02-13,5.9628,6.5227,5.9628,6.3454,35435985,000021
2019-02-14,6.3454,6.4107,6.2148,6.3174,18182500,000021
2019-02-15,6.3827,6.5694,6.3174,6.3174,19438031,000021
2019-02-18,6.5507,6.952,6.4947,6.868,38701272,000021
2019-02-19,7.0266,7.0266,6.672,6.7373,31068110,000021
2019-02-20,6.7093,6.7653,6.5787,6.672,16456866,000021
2019-02-21,6.6347,6.7933,6.5507,6.5787,21471660,000021
2019-02-22,6.5414,6.8866,6.5414,6.8493,24627778,000021
2019-02-25,6.9893,7.2319,6.9053,7.2039,33439046,000021
2019-02-26,7.1852,7.1946,6.924,6.98,25850024,000021
2019-02-27,6.9706,7.0919,6.8307,6.9333,16100803,000021
2019-02-28,6.9053,7.008,6.812,6.868,12625249,000021
2019-03-01,6.9146,6.98,6.8307,6.952,12466718,000021
2019-03-04,6.9893,7.2039,6.98,7.0173,21665984,000021
2019-03-05,7.0266,7.4092,6.98,7.3812,26849050,000021
2019-03-06,7.3905,7.5025,7.2039,7.4279,24937379,000021
2019-03-07,7.3999,7.6798,7.2972,7.5585,26032597,000021
2019-03-08,7.4185,8.305,7.2039,7.5678,59378086,000021
2019-03-11,7.8851,8.0251,7.6052,7.9131,40615614,000021
2019-03-12,8.0251,8.277,7.8385,8.1744,46602646,000021
2019-03-13,8.1557,8.1557,7.5119,7.6518,42315619,000021
2019-03-14,7.6052,7.6518,7.1852,7.2879,28310861,000021
2019-03-15,7.3346,7.4745,7.2599,7.3719,18624212,000021
2019-03-18,7.3066,7.6425,7.2226,7.6425,21698284,000021
2019-03-19,7.6145,8.0811,7.5772,7.8758,35504244,000021
2019-03-20,8.0624,8.305,7.5585,7.7638,29928267,000021
2019-03-21,7.6052,8.5383,7.6052,8.5383,36530817,000021
2019-03-22,9.0329,9.3968,8.6036,9.3968,149278088,000021
2019-03-25,9.7981,10.3393,9.4061,10.1433,164100538,000021
2019-03-26,9.5088,10.0687,9.1262,9.3222,160599512,000021
2019-03-27,9.3781,9.4435,8.6223,8.8183,121867536,000021
2019-03-28,8.6783,9.0049,8.417,8.4543,96199632,000021
2019-03-29,8.361,8.8649,8.1931,8.7529,82526393,000021
2019-04-01,8.8276,9.2755,8.8276,9.1449,89455632,000021
2019-04-02,9.1075,9.3035,8.9676,9.0982,78184731,000021
2019-04-03,9.5088,9.7794,9.0142,9.1635,86230620,000021
2019-04-04,9.1635,9.1729,8.8743,8.9302,65909966,000021
2019-04-08,8.9396,8.9956,8.5197,8.7249,48185677,000021
2019-04-09,8.6783,8.9209,8.557,8.8463,31061136,000021
2019-04-10,8.7529,8.9582,8.5943,8.9022,39899690,000021
2019-04-11,8.9022,8.9022,8.6503,8.6783,28649280,000021
2019-04-12,8.641,8.7436,8.3424,8.417,31474449,000021
2019-04-15,8.5756,8.697,8.3797,8.389,27065251,000021
2019-04-16,8.277,8.5476,8.1184,8.5383,32751008,000021
2019-04-17,8.5383,8.7063,8.4917,8.5476,35146475,000021
2019-04-18,8.5663,8.5756,8.3797,8.3797,24297335,000021
2019-04-19,8.3144,8.3703,8.221,8.361,22601513,000021
2019-04-22,8.3983,8.501,8.277,8.2864,19635982,000021
2019-04-23,8.305,8.3144,7.9038,7.9971,26562093,000021
2019-04-24,8.0904,8.249,7.9598,8.2024,21264591,000021
2019-04-25,8.2397,8.3703,7.8944,7.9224,26093659,000021
2019-04-26,7.8571,8.1091,7.8571,7.9598,19737935,000021
2019-05-06,7.5025,7.5492,6.952,6.952,30215646,000021
2019-05-07,7.1106,7.1573,6.8586,7.0359,18444394,000021
2019-05-08,6.868,7.3905,6.7467,7.1573,24712075,000021
2019-05-09,7.1386,7.3999,7.0826,7.1666,17016469,000021
2019-05-10,7.2972,7.5865,6.8866,7.5772,34965224,000021
2019-05-13,7.6238,7.7825,7.4932,7.5958,29935552,000021
2019-05-14,7.5212,7.7078,7.4465,7.4559,24861231,000021
2019-05-15,7.5585,7.6238,7.4932,7.5772,18603608,000021
2019-05-16,7.5678,7.5678,7.4465,7.5025,16258268,000021
2019-05-17,7.5305,7.6891,7.3812,7.4279,25510244,000021
2019-05-20,7.6425,8.1744,7.5212,8.1744,77947078,000021
2019-05-21,8.1931,8.5383,7.8478,8.2397,84204286,000021
2019-05-22,8.1091,8.473,8.0531,8.417,63541091,000021
2019-05-23,8.3797,8.4077,8.0997,8.1277,41071647,000021
2019-05-24,7.9598,8.1184,7.6238,7.6425,36926671,000021
2019-05-27,7.6985,8.305,7.6145,8.2117,45555005,000021
2019-05-28,8.1557,8.2584,8.0531,8.1744,36785473,000021
2019-05-29,8.0811,8.529,8.0811,8.3424,53827277,000021
2019-05-30,8.2397,8.2397,7.9318,8.0904,34253494,000021
2019-05-31,8.0811,8.5383,8.0531,8.445,58910651,000021
2019-06-03,8.5383,8.5476,8.1744,8.3144,50048468,000021
2019-06-04,8.2304,8.3424,8.0158,8.0811,29458575,000021
2019-06-05,8.2117,8.3144,8.0904,8.1184,26765898,000021
2019-06-06,8.0437,8.0811,7.5119,7.5678,39241762,000021
2019-06-10,7.5678,7.7358,7.5678,7.6052,17411547,000021
2019-06-11,7.6145,7.9038,7.4745,7.8851,28147688,000021
2019-06-12,7.8291,8.1464,7.7918,8.0344,31969347,000021
2019-06-13,8.0251,8.1091,7.8571,7.9224,21353000,000021
2019-06-14,7.9504,7.9784,7.6052,7.6332,20861977,000021
2019-06-17,7.6052,7.7078,7.5678,7.6612,9222657,000021
2019-06-18,7.6612,7.6798,7.5305,7.5678,10309503,000021
2019-06-19,7.7451,7.8385,7.6518,7.6612,18816065,000021
2019-06-20,7.6612,7.8571,7.6052,7.8011,19923206,000021
2019-06-21,7.9224,7.9411,7.8105,7.8944,22539755,000021
2019-06-24,7.9504,8.0717,7.8478,7.8851,16195703,000021
2019-06-25,7.8664,7.9131,7.5865,7.7451,19290351,000021
2019-06-26,7.6798,7.8664,7.6238,7.7638,12675405,000021
2019-06-27,7.8488,7.9244,7.7732,7.8205,17964905,000021
2019-06-28,7.7166,7.7827,7.641,7.6788,14768893,000021
2019-07-01,7.8866,8.0566,7.8205,8.0094,29287498,000021
2019-07-02,8.0188,8.0472,7.8394,7.8677,18157586,000021
2019-07-03,7.7732,7.8205,7.6977,7.7449,14763096,000021
2019-07-04,7.7449,7.8016,7.6694,7.7355,9823737,000021
2019-07-05,7.7166,7.7732,7.6788,7.7449,7674621,000021
2019-07-08,7.7166,7.7355,7.3766,7.4049,16766297,000021
2019-07-09,7.4049,7.4427,7.1971,7.2916,13214176,000021
2019-07-10,7.3104,7.3954,7.2632,7.301,8053135,000021
2019-07-11,7.3766,7.3766,7.2254,7.2443,7034669,000021
2019-07-12,7.2538,7.3388,7.216,7.3104,6349579,000021
2019-07-15,7.2915,7.5371,7.1593,7.4332,10220327,000021
2019-07-16,7.4427,7.5088,7.3766,7.4993,8405073,000021
2019-07-17,7.4049,7.7638,7.4049,7.6788,23084625,000021
2019-07-18,7.6032,7.6127,7.4521,7.471,13081240,000021
2019-07-19,7.5466,7.6788,7.4993,7.5277,11021270,000021
2019-07-22,7.5088,7.5749,7.2349,7.3104,10372856,000021
2019-07-23,7.3104,7.3954,7.2727,7.3766,5641200,000021
2019-07-24,7.4616,7.5843,7.4143,7.4993,11229070,000021
2019-07-25,7.4993,7.6788,7.4427,7.6221,15412472,000021
2019-07-26,7.5655,7.6316,7.4805,7.5277,8668500,000021
2019-07-29,7.556,7.6221,7.471,7.5749,8695535,000021
2019-07-30,7.5749,7.6505,7.4993,7.6316,12905915,000021
2019-07-31,7.641,7.7449,7.5938,7.7071,17947871,000021
2019-08-01,7.6505,7.7732,7.5843,7.6316,11713714,000021
2019-08-02,7.4616,7.5088,7.3766,7.4616,12454915,000021
2019-08-05,7.4238,7.6694,7.4049,7.4899,12270017,000021
2019-08-06,7.3671,7.3671,6.9704,7.2443,15863578,000021
2019-08-07,7.2821,7.3199,7.1215,7.131,9238801,000021
2019-08-08,7.1593,7.1877,7.0838,7.131,8501988,000021
2019-08-09,7.1782,7.2065,6.961,6.9799,8881477,000021
2019-08-12,6.9988,7.2443,6.9893,7.2349,9206138,000021
2019-08-13,7.1593,7.301,7.1404,7.2821,8602800,000021
2019-08-14,7.4238,7.5749,7.3766,7.471,23078612,000021
2019-08-15,7.3104,7.7544,7.2916,7.6882,28229097,000021
2019-08-16,7.8016,8.4533,7.7071,8.3116,99602296,000021
2019-08-19,9.1428,9.1428,9.1428,9.1428,14493740,000021
2019-08-20,10.0589,10.0589,10.0589,10.0589,11569089,000021
2019-08-21,10.1062,11.0696,9.9456,11.0696,232070103,000021
2019-08-22,11.5135,12.1368,11.1357,11.589,274972332,000021
2019-08-23,11.8157,12.373,11.3718,12.1841,228608449,000021
2019-08-26,11.8157,12.713,11.504,12.1935,205014211,000021
2019-08-27,11.9102,12.4296,11.6174,11.7118,185910924,000021
2019-08-28,11.6174,11.6929,11.2018,11.249,150660784,000021
2019-08-29,11.3246,11.6835,11.1735,11.3624,139630849,000021
2019-08-30,11.4001,11.4662,10.2289,10.2573,183139104,000021
2019-09-02,10.2951,10.569,10.0967,10.5406,106375060,000021
2019-09-03,10.5784,11.5985,10.4084,11.5985,186423422,000021
2019-09-04,11.7213,12.5902,11.6268,11.9196,220130824,000021
2019-09-05,12.1085,13.1097,11.6174,12.5713,204445001,000021
2019-09-06,12.7697,13.3836,12.2218,12.8169,214809214,000021
2019-09-09,12.7508,12.798,12.2124,12.6941,146977884,000021
2019-09-10,12.5335,12.7319,12.0613,12.3824,119155831,000021
2019-09-11,12.2785,13.1002,12.2502,12.373,122143534,000021
2019-09-12,12.288,12.373,11.7779,11.9857,94389328,000021
2019-09-16,11.9952,12.2785,11.7402,12.0991,77923017,000021
2019-09-17,11.9857,12.8074,11.8535,12.4107,119750643,000021
2019-09-18,12.2785,12.3163,11.759,11.8157,89593846,000021
2019-09-19,11.7118,11.7213,11.1451,11.504,79396789,000021
2019-09-20,11.504,11.9385,11.4474,11.7402,74970845,000021
2019-09-23,11.7024,12.118,11.334,12.0707,80338279,000021
2019-09-24,11.9102,12.2407,11.8063,11.8724,77799645,000021
2019-09-25,11.7685,12.0802,11.334,11.3529,67912706,000021
2019-09-26,11.3812,11.4474,10.2195,10.2384,81540818,000021
2019-09-27,10.2006,10.7673,10.2006,10.654,50926903,000021
2019-09-30,10.7862,10.8334,10.2951,10.5123,35307303,000021
2019-10-08,10.6634,10.739,10.3234,10.3612,33141334,000021
2019-10-09,10.3517,10.7106,10.1156,10.6162,37467279,000021
2019-10-10,10.654,10.8145,10.5312,10.7106,42762032,000021
2019-10-11,10.6729,10.6823,10.3045,10.4745,48609277,000021
2019-10-14,10.6351,11.0034,10.4934,10.8429,64535241,000021
2019-10-15,10.7673,10.7768,10.3423,10.399,47673470,000021
2019-10-16,10.4462,10.4745,10.2384,10.2667,27663275,000021
2019-10-17,10.2384,10.3423,10.1062,10.2195,23534006,000021
2019-10-18,10.1345,10.4556,9.8228,9.8323,41268311,000021
2019-10-21,9.9173,10.0212,9.4922,9.9645,29939760,000021
2019-10-22,9.9078,10.0873,9.9078,10.0495,23940428,000021
2019-10-23,10.0023,10.1628,9.8323,9.9078,29145599,000021
2019-10-24,9.9173,9.9362,9.6717,9.8134,29001190,000021
2019-10-25,9.8323,10.1534,9.7189,10.0778,33839239,000021
2019-10-28,10.9562,11.0884,10.6351,11.0884,99264129,000021
2019-10-29,11.2396,11.2396,10.399,10.4178,99927560,000021
2019-10-30,10.2006,10.2006,9.7945,9.8323,53698293,000021
2019-10-31,9.7473,10.0778,9.5961,9.6056,37091785,000021
2019-11-01,9.5489,9.7095,9.5111,9.6717,23180764,000021
2019-11-04,9.6717,9.785,9.5772,9.615,26232926,000021
2019-11-05,9.615,9.7189,9.3883,9.6717,33520526,000021
2019-11-06,9.6339,9.7473,9.4356,9.5111,24557572,000021
2019-11-07,9.4639,9.5961,9.445,9.53,20379742,000021
2019-11-08,9.5867,9.7756,9.5489,9.5772,30958043,000021
2019-11-11,9.4545,9.5206,9.1617,9.1617,29158626,000021
2019-11-12,9.2089,9.2844,8.9255,9.2656,24609349,000021
2019-11-13,9.1711,9.2372,9.0483,9.1239,15591361,000021
2019-11-14,9.1239,9.275,9.0861,9.1994,20782860,000021
2019-11-15,9.1617,9.2844,8.9539,9.2089,28051052,000021
2019-11-18,9.2561,9.785,9.19,9.6528,54877361,000021
2019-11-19,9.5961,9.7095,9.5206,9.7,35251637,000021
2019-11-20,9.6811,9.8039,9.5867,9.6245,36554719,000021
2019-11-21,9.5867,9.6811,9.445,9.6528,22726499,000021
2019-11-22,9.615,9.7473,9.36,9.36,30803809,000021
2019-11-25,9.36,9.4356,9.0011,9.105,21954319,000021
2019-11-26,9.1522,9.2183,9.0389,9.0578,13391050,000021
2019-11-27,9.0578,9.2183,8.9444,9.1144,17423275,000021
2019-11-28,9.0767,9.1333,8.9728,9.0011,12953782,000021
2019-11-29,9.0011,9.0483,8.935,9.0389,11341815,000021
2019-12-02,9.0483,9.1522,9.0294,9.0861,13322787,000021
2019-12-03,9.02,9.4733,9.02,9.4733,36706030,000021
2019-12-04,9.36,9.5395,9.3222,9.5017,23666078,000021
2019-12-05,9.445,9.9078,9.4356,9.7756,47996941,000021
2019-12-06,9.7473,9.87,9.615,9.7756,30578346,000021
2019-12-09,9.8134,10.2289,9.7378,10.0212,54380240,000021
2019-12-10,9.9645,10.1534,9.8134,10.0495,39103688,000021
2019-12-11,10.0023,10.1912,9.8984,10.0589,41654472,000021
2019-12-12,10.0401,10.1251,9.8323,9.9456,37316198,000021
2019-12-13,10.1062,10.1817,9.9173,10.0212,28333594,000021
2019-12-16,10.0873,11.0223,10.0873,10.8145,81229740,000021
2019-12-17,10.909,11.4851,10.7862,11.3246,102213590,000021
2019-12-18,11.2112,11.3624,11.0318,11.0412,69989003,000021
2019-12-19,11.2112,11.3057,11.0507,11.1829,51124522,000021
2019-12-20,11.2018,11.3057,10.8712,11.0034,51163828,000021
2019-12-23,10.7956,10.824,10.399,10.4367,55436162,000021
2019-12-24,10.5029,10.5973,10.3423,10.569,31278215,000021
2019-12-25,10.569,11.5229,10.5595,11.2585,90816912,000021
2019-12-26,11.2207,11.6551,11.164,11.4662,75642349,000021
2019-12-27,11.4568,12.5524,11.4096,11.8346,105327828,000021
2019-12-30,11.7685,12.1746,11.4851,11.844,74537357,000021
2019-12-31,11.8252,12.0896,11.4851,11.504,58872458,000021
2020-01-02,11.7118,12.4391,11.5513,12.1652,82223858,000021
2020-01-03,12.2785,13.3836,12.0991,13.3836,139153003,000021
2020-01-06,13.4969,14.5925,12.8358,14.0164,149468934,000021
2020-01-07,14.007,14.5264,13.7425,13.8275,104765034,000021
2020-01-08,13.8464,14.1203,13.3647,13.393,93966575,000021
2020-01-09,13.6197,13.7897,13.1758,13.5819,72180463,000021
2020-01-10,13.5819,13.8842,13.3175,13.648,68841500,000021
2020-01-13,13.5253,13.922,13.2419,13.8369,65956928,000021
2020-01-14,13.9031,14.6209,13.8558,14.1675,100389978,000021
2020-01-15,14.1014,14.2431,13.4875,13.8086,71212221,000021
2020-01-16,13.7897,14.0731,13.648,13.8369,50078732,000021
2020-01-17,13.8653,13.9503,13.4119,13.4119,44945174,000021
2020-01-20,13.5441,13.7519,13.0058,13.5914,54225095,000021
2020-01-21,13.6008,13.8275,13.223,13.3741,44036294,000021
2020-01-22,13.2608,14.4981,13.1569,14.2809,95441804,000021
2020-01-23,14.0636,15.0081,13.648,14.092,101630224,000021
2020-02-03,12.6752,12.6752,12.6752,12.6752,3241800,000021
2020-02-04,11.4096,12.4674,11.4096,12.1841,100059493,000021
2020-02-05,12.1935,12.968,12.0518,12.1652,84426328,000021
2020-02-06,12.1652,12.798,12.0896,12.6941,72979658,000021
2020-02-07,12.6374,13.1475,12.2785,13.0341,92210927,000021
2020-02-10,13.0625,14.3375,13.0625,14.3375,127706989,000021
2020-02-11,14.1109,14.2809,13.7992,14.0825,90087495,000021
2020-02-12,14.0825,15.3009,13.9597,15.1781,119403392,000021
2020-02-13,15.3954,16.5099,15.2537,15.6032,131587018,000021
2020-02-14,16.0565,16.406,15.5843,15.7826,97176825,000021
2020-02-17,15.8582,17.3599,15.6976,17.3599,83890727,000021
2020-02-18,18.0494,18.8806,17.7377,18.3422,124746624,000021
2020-02-19,18.0589,18.8428,17.87,18.8334,106672250,000021
2020-02-20,18.9372,19.7401,17.9077,18.6539,113321968,000021
2020-02-21,18.4178,20.4012,18.3139,20.2123,116159308,000021
2020-02-24,20.779,21.7046,19.8345,21.6291,130944170,000021
2020-02-25,20.5807,22.1958,19.4662,21.2891,126457328,000021
2020-02-26,20.4107,20.779,19.1639,19.1639,104206355,000021
2020-02-27,19.1923,19.4567,17.9455,18.1817,92823358,000021
2020-02-28,16.9727,17.2655,16.3682,16.4438,113569170,000021
2020-03-02,17.0105,18.0872,16.5854,17.8133,111461289,000021
2020-03-03,18.2383,19.1923,17.9361,18.1722,101926522,000021
2020-03-04,18.0022,18.5406,17.171,17.9077,72644423,000021
2020-03-05,18.4461,18.5406,17.3505,17.8133,67787860,000021
2020-03-06,17.5111,18.1817,17.1521,17.7283,54535356,000021
2020-03-09,17.0766,17.256,15.9715,16.0282,72299761,000021
2020-03-10,15.9432,17.341,15.7543,17.3033,76663830,000021
2020-03-11,17.3788,17.5016,16.321,16.3493,68634926,000021
2020-03-12,15.9999,16.661,15.9243,16.236,43374542,000021
2020-03-13,15.1215,17.1238,15.1215,16.7838,69799588,000021
2020-03-16,16.9727,17.0105,15.282,15.6409,59799136,000021
2020-03-17,16.2076,16.3021,15.2065,16.0849,51007442,000021
2020-03-18,16.3399,17.6811,16.2265,17.2088,141461788,000021
2020-03-19,17.4638,18.4744,17.0955,18.3989,136095525,000021
2020-03-20,18.6822,18.9656,17.7944,18.2855,91157113,000021
2020-03-23,17.7566,18.5028,16.7082,16.8782,85672965,000021
2020-03-24,17.5205,17.8983,16.1321,17.5111,72281769,000021
2020-03-25,18.1628,18.1911,17.171,17.6244,65664260,000021
2020-03-26,17.3505,17.615,16.8216,16.8405,45923730,000021
2020-03-27,17.3316,18.3706,17.171,17.5111,84808595,000021
2020-03-30,17.1805,18.2667,17.0199,17.1994,87484290,000021
2020-03-31,17.4638,17.5394,16.0187,16.236,83207832,000021
2020-04-01,15.8487,16.746,15.8487,16.3682,45227077,000021
2020-04-02,16.1982,17.5488,16.151,17.5111,69078140,000021
2020-04-03,18.1439,19.3812,18.0494,19.3812,151166998,000021
2020-04-07,20.3729,21.3174,20.099,21.3174,146071562,000021
2020-04-08,20.7696,21.0435,19.1828,19.2867,164673250,000021
2020-04-09,19.3717,20.014,18.89,19.8345,107434464,000021
2020-04-10,19.4095,19.504,17.9739,18.38,91402258,000021
2020-04-13,17.8416,18.8617,17.5772,18.5878,63352837,000021
2020-04-14,18.5028,18.8428,18.2572,18.7011,56378211,000021
2020-04-15,18.6917,19.4567,18.1817,18.9939,78823111,000021
2020-04-16,18.5122,18.9467,18.3233,18.7295,46352475,000021
2020-04-17,18.9467,20.4012,18.8334,19.4756,103954564,000021
2020-04-20,19.4662,19.9384,19.2112,19.504,69996216,000021
2020-04-21,19.1828,19.3339,18.5783,18.7767,63340922,000021
2020-04-22,18.5028,18.8334,18.4083,18.7767,43118422,000021
2020-04-23,18.7011,19.0317,18.1061,18.1533,49414568,000021
2020-04-24,18.2383,18.72,18.1439,18.295,39618034,000021
2020-04-27,18.2289,18.3706,17.4827,17.7377,35320355,000021
2020-04-28,17.7472,18.4744,16.5854,17.9927,48397409,000021
2020-04-29,17.8416,18.2005,17.5677,17.6055,26823948,000021
2020-04-30,18.0305,19.2584,18.0305,19.145,72465812,000021
2020-05-06,18.975,20.1179,18.8239,19.7401,73215652,000021
2020-05-07,19.7401,19.8723,19.145,19.1639,47370978,000021
2020-05-08,19.4662,20.099,18.9939,19.6173,67186558,000021
2020-05-11,19.6362,19.9101,19.1734,19.4473,43970324,000021
2020-05-12,19.2489,21.4118,19.0884,21.4118,91643061,000021
2020-05-13,21.4118,22.6397,20.9396,21.4118,106937867,000021
2020-05-14,21.1852,23.5936,20.9868,22.7814,120046224,000021
2020-05-15,22.7247,24.7365,22.5547,23.877,117640099,000021
2020-05-18,24.3681,24.4437,21.4969,21.6291,128031462,000021
2020-05-19,22.243,22.7625,21.4969,22.5452,82657914,000021
2020-05-20,22.2147,22.5358,21.2891,21.5819,73754846,000021
2020-05-21,21.5346,21.8274,20.694,20.8735,60626616,000021
2020-05-22,20.864,21.9408,20.7412,21.5346,76051800,000021
2020-05-25,21.1002,21.9502,20.5901,21.8841,55773979,000021
2020-05-26,21.9974,22.8192,21.6291,22.2997,73793961,000021
2020-05-27,22.0447,22.2997,21.2985,21.3457,56403224,000021
2020-05-28,21.4402,21.7613,20.5429,21.2607,50689533,000021
2020-05-29,20.9207,21.4402,20.7129,20.8924,34465806,000021
2020-06-01,21.4402,22.5452,21.3174,22.0636,62584958,000021
2020-06-02,22.1486,23.1875,21.7802,22.7153,73802862,000021
2020-06-03,22.7153,23.5748,22.2808,22.5736,72994334,000021
2020-06-04,22.5547,23.3953,22.4036,22.9419,54783459,000021
2020-06-05,22.9514,23.4709,22.5925,22.923,46827958,000021
2020-06-08,23.0458,23.4709,22.0636,22.0824,60502316,000021
2020-06-09,22.0163,22.5075,21.5346,22.2052,37844210,000021
2020-06-10,22.158,22.2241,21.5346,22.0258,36782158,000021
2020-06-11,21.8463,22.5547,21.8463,22.0919,38956326,000021
2020-06-12,21.4402,21.9785,21.3457,21.7141,36038028,000021
2020-06-15,21.5346,21.9785,21.0624,21.2041,40030578,000021
2020-06-16,21.4402,21.8558,21.0624,21.4496,34657239,000021
2020-06-17,21.6291,21.648,20.8735,21.2702,34814281,000021
2020-06-18,21.3554,21.8763,21.1186,21.7247,41786494,000021
2020-06-19,21.81,22.5108,21.5732,22.0941,46276310,000021
2020-06-22,22.5487,22.7475,22.1698,22.3782,58015043,000021
2020-06-23,22.2645,22.4634,21.8952,22.0467,35394314,000021
2020-06-24,22.0657,22.5202,21.4785,22.454,46354283,000021
2020-06-29,22.2551,22.3971,21.5922,21.7532,37781080,000021
2020-06-30,21.0429,21.3365,20.1527,20.6546,98191749,000021
2020-07-01,20.6451,20.9861,20.3326,20.7114,55468156,000021
2020-07-02,20.8061,21.8668,20.5504,21.469,72125215,000021
2020-07-03,21.4028,21.8289,21.1565,21.5637,51973938,000021
2020-07-06,21.7816,23.723,21.7816,23.723,76132957,000021
2020-07-07,25.0014,25.939,24.4616,24.831,130990926,000021
2020-07-08,24.8405,26.6872,24.8405,26.3746,105292543,000021
2020-07-09,26.3841,26.8955,25.5791,26.1947,108396802,000021
2020-07-10,26.0432,27.3122,25.5791,26.564,105971076,000021
2020-07-13,26.8292,27.3501,26.2231,26.9902,101398967,000021
2020-07-14,27.0091,27.0849,24.9067,25.9864,104606274,000021
2020-07-15,26.0148,26.3273,24.2438,24.3954,78067161,000021
2020-07-16,24.348,24.8026,22.274,22.4445,77158216,000021
2020-07-17,22.5392,23.221,22.1983,22.8991,56816584,000021
2020-07-20,23.1548,23.4294,22.5487,23.3915,54442386,000021
2020-07-21,23.3915,23.562,22.7854,23.0316,39134913,000021
2020-07-22,23.0127,24.5469,22.7286,24.1586,83032068,000021
2020-07-23,23.7893,24.045,22.7381,23.4862,56399112,000021
2020-07-24,23.2021,23.5714,21.8384,22.1698,49322308,000021
2020-07-27,22.2551,22.9653,22.1604,22.5297,28350603,000021
2020-07-28,22.7286,23.06,22.3119,22.7475,27354547,000021
2020-07-29,22.7286,23.6283,22.5865,23.5999,42870529,000021
2020-07-30,23.5241,23.5241,22.9559,23.1737,35089800,000021
2020-07-31,23.221,23.9881,23.1737,23.9218,60359414,000021
2020-08-03,24.0544,24.992,23.7324,24.8026,84141412,000021
2020-08-04,24.9352,24.9352,24.0071,24.2154,53396284,000021
2020-08-05,24.812,25.2477,24.3196,24.5848,57715695,000021
2020-08-06,24.5658,26.1852,24.2249,25.7022,87028060,000021
2020-08-07,25.1909,25.4466,24.0544,24.4901,58083329,000021
2020-08-10,24.0544,24.8215,23.8177,24.1491,39352465,000021
2020-08-11,24.1491,24.4522,23.1548,23.2021,35832113,000021
2020-08-12,23.0316,23.9313,22.7475,23.9313,40071808,000021
2020-08-13,23.884,24.2154,23.4389,23.5241,26811242,000021
2020-08-14,23.562,23.9503,23.5336,23.9029,20590285,000021
2020-08-17,23.9692,24.7647,23.8934,24.5942,39156384,000021
2020-08-18,24.6226,25.8348,24.6226,25.295,60093683,000021
2020-08-19,24.9162,25.1909,24.509,24.6984,34722761,000021
2020-08-20,24.6037,25.8064,24.2722,25.3708,65808364,000021
2020-08-21,25.5697,25.5697,24.6037,24.9825,41068947,000021
2020-08-24,25.0204,25.4655,24.348,25.1246,36849309,000021
2020-08-25,25.0488,25.1246,24.1491,24.1965,35565071,000021
2020-08-26,24.2059,24.3669,23.3063,23.4673,32030186,000021
2020-08-27,23.4673,24.0923,23.382,23.9313,21277982,000021
2020-08-28,23.8461,25.0962,23.562,25.0772,48723253,000021
2020-08-31,24.6226,24.7742,24.0165,24.1018,42450259,000021
2020-09-01,23.9787,24.4332,23.8177,24.1018,19979148,000021
2020-09-02,24.1302,24.2059,23.562,23.9976,21785378,000021
2020-09-03,24.0544,24.1491,23.6756,23.7798,15676679,000021
2020-09-04,23.2968,23.9408,23.2021,23.7608,20782363,000021
2020-09-07,23.7608,23.9597,21.6395,22.0467,53611021,000021
2020-09-08,22.1604,22.1604,20.3137,20.7398,49980345,000021
2020-09-09,20.3516,20.4557,19.414,19.4235,40991326,000021
2020-09-10,19.8875,20.0296,19.2719,19.4235,25413469,000021
2020-09-11,19.272,20.0485,19.272,19.9917,19160979,000021
2020-09-14,20.2379,20.4747,19.7455,19.9727,19911214,000021
2020-09-15,19.9822,20.1811,19.7265,20.0485,13774189,000021
2020-09-16,20.039,20.0485,19.4898,19.6413,13799078,000021
2020-09-17,19.7265,20.1337,19.4329,19.9159,17462999,000021
2020-09-18,19.7644,20.3421,19.7455,20.2758,17289462,000021
2020-09-21,20.4084,21.0239,20.2853,20.4368,22712103,000021
2020-09-22,20.1337,20.6925,20.0959,20.3705,13867767,000021
2020-09-23,20.3421,20.9198,20.3326,20.9103,18341941,000021
2020-09-24,20.7588,20.8345,20.361,20.4178,15158098,000021
2020-09-25,20.5031,20.7209,19.7928,20.0769,19119574,000021
2020-09-28,19.9728,20.0106,18.1639,18.2302,43034225,000021
2020-09-29,18.448,19.8496,18.3533,19.6981,39424140,000021
2020-09-30,19.7928,19.8023,19.2625,19.5466,16878304,000021
2020-10-09,20.0012,20.541,19.9349,20.4652,18831295,000021
2020-10-12,21.0239,22.2456,21.0239,21.9331,49443932,000021
2020-10-13,21.9994,21.9994,21.4028,21.9615,26948115,000021
2020-10-14,22.0751,22.6149,21.5069,21.5827,32583184,000021
2020-10-15,21.8573,22.2267,21.4975,21.7816,24567522,000021
2020-10-16,21.6963,22.5392,21.6869,22.1036,36178588,000021
2020-10-19,22.7191,22.7191,20.6357,21.0618,44273702,000021
2020-10-20,21.1186,21.469,20.7872,21.4501,19738960,000021
2020-10-21,21.4785,21.649,21.0618,21.3081,16591673,000021
2020-10-22,21.2702,21.469,21.0524,21.2796,14950722,000021
2020-10-23,21.2607,21.4406,20.5788,20.6451,15306436,000021
2020-10-26,20.6451,20.9861,20.2474,20.7588,10033025,000021
2020-10-27,20.6641,20.8535,20.522,20.6167,8317167,000021
2020-10-28,20.6167,20.8914,20.0675,20.6925,15893085,000021
2020-10-29,20.5504,20.7209,20.1432,20.4936,12936927,000021
2020-10-30,19.6981,20.8345,19.6981,20.0674,21362087,000021
2020-11-02,20.0296,20.3421,19.4424,20.1716,18198048,000021
2020-11-03,20.1337,20.7872,19.9822,20.3421,19162797,000021
2020-11-04,20.361,20.5315,20.0296,20.1527,13259321,000021
2020-11-05,20.4652,21.4596,20.3421,20.7304,36552040,000021
2020-11-06,20.4463,20.6546,20.2,20.5504,23386015,000021
2020-11-09,20.7872,22.0657,20.7872,21.7247,61376504,000021
2020-11-10,21.6395,21.6395,20.863,21.0239,36426553,000021
2020-11-11,20.9292,21.005,20.3042,20.3516,20299044,000021
2020-11-12,20.541,20.7209,20.1622,20.2947,11795491,000021
2020-11-13,20.2663,20.4557,19.9727,20.4557,12026372,000021
2020-11-16,20.4652,20.522,20.1811,20.3042,9894627,000021
2020-11-17,20.219,20.3042,19.3004,19.8212,23133174,000021
2020-11-18,19.8686,19.9254,19.5087,19.5466,11549771,000021
2020-11-19,19.4235,19.7171,19.1583,19.5466,10492002,000021
2020-11-20,19.5087,19.7171,19.4235,19.6034,9994468,000021
2020-11-23,19.5939,19.5939,19.1583,19.3856,14850121,000021
2020-11-24,19.414,19.8686,19.414,19.4708,14032541,000021
2020-11-25,19.4519,19.5087,19.0163,19.0636,16570791,000021
2020-11-26,19.0636,19.2246,18.95,19.0447,9439384,000021
2020-11-27,19.0257,19.2909,18.9026,19.1772,11443809,000021
2020-11-30,19.6034,19.7739,19.3477,19.4803,21827253,000021
2020-12-01,19.3761,19.6413,19.2246,19.5939,14376511,000021
2020-12-02,19.5371,20.0296,19.5371,19.9159,21364775,000021
2020-12-03,20.6451,20.8156,20.0296,20.0959,27739114,000021
2020-12-04,20.0012,20.541,20.0012,20.219,18489853,000021
2020-12-07,20.4557,20.6451,20.0296,20.058,17021431,000021
2020-12-08,20.039,20.2095,19.7455,19.8591,15273305,000021
2020-12-09,19.8402,19.8591,19.272,19.3004,15413602,000021
2020-12-10,19.2341,19.5939,19.1204,19.3761,11175249,000021
2020-12-11,19.3098,19.6034,19.0731,19.5845,15594827,000021
2020-12-14,19.4898,19.5845,19.253,19.4614,10756802,000021
2020-12-15,19.3856,19.8402,19.3667,19.5276,11107224,000021
2020-12-16,19.4803,19.5371,18.9215,18.9689,15940955,000021
2020-12-17,18.95,19.0636,18.4196,19.0447,12963052,000021
2020-12-18,19.5845,19.5845,18.8079,19.1867,11767519,000021
2020-12-21,19.0541,19.4708,18.8553,19.2719,14756750,000021
2020-12-22,19.0825,19.0825,18.5427,18.5617,19038467,000021
2020-12-23,18.4954,18.6374,18.0029,18.5901,18676139,000021
2020-12-24,18.4196,18.5806,17.7662,17.8609,14534744,000021
2020-12-25,17.9461,18.0976,17.6241,17.7188,12529793,000021
2020-12-28,17.52,17.52,16.7434,17.1601,17153754,000021
2020-12-29,17.1222,17.7567,17.0464,17.4253,14782704,000021
2020-12-30,17.4063,17.501,17.1601,17.4063,11516696,000021
2020-12-31,17.4347,18.0408,17.2358,18.0029,17575136,000021
2021-01-04,18.0976,18.5617,17.8798,18.3912,22785985,000021
2021-01-05,18.3249,18.77,18.0882,18.6374,22981270,000021
2021-01-06,18.6564,18.77,18.0882,18.2492,17265573,000021
2021-01-07,18.0692,18.2208,17.5768,17.823,17601335,000021
2021-01-08,17.8325,18.5617,17.8325,18.3344,18798264,000021
2021-01-11,18.2397,18.7037,18.0503,18.2113,18808169,000021
2021-01-12,18.0882,18.3533,17.9082,18.2776,12619778,000021
2021-01-13,18.2397,18.7511,17.9366,18.609,28831413,000021
2021-01-14,18.5143,19.3004,18.2492,19.1299,43037925,000021
2021-01-15,19.0352,19.1772,18.287,18.4196,26804902,000021
2021-01-18,18.287,19.3098,18.0029,18.95,29276129,000021
2021-01-19,18.9405,20.844,18.6848,19.7739,55022111,000021
2021-01-20,19.1299,19.5466,18.9878,19.3856,31734140,000021
2021-01-21,19.3761,19.4045,18.9594,19.1299,25152629,000021
2021-01-22,19.1772,19.3098,18.3817,18.5901,25393361,000021
2021-01-25,18.5996,19.9822,18.1355,19.878,51917438,000021
2021-01-26,19.4614,19.8118,18.8931,19.0447,26970721,000021
2021-01-27,19.0731,19.7549,19.0731,19.1583,21920534,000021
2021-01-28,18.931,19.8686,18.8458,19.253,32939716,000021
2021-01-29,19.6413,19.8496,19.2246,19.5845,30703011,000021
2021-02-01,19.4045,19.6413,18.95,19.4045,25139769,000021
2021-02-02,19.5845,20.0106,19.2435,19.8307,34980679,000021
2021-02-03,19.9349,20.5694,19.5561,19.6034,49279518,000021
2021-02-04,19.1299,19.6886,18.2113,18.8268,41957635,000021
2021-02-05,18.7511,18.77,17.6809,17.7378,28151350,000021
2021-02-08,17.7378,18.2492,17.5294,17.9745,13215212,000021
2021-02-09,18.0503,18.6374,18.0124,18.5427,18457503,000021
2021-02-10,18.7511,18.7511,18.2302,18.4102,20073887,000021
2021-02-18,18.8647,20.2474,18.7511,20.2474,61066657,000021
2021-02-19,20.219,20.7304,20.0769,20.6073,64672294,000021
2021-02-22,20.6546,21.3838,20.4084,20.4841,52976086,000021
2021-02-23,20.0106,20.4273,19.9159,20.1432,31365701,000021
2021-02-24,20.0485,20.9482,19.878,20.2569,44413782,000021
2021-02-25,20.6357,20.6357,19.8402,19.9443,24543022,000021
2021-02-26,19.5276,19.9159,19.2435,19.6034,21572123,000021
2021-03-01,19.6981,20.3326,19.6981,20.3137,25153220,000021
2021-03-02,20.3516,20.9008,20.1906,20.8156,33471378,000021
2021-03-03,20.7872,20.7872,20.1053,20.6546,25169880,000021
2021-03-04,20.38,21.0239,20.2853,20.3894,26896981,000021
2021-03-05,20.1811,21.0997,20.058,21.0618,37038795,000021
2021-03-08,21.2607,21.791,20.2663,20.3231,55177660,000021
2021-03-09,19.8875,20.4557,19.414,19.7928,32281435,000021
2021-03-10,20.1716,20.219,18.5333,18.7984,35704528,000021
2021-03-11,18.6659,19.4045,18.467,19.0541,19644863,000021
2021-03-12,19.2246,19.4992,18.8837,19.2246,18956754,000021
2021-03-15,18.9784,19.0068,18.2113,18.5427,22845445,000021
2021-03-16,18.5049,18.6659,18.2965,18.5522,11782814,000021
2021-03-17,18.5333,18.789,18.2302,18.5901,12737544,000021
2021-03-18,18.609,18.6943,18.3439,18.3533,12453331,000021
2021-03-19,17.9935,18.2776,17.823,18.0882,13034013,000021
2021-03-22,17.9935,18.448,17.9935,18.4007,10753874,000021
2021-03-23,18.4575,18.6469,18.2208,18.4007,10096380,000021
2021-03-24,18.306,18.5427,18.2681,18.5049,9820158,000021
2021-03-25,18.5143,18.931,18.467,18.5617,12728518,000021
2021-03-26,18.4764,18.8268,18.4764,18.7416,10493560,000021
2021-03-29,18.789,18.8079,18.2302,18.2965,14168530,000021
2021-03-30,18.2776,18.4291,18.1545,18.2397,9754671,000021
2021-03-31,18.2492,18.3249,17.9366,18.1166,9758527,000021
2021-04-01,18.2397,18.5711,18.1829,18.4575,12073212,000021
2021-04-02,18.4764,19.111,18.4102,19.0731,24043753,000021
2021-04-06,19.1867,19.1867,18.7132,18.8268,15485084,000021
2021-04-07,18.8363,18.9026,18.5996,18.6848,12395664,000021
2021-04-08,18.7511,18.8742,18.5712,18.5901,10376729,000021
2021-04-09,18.5617,18.7037,18.1734,18.3249,13814724,000021
2021-04-12,18.3344,18.5996,18.1355,18.2018,13073111,000021
2021-04-13,18.2302,18.5143,18.1639,18.2586,9398381,000021
2021-04-14,18.3249,18.3344,18.1734,18.2586,8154583,000021
2021-04-15,18.3723,18.3817,17.6999,17.7188,19370831,000021
2021-04-16,17.7567,17.8514,17.4915,17.4915,22331180,000021
2021-04-19,17.52,17.8514,17.52,17.7378,24668189,000021
2021-04-20,17.6904,18.3155,17.501,17.7757,35449638,000021
2021-04-21,17.7567,17.7757,17.4915,17.5294,19104681,000021
2021-04-22,17.6147,18.0882,17.5578,17.6999,21625479,000021
2021-04-23,17.7378,17.8041,17.4347,17.5673,17783859,000021
2021-04-26,17.6336,17.9556,17.6147,17.6904,20610879,000021
2021-04-27,17.8704,17.9177,17.2169,17.2927,16416261,000021
2021-04-28,17.2927,17.3305,16.9991,17.1601,14447478,000021
2021-04-29,17.1506,17.3211,17.0654,17.1601,12790387,000021
2021-04-30,16.9044,16.9139,15.91,16.3551,32214533,000021
2021-05-06,16.3835,16.3835,15.9668,16.0521,17442503,000021
2021-05-07,16.0047,16.1468,15.8627,15.9479,14189045,000021
2021-05-10,15.9479,15.9858,15.3418,15.4176,20089660,000021
2021-05-11,15.2092,16.1468,15.1524,16.0899,21078225,000021
2021-05-12,15.9574,16.1941,15.8153,16.0237,13842939,000021
2021-05-13,15.8153,16.1941,15.7111,15.91,10876203,000021
2021-05-14,16.0142,16.3362,15.9384,16.232,14750835,000021
2021-05-17,16.3741,16.5445,16.1468,16.2225,13688859,000021
2021-05-18,16.0994,16.8381,16.0994,16.6298,21617587,000021
2021-05-19,16.6487,16.9991,16.5729,16.6676,17871685,000021
2021-05-20,16.6108,16.7813,16.2036,16.4119,17081580,000021
2021-05-21,16.5445,16.6392,16.1846,16.1941,12838401,000021
2021-05-24,16.0994,16.5066,16.0994,16.4498,13025172,000021
2021-05-25,16.5445,16.9612,16.3646,16.7907,19536225,000021
2021-05-26,16.7813,16.9233,16.5729,16.6392,14876368,000021
2021-05-27,16.5729,17.4347,16.5256,17.3211,31278931,000021
2021-05-28,17.198,17.4063,16.9044,17.0559,21276471,000021
2021-05-31,17.1222,17.3211,16.8097,16.9991,19725533,000021
2021-06-01,16.9991,17.179,16.715,16.8476,20848792,000021
2021-06-02,16.9517,16.9991,16.3362,16.3835,22485065,000021
2021-06-03,16.4593,16.8665,16.1941,16.4403,16782527,000021
2021-06-04,16.4214,16.7245,16.3078,16.4877,13584101,000021
2021-06-07,16.6866,17.0749,16.6866,16.9328,25388559,000021
2021-06-08,16.9423,17.1222,16.6866,17.0464,23409259,000021
2021-06-09,16.8949,17.1127,16.8381,16.9707,14863853,000021
2021-06-10,16.9802,17.6778,16.8942,17.5345,36912336,000021
2021-06-11,17.716,17.7256,17.0567,17.2956,30681205,000021
2021-06-15,17.286,17.4198,16.9898,17.114,21550728,000021
2021-06-16,17.2,17.2956,16.5311,16.5502,18242517,000021
2021-06-17,16.512,17.5345,16.5025,17.4867,35324162,000021
2021-06-18,17.4962,17.7256,17.2956,17.372,23897590,000021
2021-06-21,17.372,17.3816,17.0089,17.1713,22881009,000021
2021-06-22,17.2478,17.286,16.9038,17.0089,16875380,000021
2021-06-23,17.0376,17.8976,16.9516,17.7256,42777562,000021
2021-06-24,17.716,17.716,17.1045,17.2096,27570165,000021
2021-06-25,17.2096,17.6491,17.1236,17.3816,27031300,000021
2021-06-28,17.3911,18.4231,17.372,18.2511,56461956,000021
2021-06-29,17.888,18.0027,17.5727,17.6969,37039797,000021
2021-06-30,17.7733,18.5282,17.6778,18.2893,52539403,000021
2021-07-01,18.2416,18.6142,17.9453,17.9931,41295123,000021
2021-07-02,17.8211,18.146,17.4007,17.5153,31862529,000021
2021-07-05,17.5249,17.8785,17.3911,17.8689,25527289,000021
2021-07-06,17.8116,17.8116,17.2765,17.4389,27037742,000021
2021-07-07,17.286,17.2956,16.8656,17.2382,27023697,000021
2021-07-08,17.1713,17.6205,17.0949,17.4389,26245094,000021
2021-07-09,17.3051,17.3242,16.8369,17.0758,23727550,000021
2021-07-12,17.114,17.4962,17.0471,17.458,27382502,000021
2021-07-13,17.4198,17.5918,17.0376,17.1331,28663827,000021
2021-07-14,17.0089,17.1045,16.5598,16.5789,28185092,000021
2021-07-15,16.5885,16.6936,16.2062,16.4833,19789988,000021
2021-07-16,16.4547,16.6267,16.3687,16.4069,14320359,000021
2021-07-19,16.34,16.4165,16.1393,16.2827,14050588,000021
2021-07-20,16.1489,16.4547,16.1107,16.426,11258205,000021
2021-07-21,16.4833,16.5885,16.3209,16.4356,15909275,000021
2021-07-22,16.3782,16.5598,16.2445,16.5311,18886854,000021
2021-07-23,16.5502,16.5598,16.0533,16.082,24631404,000021
2021-07-26,16.1107,16.3305,15.8622,16.2349,16929788,000021
2021-07-27,16.3209,17.4389,16.2636,16.77,61059502,000021
2021-07-28,16.6649,16.9038,16.0533,16.5025,31628439,000021
2021-07-29,16.7031,17.2765,16.6076,17.0471,43124782,000021
2021-07-30,16.9133,17.8498,16.8178,17.6109,57674850,000021
2021-08-02,17.5822,17.9645,17.3529,17.6491,44245662,000021
2021-08-03,17.4867,17.5536,16.9611,16.9707,39264982,000021
2021-08-04,16.9516,17.2573,16.9133,17.114,25750645,000021
2021-08-05,16.9898,16.9898,16.5693,16.6458,27543160,000021
2021-08-06,16.7318,16.9993,16.5311,16.856,21140539,000021
2021-08-09,16.6171,16.8178,16.4451,16.6458,16698629,000021
2021-08-10,16.6745,16.9038,16.5407,16.7222,17644535,000021
2021-08-11,16.6267,16.7031,16.4833,16.5311,18008150,000021
2021-08-12,16.426,16.684,16.3973,16.6076,15605509,000021
2021-08-13,16.5693,16.5693,16.3209,16.34,17477332,000021
2021-08-16,16.3496,16.5025,16.2253,16.4165,11860017,000021
2021-08-17,16.4165,16.4547,16.0438,16.082,18089773,000021
2021-08-18,16.0056,16.1871,15.9578,16.1393,10402514,000021
2021-08-19,16.1011,16.3782,16.0151,16.2062,10179874,000021
2021-08-20,16.1871,16.5407,16.0533,16.5311,17303255,000021
2021-08-23,16.6171,16.6171,16.3878,16.4929,15174533,000021
2021-08-24,16.426,16.5025,16.2922,16.3687,16738150,000021
2021-08-25,16.3496,16.4833,16.3209,16.34,13025881,000021
2021-08-26,15.996,16.2158,15.8527,15.9291,27813413,000021
2021-08-27,15.996,15.996,15.4131,15.48,25510599,000021
2021-08-30,15.3845,15.7476,15.3462,15.5087,16377013,000021
2021-08-31,15.4418,15.566,15.0882,15.2411,18461501,000021
2021-09-01,15.1933,15.4705,14.9831,15.3845,18549687,000021
2021-09-02,15.3367,15.3749,15.0787,15.1838,15578321,000021
2021-09-03,15.1742,15.5947,15.1073,15.4036,16526024,000021
2021-09-06,15.4991,15.6998,15.308,15.6233,15161295,000021
2021-09-07,15.652,15.6711,15.5373,15.6329,10625610,000021
2021-09-08,15.6329,15.6616,15.5182,15.5851,11925639,000021
2021-09-09,15.5565,15.5565,15.3271,15.4036,13456462,000021
2021-09-10,15.3367,15.7093,15.3367,15.6042,17848106,000021
2021-09-13,15.5469,15.566,15.2507,15.3462,16557841,000021
2021-09-14,15.3462,15.4991,15.2411,15.2698,13398331,000021
2021-09-15,15.2411,15.2507,15.0978,15.1265,10029087,000021
2021-09-16,15.0691,15.1933,14.8111,14.8111,13456798,000021
2021-09-17,14.8111,14.8589,14.3525,14.448,16161153,000021
2021-09-22,14.3333,14.362,14.1613,14.2187,10006843,000021
2021-09-23,14.2473,14.5818,14.2473,14.448,9911161,000021
2021-09-24,14.4098,14.4671,13.9129,13.9989,15235469,000021
2021-09-27,14.0276,14.2473,13.8173,13.8938,11148613,000021
2021-09-28,13.8651,13.9798,13.8269,13.9225,7737517,000021
2021-09-29,13.8365,13.8365,13.1867,13.4351,18838165,000021
2021-09-30,13.4065,13.588,13.3587,13.4256,8432309,000021
2021-10-08,13.5976,14.4576,13.4925,14.0658,16819237,000021
2021-10-11,14.0467,14.2856,13.9511,14.2378,11551973,000021
2021-10-12,14.2569,14.2665,14.0562,14.1422,7945531,000021
2021-10-13,14.2378,14.4289,14.1231,14.3047,8421794,000021
2021-10-14,14.3429,14.3811,14.0753,14.1327,7476859,000021
2021-10-15,14.1327,14.276,13.9798,14.1231,7821196,000021
2021-10-18,14.0467,14.1136,13.7982,13.8556,9098204,000021
2021-10-19,13.8173,13.9893,13.8078,13.9033,6290399,000021
2021-10-20,13.9225,14.0945,13.8747,13.9033,5755323,000021
2021-10-21,13.9225,13.9225,13.7027,13.7313,6170755,000021
2021-10-22,13.7218,14.0658,13.7027,13.8938,8520611,000021
2021-10-25,13.8938,13.9607,13.674,13.7505,7694204,000021
2021-10-26,13.8078,14.0753,13.8078,14.0467,11695362,000021
2021-10-27,13.8938,13.9225,13.5211,13.5402,10670830,000021
2021-10-28,13.5498,13.8365,13.5498,13.6262,7165574,000021
2021-10-29,13.6262,14.2187,13.588,14.1422,16160554,000021
2021-11-01,14.0467,14.1422,13.8651,14.0753,11146495,000021
2021-11-02,14.0753,14.4767,14.0753,14.3811,20960089,000021
2021-11-03,14.3333,14.5722,14.1996,14.4193,14677860,000021
2021-11-04,14.4193,14.6391,14.3429,14.5531,13771334,000021
2021-11-05,14.5818,16.0056,14.5818,16.0056,83924105,000021
2021-11-08,15.7667,15.91,14.964,15.2793,69699993,000021
2021-11-09,15.0978,15.4991,15.05,15.3653,35248040,000021
2021-11-10,15.2125,15.3653,14.9927,15.2316,24361744,000021
2021-11-11,15.0978,15.4322,14.964,15.2125,26883765,000021
2021-11-12,15.1456,15.3367,15.0596,15.308,18916491,000021
2021-11-15,15.3176,15.5565,15.1456,15.2029,19016822,000021
2021-11-16,15.1838,15.308,14.7156,14.7347,22143056,000021
2021-11-17,14.706,14.9736,14.6869,14.8589,12457407,000021
2021-11-18,14.8493,15.1456,14.8016,14.9162,14949648,000021
2021-11-19,14.8207,15.0309,14.7538,14.9831,14347173,000021
2021-11-22,14.9258,15.2793,14.9258,15.2411,19327078,000021
2021-11-23,15.2316,15.48,15.0309,15.1456,21745185,000021
2021-11-24,15.1456,15.2125,14.9736,15.05,14003301,000021
2021-11-25,15.0213,15.3367,14.9545,15.1838,16177923,000021
2021-11-26,15.0978,15.222,14.9067,14.9162,12840602,000021
2021-11-29,14.7633,14.9736,14.6105,14.6296,12763865,000021
2021-11-30,14.7156,14.8971,14.6965,14.7633,11799945,000021
2021-12-01,14.7442,15.0596,14.706,14.9258,10912613,000021
2021-12-02,14.8493,14.964,14.706,14.7442,10463392,000021
2021-12-03,14.7442,14.9927,14.7442,14.8685,10624443,000021
2021-12-06,14.8589,15.3653,14.792,15.2411,29483341,000021
2021-12-07,15.2411,15.5278,15.1456,15.2889,22840164,000021
2021-12-08,15.2411,15.5756,15.2411,15.5278,23673187,000021
2021-12-09,15.5565,15.6616,15.3462,15.4418,23047857,000021
2021-12-10,15.3845,15.5182,15.3845,15.48,17079485,000021
2021-12-13,15.5278,15.6138,15.3176,15.4131,16718185,000021
2021-12-14,15.4131,15.4705,15.1933,15.4418,15900995,000021
2021-12-15,15.3845,15.9865,15.3653,15.7762,31867485,000021
2021-12-16,15.824,15.9865,15.6711,15.7667,16851383,000021
2021-12-17,15.7762,16.4069,15.7667,16.0629,30222695,000021
2021-12-20,16.0533,16.082,15.2889,15.3271,28556452,000021
2021-12-21,15.2793,16.0247,15.2793,15.7953,24026265,000021
2021-12-22,15.91,15.9291,15.6138,15.6329,15781214,000021
2021-12-23,15.7858,15.7953,15.48,15.5278,13891682,000021
2021-12-24,15.5373,15.6042,15.2029,15.2698,18174648,000021
2021-12-27,15.3271,15.3653,15.0787,15.1456,11934288,000021
2021-12-28,15.1456,15.4322,15.136,15.3462,10675882,000021
2021-12-29,15.308,15.308,15.0596,15.1073,9496315,000021
2021-12-30,15.0213,15.2411,15.0213,15.136,9156191,000021
2021-12-31,15.2316,15.2411,15.0882,15.136,9840915,000021
2022-01-04,15.0978,15.566,15.0882,15.4131,18009540,000021
2022-01-05,15.48,15.48,15.0787,15.1169,15464693,000021
2022-01-06,15.05,15.2316,14.9545,15.0691,10231169,000021
2022-01-07,15.0978,15.2316,14.8111,14.878,10718058,000021
2022-01-10,14.8876,14.9067,14.4576,14.7825,11836533,000021
2022-01-11,14.7251,14.8589,14.4098,14.4671,11877740,000021
2022-01-12,14.4767,14.62,14.448,14.5818,7721067,000021
2022-01-13,14.5722,14.6009,14.3429,14.3525,8748587,000021
2022-01-14,14.2665,14.448,14.2091,14.2378,7512703,000021
2022-01-17,14.2378,14.5436,14.2187,14.4767,10249061,000021
2022-01-18,14.5149,14.5722,14.4098,14.4576,8071512,000021
2022-01-19,14.4193,14.534,14.0562,14.1422,13575781,000021
2022-01-20,14.1136,14.2473,13.8747,14.1805,10378409,000021
2022-01-21,14.1231,14.2187,14.0753,14.2187,6562859,000021
2022-01-24,14.2187,14.2473,13.7218,13.8173,10540417,000021
2022-01-25,13.7887,13.8365,13.1771,13.1867,11812619,000021
2022-01-26,13.2727,13.3587,13.0816,13.1485,6456099,000021
2022-01-27,13.2918,13.3013,12.6038,12.6325,11592649,000021
2022-01-28,12.7089,12.8905,12.6229,12.6993,8325268,000021
2022-02-07,12.8522,13.0529,12.8331,12.9096,8065434,000021
2022-02-08,12.9478,13.2536,12.8809,13.1676,7445188,000021
2022-02-09,13.158,13.2822,13.1102,13.2345,6714226,000021
2022-02-10,13.2345,13.2536,13.1198,13.1962,5069030,000021
2022-02-11,13.1485,13.2153,12.9956,13.0338,6211845,000021
2022-02-14,12.9956,13.1007,12.7567,13.0242,5257386,000021
2022-02-15,12.9956,13.1198,12.9287,13.0338,5346266,000021
2022-02-16,13.1389,13.2153,13.0338,13.0816,5083786,000021
2022-02-17,13.072,13.1007,12.9382,12.9573,7027585,000021
2022-02-18,12.9096,13.0433,12.8522,13.0338,5448233,000021
2022-02-21,13.0242,13.33,12.9956,13.2631,10884274,000021
2022-02-22,13.1389,13.1676,12.9191,13.0051,8400255,000021
2022-02-23,13.0051,13.3969,12.9956,13.3109,12333613,000021
2022-02-24,13.2058,13.33,12.814,12.9956,13430164,000021
2022-02-25,13.0816,13.2822,13.072,13.0816,7834208,000021
2022-02-28,13.1293,13.1867,12.9096,13.0147,6931770,000021
2022-03-01,12.9956,13.0911,12.9287,12.9956,6247082,000021
2022-03-02,12.9287,12.9478,12.7662,12.8045,9401811,000021
2022-03-03,12.8713,12.8905,12.6038,12.6516,9344893,000021
2022-03-04,12.6038,12.7089,12.4796,12.5273,8859769,000021
2022-03-07,12.5369,12.5465,11.8298,11.954,14414352,000021
2022-03-08,11.9445,11.9922,11.5431,11.5813,11389881,000021
2022-03-09,11.6387,11.7342,10.8456,11.2851,15214526,000021
2022-03-10,11.6578,11.6865,11.1131,11.2756,14548732,000021
2022-03-11,11.0845,11.3998,10.9602,11.352,10848313,000021
2022-03-14,11.3329,11.4571,11.008,11.0176,8424870,000021
2022-03-15,11.008,11.008,10.2149,10.2531,16649910,000021
2022-03-16,10.3965,10.75,10.1098,10.6831,19738067,000021
2022-03-17,10.8551,11.0462,10.7309,10.8742,14322048,000021
2022-03-18,10.8456,11.0462,10.8073,10.9985,9110170,000021
2022-03-21,11.0367,11.2278,10.9985,11.1418,10375978,000021
2022-03-22,11.094,11.1705,10.9507,11.0749,6951334,000021
2022-03-23,11.0653,11.2182,11.0367,11.1705,7786384,000021
2022-03-24,11.0749,11.1036,10.922,10.9602,6790697,000021
2022-03-25,11.0558,11.0845,10.8073,10.8169,6168800,000021
2022-03-28,10.7309,10.9889,10.6258,10.9029,6135334,000021
2022-03-29,10.9411,10.9507,10.6067,10.6545,6653697,000021
2022-03-30,10.7691,10.9889,10.7022,10.9411,9377988,000021
2022-03-31,10.9411,10.9602,10.7978,10.836,5714351,000021
2022-04-01,10.8265,10.8551,10.6449,10.7882,5030398,000021
2022-04-06,10.7787,10.7882,10.6258,10.7118,6531074,000021
2022-04-07,10.6353,10.8169,10.4442,10.4633,8612961,000021
2022-04-08,10.4442,10.5111,10.1862,10.3296,7139284,000021
2022-04-11,10.3296,10.406,9.7658,9.804,9063732,000021
2022-04-12,9.9569,10.2818,9.8422,10.2436,9898827,000021
2022-04-13,10.1671,10.3009,10.0142,10.1671,7007917,000021
2022-04-14,10.2436,10.3009,10.0716,10.1958,6403727,000021
2022-04-15,10.1098,10.1671,9.9282,10.0525,6053362,000021
2022-04-18,10.0333,10.2531,9.9187,10.1576,7751025,000021
2022-04-19,10.1289,10.2722,10.0525,10.1193,4324003,000021
2022-04-20,10.2149,10.4347,10.148,10.2053,11041710,000021
2022-04-21,10.1385,10.3869,9.8996,9.9473,11034734,000021
2022-04-22,9.9378,9.9378,9.46,9.6607,13641326,000021
2022-04-25,9.5556,9.5651,8.7051,8.7242,16252530,000021
2022-04-26,8.7911,8.9345,8.4089,8.428,13518233,000021
2022-04-27,8.3038,8.9536,8.2847,8.944,14355136,000021
2022-04-28,8.8962,9.0109,8.6096,8.772,10676468,000021
2022-04-29,8.8771,9.3931,8.8485,9.3167,14979176,000021
2022-05-05,9.288,9.6033,9.2593,9.4027,12839908,000021
2022-05-06,9.1733,9.89,9.1351,9.5747,20708266,000021
2022-05-09,9.546,9.8518,9.4122,9.6033,13739420,000021
2022-05-10,9.4409,9.804,9.4313,9.718,16393098,000021
2022-05-11,9.7467,10.2818,9.7467,9.976,25294063,000021
2022-05-12,9.9187,10.3487,9.89,10.2053,17948089,000021
2022-05-13,10.2722,10.2913,9.9951,10.1002,13152600,000021
2022-05-16,10.1671,10.1671,9.8709,9.9282,12021629,000021
2022-05-17,9.9665,10.0716,9.8422,10.0429,11381831,000021
2022-05-18,10.0907,10.2627,10.062,10.1098,11775029,000021
2022-05-19,9.9473,10.1576,9.9187,10.148,9993863,000021
2022-05-20,10.2436,10.2722,10.1289,10.2627,11365162,000021
2022-05-23,10.2722,10.3582,10.1576,10.32,9568356,000021
2022-05-24,10.3009,10.3869,9.89,9.89,13022062,000021
2022-05-25,9.8518,10.0429,9.8518,10.0238,7899177,000021
2022-05-26,10.0238,10.3105,9.89,10.1671,11639575,000021
2022-05-27,10.32,10.3391,9.9473,10.0142,10722633,000021
2022-05-30,10.0142,10.2436,9.9473,10.2245,10692520,000021
2022-05-31,10.3009,10.7022,10.0907,10.4825,29065238,000021
2022-06-01,10.5398,10.6831,10.4251,10.6067,21942309,000021
2022-06-02,10.5589,10.664,10.4442,10.6353,15789697,000021
2022-06-06,10.6258,10.8742,10.6067,10.8169,22940706,000021
2022-06-07,10.9698,11.2851,10.6831,10.7882,26098919,000021
2022-06-08,10.7309,10.8933,10.492,10.6449,20553952,000021
2022-06-09,10.6162,10.7118,10.3009,10.3869,16848079,000021
2022-06-10,10.3009,10.6353,10.3009,10.6162,16956146,000021
2022-06-13,10.5016,10.664,10.4347,10.6067,15684705,000021
2022-06-14,10.4729,10.5493,10.1289,10.5302,15605309,000021
2022-06-15,10.5493,11.1991,10.5302,10.8551,33344376,000021
2022-06-16,10.9125,11.0653,10.8265,10.836,19764722,000021
2022-06-17,10.836,10.8747,10.5068,10.7585,18368364,000021
2022-06-20,10.836,11.02,10.7295,10.8457,16203763,000021
2022-06-21,10.8457,11.0103,10.7101,10.8554,14986013,000021
2022-06-22,10.7973,10.8554,10.5455,10.5649,13548702,000021
2022-06-23,10.5552,10.8941,10.5358,10.8941,15687829,000021
2022-06-24,10.9232,11.2524,10.8941,11.1265,24455446,000021
2022-06-27,11.1265,11.3202,10.9909,11.0878,19026098,000021
2022-06-28,11.0878,11.5332,10.9813,11.5332,27453513,000021
2022-06-29,11.4461,11.8915,11.2911,11.3105,31391336,000021
2022-06-30,11.3105,11.4073,11.1168,11.2718,20887597,000021
2022-07-01,11.2621,11.2911,11.0103,11.0684,14950555,000021
2022-07-04,11.02,11.02,10.807,10.9425,15684989,000021
2022-07-05,10.9619,11.049,10.6908,10.8166,15433298,000021
2022-07-06,10.8263,10.9425,10.6714,10.7682,11945869,000021
2022-07-07,10.7682,10.8941,10.6908,10.7973,9836826,000021
2022-07-08,10.836,11.0006,10.7585,10.807,14102213,000021
2022-07-11,10.807,10.807,10.4874,10.5358,12560513,000021
2022-07-12,10.5649,10.5745,10.3615,10.3615,11376386,000021
2022-07-13,10.4196,10.468,10.3228,10.4099,8146083,000021
2022-07-14,10.4196,10.4874,10.3131,10.3809,8064647,000021
2022-07-15,10.5261,11.417,10.4874,11.2911,68518936,000021
2022-07-18,11.233,11.3783,11.0975,11.1846,43507333,000021
2022-07-19,11.233,11.7947,11.1653,11.7463,43614127,000021
2022-07-20,11.7269,12.0271,11.6398,11.7753,41431392,000021
2022-07-21,11.7753,12.1239,11.6979,11.8528,34760427,000021
2022-07-22,11.8334,11.998,11.5623,11.6301,30728792,000021
2022-07-25,11.6494,11.6688,11.2621,11.3589,19411658,000021
2022-07-26,11.3686,11.4364,11.3008,11.388,14209459,000021
2022-07-27,11.3492,11.4073,11.233,11.2815,15918870,000021
2022-07-28,11.3783,11.8044,11.3492,11.6204,26293492,000021
2022-07-29,11.6107,11.6591,11.3686,11.3783,15142712,000021
2022-08-01,11.3686,11.7656,11.2234,11.7269,22097068,000021
2022-08-02,11.601,11.601,11.0297,11.233,30306354,000021
2022-08-03,11.3299,11.7463,11.3299,11.4751,32953104,000021
2022-08-04,11.572,11.9109,11.4848,11.8044,33342589,000021
2022-08-05,11.8044,12.4919,11.6979,12.4435,61512145,000021
2022-08-08,12.2982,12.3951,12.0465,12.3273,39555979,000021
2022-08-09,12.2498,12.3563,12.0077,12.3467,35194488,000021
2022-08-10,12.3563,12.8793,12.2305,12.5887,50704690,000021
2022-08-11,12.5403,12.8502,12.4532,12.7534,46475921,000021
2022-08-12,12.5984,13.9348,12.5403,13.1988,82775064,000021
2022-08-15,13.0826,13.5862,12.8889,13.4215,57917229,000021
2022-08-16,13.2472,13.5087,13.131,13.2569,36132205,000021
2022-08-17,13.1795,13.2763,12.8599,12.9761,33832494,000021
2022-08-18,12.8889,13.3441,12.8793,13.286,35656773,000021
2022-08-19,13.315,13.4409,12.9374,12.9374,26081856,000021
2022-08-22,12.734,13.0342,12.5403,12.8308,19907340,000021
2022-08-23,12.8212,13.1117,12.6953,13.0342,18598518,000021
2022-08-24,12.9761,13.0148,12.3273,12.3563,28187054,000021
2022-08-25,12.4919,12.521,12.1724,12.4919,18771966,000021
2022-08-26,12.4725,12.5694,11.8334,12.0561,22814162,000021
2022-08-29,11.8141,12.0852,11.7172,11.9303,13624578,000021
2022-08-30,11.9303,12.2692,11.9206,12.0755,16038418,000021
2022-08-31,12.0077,12.153,11.7366,11.8044,13327047,000021
2022-09-01,11.8625,11.969,11.6688,11.756,11041745,000021
2022-09-02,11.8625,12.0271,11.7656,11.998,14760805,000021
2022-09-05,11.9399,12.0368,11.7463,11.9399,11555863,000021
2022-09-06,11.9787,11.9884,11.7656,11.9496,16071641,000021
2022-09-07,11.9109,12.1627,11.8625,12.0174,16359443,000021
2022-09-08,12.0271,12.0658,11.756,11.7656,11385682,000021
2022-09-09,11.7656,11.8818,11.7172,11.8334,8336057,000021
2022-09-13,11.8237,11.9884,11.7753,11.8141,8167626,000021
2022-09-14,11.5235,11.5623,11.2621,11.3202,16698333,000021
2022-09-15,11.4267,11.4461,10.9425,11.1072,12977648,000021
2022-09-16,11.0587,11.233,10.8941,10.9038,9110685,000021
2022-09-19,10.8747,10.9425,10.6811,10.7585,7215885,000021
2022-09-20,10.8941,10.9425,10.7682,10.8263,6001682,000021
2022-09-21,10.7682,10.9328,10.6036,10.8747,6754609,000021
2022-09-22,10.7585,10.9425,10.7295,10.7973,6285774,000021
2022-09-23,10.7682,10.8263,10.439,10.5261,9790353,000021
2022-09-26,10.5261,10.5842,10.3421,10.3615,6619995,000021
2022-09-27,10.3228,10.6423,10.3131,10.623,7571277,000021
2022-09-28,10.6133,10.6133,10.2744,10.2744,8364889,000021
2022-09-29,10.3906,10.4487,10.2163,10.2744,5858067,000021
2022-09-30,10.2744,10.3712,10.1582,10.1678,6045677,000021
2022-10-10,10.1872,10.2647,9.8289,9.858,7447185,000021
2022-10-11,9.858,10.0129,9.8483,9.9742,6163551,000021
2022-10-12,9.9838,10.5455,9.9742,10.4777,11990515,000021
2022-10-13,10.4196,10.7295,10.4099,10.6036,11629881,000021
2022-10-14,10.6714,10.8263,10.5939,10.7973,10781112,000021
2022-10-17,10.7489,11.0975,10.7198,11.049,11135055,000021
2022-10-18,11.1362,11.1362,10.8457,10.9813,9644459,000021
2022-10-19,10.9909,11.0684,10.8457,10.8651,8398993,000021
2022-10-20,10.8651,11.2815,10.6714,11.0781,19531442,000021
2022-10-21,11.049,11.0878,10.8554,10.9038,9930527,000021
2022-10-24,10.9619,11.204,10.7973,10.9038,13011000,000021
2022-10-25,10.7973,10.9619,10.6908,10.7489,9642644,000021
2022-10-26,10.7585,11.2524,10.7489,11.233,17011509,000021
2022-10-27,11.0975,11.388,11.0781,11.2137,14884459,000021
2022-10-28,11.0878,11.2137,10.7198,10.7489,14622949,000021
2022-10-31,10.8457,11.233,10.7779,11.0781,14920883,000021
2022-11-01,11.0878,11.3299,11.0103,11.3299,15740886,000021
2022-11-02,11.2815,11.5332,11.233,11.3105,18150444,000021
2022-11-03,11.204,11.3492,11.0587,11.2621,14141973,000021
2022-11-04,11.3299,11.4945,11.233,11.4364,15800519,000021
2022-11-07,11.4364,11.5042,11.2718,11.3202,11982472,000021
2022-11-08,11.3589,11.3589,11.1653,11.2911,8562076,000021
2022-11-09,11.2718,11.3008,11.1653,11.2137,7033250,000021
2022-11-10,11.1072,11.2234,10.9909,11.02,9845346,000021
2022-11-11,11.2621,11.2911,11.0587,11.0684,11814372,000021
2022-11-14,11.02,11.5332,10.9619,11.2815,20979738,000021
2022-11-15,11.2524,11.6785,11.1943,11.6688,28740168,000021
2022-11-16,11.6494,11.6494,11.3977,11.4848,17591716,000021
2022-11-17,11.4267,11.8818,11.3008,11.8431,27935805,000021
2022-11-18,11.7753,12.3951,11.7656,11.9399,44728047,000021
2022-11-21,11.8915,12.0271,11.6398,11.8141,18244714,000021
2022-11-22,11.7366,11.9496,11.5816,11.6591,18184956,000021
2022-11-23,11.6688,11.8818,11.5913,11.6882,14812821,000021
2022-11-24,11.756,11.7947,11.4267,11.4654,14589068,000021
2022-11-25,11.4364,11.5139,11.2815,11.3008,9788150,000021
2022-11-28,11.2137,11.2137,11.0006,11.1265,8944416,000021
2022-11-29,11.1072,11.3686,11.1072,11.3105,10007658,000021
2022-11-30,11.3202,11.4073,11.2815,11.3299,7113129,000021
2022-12-01,11.5139,11.5235,11.3202,11.4267,9684029,000021
2022-12-02,11.4267,11.4751,11.3202,11.3492,8640098,000021
2022-12-05,11.4364,11.6882,11.4364,11.6204,17555346,000021
2022-12-06,11.572,11.8141,11.5042,11.5429,17944461,000021
2022-12-07,11.4751,11.5429,11.3008,11.3299,15700768,000021
2022-12-08,11.3299,11.3396,11.1168,11.1556,16160117,000021
2022-12-09,11.1556,11.204,10.8747,10.9328,23266092,000021
2022-12-12,10.9425,11.2621,10.9135,11.1943,20314549,000021
2022-12-13,11.1265,11.1943,10.9038,10.9425,13410800,000021
2022-12-14,11.1943,11.233,10.9328,10.9619,13001034,000021
2022-12-15,10.8651,11.2718,10.807,11.0781,15669102,000021
2022-12-16,10.9522,11.0684,10.8457,10.8747,9435150,000021
2022-12-19,10.8263,10.9038,10.468,10.5649,11317332,000021
2022-12-20,10.5552,10.652,10.4487,10.5745,5668439,000021
2022-12-21,10.468,10.5649,10.284,10.3615,7159990,000021
2022-12-22,10.3809,10.468,10.2066,10.2259,7095326,000021
2022-12-23,10.2453,10.3131,10.1582,10.2356,5074501,000021
2022-12-26,10.2744,10.5455,10.255,10.4583,6690783,000021
2022-12-27,10.4583,10.5455,10.3906,10.5261,5434204,000021
2022-12-28,10.4971,10.4971,10.3325,10.3615,5121125,000021
2022-12-29,10.3228,10.439,10.2937,10.3131,4340403,000021
2022-12-30,10.4099,10.4777,10.3518,10.3518,5285483,000021
2023-01-03,10.3325,10.6617,10.3034,10.6423,9479836,000021
2023-01-04,10.6423,10.9716,10.6423,10.8651,14240261,000021
2023-01-05,10.8747,10.9619,10.7682,10.9038,7123890,000021
2023-01-06,10.9038,10.9909,10.8457,10.8941,7642743,000021
2023-01-09,10.9909,11.0103,10.8747,10.8941,7167266,000021
2023-01-10,10.9038,11.0103,10.8844,10.9425,6397002,000021
2023-01-11,10.9328,11.0587,10.807,10.8263,9531356,000021
2023-01-12,10.7876,10.9328,10.7682,10.8651,5531000,000021
2023-01-13,10.8941,10.9425,10.8651,10.9328,5165200,000021
2023-01-16,10.7295,10.9619,10.5939,10.8651,16179176,000021
2023-01-17,10.9232,11.02,10.8554,10.9813,8412793,000021
2023-01-18,10.9813,11.0684,10.9716,11.049,6843426,000021
2023-01-19,11.0006,11.2137,10.9522,11.204,9400172,000021
2023-01-20,11.2621,11.3299,11.1653,11.2718,9665249,000021
2023-01-30,11.388,11.4848,11.3105,11.3396,14464350,000021
2023-01-31,11.3589,11.388,11.2137,11.2524,8439926,000021
2023-02-01,11.2815,11.5429,11.2718,11.5042,12924020,000021
2023-02-02,11.5332,11.969,11.5235,11.7269,28087990,000021
2023-02-03,11.7172,11.8431,11.5429,11.8044,18191994,000021
2023-02-06,11.7366,11.9303,11.6398,11.7172,13466841,000021
2023-02-07,11.7172,11.8237,11.6785,11.7656,10283962,000021
2023-02-08,11.7753,11.8625,11.5817,11.601,11681000,000021
2023-02-09,11.601,12.2305,11.5526,12.1143,32576530,000021
2023-02-10,12.0561,12.4241,12.0174,12.4048,36025671,000021
2023-02-13,12.3467,12.5694,12.2789,12.337,28091801,000021
2023-02-14,12.3079,12.6372,12.2014,12.3273,22360606,000021
2023-02-15,12.3273,12.5113,12.2014,12.4822,20718475,000021
2023-02-16,12.4435,12.521,11.9109,12.0949,29376990,000021
2023-02-17,12.1627,12.1724,11.7947,11.8237,20636683,000021
2023-02-20,11.8141,12.1143,11.7656,12.0949,14792689,000021
2023-02-21,12.0271,12.2014,11.9593,12.0949,13379494,000021
2023-02-22,12.0561,12.182,11.8818,12.0755,12641591,000021
2023-02-23,12.0949,12.1336,11.8625,11.969,10623850,000021
2023-02-24,12.0077,12.1239,11.9496,12.0561,9856854,000021
2023-02-27,11.969,12.1336,11.8334,11.8818,10418361,000021
2023-02-28,12.0271,12.2692,11.9109,12.1046,17139222,000021
2023-03-01,12.0658,12.6565,12.0465,12.5016,41289218,000021
2023-03-02,12.4822,12.6856,12.4435,12.4822,21998518,000021
2023-03-03,12.5984,12.8405,12.4048,12.5791,26618912,000021
2023-03-06,12.5887,12.8502,12.521,12.7727,32266445,000021
2023-03-07,12.7727,12.7727,12.1336,12.153,34144808,000021
2023-03-08,12.1433,12.4725,12.1143,12.4338,16964634,000021
2023-03-09,12.4822,12.5597,12.337,12.4338,13269513,000021
2023-03-10,12.337,12.6178,12.2886,12.3757,18991551,000021
2023-03-13,12.3757,12.6469,12.2111,12.6372,28208160,000021
2023-03-14,12.5887,12.5887,12.2111,12.4629,23554562,000021
2023-03-15,12.5016,12.6081,12.4241,12.5694,19982468,000021
2023-03-16,12.5016,12.6759,12.2692,12.3273,21971162,000021
2023-03-17,12.4822,12.7437,12.4435,12.6662,35795681,000021
2023-03-20,12.6856,12.8696,12.5306,12.5597,32451408,000021
2023-03-21,12.5016,12.8599,12.4919,12.8599,31489597,000021
2023-03-22,12.8502,13.1214,12.6953,13.0536,37233853,000021
2023-03-23,13.0051,13.9057,12.9567,13.7411,70811879,000021
2023-03-24,13.6152,15.1162,13.5668,14.8547,171575227,000021
2023-03-27,14.7676,15.1646,14.1188,14.3802,103767792,000021
2023-03-28,14.2253,14.2543,13.6636,13.6927,61394185,000021
2023-03-29,13.8283,14.0897,13.3828,13.7702,64116608,000021
2023-03-30,13.7605,15.1452,13.7605,15.1452,134820780,000021
2023-03-31,15.7844,16.3654,15.1452,16.1911,175931465,000021
2023-04-03,17.8082,17.8082,17.5855,17.8082,76859200,000021
2023-04-04,18.6798,19.164,17.7598,18.2246,268893515,000021
2023-04-06,18.215,20.0452,18.215,20.0452,289132460,000021
2023-04-07,19.0671,20.0258,18.5926,19.7837,202021776,000021
2023-04-10,20.3841,20.8102,19.0768,20.0064,208532783,000021
2023-04-11,19.6578,21.5364,19.3673,19.8031,254780584,000021
2023-04-12,18.7863,19.5416,18.3215,19.1833,173354809,000021
2023-04-13,18.8928,19.4641,18.2343,18.3989,141672167,000021
2023-04-14,18.3989,19.0284,17.1013,18.7863,188530160,000021
2023-04-17,18.7669,19.7256,18.5345,19.5029,173597147,000021
2023-04-18,19.0865,19.4641,18.2343,19.1736,114379827,000021
2023-04-19,19.3576,19.6481,18.641,18.7572,140657617,000021
2023-04-20,18.8541,20.6359,18.7476,20.4228,212653705,000021
2023-04-21,20.3841,21.2944,19.561,19.7547,163003727,000021
2023-04-24,19.5222,20.2098,19.0574,19.2898,104508472,000021
2023-04-25,19.3673,19.6385,18.2827,18.3505,101642648,000021
2023-04-26,17.6243,17.9632,16.5203,16.5203,138938230,000021
2023-04-27,16.0361,17.7017,15.9974,16.9077,119341260,000021
2023-04-28,16.6171,17.5565,16.6171,17.2466,72430052,000021
2023-05-04,17.0529,17.3725,16.2395,16.2685,86171557,000021
2023-05-05,16.3944,16.8592,15.9587,16.0749,58545119,000021
2023-05-08,16.0361,16.5687,15.7263,16.1814,50467190,000021
2023-05-09,16.0942,16.7818,15.9877,16.2104,76244658,000021
2023-05-10,15.9102,16.317,15.4648,15.7263,62212556,000021
2023-05-11,16.317,17.295,16.2201,17.295,110748641,000021
2023-05-12,17.7308,17.9148,16.8302,16.8592,128728163,000021
2023-05-15,16.5203,17.2079,16.2492,16.7334,87159160,000021
2023-05-16,17.1401,18.4086,16.927,18.4086,115446757,000021
2023-05-17,18.5926,19.8805,18.5926,19.0381,189090233,000021
2023-05-18,18.6217,19.3189,18.5829,18.825,126027441,000021
2023-05-19,19.0865,20.0452,18.9219,19.2511,144942516,000021
2023-05-22,20.1226,20.5584,18.8831,19.5029,150389117,000021
2023-05-23,18.8057,19.0284,17.7211,17.8179,131529485,000021
2023-05-24,17.7598,18.2924,17.2175,17.7211,95675624,000021
2023-05-25,17.9632,18.7863,17.8857,18.5539,108967775,000021
2023-05-26,18.06,20.4131,17.9438,20.0452,197882186,000021
2023-05-29,20.4422,20.4519,19.2705,19.4157,134986600,000021
2023-05-30,19.1543,20.5584,18.9993,20.5584,150933337,000021
2023-05-31,20.3357,22.592,19.8031,22.1659,192629986,000021
2023-06-01,21.304,22.776,21.1685,21.5074,155083696,000021
2023-06-02,21.5171,21.7398,20.9457,21.2266,93972235,000021
2023-06-05,20.9167,21.4783,20.6746,20.7424,80071396,000021
2023-06-06,20.4422,21.1104,20.142,20.5293,89685385,000021
2023-06-07,20.6262,20.9748,20.0839,20.878,85269555,000021
2023-06-08,20.5778,20.5778,19.4254,19.8224,87683215,000021
2023-06-09,19.9677,21.7204,19.5803,21.1975,129734813,000021
2023-06-12,20.9361,21.1685,20.355,20.539,87514908,000021
2023-06-13,20.4325,21.6914,20.3357,21.275,124024979,000021
2023-06-14,20.9457,22.0787,20.6649,21.4977,116166654,000021
2023-06-15,21.3621,21.6236,20.6068,20.6843,90640160,000021
2023-06-16,20.4422,21.091,20.1614,20.9167,86021326,000021
2023-06-19,20.3357,21.6236,19.8999,21.2847,128999280,000021
2023-06-20,21.0135,21.1685,20.2873,20.5487,98665032,000021
2023-06-21,20.355,20.3744,18.6895,18.7282,112921296,000021
2023-06-26,18.3989,18.5926,17.1401,17.3047,91307363,000021
2023-06-27,17.508,18.2827,17.4984,17.9632,73944766,000021
2023-06-28,18.0019,18.5248,17.1594,18.1569,90064493,000021
2023-06-29,18.9219,19.7159,18.8831,19.3189,118659133,000021
2023-06-30,19.1349,19.4641,18.8928,19.3576,70161317,000021
2023-07-03,19.4351,19.4835,18.2827,18.9315,80071107,000021
2023-07-04,18.8638,19.4254,18.5248,19.2608,64003706,000021
2023-07-05,19.1058,19.7837,18.9509,19.1736,71289430,000021
2023-07-06,19.1252,20.0258,19.0574,19.8031,95651120,000021
2023-07-07,19.4448,19.7547,18.8831,19.0865,64312572,000021
2023-07-10,18.9896,19.2221,18.5539,18.6701,37356712,000021
2023-07-11,18.7476,20.4131,18.7379,20.2292,114300233,000021
2023-07-12,20.2195,20.5778,19.59,19.7837,78614688,000021
2023-07-13,20.0936,21.4687,19.7547,21.304,135592527,000021
2023-07-14,21.4106,21.6333,21.1104,21.1975,102617121,000021
2023-07-17,21.0232,21.3815,20.8005,21.1975,69765059,000021
2023-07-18,21.1491,21.9625,20.6746,20.6746,102553595,000021
2023-07-19,20.4906,20.9748,20.2388,20.4906,57732044,000021
2023-07-20,20.326,20.3454,19.0768,19.1736,75433227,000021
2023-07-21,19.1058,19.4738,18.7669,18.8831,43077178,000021
2023-07-24,18.7766,19.3576,18.7766,18.8831,41550946,000021
2023-07-25,19.1736,19.2802,18.457,19.0671,56983374,000021
2023-07-26,19.0281,19.0281,18.2288,18.8917,43162843,000021
2023-07-27,18.8624,19.418,18.6479,19.0866,46398689,000021
2023-07-28,19.2816,19.652,19.1061,19.2816,51693935,000021
2023-07-31,18.8137,19.3498,18.2775,18.9696,48866252,000021
2023-08-01,18.9404,19.457,18.5797,19.1938,48698855,000021
2023-08-02,18.8527,18.9794,18.3263,18.4335,61000266,000021
2023-08-03,18.2385,18.5115,17.9461,18.0923,35877647,000021
2023-08-04,17.9461,18.375,17.9168,18.2385,43424713,000021
2023-08-07,18.1703,18.4822,18.1313,18.3458,29182933,000021
2023-08-08,18.4237,18.5212,18.1898,18.3263,23918510,000021
2023-08-09,18.1508,18.2385,17.5367,17.5562,41343857,000021
2023-08-10,17.4782,17.8194,17.4002,17.6049,20806755,000021
2023-08-11,17.6244,17.6926,17.0785,17.137,29901709,000021
2023-08-14,16.7666,17.1468,16.6204,17.1175,23190536,000021
2023-08-15,17.2832,17.4294,16.8153,16.9031,24283813,000021
2023-08-16,16.8446,16.9128,16.4254,16.4449,30733533,000021
2023-08-17,16.3182,16.6399,16.1915,16.4839,25396950,000021
2023-08-18,16.4546,17.0395,16.3084,16.3084,33996922,000021
2023-08-21,16.2597,16.5229,16.172,16.1915,20501235,000021
2023-08-22,16.3182,16.5034,15.9478,16.4839,29058144,000021
2023-08-23,16.3767,16.3767,15.9185,15.938,22467226,000021
2023-08-24,16.1525,16.9615,15.9575,16.5814,46225421,000021
2023-08-25,16.2792,16.2792,15.6358,15.743,37160196,000021
2023-08-28,16.6301,16.7666,15.8113,15.8795,35114579,000021
2023-08-29,15.8893,16.7373,15.7333,16.6983,49629523,000021
2023-08-30,16.9031,17.8194,16.9031,17.4684,72096094,000021
2023-08-31,17.254,17.7609,17.2247,17.41,44987373,000021
2023-09-01,17.7219,17.9656,17.4489,17.5074,42018593,000021
2023-09-04,17.5269,18.0046,17.4489,18.0046,44222932,000021
2023-09-05,17.8974,18.4042,17.7901,17.9461,52455064,000021
2023-09-06,17.9363,18.219,17.8389,18.1411,37088994,000021
2023-09-07,17.9851,18.3458,17.7511,17.7706,49578279,000021
2023-09-08,17.5464,17.9558,17.5269,17.7999,26387724,000021
2023-09-11,17.8876,18.18,17.5464,17.9363,27632564,000021
2023-09-12,18.0143,18.2483,17.8876,17.9266,21959745,000021
2023-09-13,17.9266,18.1313,17.4587,17.6731,27123092,000021
2023-09-14,17.6439,17.7121,17.3222,17.4684,20409665,000021
2023-09-15,17.5269,17.7804,17.254,17.4489,23686694,000021
2023-09-18,17.1565,17.4294,17.0493,17.1663,19614756,000021
2023-09-19,17.176,17.4002,16.8056,17.215,25168014,000021
2023-09-20,17.02,17.7121,17.0103,17.0883,30183933,000021
2023-09-21,16.942,17.2832,16.8641,17.0883,21110530,000021
2023-09-22,17.0103,17.5074,17.0103,17.4977,32471658,000021
2023-09-25,17.4684,17.5269,16.7763,16.8446,36321239,000021
2023-09-26,16.8153,17.059,16.6983,16.8446,22773050,000021
2023-09-27,16.7471,16.8543,16.4839,16.5131,28736473,000021
2023-09-28,16.6301,17.0005,16.5911,16.7763,24373908,000021
2023-10-09,16.7763,17.5952,16.7763,17.3222,38754313,000021
2023-10-10,17.2637,17.5952,17.176,17.4392,33695140,000021
2023-10-11,17.5464,17.7219,17.2735,17.4294,27567982,000021
2023-10-12,17.5269,17.5464,17.2052,17.2832,24167242,000021
2023-10-13,17.2247,18.1898,17.1175,17.7609,57221346,000021
2023-10-16,17.6342,17.7414,16.7861,16.9226,36120739,000021
2023-10-17,16.9323,17.0298,16.4936,16.7666,19964041,000021
2023-10-18,16.6106,16.7178,16.1817,16.2889,18343744,000021
2023-10-19,16.1915,16.7373,16.1817,16.2402,20448252,000021
2023-10-20,16.1525,16.3669,15.6358,15.6748,20340208,000021
2023-10-23,15.6456,15.6456,14.895,14.9924,22444081,000021
2023-10-24,15.0899,15.7723,15.0607,15.5676,24183368,000021
2023-10-25,15.6358,15.6943,15.3044,15.3336,21615478,000021
2023-10-26,15.1582,15.2361,14.817,15.0607,29034100,000021
2023-10-27,15.0704,15.2069,14.5245,14.8072,44730742,000021
2023-10-30,14.778,15.2654,14.4271,15.2264,51907911,000021
2023-10-31,16.7471,16.7471,16.7471,16.7471,20222733,000021
2023-11-01,17.0103,17.2345,16.2304,16.3474,118071797,000021
2023-11-02,16.2109,16.3767,15.5383,15.7041,74799910,000021
2023-11-03,15.5091,16.4254,15.4701,16.3377,73804288,000021
2023-11-06,16.3962,16.8933,16.2012,16.7861,75071137,000021
2023-11-07,16.5814,17.3905,16.5326,17.254,71795763,000021
2023-11-08,17.1565,17.3905,16.9713,17.0493,52486938,000021
2023-11-09,16.981,17.2637,16.7276,16.8543,34197870,000021
2023-11-10,16.7958,17.5269,16.7276,17.0298,49338626,000021
2023-11-13,17.1663,17.332,16.9908,17.1175,39203374,000021
2023-11-14,17.059,17.7414,17.0395,17.3125,53180800,000021
2023-11-15,17.6537,18.1313,17.371,17.5854,75366832,000021
2023-11-16,17.2052,17.5269,17.0688,17.0688,41350273,000021
2023-11-17,16.9615,17.4977,16.942,17.4294,41760209,000021
2023-11-20,17.8194,18.1021,17.4294,17.7316,74792965,000021
2023-11-21,17.5464,17.6244,16.8836,16.9518,60312982,000021
2023-11-22,16.8446,17.176,16.6886,16.7471,37534663,000021
2023-11-23,16.6691,16.7666,16.3182,16.7471,31162766,000021
2023-11-24,16.6886,16.6886,16.0842,16.133,30449725,000021
2023-11-27,15.9867,16.4059,15.9867,16.2987,24792075,000021
2023-11-28,16.2792,16.4839,16.1915,16.3474,21565261,000021
2023-11-29,17.059,17.9851,17.0298,17.137,111623477,000021
2023-11-30,16.9518,17.0298,16.3279,16.6691,58355921,000021
2023-12-01,16.5716,16.7276,16.1427,16.6204,41429079,000021
2023-12-04,16.5619,17.3515,16.3767,17.098,56584815,000021
2023-12-05,16.9226,16.9323,16.2792,16.2889,38890028,000021
2023-12-06,16.2207,16.3474,15.9965,16.2304,27548634,000021
2023-12-07,16.1817,16.4059,16.0842,16.3084,22362933,000021
2023-12-08,16.2694,16.9908,16.2402,16.6886,49939113,000021
2023-12-11,16.5521,16.8446,16.2987,16.7666,36551593,000021
2023-12-12,16.7276,17.0298,16.5326,16.7276,32875242,000021
2023-12-13,16.6691,16.6691,16.4449,16.4741,21292345,000021
2023-12-14,16.6399,16.7081,16.2304,16.2889,24505631,000021
2023-12-15,16.3279,16.5034,16.1427,16.3377,21762239,000021
2023-12-18,16.1817,16.2304,15.5188,15.6651,35411881,000021
2023-12-19,15.5481,15.86,15.5188,15.7138,20578803,000021
2023-12-20,15.8015,15.8113,15.4506,15.4798,17035488,000021
2023-12-21,15.4603,15.7528,15.3726,15.5968,20338625,000021
2023-12-22,15.6943,15.743,15.1679,15.2751,23253006,000021
2023-12-25,15.1972,15.4896,15.1387,15.4311,13835066,000021
2023-12-26,15.4409,15.4409,14.8462,14.9145,18716005,000021
2023-12-27,14.9145,15.3531,14.9145,15.3239,20238618,000021
2023-12-28,15.2654,15.6261,15.1582,15.5188,24012802,000021
2023-12-29,15.5188,15.8113,15.4603,15.8015,22903798,000021
2024-01-02,15.7528,15.7625,15.3141,15.4116,21544498,000021
2024-01-03,15.3044,15.3141,14.9632,15.1387,20487106,000021
2024-01-04,15.1387,15.1387,14.8267,14.8852,14877593,000021
2024-01-05,14.8462,14.9047,14.4076,14.4855,19527907,000021
2024-01-08,14.4076,14.4076,13.8422,13.8519,24909180,000021
2024-01-09,13.8909,14.0176,13.657,13.7544,25144859,000021
2024-01-10,13.696,13.9884,13.423,13.7739,24291742,000021
2024-01-11,13.7544,13.9884,13.696,13.9007,22297079,000021
2024-01-12,13.8909,13.8909,13.4523,13.4913,23832863,000021
2024-01-15,13.4133,13.7155,13.3158,13.5107,20013139,000021
2024-01-16,13.0623,13.2183,12.5847,12.8771,52221766,000021
2024-01-17,12.8966,13.0623,12.5944,12.5944,28464029,000021
2024-01-18,12.5847,12.6724,12.2143,12.6139,25261204,000021
2024-01-19,12.7017,12.8576,12.5554,12.5652,19386099,000021
2024-01-22,12.5749,12.6042,11.7951,11.8926,24990621,000021
2024-01-23,11.9511,12.3215,11.7756,12.2045,25971827,000021
2024-01-24,12.2435,12.419,11.8048,12.3117,23688701,000021
2024-01-25,12.3312,13.0331,12.1948,13.0136,38582555,000021
2024-01-26,12.9259,13.0916,12.8284,12.8674,24857898,000021
2024-01-29,12.8576,12.9844,12.419,12.497,21912184,000021
2024-01-30,12.497,12.7212,12.185,12.2338,21002245,000021
2024-01-31,12.1168,12.3117,11.5611,11.5806,25976305,000021
2024-02-01,11.5027,11.9218,11.3467,11.5709,23381005,000021
2024-02-02,11.6001,11.8048,10.6448,11.0153,25883312,000021
2024-02-05,10.8885,10.9665,9.9235,10.2062,38400202,000021
2024-02-06,10.021,11.2005,10.021,11.1127,40774496,000021
2024-02-07,11.1517,11.8926,11.064,11.7366,44874978,000021
2024-02-08,11.9413,12.5944,11.8926,12.1948,48200707,000021
2024-02-19,12.6919,12.7601,12.341,12.6139,39627385,000021
2024-02-20,12.4677,12.9551,12.2338,12.8479,40848351,000021
2024-02-21,12.6042,13.0428,12.4872,12.6919,44896426,000021
2024-02-22,12.6822,13.2281,12.6334,13.1696,47051617,000021
2024-02-23,13.3353,13.7544,13.2573,13.5205,54169506,000021
2024-02-26,13.4523,13.7252,13.3255,13.423,48820596,000021
2024-02-27,13.3353,14.1346,13.2963,14.1151,54723680,000021
2024-02-28,14.0956,14.2126,13.0818,13.1208,59334587,000021
2024-02-29,13.0428,14.0079,13.0428,13.9202,57621257,000021
2024-03-01,13.8617,14.5733,13.8519,14.5635,67964989,000021
2024-03-04,14.7195,15.0607,14.3003,14.7585,77263218,000021
2024-03-05,14.4271,14.6708,14.2224,14.3101,61182186,000021
2024-03-06,14.1346,14.6415,14.0761,14.4076,47713919,000021
2024-03-07,14.6513,14.7195,14.0859,14.0859,44992333,000021
2024-03-08,14.0859,14.6123,13.9884,14.5733,51558988,000021
2024-03-11,14.3393,14.9145,14.2418,14.7585,53541636,000021
2024-03-12,14.7195,15.0899,14.5245,14.7098,52114543,000021
2024-03-13,14.9242,15.0412,14.6415,14.7682,54528420,000021
2024-03-14,14.6318,14.739,14.2613,14.4563,39022060,000021
2024-03-15,14.4661,14.6513,14.2418,14.6123,35709492,000021
2024-03-18,14.6415,14.7975,14.5343,14.7877,40282194,000021
2024-03-19,14.7292,14.8072,14.544,14.5538,34885216,000021
2024-03-20,14.5245,14.9145,14.4855,14.7,33180166,000021
2024-03-21,14.9924,15.2849,14.7098,14.7585,57469121,000021
2024-03-22,14.7,15.2459,14.4563,14.544,49123228,000021
2024-03-25,14.505,14.5733,13.8909,13.9104,44372350,000021
2024-03-26,13.8812,14.3588,13.8032,13.9104,36759281,000021
2024-03-27,13.8422,13.8714,13.0136,13.0526,35509549,000021
2024-03-28,12.9454,13.579,12.9259,13.384,33693063,000021
2024-03-29,13.3255,13.4035,13.0428,13.4328,14108870,000021
2024-04-01,13.4425,13.7642,13.4425,13.6765,25589980,000021
2024-04-02,13.7447,13.7934,13.1598,13.267,38644815,000021
2024-04-03,13.2378,13.2573,12.8576,13.0623,26738999,000021
2024-04-08,12.9551,13.1306,12.7991,12.8284,23132164,000021
2024-04-09,12.8186,12.9259,12.6724,12.9259,20480996,000021
2024-04-10,12.8674,12.8869,12.4385,12.5749,24029574,000021
2024-04-11,12.7699,13.4133,12.7212,13.0916,60288761,000021
2024-04-12,13.1403,13.4035,13.0916,13.1208,39182668,000021
2024-04-15,13.0233,13.345,12.8479,13.1403,40147339,000021
2024-04-16,12.9551,13.1013,12.3605,12.38,36324986,000021
2024-04-17,12.5847,13.3255,12.5749,13.3255,43355372,000021
2024-04-18,13.1696,13.3158,13.0233,13.1111,33898641,000021
2024-04-19,12.9941,13.0818,12.6334,12.7309,29420065,000021
2024-04-22,12.4092,12.7309,12.2143,12.6139,25516475,000021
2024-04-23,12.6919,12.8381,12.5554,12.6334,21025515,000021
2024-04-24,12.7309,13.1793,12.6822,13.1696,33240458,000021
2024-04-25,13.0721,13.3938,13.0136,13.1403,24275160,000021
2024-04-26,13.0818,13.501,13.0818,13.4718,35645710,000021
2024-04-29,13.54,13.8129,13.4523,13.7544,36089887,000021
2024-04-30,13.6862,13.7252,13.3743,13.5107,33536611,000021
2024-05-06,13.735,13.8617,13.5887,13.6862,33372079,000021
2024-05-07,13.6375,13.7934,13.5205,13.6082,26753598,000021
2024-05-08,13.54,13.5887,13.1891,13.2281,24433725,000021
2024-05-09,13.2183,13.5692,13.2086,13.462,24499022,000021
2024-05-10,13.5107,13.54,13.2865,13.345,20134470,000021
2024-05-13,13.2378,13.345,12.9746,13.1696,23006901,000021
2024-05-14,13.2086,13.423,13.0623,13.0623,19891363,000021
2024-05-15,13.0623,13.1696,12.8479,12.8674,20432100,000021
2024-05-16,12.9844,13.3353,12.8674,12.8966,28483734,000021
2024-05-17,12.8674,13.0331,12.7309,13.0233,19663112,000021
2024-05-20,12.9746,13.2378,12.8966,13.1793,23222897,000021
2024-05-21,13.1598,13.3548,13.1208,13.1891,22908948,000021
2024-05-22,13.1793,13.1988,13.0233,13.1793,20858100,000021
2024-05-23,13.1891,13.2086,12.7309,12.7699,27588785,000021
2024-05-24,12.7017,12.8284,12.4287,12.4385,23451918,000021
2024-05-27,12.5164,12.6822,12.146,12.6822,26091000,000021
2024-05-28,12.7407,13.0136,12.5554,12.7212,29432806,000021
2024-05-29,12.6432,12.7894,12.5652,12.6139,17431202,000021
2024-05-30,12.5262,12.9844,12.4092,12.8576,29022067,000021
2024-05-31,12.7991,13.1111,12.7991,12.8674,34867550,000021
2024-06-03,12.9551,13.2281,12.8674,13.0136,43420336,000021
2024-06-04,12.9551,12.9551,12.6237,12.8966,34085354,000021
2024-06-05,12.8186,13.7057,12.7894,13.2573,78953727,000021
2024-06-06,13.3743,13.7447,13.2183,13.5107,101512276,000021
2024-06-07,13.4035,14.3783,13.2963,14.3393,136281905,000021
2024-06-11,14.817,15.6943,14.3393,15.1094,190721402,000021
2024-06-12,14.7292,15.5481,14.6708,15.4506,158806110,000021
2024-06-13,15.4019,15.4798,14.9729,15.0412,128226269,000021
2024-06-14,14.9242,15.2556,14.661,15.0802,96360125,000021
2024-06-17,14.895,15.899,14.817,15.899,133422684,000021
2024-06-18,15.743,15.938,15.4993,15.6456,106760121,000021
2024-06-19,15.7723,15.8893,15.3336,15.7235,116780021,000021
2024-06-20,15.5968,15.6846,15.0217,15.2069,86676205,000021
2024-06-21,14.8462,15.0412,14.6708,14.895,64313795,000021
2024-06-24,14.7292,14.9924,14.3588,14.4271,65323401,000021
2024-06-25,14.4466,14.544,13.7837,13.9299,68793300,000021
2024-06-26,13.9397,14.4173,13.7837,14.3491,59299518,000021
2024-06-27,14.172,14.9097,14.1425,14.3884,85255666,000021
2024-06-28,14.2507,15.1752,14.2409,14.8703,94542693,000021
2024-07-01,14.7523,14.89,14.3392,14.7326,64370284,000021
2024-07-02,14.6933,14.7523,14.3294,14.4081,42646880,000021
2024-07-03,14.3983,14.6638,14.1524,14.5064,49533218,000021
2024-07-04,14.4179,14.5163,13.9754,13.9754,45523495,000021
2024-07-05,14.0344,14.1327,13.7295,14.0147,37354618,000021
2024-07-08,13.9655,14.2999,13.7983,13.9065,42063610,000021
2024-07-09,13.818,14.8211,13.7885,14.7621,78288346,000021
2024-07-10,14.6638,14.8211,14.5753,14.6343,49329414,000021
2024-07-11,14.8703,15.0965,14.5753,15.0572,76484781,000021
2024-07-12,14.8015,14.9687,14.6343,14.8605,44787301,000021
2024-07-15,14.8703,14.9588,14.5851,14.6638,38925600,000021
2024-07-16,14.5556,14.9982,14.3589,14.9293,57086200,000021
2024-07-17,14.8802,14.9392,14.3589,14.3589,46984731,000021
2024-07-18,14.0245,14.3491,13.7491,14.3392,57055484,000021
2024-07-19,14.2507,14.9195,14.1819,14.7326,62992670,000021
2024-07-22,14.7228,14.8703,14.6245,14.7621,44381159,000021
2024-07-23,14.7031,14.7425,14.0639,14.0639,44885319,000021
2024-07-24,14.0442,14.3589,13.9754,14.0344,35504800,000021
2024-07-25,13.8573,13.936,13.4443,13.4738,46229861,000021
2024-07-26,13.4836,13.7098,13.2771,13.5721,33872574,000021
2024-07-29,13.6213,13.7688,13.4738,13.582,24233800,000021
2024-07-30,13.4836,13.6016,13.2181,13.5918,26807873,000021
2024-07-31,13.5229,14.1819,13.4934,14.1524,44408451,000021
2024-08-01,14.2212,14.4573,14.1229,14.3097,40315928,000021
2024-08-02,14.0737,14.2212,13.7,13.7295,35802490,000021
2024-08-05,13.5229,13.7393,12.9132,12.9132,45746671,000021
2024-08-06,13.1394,13.2279,12.9525,13.1197,24356409,000021
2024-08-07,13.0804,13.3263,12.9919,13.1296,21784597,000021
2024-08-08,13.0312,13.2771,12.8443,13.1099,24925590,000021
2024-08-09,13.2672,13.3558,13.1,13.1,21012900,000021
2024-08-12,13.0312,13.1689,12.9033,12.9722,15076800,000021
2024-08-13,12.9722,13.2181,12.9722,13.2181,17594170,000021
2024-08-14,13.2476,13.2771,13.0214,13.0509,16100900,000021
2024-08-15,12.982,13.3558,12.9329,13.1984,23693631,000021
2024-08-16,13.1787,13.3459,13.1591,13.2082,20705833,000021
2024-08-19,13.1689,13.4049,13.0804,13.2279,20235423,000021
2024-08-20,13.1492,13.2082,12.8148,12.864,22872280,000021
2024-08-21,12.7755,13.0607,12.7558,12.864,17908863,000021
2024-08-22,12.8443,12.8935,12.4706,12.5395,24235765,000021
2024-08-23,12.4116,12.6771,12.3821,12.5985,15675976,000021
2024-08-26,12.628,12.687,12.51,12.5788,13923499,000021
2024-08-27,12.4903,12.4903,12.0969,12.1166,18833500,000021
2024-08-28,12.0969,12.1952,11.9985,12.0674,12392115,000021
2024-08-29,11.9789,12.3723,11.9297,12.2739,16935000,000021
2024-08-30,12.569,13.5033,12.4903,13.5033,46535635,000021
2024-09-02,13.759,13.7885,13.4639,13.4639,81678851,000021
2024-09-03,13.2377,13.6115,13.2279,13.582,43776847,000021
2024-09-04,13.4148,13.4836,13.1886,13.3066,28713712,000021
2024-09-05,13.3558,13.4246,13.1394,13.2771,22815500,000021
2024-09-06,13.2869,13.2869,12.9033,12.9329,24115600,000021
2024-09-09,12.8148,13.1492,12.7853,12.8837,20304617,000021
2024-09-10,12.8837,13.2279,12.7165,13.1492,28355351,000021
2024-09-11,13.0607,13.1492,12.8837,12.9919,17467600,000021
2024-09-12,13.0804,13.1394,12.8443,12.8837,17526855,000021
2024-09-13,12.8345,12.9525,12.6575,12.6673,17539340,000021
2024-09-18,12.6476,12.805,12.4805,12.7362,16308700,000021
2024-09-19,12.7657,13.0607,12.6378,12.9033,26439747,000021
2024-09-20,12.9132,13.0312,12.7952,12.9624,21730390,000021
2024-09-23,12.982,13.1886,12.8542,12.9427,25121901,000021
2024-09-24,13.0017,13.4344,12.8738,13.4344,46011815,000021
2024-09-25,13.5033,13.8377,13.3754,13.3951,52269959,000021
2024-09-26,13.3754,13.9065,13.3361,13.8967,47373616,000021
2024-09-27,14.113,14.8703,14.0344,14.8015,74144691,000021
2024-09-30,15.4407,16.2767,15.1457,16.257,106300522,000021
2024-10-08,17.8798,17.8798,16.9356,17.8798,124970876,000021
2024-10-09,17.7028,18.1847,16.6209,16.8668,128522075,000021
2024-10-10,16.9652,17.4569,16.1489,16.5521,89995669,000021
2024-10-11,16.3259,16.6111,15.1654,15.4309,73749671,000021
2024-10-14,15.4703,16.0112,15.1654,16.0013,59549365,000021
2024-10-15,15.9325,16.2964,15.5194,15.5489,64077021,000021
2024-10-16,15.2047,15.6178,15.1457,15.3424,42130541,000021
2024-10-17,15.7063,15.8735,15.4899,15.5096,53036354,000021
2024-10-18,15.4899,16.7783,15.4899,16.3456,91876789,000021
2024-10-21,16.7291,17.4864,16.4242,17.2307,118652867,000021
2024-10-22,17.7028,17.7028,16.975,17.1618,96225830,000021
2024-10-23,16.975,17.9781,16.9356,17.2405,89630017,000021
2024-10-24,16.975,17.211,16.7193,16.975,52812170,000021
2024-10-25,17.6536,18.6764,17.4274,18.6764,170169202,000021
2024-10-28,19.6697,20.545,19.473,20.545,280424294,000021
2024-10-29,20.6532,21.7154,19.8566,20.2402,313395562,000021
2024-10-30,20.1812,22.2661,19.8173,22.2661,272452164,000021
2024-10-31,22.571,24.4888,21.7154,23.23,307327499,000021
2024-11-01,22.7579,23.2103,20.9089,20.9089,183222556,000021
2024-11-04,19.237,20.2697,19.237,19.8664,168299467,000021
2024-11-05,19.7091,20.7712,19.7091,20.3877,158620942,000021
2024-11-06,20.3877,20.8008,20.073,20.309,144187194,000021
2024-11-07,19.9648,20.7221,19.8664,20.5057,104815067,000021
2024-11-08,20.6631,21.7154,20.6631,20.9286,144517087,000021
2024-11-11,21.1941,23.0234,21.0565,23.0234,167806212,000021
2024-11-12,23.1119,23.1119,21.7351,22.099,147720547,000021
2024-11-13,21.8924,22.3055,21.1155,21.5777,92183978,000021
2024-11-14,21.3318,21.8334,20.5352,20.6532,87716770,000021
2024-11-15,20.4565,21.1351,19.9845,20.014,77462167,000021
2024-11-18,20.3779,20.5254,19.3747,19.6009,79806914,000021
2024-11-19,19.4927,20.0238,19.1977,19.9845,71815629,000021
2024-11-20,19.8664,20.2402,19.6009,19.9943,64299129,000021
2024-11-21,19.8861,21.4105,19.6894,20.8007,108928511,000021
2024-11-22,20.6139,20.6434,19.296,19.3944,83593020,000021
2024-11-25,19.178,19.5222,18.3912,18.8239,68133034,000021
2024-11-26,18.6863,19.0108,18.6174,18.6174,40373437,000021
2024-11-27,18.4502,19.0698,18.1748,19.0501,51401616,000021
2024-11-28,19.3747,20.5844,19.237,19.7779,109242546,000021
2024-11-29,19.4239,20.1123,19.0993,19.8271,87659606,000021
2024-12-02,19.8468,20.5352,19.6697,20.3483,82796312,000021
2024-12-03,20.3877,20.5057,19.6894,19.8959,60361610,000021
2024-12-04,20.132,20.309,19.5714,19.6796,56134443,000021
2024-12-05,19.473,19.8664,19.3845,19.7484,38568390,000021
2024-12-06,19.6501,20.1123,19.4337,19.8664,48938000,000021
2024-12-09,19.9254,20.0828,19.4239,19.5812,39902200,000021
2024-12-10,20.1615,20.2598,19.6697,19.6992,60665097,000021
2024-12-11,19.5616,19.9058,19.5222,19.6697,38277994,000021
2024-12-12,19.6697,19.9648,19.3255,19.7583,50967870,000021
2024-12-13,19.5714,19.7189,19.2173,19.3845,45886292,000021
2024-12-16,19.355,19.4239,18.8141,18.9223,35159565,000021
2024-12-17,18.8141,19.0796,18.6076,18.6272,30883078,000021
2024-12-18,18.6961,19.3157,18.5486,19.119,43338183,000021
2024-12-19,18.8436,19.7386,18.7649,19.6697,60559548,000021
2024-12-20,19.5714,20.2107,19.3747,19.8959,77934005,000021
2024-12-23,20.5352,21.322,19.8664,19.9353,119985436,000021
2024-12-24,19.9746,20.1615,19.3354,19.9451,73533552,000021
2024-12-25,19.9254,20.0828,19.3354,19.4337,49677566,000021
2024-12-26,19.296,20.2992,19.2665,20.1812,80617525,000021
2024-12-27,20.0631,20.7319,19.9746,20.3188,95600939,000021
2024-12-30,20.191,20.4467,19.8468,20.1418,52467072,000021
2024-12-31,20.132,20.1418,18.6863,18.7453,74111263,000021
2025-01-02,18.7158,18.7551,17.5749,17.8503,60318610,000021
2025-01-03,17.8995,18.0076,17.211,17.2209,46006347,000021
2025-01-06,17.1815,17.4176,16.9258,17.1323,30090966,000021
2025-01-07,17.2209,17.5552,17.093,17.5356,37186445,000021
2025-01-08,17.3684,17.6241,16.6504,17.329,44330600,000021
2025-01-09,17.211,17.8798,17.211,17.5749,42315366,000021
2025-01-10,17.5061,18.0273,17.2012,17.2012,41871400,000021
2025-01-13,16.8176,17.2602,16.6603,17.093,27391847,000021
2025-01-14,17.2209,18.1257,17.0537,18.0962,48855138,000021
2025-01-15,18.0175,18.1552,17.8011,17.8405,31419000,000021
2025-01-16,17.9388,17.9781,17.6044,17.8011,33532828,000021
2025-01-17,17.7126,18.165,17.6143,17.988,39192662,000021
2025-01-20,18.2929,19.7878,18.1158,19.4534,151232708,000021
2025-01-21,19.3255,19.4632,18.9125,19.3944,104939826,000021
2025-01-22,19.4042,19.7189,19.2763,19.5321,80956073,000021
2025-01-23,19.6992,20.0828,19.1583,19.1583,72589232,000021
2025-01-24,19.0108,19.4239,18.9813,19.3747,50756454,000021
2025-01-27,19.4239,19.4632,18.7846,18.7846,41679251,000021
2025-02-05,19.1288,19.4042,18.9125,19.0796,43287928,000021
2025-02-06,18.9715,19.8664,18.9321,19.8468,72501377,000021
2025-02-07,19.7583,20.2107,19.473,19.8173,94420368,000021
2025-02-10,19.7976,20.2893,19.7878,20.191,80359293,000021
2025-02-11,20.0435,20.0631,19.6992,19.7681,53642364,000021
2025-02-12,19.6796,20.2402,19.6599,20.2402,68764308,000021
2025-02-13,20.1615,20.1615,19.5714,19.6501,57527658,000021
2025-02-14,19.5812,19.8763,19.3354,19.7976,45805297,000021
2025-02-17,19.9156,20.3975,19.7681,20.2107,86683051,000021
2025-02-18,20.0435,20.191,19.3354,19.3944,62292400,000021
2025-02-19,19.4239,20.6237,19.4239,20.5647,127337064,000021
2025-02-20,20.5254,20.7417,20.191,20.4467,77146272,000021
2025-02-21,20.4172,21.0663,20.1615,20.9974,125000086,000021
2025-02-24,21.1646,21.1941,20.5844,20.8696,94618249,000021
2025-02-25,20.191,20.7221,20.1713,20.309,72403748,000021
2025-02-26,20.3582,20.9188,20.0238,20.7811,85013110,000021
2025-02-27,21.0073,21.7842,20.2795,20.8991,105032588,000021
2025-02-28,20.6041,20.8499,19.6894,19.7091,88877373,000021
2025-03-03,19.9746,20.8991,19.473,19.9648,81244755,000021
2025-03-04,19.6796,20.7417,19.5714,20.3483,77338282,000021
2025-03-05,20.2598,20.4172,19.8074,19.9353,54640496,000021
2025-03-06,20.1615,20.4959,20.0926,20.2598,71520726,000021
2025-03-07,20.073,20.191,19.6304,19.7484,62115182,000021
2025-03-10,19.7287,19.8173,19.414,19.5616,41070056,000021
2025-03-11,19.1977,19.5419,19.1583,19.4435,33133398,000021
2025-03-12,19.5222,20.427,19.4927,19.8861,67909836,000021
2025-03-13,19.8959,19.8959,19.0993,19.3452,50125870,000021
2025-03-14,19.296,19.7878,19.2272,19.7681,44638185,000021
2025-03-17,19.9451,20.4074,19.8369,20.1516,58725797,000021
2025-03-18,20.2402,20.5254,20.0631,20.309,53339125,000021
2025-03-19,20.132,20.2107,19.7878,19.8566,38966973,000021
2025-03-20,19.8369,19.9746,19.5419,19.5616,35739409,000021
2025-03-21,19.5025,19.6304,19.1387,19.2173,35613249,000021
2025-03-24,19.2665,19.3058,18.7158,19.2173,29896254,000021
2025-03-25,19.1485,19.2272,18.883,18.9518,17765581,000021
2025-03-26,19.0796,19.7484,19.0796,19.1878,24179959,000021
2025-03-27,19.1485,19.5419,18.9125,19.3944,28349659,000021
2025-03-28,19.3747,19.3747,18.7551,18.7551,31345900,000021
2025-03-31,18.5682,18.6666,18.0962,18.3224,29489929,000021
2025-04-01,18.3912,18.5289,18.3125,18.3125,16884700,000021
2025-04-02,18.3125,18.5191,18.3027,18.3519,11282156,000021
2025-04-03,18.165,18.4896,18.0962,18.1945,16982743,000021
2025-04-07,16.8176,17.1225,16.3751,16.3751,28390579,000021
2025-04-08,15.9325,16.3554,15.0572,15.6866,47231906,000021
2025-04-09,15.3129,16.4242,14.6835,16.2767,51499984,000021
2025-04-10,16.5816,16.9356,16.4046,16.4242,44686215,000021
2025-04-11,16.0997,17.1914,16.0603,16.8865,50125935,000021
2025-04-14,17.2307,17.4471,17.0143,17.2602,39293260,000021
2025-04-15,17.152,17.211,16.916,17.0045,20093555,000021
2025-04-16,16.8963,16.9947,16.5423,16.7586,22233282,000021
2025-04-17,16.6406,16.9848,16.6209,16.7094,16379511,000021
2025-04-18,16.6406,16.857,16.6308,16.7881,12767750,000021
2025-04-21,16.798,17.2307,16.6504,17.1815,19826153,000021
2025-04-22,17.093,17.2012,17.0143,17.0733,14681164,000021
2025-04-23,17.1127,17.3782,17.1127,17.2995,22081100,000021
2025-04-24,17.2405,17.3389,16.9553,17.0438,17352590,000021
2025-04-25,17.211,17.4274,17.0635,17.211,21447343,000021
2025-04-28,17.211,17.2897,17.034,17.0537,14014276,000021
2025-04-29,16.9947,17.2799,16.916,17.2307,14851200,000021
2025-04-30,17.3487,17.7519,17.2504,17.5749,27402187,000021
2025-05-06,17.7323,18.2634,17.7126,18.1945,35913666,000021
2025-05-07,18.4109,18.4896,17.9486,18.106,28704555,000021
2025-05-08,17.9978,18.224,17.9978,18.165,20347900,000021
2025-05-09,18.0863,18.0863,17.7716,17.8798,16562627,000021
2025-05-12,18.047,18.165,18.0175,18.1453,16665175,000021
2025-05-13,18.3322,18.3814,17.9683,17.9978,16615431,000021
2025-05-14,17.9781,18.1453,17.8601,18.0372,16819908,000021
2025-05-15,17.9585,18.0175,17.5651,17.6044,17302900,000021
2025-05-16,17.6143,17.7323,17.5749,17.5847,10804600,000021
2025-05-19,17.5946,17.6831,17.3881,17.6044,11679019,000021
2025-05-20,17.6143,17.8503,17.5061,17.7421,14674949,000021
2025-05-21,17.6536,17.6929,17.5356,17.6044,11239863,000021
2025-05-22,17.5552,17.7028,17.3487,17.3487,12422300,000021
2025-05-23,17.4176,17.4176,17.093,17.1028,13904991,000021
2025-05-26,17.1323,17.3389,17.1127,17.27,11156800,000021
2025-05-27,17.211,17.2602,17.0045,17.0537,10405428,000021
2025-05-28,17.0635,17.1618,16.8865,16.9455,9705177,000021
2025-05-29,16.9651,17.4471,16.9651,17.4176,20430533,000021
2025-05-30,17.3094,17.3094,16.9356,16.9947,14885270,000021
2025-06-03,16.916,17.1028,16.8766,16.9455,10445300,000021
2025-06-04,16.9848,17.1815,16.9652,17.1323,11641504,000021
2025-06-05,17.1422,17.4569,16.975,17.3979,19338256,000021
2025-06-06,17.3782,17.6733,17.2995,17.4274,17423906,000021
2025-06-09,17.3979,17.5847,17.3782,17.5061,15032382,000021
2025-06-10,17.4864,17.5552,17.0635,17.1914,16142844,000021
2025-06-11,17.42,17.4896,17.2311,17.2411,17500289,000021
2025-06-12,17.1814,17.3306,17.1118,17.1914,13180261,000021
2025-06-13,17.0621,17.1914,16.7638,16.9328,20798470,000021
2025-06-16,16.903,17.2212,16.8732,17.0522,13350792,000021
2025-06-17,17.0621,17.1615,16.9925,17.082,11216468,000021
2025-06-18,17.0124,17.3107,16.8931,17.2311,17328838,000021
2025-06-19,17.1516,17.3107,16.8831,16.9428,16729314,000021
2025-06-20,16.913,17.1317,16.7041,16.7041,16398295,000021
2025-06-23,16.5948,17.2013,16.5252,17.1019,20952240,000021
2025-06-24,17.1218,17.4399,17.1218,17.4399,22370737,000021
2025-06-25,17.4499,18.1558,17.4399,17.9967,51912328,000021
2025-06-26,18.0862,18.6927,17.8476,18.1558,67191763,000021
2025-06-27,18.1956,18.7027,17.8973,18.3944,58739106,000021
2025-06-30,18.5635,18.9214,18.4839,18.6331,53573928,000021
2025-07-01,18.5635,19.1302,18.5436,18.6231,42898334,000021
2025-07-02,18.5635,18.5635,18.0862,18.1856,33219814,000021
2025-07-03,18.1956,18.5038,18.1856,18.4243,29944928,000021
2025-07-04,18.3547,18.3944,17.8774,18.0464,37174550,000021
2025-07-07,17.9768,18.1061,17.8774,17.9072,18652100,000021
2025-07-08,18.6032,19.2495,18.1956,18.7524,91906825,000021
2025-07-09,18.5834,18.6729,18.305,18.3845,48428823,000021
2025-07-10,18.305,18.3845,18.1757,18.305,24913220,000021
2025-07-11,18.305,18.5436,18.1558,18.3944,32413002,000021
2025-07-14,18.4143,18.4442,18.2453,18.2751,19733613,000021
2025-07-15,18.295,18.5337,18.1956,18.474,36218419,000021
2025-07-16,18.464,18.6231,18.2751,18.3746,27972150,000021
2025-07-17,18.2851,18.7623,18.2254,18.7524,41991266,000021
2025-07-18,18.7524,18.7623,18.474,18.6132,31410545,000021
2025-07-21,18.5038,18.643,18.474,18.6231,26142271,000021
2025-07-22,18.5834,18.5933,18.4044,18.474,25979393,000021
2025-07-23,18.4541,18.5535,18.3249,18.3249,22796302,000021
2025-07-24,18.305,18.5834,18.2851,18.5834,28274365,000021
2025-07-25,18.5834,18.7126,18.4342,18.6927,31255239,000021
2025-07-28,18.7425,18.9214,18.6331,18.8518,40122137,000021
2025-07-29,18.7524,18.9711,18.653,18.9711,33392179,000021
2025-07-30,18.8916,19.0407,18.5237,18.6927,35349016,000021
2025-07-31,18.6033,18.991,18.3746,18.474,42972357,000021
2025-08-01,18.474,18.6132,18.0464,18.2453,28442898,000021
2025-08-04,18.1459,18.4044,18.0962,18.4044,18148221,000021
2025-08-05,18.4243,18.5237,18.3746,18.4939,18458924,000021
2025-08-06,18.4243,18.6331,18.3447,18.6033,25413631,000021
2025-08-07,18.5933,18.8419,18.5138,18.643,32640952,000021
2025-08-08,18.5535,18.5734,18.3547,18.3845,22815792,000021
2025-08-11,18.3845,18.991,18.3746,18.8419,45465480,000021
2025-08-12,18.991,19.3887,18.8817,19.2893,68887837,000021
2025-08-13,19.2893,19.2993,19.1004,19.2595,45280816,000021
2025-08-14,19.2694,19.3788,18.9314,18.991,42315217,000021
2025-08-15,18.9413,19.2694,18.9314,19.17,37135899,000021
2025-08-18,19.17,19.866,19.1601,19.7268,74913347,000021
2025-08-19,20.4029,21.1785,20.0151,20.91,155870682,000021
2025-08-20,20.5521,20.5521,19.9853,20.5421,93612337,000021
2025-08-21,20.4825,20.9398,20.2836,20.4328,84186695,000021
2025-08-22,20.3632,21.3276,20.3333,21.3177,125142271,000021
2025-08-25,21.7552,21.7552,20.6714,20.9796,141979956,000021
2025-08-26,21.1586,21.8546,21.089,21.6458,134728930,000021
2025-08-27,21.5861,22.0236,21.079,21.079,122754196,000021
2025-08-28,21.0691,22.133,21.0592,21.954,146007180,000021
2025-08-29,21.954,22.3716,21.3376,21.7154,98844032,000021
2025-09-01,22.1231,22.3517,21.5165,21.8248,88762118,000021
2025-09-02,21.6856,21.7751,20.6316,20.7509,94756193,000021
2025-09-03,20.7808,20.91,20.045,20.1146,62875202,000021
2025-09-04,20.2339,20.4228,18.9513,19.2893,68479849,000021
2025-09-05,19.4186,20.4129,19.2694,20.2637,62978019,000021
2025-09-08,20.1345,20.4825,19.9455,20.3632,47906115,000021
2025-09-09,20.2339,20.3333,19.7367,19.8759,41346277,000021
2025-09-10,19.8759,20.1146,19.6373,19.6473,45442278,000021
2025-09-11,19.7666,20.6813,19.6373,20.6515,89318119,000021
2025-09-12,20.4924,22.5407,20.4129,21.6756,141151163,000021
2025-09-15,22.0932,22.2125,21.4469,21.7552,98171929,000021
2025-09-16,21.7055,21.9341,21.3972,21.8148,60420368,000021
2025-09-17,21.8248,21.9739,21.4469,21.5662,59193997,000021
2025-09-18,21.5762,22.7594,21.4768,21.7949,143932254,000021
2025-09-19,21.8745,22.6301,21.6955,22.0833,106884086,000021
2025-09-22,22.4213,23.535,22.2523,23.1869,137607693,000021
2025-09-23,23.1472,23.1472,22.0037,22.6003,112862362,000021
2025-09-24,22.4611,24.8574,22.2722,24.8574,136687425,000021
2025-09-25,24.8574,25.4341,24.4795,24.7082,225380539,000021
2025-09-26,24.6684,25.4539,24.2508,24.3204,153579395,000021
2025-09-29,24.9667,25.8318,24.9667,25.1954,145683134,000021
2025-09-30,26.5974,27.711,26.5775,27.711,71482870,000021
2025-10-09,30.4851,30.4851,29.63,30.4851,176350941,000021
2025-10-10,29.7195,32.7521,28.0491,31.539,385886082,000021
2025-10-13,29.8786,33.0006,29.8786,31.2109,308974793,000021
2025-10-14,31.3203,32.1555,28.4368,28.6854,271820585,000021
2025-10-15,29.3317,29.7692,27.8402,29.3317,182058455,000021
2025-10-16,29.3118,30.7535,28.755,30.2663,216099262,000021
2025-10-17,29.282,29.7493,27.2437,27.2437,201614632,000021
2025-10-20,27.8204,27.9596,26.7465,27.0846,143337569,000021
2025-10-21,27.2834,28.7948,27.0448,28.1684,152729372,000021
2025-10-22,27.8005,28.0789,27.1442,27.6712,87764965,000021
2025-10-23,28.3374,28.3374,27.1144,27.8005,125043543,000021
2025-10-24,28.3374,29.9283,28.2877,29.4709,173818663,000021
2025-10-27,30.326,30.7038,29.0632,29.9283,193694722,000021
2025-10-28,29.1328,30.0277,28.934,29.2919,125736096,000021
2025-10-29,29.1726,29.9879,28.9936,29.6399,127812274,000021
2025-10-30,30.2266,30.495,28.934,28.9936,131828819,000021
2025-10-31,28.4368,28.5661,27.0448,27.1442,140676363,000021
2025-11-03,26.846,27.2735,25.5633,26.9951,135500095,000021
2025-11-04,27.3133,27.7706,26.6073,26.8161,87851621,000021
2025-11-05,25.8616,26.3886,25.4539,26.2494,92825530,000021
2025-11-06,26.7565,26.9255,26.1698,26.7863,81496838,000021
2025-11-07,26.3588,26.7664,26.1499,26.4284,55199047,000021
2025-11-10,26.657,28.0093,26.5278,27.6812,137690539,000021
2025-11-11,27.6613,27.7905,26.2593,26.3389,111027253,000021
2025-11-12,26.0803,26.4383,25.2949,25.8517,76101461,000021
2025-11-13,25.8517,26.8559,25.6826,26.0107,100359255,000021
2025-11-14,25.3545,25.4539,24.579,24.5988,95390811,000021
2025-11-17,24.6585,25.1358,24.2707,24.4199,59779652,000021
2025-11-18,24.2807,24.5491,24.0222,24.1912,47950047,000021
2025-11-19,24.1017,24.221,23.5847,23.7636,48290675,000021
2025-11-20,24.1315,24.2508,23.4554,23.4654,39946314,000021
2025-11-21,22.9682,23.2665,22.3617,22.3915,58816339,000021
2025-11-24,22.7097,22.998,22.4611,22.8688,43717570,000021
2025-11-25,23.2566,23.6145,23.1472,23.2466,58365501,000021
2025-11-26,23.0179,23.5747,22.9682,23.2665,42408040,000021
2025-11-27,23.2665,24.0619,23.1969,23.2864,63466528,000021
2025-11-28,23.1273,23.8034,23.0975,23.7537,48238922,000021
2025-12-01,23.9327,24.5193,23.873,24.4696,75087297,000021
2025-12-02,24.231,24.2409,23.7636,23.8432,47828081,000021
2025-12-03,23.8233,24.0222,23.5648,23.6642,37134017,000021
2025-12-04,23.535,23.8531,23.2764,23.7835,32013438,000021
2025-12-05,23.7537,23.8233,23.3659,23.7438,37321066,000021
2025-12-08,23.8929,24.6486,23.8929,24.4497,63889550,000021
2025-12-09,24.3503,24.6784,24.1713,24.3503,48455232,000021
2025-12-10,24.1713,24.2111,23.5449,24.1017,54716609,000021
2025-12-11,24.2608,24.2906,23.6344,23.6443,35812557,000021
2025-12-12,23.6742,24.4994,23.4654,24.2111,53754510,000021
2025-12-15,23.8631,23.9625,23.4654,23.5548,38660835,000021
2025-12-16,23.4753,23.535,22.6799,22.8688,35083577,000021
2025-12-17,22.8887,23.6244,22.6301,23.5051,39012017,000021
2025-12-18,23.2864,24.221,23.2665,23.7239,50841696,000021
2025-12-19,24.1415,24.2111,23.4852,23.5747,49952361,000021
2025-12-22,23.8332,24.4497,23.7636,24.2409,68571184,000021
2025-12-23,24.231,24.39,24.0321,24.2508,47482318,000021
2025-12-24,24.3602,24.7878,24.2011,24.7878,75983288,000021
2025-12-25,24.8474,25.2451,24.5392,24.6585,74365405,000021
2025-12-26,24.5591,24.9568,24.4199,24.6187,57406880,000021
2025-12-29,24.6088,24.8474,24.231,24.3204,46863500,000021
2025-12-30,24.2608,24.7182,24.1315,24.3403,42425467,000021
2025-12-31,25.3645,26.2792,24.8176,25.1358,157524352,000021
2026-01-05,25.613,26.7068,25.5633,26.1997,131262034,000021
2026-01-06,26.4283,27.0448,26.2991,26.7366,123872568,000021
2026-01-07,27.7508,27.9098,26.3587,26.5974,143854927,000021
2026-01-08,26.4482,27.1442,26.3687,26.6073,96442177,000021
2026-01-09,26.2494,27.194,26.0605,26.6372,99819539,000021
2026-01-12,26.7465,27.5718,26.7465,27.3431,116080511,000021
2026-01-13,27.3431,27.8005,26.4383,26.5477,105128863,000021
2026-01-14,26.836,27.3232,26.2593,26.7465,105225466,000021
2026-01-15,26.4482,28.2678,26.1997,27.9397,156456923,000021
2026-01-16,28.6357,30.0178,27.8502,29.62,224057377,000021
2026-01-19,29.8288,32.4737,29.6797,31.1612,240270808,000021
2026-01-20,30.8231,31.8174,30.3061,31.3103,168084160,000021
2026-01-21,31.201,33.5475,31.1214,32.4538,187071728,000021
2026-01-22,33.3486,33.3486,30.8231,31.3302,195946379,000021
2026-01-23,30.9226,31.1811,30.0575,30.3956,143656616,000021
2026-01-26,30.3459,30.8728,29.0931,29.272,110169428,000021
2026-01-27,28.9936,30.3757,28.3374,30.1072,119682915,000021
2026-01-28,30.5248,32.9907,30.5248,31.6385,165680487,000021
2026-01-29,32.4637,32.941,30.6143,30.9126,123348435,000021
2026-01-30,30.9126,33.1896,30.505,32.3046,173560169,000021
2026-02-02,30.8927,30.9623,29.0732,29.0732,141152812,000021
2026-02-03,29.6598,29.7891,28.934,29.6996,86888028,000021
2026-02-04,29.0433,29.1328,27.7408,28.1883,98161818,000021
2026-02-05,27.184,27.5221,26.7465,27.2437,72623054,000021
2026-02-06,26.8658,27.5519,26.5974,27.0349,54259742,000021
2026-02-09,27.8104,28.8843,27.2934,28.6755,94087077,000021
2026-02-10,28.3076,28.924,28.1783,28.5263,55027287,000021
2026-02-11,28.238,28.6059,27.9198,27.9596,38740419,000021
2026-02-12,28.4368,29.4908,28.2678,29.1825,72719833,000021
2026-02-13,28.8544,32.1058,28.7848,32.1058,242784634,000021
2026-02-24,32.3146,34.3827,32.1157,33.5773,227545960,000021
2026-02-25,33.468,33.5674,32.1654,33.0901,149915801,000021
2026-02-26,33.1498,35.7648,32.5134,34.4921,186642084,000021
2026-02-27,33.806,34.4125,33.1896,34.2037,106322450,000021
2026-03-02,32.7222,34.2833,32.7123,33.2592,113183684,000021
2026-03-03,33.6867,34.0248,30.4055,30.505,140948071,000021
2026-03-04,30.505,32.0759,30.505,31.022,104530967,000021
2026-03-05,32.235,32.5134,31.1214,31.4098,98067313,000021
2026-03-06,31.012,32.8813,31.012,32.1953,119711011,000021
2026-03-09,30.2763,31.1711,29.3118,30.9623,127363414,000021
2026-03-10,31.8174,32.8117,31.4794,32.2251,115916460,000021
2026-03-11,32.414,32.8913,31.718,31.887,100939201,000021
2026-03-12,31.8174,32.3742,30.7237,31.0717,79668642,000021
2026-03-13,30.6143,32.0163,30.4652,30.7436,83108364,000021
2026-03-16,30.7237,32.931,30.3757,32.9111,159565769,000021
2026-03-17,32.2847,32.9907,31.9367,32.0759,121260591,000021
2026-03-18,32.583,33.5972,32.3245,33.4381,172325904,000021
2026-03-19,32.3146,33.5077,31.6186,32.245,143548820,000021
2026-03-20,32.3345,32.5134,30.2365,30.316,125232978,000021
2026-03-23,29.0433,29.8189,28.0093,28.2976,99032273,000021
2026-03-24,28.4567,28.6158,27.0945,28.576,94220133,000021
2026-03-25,29.0334,30.2067,28.9737,29.2621,103714000,000021
2026-03-26,28.6655,28.7649,27.5618,27.701,87309229,000021
2026-03-27,26.8261,27.7905,26.3786,27.3332,78333739,000021
2026-03-30,26.5178,27.0548,26.1698,26.9354,63191888,000021
2026-03-31,26.5278,26.5477,25.5534,25.6429,83822345,000021
2026-04-01,26.7068,27.0548,26.2494,26.5178,73413696,000021
2026-04-02,26.8559,26.9354,25.3545,25.5037,63096389,000021
2026-04-03,25.7622,25.9411,25.3346,25.5037,44821881,000021
2026-04-07,25.9213,26.2991,25.6727,25.8616,49209192,000021
2026-04-08,26.836,27.6812,26.667,27.6712,95468026,000021
2026-04-09,27.0448,27.9198,26.9156,27.542,69104766,000021
2026-04-10,28.049,28.4965,27.8502,27.9397,78072100,000021
2026-04-13,27.6314,28.2976,27.6314,28.0888,60808745,000021
2026-04-14,28.6357,29.3317,28.4269,28.9638,88715091,000021
2026-04-15,29.1428,29.2621,27.9397,28.1187,75675820,000021
2026-04-16,28.1187,28.6854,27.7905,28.6059,62099464,000021
2026-04-17,28.2976,29.0433,28.2181,28.8345,61891671,000021
2026-04-20,28.8345,29.3913,28.6854,28.934,63254269,000021
2026-04-21,28.7152,28.8843,28.0789,28.6854,49542425,000021
2026-04-22,28.6854,29.3217,28.4169,29.2919,67595124,000021
2026-04-23,29.63,29.7095,28.1385,28.5661,72193772,000021
2026-04-24,28.3374,29.0831,27.9993,28.6854,65410195,000021
2026-04-27,29.1527,29.4311,28.8345,29.1229,72859094,000021
2026-04-28,29.0334,29.4112,28.3374,28.4368,65732974,000021
2026-04-29,27.9894,29.1726,27.8402,29.0632,84617955,000021
2026-04-30,29.4112,29.5007,28.6158,29.0533,73146615,000021
2026-05-06,30.0277,31.201,30.0277,30.5447,126080481,000021
2026-05-07,30.6839,31.7478,30.4751,31.3601,123625948,000021
2026-05-08,30.7038,30.9822,30.2862,30.843,90221055,000021
2026-05-11,31.9367,33.0006,31.6285,32.7819,151341036,000021
2026-05-12,32.5532,32.5532,31.6683,32.1257,107527970,000021
2026-05-13,31.3103,34.7904,31.201,34.4125,166410732,000021
2026-05-14,34.6015,35.7946,34.0049,34.1441,181367963,000021
2026-05-15,34.4921,34.9892,32.6924,33.468,158559615,000021
2026-05-18,35.5957,36.8187,35.198,36.8187,94694402,000021
2026-05-19,36.8187,38.161,35.7449,37.4551,301378097,000021
2026-05-20,38.161,39.7618,37.5446,37.634,300977995,000021
2026-05-21,38.2207,39.0658,35.8742,36.1625,251097253,000021
2026-05-22,37.0076,37.7633,35.6952,37.5147,191239592,000021
2026-05-25,37.992,41.2632,37.5843,40.9152,237939794,000021
2026-05-26,41.2632,44.8725,38.4891,42.5061,268453632,000021
2026-05-27,46.7617,46.7617,41.6609,43.7291,305992246,000021
2026-05-28,41.8697,43.6296,41.2632,42.4067,221539473,000021
2026-05-29,42.1283,43.5998,38.3698,39.563,228456906,000021
2026-06-01,38.7874,39.4735,36.073,36.2222,181575323,000021
2026-06-02,36.3415,37.6241,34.9693,36.9679,156844261,000021
2026-06-03,37.1369,39.563,37.0971,38.0815,188073221,000021
2026-06-04,37.296,40.1198,37.286,39.4536,166280467,000021
2026-06-05,38.4593,39.0758,37.465,37.9125,136265339,000021
2026-06-08,35.4963,36.8187,34.6512,35.1682,118688332,000021
2026-06-09,36.0432,37.3656,35.5858,37.3258,112173062,000021
2026-06-10,36.4906,39.0957,36.073,38.34,144776827,000021
2026-06-11,37.78,39.48,37.38,39.08,129823663,000021
2026-06-12,40.42,40.55,36.8,37.09,144514088,000021
2026-06-15,37.88,39.5,36.46,39.47,132792573,000021
2026-06-16,39.75,41.34,39.74,40.77,156335984,000021
2026-06-17,39.85,42.96,39.85,42.91,165493146,000021
2026-06-18,42.85,46.18,42.31,44.04,188609924,000021
2026-06-22,45.36,47.0,44.08,46.68,192525853,000021
2026-06-23,46.05,48.65,44.1,45.7,177339153,000021
2026-06-24,44.36,50.27,44.36,50.27,190999341,000021
2026-06-25,52.8,54.27,52.0,53.2,224494556,000021
2026-06-26,53.0,57.63,52.22,53.51,227289153,000021
2026-06-29,56.0,58.86,55.55,58.86,239636582,000021
2026-06-30,59.45,64.75,57.6,64.27,266114655,000021
2026-07-01,63.53,66.2,59.59,62.26,310196452,000021
2026-07-02,56.65,58.0,56.03,56.03,176159324,000021
2026-07-03,53.0,57.69,51.09,55.91,235131083,000021
2026-07-06,55.9,57.01,52.54,53.3,164491043,000021
2026-07-07,52.5,56.15,51.5,54.07,169988426,000021
2026-07-08,54.1,55.0,49.33,51.13,163063200,000021
2026-07-09,52.93,56.24,52.82,56.24,184538109,000021
2026-07-10,59.88,61.86,57.9,57.91,303101637,000021
2026-07-13,56.88,58.6,52.12,52.12,210313808,000021
2026-07-14,52.12,53.99,48.88,52.51,206958421,000021
2026-07-15,53.76,53.9,47.26,47.26,183502282,000021
2026-07-16,45.44,46.96,42.71,43.34,176995616,000021
2026-07-17,43.0,43.3,39.01,39.01,160162027,000021
2026-07-20,39.95,40.5,35.11,35.14,160205096,000021
2026-07-21,35.78,38.65,31.82,38.65,185161146,000021
2026-07-22,39.43,42.48,39.43,40.22,220930340,000021
2026-07-23,40.26,40.86,38.58,39.09,133140491,000021
2026-07-24,38.5,42.8,38.29,41.99,209695662,000021
2026-07-27,41.16,44.08,38.95,43.95,233249209,000021
2026-07-28,41.6,42.75,39.56,39.56,172765439,000021
2026-07-29,39.44,41.59,36.04,40.15,190782078,000021
2026-07-30,38.65,39.58,36.27,36.42,159265784,000021
2026-07-31,39.5,39.51,37.21,37.23,157402853,000021
2026-08-03,36.06,36.7,34.4,34.51,126979161,000021
2026-08-04,34.88,36.91,34.51,36.54,130571790,000021
2026-08-05,36.58,39.31,36.37,38.7,162070457,000021
2026-08-06,37.56,40.78,37.56,39.91,167100380,000021
2026-08-07,39.39,41.29,39.07,40.85,154936962,000021
2026-08-10,41.1,41.2,39.28,40.2,109151222,000021
2026-08-11,39.91,41.25,39.31,39.81,112135831,000021
2026-08-12,40.27,40.9,39.75,40.35,96628050,000021
2026-08-13,41.0,41.78,39.53,39.55,129693144,000021
2026-08-14,40.31,40.9,39.02,40.23,97360398,000021
2026-08-17,40.26,42.77,40.26,42.6,159992203,000021
2026-08-18,42.5,43.15,41.25,41.6,138432511,000021
2026-08-19,39.75,40.23,37.44,37.44,143119347,000021
2026-08-20,38.03,38.48,37.09,37.53,77132456,000021
2026-08-21,37.16,38.2,36.83,37.9,61852891,000021
2026-08-24,37.93,38.16,35.82,36.79,69581575,000021
2026-08-25,37.93,37.33,35.09,36.82,63068506,000021
