timestamps,open,high,low,close,volume,stock_code
2016-01-04,95.8701,96.4953,85.7273,85.7273,2408651,002354
2016-01-05,79.7031,88.129,79.3955,83.931,3240020,002354
2016-01-06,85.8464,88.5954,85.499,87.6328,3409870,002354
2016-01-07,85.3502,85.3502,78.8695,78.939,704600,002354
2016-01-08,81.5987,83.8218,75.4555,82.3232,2594256,002354
2016-01-11,80.4177,82.3232,74.0958,74.0958,2738586,002354
2016-01-12,74.1157,80.1895,73.6393,77.4106,3085104,002354
2016-01-13,77.3908,79.1474,73.2423,73.3217,2045154,002354
2016-01-14,69.4711,79.9016,68.3595,78.3534,4450416,002354
2016-01-15,76.9144,78.016,74.4928,75.9418,2269296,002354
2016-01-18,73.9371,79.2169,73.5401,78.3038,1807846,002354
2016-01-19,78.0358,80.9834,76.964,80.3879,2163446,002354
2016-01-20,80.3879,82.9683,79.1375,82.0155,2363653,002354
2016-01-21,80.8842,83.3653,77.8076,77.8076,2169177,002354
2016-01-22,79.3856,80.2291,76.4281,79.991,1724601,002354
2016-01-25,80.9834,82.1446,79.8917,80.9338,1615493,002354
2016-01-26,80.0902,81.0132,72.8454,72.8454,2119187,002354
2016-01-27,72.4583,74.3142,67.4762,71.6445,1876775,002354
2016-01-28,70.4734,74.4134,70.4635,71.1582,2251765,002354
2016-01-29,71.1582,76.2197,69.6298,75.3265,2211487,002354
2016-02-01,74.4432,76.3983,73.4508,75.6738,1219595,002354
2016-02-02,75.7334,80.5864,74.9791,78.4725,2101115,002354
2016-02-03,78.4725,78.4725,78.4725,78.4725,0,002354
2016-02-04,78.4725,78.4725,78.4725,78.4725,0,002354
2016-02-05,78.4725,78.4725,78.4725,78.4725,0,002354
2016-02-15,78.4725,78.4725,78.4725,78.4725,0,002354
2016-02-16,78.4725,78.4725,78.4725,78.4725,0,002354
2016-02-17,78.4725,78.4725,78.4725,78.4725,0,002354
2016-02-18,78.4725,78.4725,78.4725,78.4725,0,002354
2016-02-19,78.4725,78.4725,78.4725,78.4725,0,002354
2016-02-22,78.4725,78.4725,78.4725,78.4725,0,002354
2016-02-23,78.4725,78.4725,78.4725,78.4725,0,002354
2016-02-24,78.4725,78.4725,78.4725,78.4725,0,002354
2016-02-25,78.4725,78.4725,78.4725,78.4725,0,002354
2016-02-26,78.4725,78.4725,78.4725,78.4725,0,002354
2016-02-29,78.4725,78.4725,78.4725,78.4725,0,002354
2016-03-01,78.4725,78.4725,78.4725,78.4725,0,002354
2016-03-02,78.4725,78.4725,78.4725,78.4725,0,002354
2016-03-03,78.4725,78.4725,78.4725,78.4725,0,002354
2016-03-04,78.4725,78.4725,78.4725,78.4725,0,002354
2016-03-07,78.4725,78.4725,78.4725,78.4725,0,002354
2016-03-08,78.4725,78.4725,78.4725,78.4725,0,002354
2016-03-09,78.4725,78.4725,78.4725,78.4725,0,002354
2016-03-10,78.4725,78.4725,78.4725,78.4725,0,002354
2016-03-11,78.4725,78.4725,78.4725,78.4725,0,002354
2016-03-14,78.4725,78.4725,78.4725,78.4725,0,002354
2016-03-15,78.4725,78.4725,78.4725,78.4725,0,002354
2016-03-16,78.4725,78.4725,78.4725,78.4725,0,002354
2016-03-17,78.4725,78.4725,78.4725,78.4725,0,002354
2016-03-18,78.4725,78.4725,78.4725,78.4725,0,002354
2016-03-21,78.4725,78.4725,78.4725,78.4725,0,002354
2016-03-22,78.4725,78.4725,78.4725,78.4725,0,002354
2016-03-23,78.4725,78.4725,78.4725,78.4725,0,002354
2016-03-24,78.4725,78.4725,78.4725,78.4725,0,002354
2016-03-25,78.4725,78.4725,78.4725,78.4725,0,002354
2016-03-28,78.4725,78.4725,78.4725,78.4725,0,002354
2016-03-29,78.4725,78.4725,78.4725,78.4725,0,002354
2016-03-30,78.4725,78.4725,78.4725,78.4725,0,002354
2016-03-31,78.4725,78.4725,78.4725,78.4725,0,002354
2016-04-01,78.4725,78.4725,78.4725,78.4725,0,002354
2016-04-05,78.4725,78.4725,78.4725,78.4725,0,002354
2016-04-06,78.4725,78.4725,78.4725,78.4725,0,002354
2016-04-07,78.4725,78.4725,78.4725,78.4725,0,002354
2016-04-08,78.4725,78.4725,78.4725,78.4725,0,002354
2016-04-11,78.4725,78.4725,78.4725,78.4725,0,002354
2016-04-12,78.4725,78.4725,78.4725,78.4725,0,002354
2016-04-13,78.4725,78.4725,78.4725,78.4725,0,002354
2016-04-14,78.4725,78.4725,78.4725,78.4725,0,002354
2016-04-15,78.4725,78.4725,78.4725,78.4725,0,002354
2016-04-18,78.4725,78.4725,78.4725,78.4725,0,002354
2016-04-19,78.4725,78.4725,78.4725,78.4725,0,002354
2016-04-20,78.4725,78.4725,78.4725,78.4725,0,002354
2016-04-21,78.4725,78.4725,78.4725,78.4725,0,002354
2016-04-22,78.4725,78.4725,78.4725,78.4725,0,002354
2016-04-25,78.4725,78.4725,78.4725,78.4725,0,002354
2016-04-26,78.4725,78.4725,78.4725,78.4725,0,002354
2016-04-27,78.4725,78.4725,78.4725,78.4725,0,002354
2016-04-28,78.4725,78.4725,78.4725,78.4725,0,002354
2016-04-29,78.4725,78.4725,78.4725,78.4725,0,002354
2016-05-03,78.4725,78.4725,78.4725,78.4725,0,002354
2016-05-04,78.4725,78.4725,78.4725,78.4725,0,002354
2016-05-05,78.4725,78.4725,78.4725,78.4725,0,002354
2016-05-06,78.4725,78.4725,78.4725,78.4725,0,002354
2016-05-09,78.4725,78.4725,78.4725,78.4725,0,002354
2016-05-10,78.4725,78.4725,78.4725,78.4725,0,002354
2016-05-11,78.4725,78.4725,78.4725,78.4725,0,002354
2016-05-12,78.4725,78.4725,78.4725,78.4725,0,002354
2016-05-13,78.4725,78.4725,78.4725,78.4725,0,002354
2016-05-16,78.4725,78.4725,78.4725,78.4725,0,002354
2016-05-17,78.4725,78.4725,78.4725,78.4725,0,002354
2016-05-18,78.4725,78.4725,78.4725,78.4725,0,002354
2016-05-19,78.4725,78.4725,78.4725,78.4725,0,002354
2016-05-20,78.7194,78.7194,78.7194,78.7194,0,002354
2016-05-23,78.7194,78.7194,78.7194,78.7194,0,002354
2016-05-24,78.7194,78.7194,78.7194,78.7194,0,002354
2016-05-25,78.7194,78.7194,78.7194,78.7194,0,002354
2016-05-26,78.7194,78.7194,78.7194,78.7194,0,002354
2016-05-27,78.7194,78.7194,78.7194,78.7194,0,002354
2016-05-30,78.7194,78.7194,78.7194,78.7194,0,002354
2016-05-31,78.7194,78.7194,78.7194,78.7194,0,002354
2016-06-01,78.7194,78.7194,78.7194,78.7194,0,002354
2016-06-02,78.7194,78.7194,78.7194,78.7194,0,002354
2016-06-03,78.7194,78.7194,78.7194,78.7194,0,002354
2016-06-06,78.7194,78.7194,78.7194,78.7194,0,002354
2016-06-07,78.7194,78.7194,78.7194,78.7194,0,002354
2016-06-08,78.7194,78.7194,78.7194,78.7194,0,002354
2016-06-13,78.7194,78.7194,78.7194,78.7194,0,002354
2016-06-14,78.7194,78.7194,78.7194,78.7194,0,002354
2016-06-15,78.7194,78.7194,78.7194,78.7194,0,002354
2016-06-16,78.7194,78.7194,78.7194,78.7194,0,002354
2016-06-17,78.7194,78.7194,78.7194,78.7194,0,002354
2016-06-20,78.7194,78.7194,78.7194,78.7194,0,002354
2016-06-21,86.3156,86.3156,80.5314,81.6165,13204089,002354
2016-06-22,80.5313,80.5313,75.1652,77.8433,6742126,002354
2016-06-23,77.4551,79.934,76.5391,76.8677,3258443,002354
2016-06-24,76.5391,78.6796,74.6774,77.6343,2807892,002354
2016-06-27,76.6586,82.174,76.3699,81.3378,3893382,002354
2016-06-28,80.6409,85.2802,80.2924,84.7227,5245724,002354
2016-06-29,84.6231,85.3001,82.861,83.7769,3949303,002354
2016-06-30,84.1054,87.8886,84.1054,86.893,5052737,002354
2016-07-01,86.5048,87.6098,84.3046,84.3444,3644955,002354
2016-07-04,83.6873,84.2747,82.4329,83.6276,3346148,002354
2016-07-05,83.6773,84.1154,81.3278,81.9351,3807438,002354
2016-07-06,81.4473,84.0059,81.4473,82.9904,2529439,002354
2016-07-07,83.6276,83.6276,79.8444,80.7504,3387065,002354
2016-07-08,80.7305,82.0147,79.6951,81.2083,2438513,002354
2016-07-11,81.6364,83.2692,80.2924,80.7106,2756218,002354
2016-07-12,81.1387,81.2183,77.3655,79.9639,3189623,002354
2016-07-13,80.0236,85.4196,79.2073,84.3245,5814373,002354
2016-07-14,83.7371,85.2802,83.0203,83.8765,3602056,002354
2016-07-15,82.2338,82.3333,80.2426,81.1386,3916243,002354
2016-07-18,80.5911,81.3477,79.1575,79.944,2147925,002354
2016-07-19,80.1431,81.4174,79.9141,81.1187,1834618,002354
2016-07-20,81.9351,86.0966,81.9351,84.4539,6722901,002354
2016-07-21,83.6276,84.9815,82.632,82.7913,3814832,002354
2016-07-22,80.6508,80.9495,77.4252,78.4208,6566405,002354
2016-07-25,77.7537,78.0524,74.8765,76.6486,3363475,002354
2016-07-26,76.1907,78.5303,76.0712,78.2714,1753069,002354
2016-07-27,78.2515,78.2515,71.5314,72.7759,3375057,002354
2016-07-28,72.7759,74.3987,71.6808,72.4772,1611958,002354
2016-07-29,72.7162,72.8854,70.6852,71.4916,1692701,002354
2016-08-01,71.1631,71.1631,66.7726,69.839,1860754,002354
2016-08-02,69.7693,70.3368,68.2759,69.4905,1974239,002354
2016-08-03,69.2715,70.0381,68.9131,69.7892,1299345,002354
2016-08-04,69.4905,71.6609,69.4905,71.183,1692048,002354
2016-08-05,71.2726,72.2781,69.8489,69.8489,1584332,002354
2016-08-08,69.6797,70.5856,67.8678,70.2571,1115440,002354
2016-08-09,70.2571,72.079,69.9983,71.9197,1349151,002354
2016-08-10,71.9297,73.0148,71.6808,71.7306,1706211,002354
2016-08-11,71.9794,72.5768,70.9341,71.4916,1238814,002354
2016-08-12,71.183,72.1288,71.0834,71.9695,954573,002354
2016-08-15,72.6763,76.34,72.079,75.9617,2905678,002354
2016-08-16,75.673,76.4197,74.8168,75.1155,1790757,002354
2016-08-17,74.8168,76.35,74.8168,75.4639,1489795,002354
2016-08-18,75.5436,76.0613,73.6819,74.8467,1575010,002354
2016-08-19,74.6774,75.3644,74.1796,74.8765,1116112,002354
2016-08-22,74.8765,77.6442,74.5679,75.4042,2433946,002354
2016-08-23,74.9363,75.8024,74.2692,74.6675,1306923,002354
2016-08-24,74.4883,78.0325,74.4883,77.6442,3609891,002354
2016-08-25,77.6442,80.7603,76.3798,79.5457,4211437,002354
2016-08-26,79.1475,81.1387,77.6641,78.2216,2873428,002354
2016-08-29,78.152,78.2216,75.1653,76.2803,2391000,002354
2016-08-30,75.8621,77.6442,75.3245,76.6984,2602620,002354
2016-08-31,75.6531,76.0613,74.4684,75.4141,2355904,002354
2016-09-01,74.8168,76.9971,74.8168,75.3046,2086617,002354
2016-09-02,75.1453,76.0115,73.194,73.2836,1777337,002354
2016-09-05,73.6122,73.9706,72.756,73.3434,1134985,002354
2016-09-06,72.9551,74.0403,72.3976,73.871,1568785,002354
2016-09-07,73.8411,74.1398,73.0746,73.0746,1707435,002354
2016-09-08,72.9252,73.4728,72.6863,73.1741,948699,002354
2016-09-09,73.5723,73.5723,71.183,71.183,1880975,002354
2016-09-12,70.1476,70.8545,69.2416,69.9684,2037002,002354
2016-09-13,69.8191,70.5657,68.1067,68.6841,2436000,002354
2016-09-14,68.1764,70.1078,67.6985,68.8434,1652331,002354
2016-09-19,68.9131,70.5657,68.9131,69.5702,1067616,002354
2016-09-20,69.6896,69.6896,68.6941,69.4308,917894,002354
2016-09-21,69.2217,69.7792,69.1719,69.4308,761635,002354
2016-09-22,69.6896,70.1874,68.6941,69.5005,925741,002354
2016-09-23,69.9883,71.1631,69.6199,70.1277,1447482,002354
2016-09-26,71.6808,73.5723,71.3025,71.8799,3522255,002354
2016-09-27,71.183,72.4374,70.5458,71.5812,1792587,002354
2016-09-28,71.5812,72.2184,70.4861,71.9894,1329396,002354
2016-09-29,72.0989,74.1299,72.089,73.4031,2883527,002354
2016-09-30,73.5723,75.1155,72.985,74.7073,2006136,002354
2016-10-10,76.3002,78.4506,76.1608,77.9927,3293272,002354
2016-10-11,78.1519,79.4362,76.9573,77.2559,2507702,002354
2016-10-12,77.1365,78.1022,76.6586,77.1066,1707481,002354
2016-10-13,76.3201,76.3201,74.4484,75.3046,2782751,002354
2016-10-14,75.3146,76.121,74.9661,75.5734,1593336,002354
2016-10-17,75.663,77.4053,72.7062,74.1,2140154,002354
2016-10-18,74.6675,78.3212,73.6619,76.559,2107722,002354
2016-10-19,76.7582,76.9573,75.225,75.2847,1501904,002354
2016-10-20,75.3743,77.1564,74.8666,76.4197,2047006,002354
2016-10-21,76.3998,77.9031,75.7925,76.4993,2068804,002354
2016-10-24,77.1464,77.6044,76.4794,76.8577,1643235,002354
2016-10-25,76.9075,77.246,75.7228,76.0214,1698565,002354
2016-10-26,76.0613,76.2006,74.1796,74.7571,1337534,002354
2016-10-27,74.7571,74.7571,74.7571,74.7571,0,002354
2016-10-28,74.7571,74.7571,74.7571,74.7571,0,002354
2016-10-31,74.7571,74.7571,74.7571,74.7571,0,002354
2016-11-01,74.7571,74.7571,74.7571,74.7571,0,002354
2016-11-02,74.7571,74.7571,74.7571,74.7571,0,002354
2016-11-03,79.6453,80.3621,77.3356,77.5247,7130112,002354
2016-11-04,77.4351,80.4318,77.4152,78.6398,4752477,002354
2016-11-07,78.6497,78.6497,76.4595,77.5646,2974606,002354
2016-11-08,77.8533,78.2316,77.0469,77.3157,1649685,002354
2016-11-09,77.5944,80.2426,77.2559,78.5601,3841579,002354
2016-11-10,78.5999,83.0302,78.5999,81.6364,5611848,002354
2016-11-11,80.9594,84.5037,80.9594,81.965,4478189,002354
2016-11-14,81.9152,82.5623,81.1486,81.7658,2896419,002354
2016-11-15,81.5966,81.5966,79.6553,80.6409,2851461,002354
2016-11-16,80.84,83.7271,80.84,81.8355,3499185,002354
2016-11-17,81.8355,81.8355,79.2769,79.3466,3082990,002354
2016-11-18,79.5457,81.1088,79.1475,80.392,4190524,002354
2016-11-21,80.2924,83.1298,79.705,83.1298,4308823,002354
2016-11-22,83.4285,86.2957,83.1596,85.5888,7377207,002354
2016-11-23,84.8222,85.2205,83.4185,83.4882,4205593,002354
2016-11-24,83.1596,85.1209,81.955,82.8311,3053248,002354
2016-11-25,82.4329,83.0302,80.2426,81.6364,3111374,002354
2016-11-28,82.1143,82.5125,81.2382,81.2979,2065949,002354
2016-11-29,81.0889,81.9351,79.9539,80.4517,2236116,002354
2016-11-30,80.3422,81.1486,79.4462,79.8145,2192722,002354
2016-12-01,79.4661,79.934,78.4705,78.9882,2365531,002354
2016-12-02,78.9285,79.3466,77.2161,77.3555,2276027,002354
2016-12-05,76.6586,78.5303,76.5491,77.7239,1431116,002354
2016-12-06,77.7039,79.038,77.3654,77.4053,1489368,002354
2016-12-07,77.465,77.6044,76.3699,77.4053,2632054,002354
2016-12-08,77.3356,81.1386,77.246,78.6398,5081277,002354
2016-12-09,78.5303,80.0037,78.2515,78.8488,2216866,002354
2016-12-12,78.6497,78.6497,74.2493,74.2792,3534307,002354
2016-12-13,74.1697,75.8621,73.9507,75.4639,1807893,002354
2016-12-14,75.2449,76.798,74.767,75.7228,2140640,002354
2016-12-15,75.4639,77.3356,75.444,76.3997,1929212,002354
2016-12-16,78.1022,78.5303,77.0668,77.4252,2148301,002354
2016-12-19,76.9174,77.5446,76.4595,77.2161,1159256,002354
2016-12-20,77.2161,77.5745,74.8367,75.4639,1673894,002354
2016-12-21,75.663,76.0712,74.7073,75.3743,1607092,002354
2016-12-22,74.9761,75.5137,73.9805,74.5779,1517957,002354
2016-12-23,75.006,75.006,71.7007,72.1786,2155248,002354
2016-12-26,70.3766,71.5812,69.2914,71.5812,2327519,002354
2016-12-27,71.3821,72.527,70.8544,71.8102,1247139,002354
2016-12-28,72.5768,72.5768,69.6896,70.277,2765407,002354
2016-12-29,70.1874,70.3368,69.391,69.6697,1784220,002354
2016-12-30,69.9883,69.9883,68.2958,68.8534,1931298,002354
2017-01-03,68.1963,69.61,68.1963,69.2814,1618469,002354
2017-01-04,69.2416,71.183,68.9927,71.1233,2200083,002354
2017-01-05,71.1332,71.1332,70.3268,70.5359,1657040,002354
2017-01-06,70.8544,71.4617,69.4407,69.9485,1534146,002354
2017-01-09,69.6896,70.1775,69.152,69.5403,1206575,002354
2017-01-10,69.381,71.3224,69.2018,70.496,1787886,002354
2017-01-11,70.1177,70.4463,68.2859,68.2859,1852625,002354
2017-01-12,68.5746,69.0923,67.5989,67.7284,1658593,002354
2017-01-13,67.3003,67.9872,66.2052,67.2007,1807985,002354
2017-01-16,65.2096,66.474,60.4806,62.0039,4975000,002354
2017-01-17,61.7251,62.9696,60.4607,62.3025,2894262,002354
2017-01-18,61.7152,62.0337,60.391,60.62,2883075,002354
2017-01-19,60.4309,60.7295,58.3402,60.3014,3623939,002354
2017-01-20,59.7439,62.412,59.4353,61.6952,2170157,002354
2017-01-23,61.6255,63.099,61.3269,62.7306,1804298,002354
2017-01-24,62.5216,62.5216,60.3512,61.2373,1920173,002354
2017-01-25,61.6156,62.8401,61.5459,61.984,2008556,002354
2017-01-26,61.9541,63.9751,61.8247,63.7162,1968941,002354
2017-02-03,63.1687,63.2185,60.7096,60.9287,2964920,002354
2017-02-06,60.9585,62.8899,60.9287,62.7804,2279632,002354
2017-02-07,63.0193,63.0193,61.9043,62.6012,1200061,002354
2017-02-08,62.6211,63.0193,61.1079,62.7107,1392723,002354
2017-02-09,62.3523,63.7063,62.3523,63.2185,2022845,002354
2017-02-10,63.4972,63.8257,62.422,62.9198,1493826,002354
2017-02-13,62.4718,63.8755,62.4419,63.766,1872419,002354
2017-02-14,63.5171,64.5027,63.3379,64.2638,1547868,002354
2017-02-15,64.3932,64.6421,62.8202,63.2185,1847816,002354
2017-02-16,63.2583,63.6864,62.6112,63.3578,1310765,002354
2017-02-17,63.1985,63.3379,61.7848,62.2727,1340255,002354
2017-02-20,62.203,63.1189,61.8645,63.0492,1321079,002354
2017-02-21,62.8202,66.2948,62.8202,65.6078,3733719,002354
2017-02-22,64.9906,65.4087,64.214,65.0602,2885983,002354
2017-02-23,65.0105,67.589,64.9607,66.4441,3206545,002354
2017-02-24,66.0757,70.0879,66.0757,68.3556,6184917,002354
2017-02-27,68.5945,69.7494,67.9076,68.7737,2789123,002354
2017-02-28,68.5846,69.5204,67.7085,69.3412,2554738,002354
2017-03-01,70.3865,71.183,69.0823,69.3412,3072159,002354
2017-03-02,69.0923,69.2715,68.1166,68.3655,2020369,002354
2017-03-03,68.5646,70.3367,67.8976,69.6797,2413780,002354
2017-03-06,69.6896,70.7748,69.1919,70.048,2327379,002354
2017-03-07,70.3368,70.5259,68.7837,69.4905,1550484,002354
2017-03-08,69.4706,70.3368,68.8832,69.381,1157689,002354
2017-03-09,69.5403,70.1874,68.4153,68.9927,1560240,002354
2017-03-10,68.8932,70.735,68.6941,70.0381,2214889,002354
2017-03-13,69.9983,70.3567,68.7737,70.0082,2695059,002354
2017-03-14,70.1874,72.1786,69.9485,71.2328,4240143,002354
2017-03-15,72.1089,72.6763,69.4407,70.1177,8401107,002354
2017-03-16,69.6896,71.0834,69.6797,70.3168,4171080,002354
2017-03-17,70.4861,70.6752,69.1819,69.3014,2899970,002354
2017-03-20,69.2914,69.5602,68.1366,69.3113,2598578,002354
2017-03-21,69.2814,69.9485,68.9529,69.6598,1866338,002354
2017-03-22,69.3711,69.9883,68.3755,69.4905,2044332,002354
2017-03-23,69.4905,71.1631,69.381,69.7394,3019892,002354
2017-03-24,70.2472,70.2571,68.8932,69.3213,1721365,002354
2017-03-27,69.5005,69.6399,68.3954,68.4651,1412912,002354
2017-03-28,68.6941,68.9728,67.4695,67.6487,1785003,002354
2017-03-29,67.8976,67.9872,65.6078,66.2948,2731047,002354
2017-03-30,65.8866,66.1554,63.2185,64.0149,2649906,002354
2017-03-31,67.3401,67.3401,64.0149,64.891,6110984,002354
2017-04-05,65.8766,66.8622,64.9109,66.5237,3429684,002354
2017-04-06,66.5237,67.6686,66.2052,67.0016,2567399,002354
2017-04-07,66.8523,69.6598,66.8423,68.5846,4777959,002354
2017-04-10,68.5846,68.5945,65.9563,66.3844,3440732,002354
2017-04-11,66.7029,67.8976,66.2052,67.6985,2729484,002354
2017-04-12,67.7184,68.5746,66.6034,66.9518,1872470,002354
2017-04-13,66.7029,68.266,66.5835,67.3998,1488960,002354
2017-04-14,66.9419,68.6642,66.9419,67.9574,1942428,002354
2017-04-17,67.1908,67.6985,64.9707,65.4286,2370756,002354
2017-04-18,65.0105,65.7173,64.7218,64.9308,1595621,002354
2017-04-19,64.5326,64.9607,62.8302,64.8014,2258389,002354
2017-04-20,63.7561,64.7915,63.6167,64.2041,1863528,002354
2017-04-21,64.7118,66.922,64.7118,66.2748,2580916,002354
2017-04-24,68.256,69.1719,67.3501,67.6885,4410451,002354
2017-04-25,67.8777,69.2814,67.8777,68.5846,3434502,002354
2017-04-26,69.0425,69.3711,68.047,68.495,4071508,002354
2017-04-27,68.5746,69.9883,67.589,69.5702,5589345,002354
2017-04-28,69.5702,71.1332,69.2914,70.1476,5812530,002354
2017-05-02,69.3711,70.6155,68.8534,70.1576,3128946,002354
2017-05-03,70.1277,70.1576,67.3003,67.7981,4379170,002354
2017-05-04,67.8877,68.3456,67.1609,67.37,2579586,002354
2017-05-05,67.3003,69.2317,67.0016,68.2461,3580800,002354
2017-05-08,68.2859,70.3666,67.3998,67.4197,4796934,002354
2017-05-09,67.4496,67.4496,65.0403,66.7428,3827465,002354
2017-05-10,66.8622,68.3257,65.7074,66.006,3798782,002354
2017-05-11,65.7074,65.8866,62.3224,64.3235,5169286,002354
2017-05-12,22.7508,23.2197,21.4635,21.7529,14171071,002354
2017-05-15,21.5533,22.3716,21.5533,22.0722,8550566,002354
2017-05-16,21.9525,22.9304,21.6332,22.7807,9688476,002354
2017-05-17,22.7607,23.8783,22.631,23.1998,15364341,002354
2017-05-18,22.9503,23.5291,22.8406,22.9204,8609724,002354
2017-05-19,23.1499,23.5391,22.8605,22.9403,7332360,002354
2017-05-22,22.8106,23.1898,22.0024,22.0423,8575266,002354
2017-05-23,22.0822,22.2319,20.7451,20.805,12169476,002354
2017-05-24,20.6852,21.254,20.5056,21.1742,6337001,002354
2017-05-25,21.1043,21.4436,20.6054,21.254,9107802,002354
2017-05-26,20.9946,21.274,20.8449,20.8549,7232718,002354
2017-05-31,21.0544,21.1841,20.6553,20.6553,9947810,002354
2017-06-01,20.3559,20.3559,18.5898,18.5898,18828240,002354
2017-06-02,18.4401,19.2184,18.0709,19.0887,10880305,002354
2017-06-05,19.1286,19.4479,18.959,19.2783,7975580,002354
2017-06-06,19.1585,19.7073,19.1386,19.5477,7324446,002354
2017-06-07,19.5577,21.2041,19.4778,20.9546,15799185,002354
2017-06-08,20.8948,21.2839,20.6852,20.775,11269609,002354
2017-06-09,20.775,21.3438,20.7052,21.1343,10781647,002354
2017-06-12,20.8848,21.4136,20.785,21.1143,8508124,002354
2017-06-13,20.8848,21.0943,20.2861,20.9447,12288644,002354
2017-06-14,20.8349,20.8349,20.2961,20.3959,9875677,002354
2017-06-15,20.316,21.7429,20.2861,21.3538,15963190,002354
2017-06-16,21.3438,21.723,21.254,21.4037,9778381,002354
2017-06-19,21.3039,21.8727,21.1542,21.6432,11486217,002354
2017-06-20,21.6232,21.7429,21.2141,21.3737,9456078,002354
2017-06-21,21.4735,21.5334,21.0744,21.2241,6092473,002354
2017-06-22,21.1542,21.7629,21.1043,21.1343,8926547,002354
2017-06-23,20.9646,21.3338,20.6553,21.0045,7410134,002354
2017-06-26,21.0045,21.8028,20.9048,21.8028,8672998,002354
2017-06-27,21.8028,22.3317,21.733,21.9026,9846058,002354
2017-06-28,21.9126,21.9225,21.3638,21.4635,6921189,002354
2017-06-29,21.5035,21.8028,21.4735,21.6032,4889190,002354
2017-06-30,21.6032,21.6132,21.254,21.4536,5018761,002354
2017-07-03,21.4735,21.9126,21.3538,21.8926,6139564,002354
2017-07-04,21.9225,22.0423,21.4835,21.6132,5562245,002354
2017-07-05,21.4735,21.5833,21.1043,21.5533,8270059,002354
2017-07-06,21.4536,21.5533,21.1143,21.2141,6252935,002354
2017-07-07,21.2141,21.6432,21.2141,21.4236,5691853,002354
2017-07-10,21.3538,21.693,21.1642,21.1742,6403210,002354
2017-07-11,21.1143,21.3039,20.3759,20.4457,7750370,002354
2017-07-12,20.4158,20.785,19.9867,20.6752,8546308,002354
2017-07-13,20.4557,20.4857,19.9668,20.1564,6654175,002354
2017-07-14,20.0666,20.5256,20.0666,20.2262,4791984,002354
2017-07-17,20.1464,20.1464,18.47,18.9789,10220337,002354
2017-07-18,18.9789,19.418,18.6596,19.1984,4779151,002354
2017-07-19,19.2683,19.5178,19.0388,19.4479,4914962,002354
2017-07-20,19.418,19.8171,19.3481,19.4878,5037256,002354
2017-07-21,19.3781,19.7971,19.3681,19.4479,4388006,002354
2017-07-24,19.3282,19.7872,19.3182,19.6874,4967631,002354
2017-07-25,19.6874,20.4058,19.6076,20.2861,8591965,002354
2017-07-26,20.4058,21.1243,20.4058,20.6553,10519276,002354
2017-07-27,20.6553,21.6831,20.2661,21.3538,16266979,002354
2017-07-28,21.5533,21.5533,20.9546,21.0744,10666015,002354
2017-07-31,21.0544,21.6432,20.9646,21.5933,10909472,002354
2017-08-01,21.4336,21.6332,21.0345,21.2041,9052712,002354
2017-08-02,21.2041,21.6432,21.1542,21.2839,10305317,002354
2017-08-03,21.3438,22.0423,21.0744,21.9325,13505575,002354
2017-08-04,21.8527,22.0423,20.9846,21.0345,14015983,002354
2017-08-07,21.0045,21.0145,20.5056,20.7052,10416028,002354
2017-08-08,20.7251,21.0245,20.4557,20.9646,7262715,002354
2017-08-09,20.9546,21.3837,20.6154,21.1343,8316676,002354
2017-08-10,21.0444,21.3139,20.5655,20.6154,7198467,002354
2017-08-11,20.6054,22.1521,20.2661,21.4536,18894033,002354
2017-08-14,21.5733,22.3017,21.4536,21.9824,15010252,002354
2017-08-15,21.9325,22.1121,21.6631,21.9924,9009014,002354
2017-08-16,21.9026,22.4913,21.6731,22.0323,14078561,002354
2017-08-17,21.9625,21.9824,20.4557,21.1343,27412263,002354
2017-08-18,20.8349,20.8449,20.4457,20.4956,12122152,002354
2017-08-21,20.4657,20.785,20.4557,20.6453,6704768,002354
2017-08-22,20.5854,20.8249,20.5056,20.6653,6678666,002354
2017-08-23,20.6752,20.775,19.7772,19.877,13730965,002354
2017-08-24,19.877,19.9867,19.5676,19.857,7043949,002354
2017-08-25,19.857,20.4158,19.7872,20.2961,7923322,002354
2017-08-28,20.4557,20.6553,20.2761,20.4358,7769433,002354
2017-08-29,20.4557,21.0345,20.4058,20.9447,10087776,002354
2017-08-30,21.3638,21.6432,20.8848,20.9147,14276272,002354
2017-08-31,20.8848,21.3238,20.5156,21.1343,10761769,002354
2017-09-01,21.1542,21.1941,20.6852,20.9646,11502149,002354
2017-09-04,20.9447,20.9546,20.6054,20.8249,9697799,002354
2017-09-05,20.7651,21.3438,20.6353,21.0943,13139098,002354
2017-09-06,20.9546,21.0045,20.6752,20.9646,10290176,002354
2017-09-07,20.9546,21.5733,20.8149,21.1841,14390261,002354
2017-09-08,21.4336,22.0323,21.3139,21.6831,17207807,002354
2017-09-11,21.6332,21.6332,21.264,21.5533,10567081,002354
2017-09-12,21.5633,21.5733,20.9746,21.0345,10995041,002354
2017-09-13,20.9447,21.254,20.7551,21.1043,7663994,002354
2017-09-14,20.9546,21.1243,20.785,20.785,6825230,002354
2017-09-15,20.7451,20.9147,20.4158,20.6254,7762307,002354
2017-09-18,20.6254,21.1343,20.5854,21.0444,7370956,002354
2017-09-19,21.0145,21.1143,20.775,20.8349,5703561,002354
2017-09-20,20.6752,20.805,20.4956,20.6553,6614123,002354
2017-09-21,20.6453,20.775,20.306,20.306,7380766,002354
2017-09-22,20.2362,20.3759,19.9768,20.3759,7385070,002354
2017-09-25,20.2162,20.306,19.9468,19.9867,5114676,002354
2017-09-26,19.9169,20.0666,19.8271,19.9867,3913352,002354
2017-09-27,20.1364,20.3959,19.9867,20.316,4426066,002354
2017-09-28,20.2063,20.346,19.9568,19.9568,5078047,002354
2017-09-29,20.0167,20.2063,19.9668,20.0366,4000356,002354
2017-10-09,20.2761,20.7251,20.2661,20.6353,10471677,002354
2017-10-10,20.7052,20.9048,20.4557,20.8948,9423056,002354
2017-10-11,20.9048,21.3338,20.8249,20.9946,11184073,002354
2017-10-12,20.9546,21.3039,20.8249,21.1542,8646496,002354
2017-10-13,21.1642,21.4136,21.1043,21.244,8327191,002354
2017-10-16,21.0744,21.703,20.805,20.8349,10419585,002354
2017-10-17,20.805,21.6032,20.6852,21.5134,12510972,002354
2017-10-18,21.3538,21.4935,20.8748,21.234,10333689,002354
2017-10-19,21.1343,21.6232,21.0145,21.5533,13493341,002354
2017-10-20,21.4536,22.3017,21.3837,21.8826,23377943,002354
2017-10-23,21.7629,22.1022,21.5633,21.8028,12379231,002354
2017-10-24,21.7928,22.1022,21.3139,21.9425,11836923,002354
2017-10-25,21.8926,22.0323,21.6132,21.8028,8517114,002354
2017-10-26,21.4436,21.4436,20.7651,20.9646,26493904,002354
2017-10-27,20.7651,21.234,20.7152,21.2141,13327541,002354
2017-10-30,21.0544,21.3937,20.5555,20.785,12277379,002354
2017-10-31,20.6553,20.8948,20.3659,20.805,7860554,002354
2017-11-01,20.7651,20.8848,20.5156,20.6852,10265554,002354
2017-11-02,20.5755,21.3538,20.4058,21.0943,19286679,002354
2017-11-03,21.0045,21.1542,20.4956,20.7551,10221110,002354
2017-11-06,20.7251,20.8549,20.2661,20.7052,10286060,002354
2017-11-07,20.6653,20.8449,20.4657,20.7052,9711667,002354
2017-11-08,20.6752,20.6752,20.4158,20.4358,11780176,002354
2017-11-09,20.3559,20.3559,20.0167,20.0865,14514045,002354
2017-11-10,20.0965,20.316,20.0666,20.1364,9339986,002354
2017-11-13,20.2162,20.346,19.9368,19.9867,9694568,002354
2017-11-14,19.9069,19.9069,18.9091,19.2084,19496572,002354
2017-11-15,19.0089,19.2982,18.9889,19.2483,6700492,002354
2017-11-16,19.2783,19.3282,19.1186,19.1186,5075850,002354
2017-11-17,19.0787,19.1386,18.2206,18.2804,10455555,002354
2017-11-20,17.7316,18.2804,17.6219,18.2804,12288501,002354
2017-11-21,18.031,18.5498,17.9511,18.5399,12122665,002354
2017-11-22,18.5099,18.8093,18.3203,18.8093,7534638,002354
2017-11-23,18.7594,18.9091,18.3004,18.7494,8647752,002354
2017-11-24,18.5997,18.8093,18.5997,18.8093,4933505,002354
2017-11-27,18.8193,18.919,18.5498,18.919,6561075,002354
2017-11-28,18.8292,18.8891,18.6397,18.8592,6148712,002354
2017-11-29,18.7694,18.8093,18.3104,18.7893,6127568,002354
2017-11-30,18.6097,18.7594,18.48,18.7095,5737542,002354
2017-12-01,18.5598,19.1585,18.4501,19.1186,12412373,002354
2017-12-04,18.959,19.3182,18.8891,19.0687,11347370,002354
2017-12-05,18.959,19.0488,18.3104,18.5798,8270173,002354
2017-12-06,18.4102,18.6895,18.3802,18.6197,4200605,002354
2017-12-07,18.5698,18.8791,18.5698,18.6596,7502791,002354
2017-12-08,18.9689,19.3481,18.8492,19.1186,14944486,002354
2017-12-11,19.1685,19.3681,19.0787,19.2483,8930215,002354
2017-12-12,19.1885,19.2084,18.7694,18.7694,6863667,002354
2017-12-13,18.6596,18.8093,18.49,18.7794,5704940,002354
2017-12-14,18.6297,18.7394,18.2206,18.46,8287549,002354
2017-12-15,18.3303,18.4301,18.011,18.3403,5965223,002354
2017-12-18,18.3702,18.4002,18.0509,18.3403,5221844,002354
2017-12-19,18.2106,18.4002,18.1208,18.3902,5136493,002354
2017-12-20,18.3303,18.3702,17.8613,17.9412,6132340,002354
2017-12-21,17.8514,17.9013,17.5819,17.7017,5084471,002354
2017-12-22,17.6917,17.8015,17.4422,17.4422,6087220,002354
2017-12-25,17.4422,17.4522,16.8136,16.9633,8807963,002354
2017-12-26,16.9932,17.0631,16.8535,17.0132,6150154,002354
2017-12-27,17.0132,17.0531,16.7238,16.9134,6552540,002354
2017-12-28,16.8136,17.3025,16.7837,17.093,8480571,002354
2017-12-29,16.9533,17.093,16.7637,17.0631,6931852,002354
2018-01-02,17.0032,17.2127,16.9234,17.1229,5823640,002354
2018-01-03,17.113,17.4522,17.083,17.4223,9028845,002354
2018-01-04,17.4622,17.7017,17.3325,17.4522,7041347,002354
2018-01-05,17.3524,17.5819,17.3225,17.4522,5417594,002354
2018-01-08,17.4422,17.4622,17.1629,17.3524,5712454,002354
2018-01-09,17.2826,17.6418,17.2028,17.4123,7258143,002354
2018-01-10,17.3125,17.4023,17.0132,17.1229,7718858,002354
2018-01-11,17.0431,17.8214,16.8236,17.7516,12390551,002354
2018-01-12,17.7516,18.8392,17.6717,17.8015,14294458,002354
2018-01-15,17.9212,17.9212,17.3624,17.6318,9452393,002354
2018-01-16,17.552,17.8514,17.4023,17.6318,10820913,002354
2018-01-17,17.4123,17.4223,16.8635,17.2227,9093114,002354
2018-01-18,17.1329,17.3225,17.0431,17.0631,5911110,002354
2018-01-19,17.0531,17.2227,16.8934,17.0631,7347845,002354
2018-01-22,16.9633,17.5221,16.8835,17.4023,10188698,002354
2018-01-23,17.4422,17.5819,17.1928,17.2726,5418497,002354
2018-01-24,17.2427,18.0908,17.103,18.041,19616769,002354
2018-01-25,17.9611,18.5199,17.7616,17.8414,20523670,002354
2018-01-26,17.7316,18.1407,17.6917,18.031,7828474,002354
2018-01-29,17.9312,18.1008,17.562,17.6019,8748596,002354
2018-01-30,17.6019,18.0409,17.5819,17.9611,8623059,002354
2018-01-31,17.8214,17.8214,17.083,17.2127,12112756,002354
2018-02-01,17.083,17.3025,16.3047,16.3646,11582639,002354
2018-02-02,16.4444,16.7038,16.1451,16.3147,8516853,002354
2018-02-05,16.1151,16.5442,15.9654,16.2947,6767036,002354
2018-02-06,15.9654,16.0552,14.9476,14.9676,11052477,002354
2018-02-07,15.3867,15.5164,14.778,15.237,9320979,002354
2018-02-08,15.237,15.6262,15.237,15.4665,8238099,002354
2018-02-09,14.9676,15.1472,14.3988,15.0175,11367074,002354
2018-02-12,15.0574,15.3168,14.8778,15.1971,9663442,002354
2018-02-13,15.2071,15.4366,14.9876,15.0674,7359054,002354
2018-02-14,15.0674,15.1173,14.798,15.1173,5620663,002354
2018-02-22,15.2171,15.3168,15.0973,15.267,6079030,002354
2018-02-23,15.267,15.267,15.0674,15.1372,5305896,002354
2018-02-26,15.4266,16.0552,15.2869,16.0054,14582895,002354
2018-02-27,16.1051,16.1949,15.9455,16.0153,11963605,002354
2018-02-28,16.155,17.6219,16.0353,17.0132,26454275,002354
2018-03-01,16.8835,17.2127,16.624,17.083,15798151,002354
2018-03-02,16.8735,17.4023,16.8136,16.9134,12561323,002354
2018-03-05,17.0132,17.1429,16.6839,17.0232,8998902,002354
2018-03-06,17.3025,17.4921,16.8036,17.0431,18538582,002354
2018-03-07,16.8136,16.8236,16.5342,16.5442,13107876,002354
2018-03-08,16.4743,16.7737,16.4743,16.7138,9456989,002354
2018-03-09,17.4023,18.2206,17.1728,17.8214,33545057,002354
2018-03-12,18.2106,19.0887,17.8214,18.9889,39980175,002354
2018-03-13,18.959,19.0388,18.5199,18.7494,28591838,002354
2018-03-14,18.6097,18.6696,18.2106,18.3303,18840379,002354
2018-03-15,18.5498,18.7295,17.7316,18.46,21686641,002354
2018-03-16,18.3802,19.4279,18.2705,18.7394,36628037,002354
2018-03-19,18.49,18.6197,18.0809,18.3403,18448976,002354
2018-03-20,18.0609,18.1208,17.4023,17.7216,21053586,002354
2018-03-21,17.7017,18.0809,17.3125,17.3624,17265893,002354
2018-03-22,17.2626,17.9112,17.2626,17.4622,13516909,002354
2018-03-23,16.7637,16.9034,15.716,15.9156,24171356,002354
2018-03-26,15.726,16.2448,15.3867,16.2249,13918179,002354
2018-03-27,16.4444,16.8136,16.3646,16.7138,15584043,002354
2018-03-28,16.4145,16.8835,16.3346,16.4444,11816366,002354
2018-03-29,16.4644,16.7637,16.3945,16.5641,10753185,002354
2018-03-30,16.654,17.0631,16.5741,17.0631,16110164,002354
2018-04-02,17.2527,17.3025,16.7637,16.8336,14737442,002354
2018-04-03,16.3746,16.4743,15.9455,16.2149,16454317,002354
2018-04-04,16.2249,16.3346,15.9854,16.0353,8607966,002354
2018-04-09,16.0153,16.155,15.7659,15.8257,11067225,002354
2018-04-10,15.706,16.1151,15.1572,16.0952,18303699,002354
2018-04-11,15.9754,16.2249,15.9255,15.9754,11407055,002354
2018-04-12,15.9455,16.0153,15.696,15.726,7618419,002354
2018-04-13,15.8158,16.1351,15.7858,15.8856,6952507,002354
2018-04-16,15.9156,15.9854,15.3468,15.4665,8340919,002354
2018-04-17,15.5464,15.6162,14.9277,14.9377,10770381,002354
2018-04-18,15.0674,15.3069,14.4487,15.2769,14514665,002354
2018-04-19,15.1572,15.5364,15.0175,15.257,10695759,002354
2018-04-20,15.0674,15.4665,14.9077,14.9576,8568285,002354
2018-04-23,14.9676,15.0873,14.5186,14.6683,9169806,002354
2018-04-24,14.7181,15.1572,14.6583,15.0175,11116292,002354
2018-04-25,14.9177,15.1372,14.8079,14.9177,8623277,002354
2018-04-26,14.9676,14.9975,14.0995,14.4787,14867749,002354
2018-04-27,14.4088,14.5585,14.2092,14.4587,10202940,002354
2018-05-02,13.84,13.9398,13.0118,13.0118,23971366,002354
2018-05-03,12.9719,13.2912,12.7923,13.2314,12643481,002354
2018-05-04,13.1316,13.4609,13.1316,13.3212,10513318,002354
2018-05-07,13.2713,13.4609,13.0717,13.1116,16975236,002354
2018-05-08,13.1615,13.6305,13.1116,13.5606,18670356,002354
2018-05-09,13.4708,13.6006,13.1316,13.2413,12991928,002354
2018-05-10,13.2413,13.3511,13.0118,13.1715,10221481,002354
2018-05-11,13.1715,13.1715,13.1715,13.1715,0,002354
2018-05-14,13.1715,13.1715,13.1715,13.1715,0,002354
2018-05-15,13.1715,13.1715,13.1715,13.1715,0,002354
2018-05-16,13.1715,13.1715,13.1715,13.1715,0,002354
2018-05-17,13.1715,13.1715,13.1715,13.1715,0,002354
2018-05-18,13.1715,13.1715,13.1715,13.1715,0,002354
2018-05-21,13.1715,13.1715,13.1715,13.1715,0,002354
2018-05-22,13.1715,13.1715,13.1715,13.1715,0,002354
2018-05-23,13.1715,13.1715,13.1715,13.1715,0,002354
2018-05-24,13.1715,13.1715,13.1715,13.1715,0,002354
2018-05-25,11.9841,12.3133,11.8543,11.8543,14885112,002354
2018-05-28,11.2756,11.4153,10.6669,10.9563,40379644,002354
2018-05-29,10.6869,10.8266,10.5272,10.637,19040233,002354
2018-05-30,10.3775,10.7467,10.178,10.2778,15997520,002354
2018-05-31,10.4673,10.6569,10.2778,10.4075,14677762,002354
2018-06-01,10.2877,10.5372,10.1879,10.2778,13039541,002354
2018-06-04,10.3276,10.5272,10.158,10.4274,12036081,002354
2018-06-05,10.4773,10.5472,10.3476,10.5272,10204560,002354
2018-06-06,10.5671,10.7368,10.5073,10.607,12641912,002354
2018-06-07,10.627,10.627,10.4075,10.4274,8596309,002354
2018-06-08,10.3376,10.4175,10.0482,10.1979,10987251,002354
2018-06-11,10.1281,10.3975,10.1281,10.2079,8601560,002354
2018-06-12,10.2578,10.3576,10.1281,10.3376,7656958,002354
2018-06-13,10.3077,10.3077,9.9285,9.9584,10579913,002354
2018-06-14,9.9185,10.2478,9.8587,10.1181,10486216,002354
2018-06-15,10.1081,10.168,9.709,9.7788,10540913,002354
2018-06-19,9.6292,9.6591,8.801,8.801,15543372,002354
2018-06-20,8.6812,9.0005,8.6114,8.8908,10810913,002354
2018-06-21,8.8808,8.9207,8.6413,8.6413,9783205,002354
2018-06-22,8.5914,9.5094,8.5415,9.3198,28165737,002354
2018-06-25,9.2799,9.2899,9.0005,9.0105,16001650,002354
2018-06-26,8.8808,9.4296,8.801,9.2799,16823311,002354
2018-06-27,9.0105,9.0205,8.7111,8.8109,19559671,002354
2018-06-28,8.8109,8.9606,8.7411,8.761,9831260,002354
2018-06-29,8.8009,9.3298,8.6213,9.24,18304839,002354
2018-07-02,9.23,9.27,8.94,9.07,10992893,002354
2018-07-03,9.05,9.32,8.95,9.29,13989499,002354
2018-07-04,9.2,9.24,8.9,8.95,11540950,002354
2018-07-05,8.9,9.02,8.6,8.62,11372242,002354
2018-07-06,8.62,8.95,8.45,8.82,13208189,002354
2018-07-09,8.8,9.05,8.77,9.0,9895730,002354
2018-07-10,8.94,9.01,8.83,8.94,9884155,002354
2018-07-11,8.81,8.82,8.09,8.26,22200043,002354
2018-07-12,8.25,8.61,8.22,8.5,16017965,002354
2018-07-13,8.59,9.35,8.51,9.25,37407309,002354
2018-07-16,8.73,8.75,8.33,8.34,40908966,002354
2018-07-17,8.39,8.5,8.26,8.46,18365347,002354
2018-07-18,8.44,8.51,8.25,8.27,16381109,002354
2018-07-19,8.25,8.3,7.98,8.05,16594023,002354
2018-07-20,8.02,8.17,7.9,8.12,12392137,002354
2018-07-23,8.08,8.22,8.02,8.22,10576280,002354
2018-07-24,8.16,8.45,8.13,8.39,16171277,002354
2018-07-25,8.39,8.89,8.38,8.84,36508822,002354
2018-07-26,8.9,8.9,8.56,8.71,26191459,002354
2018-07-27,8.65,8.68,8.44,8.45,15500065,002354
2018-07-30,8.34,8.46,8.16,8.2,12167991,002354
2018-07-31,8.19,8.31,8.18,8.23,7912834,002354
2018-08-01,8.2,8.28,8.03,8.04,10458351,002354
2018-08-02,8.01,8.05,7.42,7.62,15836814,002354
2018-08-03,7.62,7.68,7.52,7.54,7608519,002354
2018-08-06,7.47,7.57,7.37,7.46,11102574,002354
2018-08-07,7.48,7.69,7.38,7.69,12257528,002354
2018-08-08,7.62,7.75,7.51,7.53,10053699,002354
2018-08-09,7.5,7.8,7.48,7.7,10504647,002354
2018-08-10,7.71,7.76,7.65,7.74,8590771,002354
2018-08-13,7.58,7.95,7.56,7.82,10190480,002354
2018-08-14,7.77,7.81,7.7,7.75,5919099,002354
2018-08-15,7.73,7.76,7.52,7.52,6610546,002354
2018-08-16,7.41,7.52,7.32,7.41,6671191,002354
2018-08-17,7.46,7.54,7.31,7.39,7339482,002354
2018-08-20,7.32,7.44,7.2,7.41,6835332,002354
2018-08-21,7.41,7.46,7.33,7.44,6445878,002354
2018-08-22,7.42,7.42,7.25,7.28,6315135,002354
2018-08-23,7.27,7.36,7.26,7.3,4856363,002354
2018-08-24,7.29,7.4,7.25,7.34,6593135,002354
2018-08-27,7.37,7.52,7.33,7.49,7601928,002354
2018-08-28,7.48,7.55,7.42,7.46,8217417,002354
2018-08-29,7.41,7.62,7.41,7.49,10300586,002354
2018-08-30,7.45,7.49,7.19,7.2,12807790,002354
2018-08-31,7.1,7.1,6.84,6.87,14142149,002354
2018-09-03,6.82,6.83,6.64,6.79,10077466,002354
2018-09-04,6.74,7.05,6.74,6.99,10810599,002354
2018-09-05,6.97,7.15,6.93,6.98,12335750,002354
2018-09-06,6.93,7.09,6.89,6.98,8652860,002354
2018-09-07,6.98,7.11,6.9,6.97,8524577,002354
2018-09-10,6.93,6.93,6.69,6.72,8741621,002354
2018-09-11,6.71,6.88,6.68,6.81,9850852,002354
2018-09-12,6.8,7.45,6.78,7.08,24752326,002354
2018-09-13,6.88,6.96,6.75,6.95,22263305,002354
2018-09-14,6.92,6.95,6.7,6.7,14389424,002354
2018-09-17,6.67,6.67,6.18,6.28,21405895,002354
2018-09-18,6.27,6.46,6.25,6.46,12433213,002354
2018-09-19,6.44,6.6,6.4,6.51,13696299,002354
2018-09-20,6.5,6.78,6.5,6.56,15988760,002354
2018-09-21,6.55,6.74,6.55,6.68,13115116,002354
2018-09-25,6.49,6.6,6.4,6.54,11674136,002354
2018-09-26,6.57,7.08,6.54,6.68,20165003,002354
2018-09-27,6.79,6.84,6.51,6.55,16412158,002354
2018-09-28,6.52,6.54,6.4,6.48,13474437,002354
2018-10-08,6.2,6.26,6.1,6.1,14454201,002354
2018-10-09,6.16,6.23,6.07,6.15,9406357,002354
2018-10-10,6.17,6.18,5.98,6.08,9969155,002354
2018-10-11,5.87,5.89,5.47,5.47,17779255,002354
2018-10-12,5.33,5.42,5.1,5.31,16104737,002354
2018-10-15,5.34,5.44,5.18,5.21,9601725,002354
2018-10-16,5.15,5.34,5.09,5.11,11611884,002354
2018-10-17,5.2,5.24,4.99,5.17,12264422,002354
2018-10-18,5.15,5.15,4.88,4.94,11527106,002354
2018-10-19,4.8,5.05,4.79,5.03,15887968,002354
2018-10-22,5.06,5.42,5.03,5.33,20632914,002354
2018-10-23,5.31,5.43,5.18,5.25,17021796,002354
2018-10-24,5.22,5.36,5.19,5.24,10344380,002354
2018-10-25,5.02,5.21,4.96,5.19,14147304,002354
2018-10-26,5.22,5.4,5.21,5.29,14754950,002354
2018-10-29,5.15,5.27,5.1,5.1,11466703,002354
2018-10-30,5.1,5.28,5.09,5.28,13343413,002354
2018-10-31,5.31,5.46,5.26,5.33,14152079,002354
2018-11-01,5.35,5.61,5.34,5.38,20314931,002354
2018-11-02,5.43,5.57,5.38,5.55,20052838,002354
2018-11-05,5.64,5.79,5.54,5.68,27891862,002354
2018-11-06,5.65,6.09,5.47,5.95,39092266,002354
2018-11-07,5.86,5.91,5.73,5.76,25816913,002354
2018-11-08,5.78,5.82,5.66,5.71,18422919,002354
2018-11-09,5.67,5.76,5.62,5.68,10641779,002354
2018-11-12,5.69,6.15,5.69,6.07,34396639,002354
2018-11-13,5.95,6.5,5.92,6.39,44861111,002354
2018-11-14,6.31,6.62,6.28,6.41,38327491,002354
2018-11-15,6.38,7.05,6.38,7.05,54585863,002354
2018-11-16,6.87,7.24,6.6,6.89,64495518,002354
2018-11-19,6.88,7.03,6.72,6.81,32939548,002354
2018-11-20,6.69,6.75,6.46,6.52,28755895,002354
2018-11-21,6.37,6.65,6.37,6.64,21745415,002354
2018-11-22,6.5,6.61,6.31,6.56,30860962,002354
2018-11-23,6.44,6.48,5.96,6.06,32267587,002354
2018-11-26,6.03,6.11,5.91,6.01,16064002,002354
2018-11-27,6.07,6.15,5.99,6.09,17242278,002354
2018-11-28,6.11,6.43,6.11,6.4,37339248,002354
2018-11-29,6.35,6.43,6.05,6.07,27142219,002354
2018-11-30,6.0,6.1,5.81,6.04,17231625,002354
2018-12-03,6.17,6.46,6.16,6.33,29418596,002354
2018-12-04,6.35,6.46,6.28,6.41,25056552,002354
2018-12-05,6.25,6.42,6.21,6.28,18479785,002354
2018-12-06,6.26,6.36,6.11,6.14,16489921,002354
2018-12-07,6.14,6.21,6.1,6.16,11505666,002354
2018-12-10,6.0,6.07,5.86,5.99,17718035,002354
2018-12-11,6.0,6.03,5.92,5.97,12815671,002354
2018-12-12,5.97,6.03,5.86,5.88,14584736,002354
2018-12-13,5.89,6.01,5.85,5.94,12629736,002354
2018-12-14,5.94,5.97,5.61,5.62,20474366,002354
2018-12-17,5.63,5.7,5.54,5.67,9289168,002354
2018-12-18,5.62,5.72,5.54,5.69,9281813,002354
2018-12-19,5.65,5.68,5.53,5.56,11332829,002354
2018-12-20,5.5,5.62,5.47,5.57,11562136,002354
2018-12-21,5.55,5.79,5.52,5.69,21646122,002354
2018-12-24,5.63,5.66,5.5,5.59,14545500,002354
2018-12-25,5.51,5.52,5.1,5.3,20258236,002354
2018-12-26,5.27,5.37,5.22,5.25,12954260,002354
2018-12-27,5.37,5.38,5.11,5.11,15406796,002354
2018-12-28,5.15,5.29,5.12,5.24,12574347,002354
2019-01-02,5.27,5.34,5.2,5.27,10239297,002354
2019-01-03,5.29,5.32,5.18,5.19,9557254,002354
2019-01-04,5.12,5.39,5.06,5.37,18188929,002354
2019-01-07,5.39,5.49,5.36,5.47,13548635,002354
2019-01-08,5.47,5.63,5.42,5.51,17579399,002354
2019-01-09,5.49,5.59,5.44,5.48,17501266,002354
2019-01-10,5.47,5.57,5.43,5.46,12422280,002354
2019-01-11,5.46,5.56,5.45,5.55,11412012,002354
2019-01-14,5.56,5.57,5.44,5.48,9808588,002354
2019-01-15,5.47,5.56,5.44,5.56,10414165,002354
2019-01-16,5.52,5.61,5.49,5.52,10573242,002354
2019-01-17,5.52,5.52,5.38,5.42,12391788,002354
2019-01-18,5.43,5.46,5.32,5.4,10344964,002354
2019-01-21,5.4,5.52,5.39,5.46,10365197,002354
2019-01-22,5.46,5.55,5.31,5.35,11281319,002354
2019-01-23,5.32,5.35,5.22,5.28,8290335,002354
2019-01-24,5.27,5.34,5.14,5.28,10378694,002354
2019-01-25,5.3,5.3,5.14,5.17,10255338,002354
2019-01-28,5.21,5.21,5.02,5.02,13672366,002354
2019-01-29,4.98,4.99,4.65,4.79,18718275,002354
2019-01-30,4.71,4.86,4.7,4.73,10837920,002354
2019-01-31,4.26,4.26,4.26,4.26,2145400,002354
2019-02-01,3.83,4.05,3.83,3.97,57984007,002354
2019-02-11,3.95,4.12,3.85,4.11,45442852,002354
2019-02-12,4.08,4.42,4.06,4.27,43182197,002354
2019-02-13,4.26,4.48,4.22,4.38,34401485,002354
2019-02-14,4.36,4.46,4.32,4.4,22778818,002354
2019-02-15,4.39,4.75,4.34,4.53,49472527,002354
2019-02-18,4.53,4.69,4.47,4.67,40998224,002354
2019-02-19,4.66,4.94,4.61,4.93,43649040,002354
2019-02-20,4.9,4.9,4.75,4.85,31637567,002354
2019-02-21,4.78,4.88,4.67,4.74,31449005,002354
2019-02-22,4.7,4.95,4.67,4.9,31037025,002354
2019-02-25,4.93,5.26,4.93,5.24,46777873,002354
2019-02-26,5.22,5.5,5.13,5.29,48259943,002354
2019-02-27,5.35,5.8,5.3,5.68,71939766,002354
2019-02-28,5.5,5.66,5.21,5.55,66694785,002354
2019-03-01,5.55,5.63,5.3,5.43,58140117,002354
2019-03-04,5.5,5.81,5.34,5.44,84679471,002354
2019-03-05,5.37,5.77,5.34,5.73,78288612,002354
2019-03-06,5.64,6.05,5.62,5.95,70857217,002354
2019-03-07,5.91,6.55,5.78,6.26,89886483,002354
2019-03-08,6.02,6.51,5.93,5.94,66429493,002354
2019-03-11,5.93,6.15,5.73,6.14,53688179,002354
2019-03-12,6.16,6.45,6.05,6.29,74239710,002354
2019-03-13,6.21,6.22,5.81,5.9,48723782,002354
2019-03-14,5.81,5.9,5.44,5.61,43343360,002354
2019-03-15,5.74,5.89,5.67,5.79,34403266,002354
2019-03-18,5.77,5.88,5.67,5.88,22687864,002354
2019-03-19,5.87,6.19,5.84,5.9,43588475,002354
2019-03-20,5.86,6.13,5.82,6.0,35064587,002354
2019-03-21,6.0,6.53,5.89,6.31,76450200,002354
2019-03-22,6.22,6.26,5.95,6.13,53838275,002354
2019-03-25,5.98,6.12,5.86,5.95,32007380,002354
2019-03-26,5.91,6.06,5.58,5.61,31344965,002354
2019-03-27,5.61,5.69,5.45,5.68,22997592,002354
2019-03-28,5.61,5.77,5.48,5.49,23704921,002354
2019-03-29,5.46,5.65,5.41,5.65,25871809,002354
2019-04-01,5.71,5.94,5.71,5.88,26965595,002354
2019-04-02,5.93,6.06,5.87,5.94,30059955,002354
2019-04-03,5.88,6.53,5.85,6.25,69797906,002354
2019-04-04,6.2,6.26,5.97,6.07,54761163,002354
2019-04-08,6.02,6.06,5.7,5.81,41369749,002354
2019-04-09,5.79,5.91,5.72,5.86,24066980,002354
2019-04-10,5.85,6.14,5.65,6.0,38851540,002354
2019-04-11,5.95,6.15,5.85,5.95,28624943,002354
2019-04-12,5.95,5.99,5.65,5.76,26254824,002354
2019-04-15,5.79,5.88,5.63,5.65,18497019,002354
2019-04-16,5.56,5.77,5.47,5.77,23127919,002354
2019-04-17,5.75,6.07,5.68,5.98,37678113,002354
2019-04-18,5.93,6.02,5.83,5.9,22473734,002354
2019-04-19,5.89,6.04,5.88,5.96,23729801,002354
2019-04-22,6.05,6.17,5.81,5.82,37059041,002354
2019-04-23,5.71,5.8,5.57,5.63,29437318,002354
2019-04-24,5.64,5.72,5.55,5.71,20165275,002354
2019-04-25,5.6,5.65,5.14,5.14,45203765,002354
2019-04-26,5.01,5.06,4.72,4.75,37693817,002354
2019-05-06,4.55,4.68,4.26,4.32,25878701,002354
2019-05-07,4.32,4.57,4.32,4.45,18639118,002354
2019-05-08,4.35,4.48,4.25,4.37,16368072,002354
2019-05-09,4.37,4.45,4.27,4.31,15067397,002354
2019-05-10,4.35,4.43,4.22,4.41,18908428,002354
2019-05-13,4.38,4.42,4.22,4.24,15945746,002354
2019-05-14,4.25,4.37,4.15,4.28,17362945,002354
2019-05-15,4.32,4.37,4.29,4.34,12571016,002354
2019-05-16,4.4,4.4,4.3,4.34,14390076,002354
2019-05-17,4.38,4.38,3.98,4.02,24393750,002354
2019-05-20,4.03,4.05,3.87,3.98,18234914,002354
2019-05-21,3.99,4.17,3.99,4.13,15453555,002354
2019-05-22,4.15,4.17,3.94,3.99,17165032,002354
2019-05-23,4.02,4.05,3.86,3.9,15354990,002354
2019-05-24,3.89,3.93,3.76,3.87,11579607,002354
2019-05-27,3.88,3.96,3.77,3.95,12827893,002354
2019-05-28,3.95,3.97,3.85,3.88,11626782,002354
2019-05-29,3.87,3.92,3.82,3.85,10666600,002354
2019-05-30,3.81,3.82,3.61,3.69,22411082,002354
2019-05-31,3.68,3.9,3.65,3.82,25771898,002354
2019-06-03,3.89,3.89,3.64,3.66,15576401,002354
2019-06-04,3.66,3.72,3.56,3.63,12620700,002354
2019-06-05,3.65,3.7,3.52,3.52,12463899,002354
2019-06-06,3.55,3.55,3.31,3.34,19125823,002354
2019-06-10,3.35,3.58,3.35,3.54,21132996,002354
2019-06-11,3.59,3.69,3.51,3.66,16066450,002354
2019-06-12,3.67,3.77,3.56,3.59,14465131,002354
2019-06-13,3.61,3.73,3.55,3.69,17236825,002354
2019-06-14,3.7,3.82,3.6,3.62,20417173,002354
2019-06-17,3.64,3.65,3.47,3.56,18313447,002354
2019-06-18,3.57,3.77,3.54,3.62,25172720,002354
2019-06-19,3.61,3.84,3.61,3.75,28100154,002354
2019-06-20,3.77,3.79,3.64,3.72,22416749,002354
2019-06-21,3.79,3.93,3.77,3.86,26448708,002354
2019-06-24,3.86,3.92,3.76,3.8,18996146,002354
2019-06-25,3.81,3.81,3.69,3.72,14975121,002354
2019-06-26,3.72,3.77,3.65,3.68,13940966,002354
2019-06-27,3.65,3.74,3.63,3.66,13773752,002354
2019-06-28,3.67,3.67,3.43,3.49,18939423,002354
2019-07-01,3.55,3.67,3.55,3.64,16796107,002354
2019-07-02,3.72,3.81,3.6,3.61,21565822,002354
2019-07-03,3.62,3.64,3.5,3.54,17134378,002354
2019-07-04,3.56,3.59,3.46,3.49,12260684,002354
2019-07-05,3.5,3.52,3.44,3.47,11129955,002354
2019-07-08,3.45,3.47,3.24,3.25,17706739,002354
2019-07-09,3.27,3.31,3.24,3.29,12003829,002354
2019-07-10,3.29,3.29,3.19,3.2,15161018,002354
2019-07-11,3.11,3.24,3.11,3.21,15978448,002354
2019-07-12,3.23,3.3,3.16,3.18,14833828,002354
2019-07-15,3.15,3.21,3.06,3.18,14440009,002354
2019-07-16,3.17,3.27,3.17,3.22,13853552,002354
2019-07-17,3.21,3.25,3.12,3.21,15970102,002354
2019-07-18,3.17,3.18,3.06,3.07,16326962,002354
2019-07-19,3.07,3.16,3.07,3.09,13003988,002354
2019-07-22,3.09,3.16,2.93,2.94,20318363,002354
2019-07-23,2.96,3.01,2.93,2.97,14230149,002354
2019-07-24,2.96,3.05,2.96,3.02,12750148,002354
2019-07-25,3.04,3.06,2.98,3.01,11188818,002354
2019-07-26,2.99,3.03,2.96,3.03,9856140,002354
2019-07-29,3.0,3.04,2.96,2.97,10572187,002354
2019-07-30,2.98,3.27,2.97,3.27,38170577,002354
2019-07-31,3.39,3.55,3.31,3.35,84482914,002354
2019-08-01,3.3,3.57,3.23,3.55,56187359,002354
2019-08-02,3.2,3.2,3.2,3.2,8675400,002354
2019-08-05,2.88,3.16,2.88,3.02,62188292,002354
2019-08-06,2.92,2.97,2.84,2.95,38946065,002354
2019-08-07,2.93,3.05,2.83,2.83,30632506,002354
2019-08-08,2.82,3.11,2.81,3.11,13131494,002354
2019-08-09,3.13,3.31,3.07,3.15,47844594,002354
2019-08-12,3.12,3.22,3.09,3.15,23089016,002354
2019-08-13,3.09,3.12,2.99,3.04,20076187,002354
2019-08-14,3.12,3.15,3.01,3.03,16000696,002354
2019-08-15,2.94,3.09,2.9,3.09,15113009,002354
2019-08-16,3.11,3.12,3.03,3.04,11755140,002354
2019-08-19,3.06,3.16,3.05,3.15,17238137,002354
2019-08-20,3.16,3.19,3.07,3.09,16320488,002354
2019-08-21,3.1,3.1,3.0,3.02,13181592,002354
2019-08-22,3.02,3.07,2.96,3.03,13231885,002354
2019-08-23,3.03,3.04,2.96,2.97,13035581,002354
2019-08-26,2.89,2.95,2.87,2.94,9720494,002354
2019-08-27,2.95,3.03,2.94,3.02,12176323,002354
2019-08-28,3.0,3.07,3.0,3.05,14253903,002354
2019-08-29,3.06,3.1,3.02,3.08,13673980,002354
2019-08-30,3.04,3.1,2.93,2.95,15141556,002354
2019-09-02,2.91,3.09,2.91,3.08,16568640,002354
2019-09-03,3.11,3.13,3.07,3.07,10369109,002354
2019-09-04,3.06,3.14,3.03,3.06,11469049,002354
2019-09-05,3.1,3.14,3.08,3.12,14913169,002354
2019-09-06,3.09,3.11,2.95,2.98,37914512,002354
2019-09-09,3.0,3.15,2.97,3.15,35724434,002354
2019-09-10,3.16,3.24,3.1,3.12,23715215,002354
2019-09-11,3.14,3.17,3.06,3.07,22737800,002354
2019-09-12,3.12,3.38,3.11,3.17,47103742,002354
2019-09-16,3.13,3.32,3.1,3.28,43488155,002354
2019-09-17,3.27,3.27,3.15,3.2,26838194,002354
2019-09-18,3.18,3.52,3.18,3.52,65258585,002354
2019-09-19,3.55,3.6,3.39,3.43,60625541,002354
2019-09-20,3.43,3.43,3.32,3.35,32183137,002354
2019-09-23,3.28,3.69,3.26,3.69,64582606,002354
2019-09-24,3.75,3.9,3.56,3.62,81228696,002354
2019-09-25,3.26,3.49,3.26,3.39,78999025,002354
2019-09-26,3.32,3.37,3.16,3.21,39542631,002354
2019-09-27,3.22,3.32,3.17,3.24,22303411,002354
2019-09-30,3.0,3.13,2.92,2.92,48035588,002354
2019-10-08,2.76,2.9,2.76,2.81,25757736,002354
2019-10-09,2.8,2.88,2.8,2.87,14393683,002354
2019-10-10,2.87,2.94,2.83,2.92,15683631,002354
2019-10-11,2.94,2.94,2.82,2.88,16353607,002354
2019-10-14,2.9,2.98,2.87,2.96,18187143,002354
2019-10-15,2.94,2.94,2.88,2.88,12996145,002354
2019-10-16,2.89,2.93,2.83,2.85,9103680,002354
2019-10-17,2.85,3.03,2.83,2.93,18234011,002354
2019-10-18,2.89,2.92,2.85,2.86,11661575,002354
2019-10-21,2.87,2.94,2.83,2.91,12972377,002354
2019-10-22,2.92,2.92,2.86,2.9,9726903,002354
2019-10-23,2.87,2.89,2.85,2.86,7781476,002354
2019-10-24,2.85,2.88,2.83,2.86,7483620,002354
2019-10-25,2.86,2.87,2.82,2.85,8356468,002354
2019-10-28,2.87,2.98,2.87,2.97,24057401,002354
2019-10-29,2.97,3.0,2.91,2.91,16898505,002354
2019-10-30,2.9,2.91,2.82,2.82,13717050,002354
2019-10-31,2.82,2.87,2.73,2.74,16369146,002354
2019-11-01,2.72,2.79,2.68,2.76,11637220,002354
2019-11-04,2.74,2.79,2.64,2.65,21305823,002354
2019-11-05,2.65,2.67,2.53,2.58,17851180,002354
2019-11-06,2.57,2.58,2.46,2.48,14308480,002354
2019-11-07,2.5,2.63,2.48,2.61,19708460,002354
2019-11-08,2.59,2.87,2.58,2.65,26344320,002354
2019-11-11,2.6,2.62,2.53,2.55,14248260,002354
2019-11-12,2.51,2.6,2.49,2.59,10707860,002354
2019-11-13,2.59,2.61,2.52,2.55,8640876,002354
2019-11-14,2.53,2.55,2.5,2.53,8943320,002354
2019-11-15,2.52,2.59,2.48,2.52,12508701,002354
2019-11-18,2.54,2.54,2.5,2.52,8493040,002354
2019-11-19,2.53,2.77,2.53,2.77,42072770,002354
2019-11-20,2.96,3.05,2.96,3.05,32784584,002354
2019-11-21,3.2,3.29,2.84,3.09,123879662,002354
2019-11-22,2.95,3.06,2.9,2.9,69404915,002354
2019-11-25,2.85,2.86,2.61,2.67,57339567,002354
2019-11-26,2.65,2.79,2.64,2.67,34132072,002354
2019-11-27,2.62,2.64,2.56,2.59,27187530,002354
2019-11-28,2.59,2.6,2.54,2.56,17614157,002354
2019-11-29,2.57,2.62,2.53,2.61,18262047,002354
2019-12-02,2.61,2.64,2.53,2.59,21024657,002354
2019-12-03,2.56,2.62,2.55,2.61,17210402,002354
2019-12-04,2.58,2.64,2.56,2.62,15443792,002354
2019-12-05,2.61,2.63,2.59,2.62,14062247,002354
2019-12-06,2.61,2.74,2.59,2.7,39871422,002354
2019-12-09,2.69,2.71,2.65,2.68,21567742,002354
2019-12-10,2.68,2.68,2.62,2.67,20354733,002354
2019-12-11,2.66,2.76,2.64,2.68,24736043,002354
2019-12-12,2.65,2.68,2.6,2.61,19742505,002354
2019-12-13,2.61,2.65,2.6,2.62,14941176,002354
2019-12-16,2.62,2.74,2.61,2.71,32603453,002354
2019-12-17,2.75,2.78,2.7,2.76,37460010,002354
2019-12-18,2.75,3.04,2.72,3.04,44939685,002354
2019-12-19,3.17,3.34,3.12,3.34,75207860,002354
2019-12-20,3.4,3.41,3.01,3.02,112850856,002354
2019-12-23,2.95,2.98,2.75,2.79,57570800,002354
2019-12-24,2.78,2.92,2.77,2.88,43586667,002354
2019-12-25,2.85,2.99,2.81,2.9,40025240,002354
2019-12-26,2.86,3.19,2.82,3.11,88672036,002354
2019-12-27,3.03,3.07,2.95,2.96,60494228,002354
2019-12-30,2.79,2.94,2.76,2.87,38313462,002354
2019-12-31,2.86,2.93,2.83,2.86,23486618,002354
2020-01-02,2.87,3.02,2.87,2.96,36352745,002354
2020-01-03,3.03,3.08,2.96,3.02,43595177,002354
2020-01-06,3.03,3.07,2.97,2.99,41091767,002354
2020-01-07,3.0,3.28,3.0,3.17,62783030,002354
2020-01-08,3.15,3.16,3.0,3.04,45901256,002354
2020-01-09,3.05,3.13,3.05,3.07,32959626,002354
2020-01-10,3.06,3.08,2.98,3.0,23334343,002354
2020-01-13,2.96,3.02,2.9,3.01,22884563,002354
2020-01-14,3.0,3.01,2.95,2.95,19487911,002354
2020-01-15,2.93,2.94,2.89,2.91,16170803,002354
2020-01-16,2.9,2.95,2.88,2.92,13797230,002354
2020-01-17,2.91,2.91,2.83,2.84,19240312,002354
2020-01-20,2.85,2.91,2.85,2.9,12206525,002354
2020-01-21,2.85,2.86,2.8,2.81,16622120,002354
2020-01-22,2.78,2.81,2.65,2.77,16690106,002354
2020-01-23,2.69,2.77,2.63,2.68,18409685,002354
2020-02-03,2.4,2.4,2.4,2.4,5687000,002354
2020-02-04,2.17,2.41,2.17,2.41,25755360,002354
2020-02-05,2.39,2.56,2.37,2.47,20434560,002354
2020-02-06,2.47,2.59,2.42,2.57,24794813,002354
2020-02-07,2.58,2.83,2.58,2.83,20360952,002354
2020-02-10,3.0,3.0,2.69,2.77,52582490,002354
2020-02-11,2.7,2.72,2.63,2.63,23870327,002354
2020-02-12,2.63,2.77,2.63,2.76,24876570,002354
2020-02-13,2.75,2.75,2.65,2.69,21229665,002354
2020-02-14,2.68,2.69,2.62,2.65,14063060,002354
2020-02-17,2.65,2.72,2.65,2.72,16200263,002354
2020-02-18,2.72,2.77,2.69,2.77,20522280,002354
2020-02-19,2.76,2.76,2.68,2.69,18128060,002354
2020-02-20,2.67,2.73,2.67,2.72,15301100,002354
2020-02-21,2.71,2.78,2.7,2.75,21521592,002354
2020-02-24,2.71,2.73,2.66,2.7,23557115,002354
2020-02-25,2.63,2.66,2.51,2.62,26965570,002354
2020-02-26,2.6,2.88,2.56,2.71,40106375,002354
2020-02-27,2.71,2.83,2.65,2.8,40460949,002354
2020-02-28,2.67,2.75,2.61,2.62,28168611,002354
2020-03-02,2.6,2.73,2.58,2.68,21490372,002354
2020-03-03,2.7,2.73,2.65,2.67,22952391,002354
2020-03-04,2.64,2.66,2.6,2.64,15859880,002354
2020-03-05,2.65,2.68,2.63,2.66,15652013,002354
2020-03-06,2.63,2.66,2.6,2.63,14410057,002354
2020-03-09,2.62,2.63,2.54,2.55,16663457,002354
2020-03-10,2.48,2.54,2.43,2.54,16310225,002354
2020-03-11,2.55,2.6,2.54,2.54,12298608,002354
2020-03-12,2.53,2.53,2.45,2.47,11510939,002354
2020-03-13,2.37,2.45,2.31,2.42,12150787,002354
2020-03-16,2.43,2.48,2.38,2.4,10925000,002354
2020-03-17,2.43,2.45,2.29,2.35,11003373,002354
2020-03-18,2.37,2.41,2.29,2.3,10009620,002354
2020-03-19,2.28,2.32,2.25,2.3,8876236,002354
2020-03-20,2.33,2.34,2.29,2.32,6886000,002354
2020-03-23,2.28,2.29,2.22,2.23,7327580,002354
2020-03-24,2.26,2.29,2.23,2.28,9366025,002354
2020-03-25,2.3,2.38,2.3,2.37,12293727,002354
2020-03-26,2.36,2.37,2.29,2.3,8724600,002354
2020-03-27,2.33,2.35,2.3,2.31,6694200,002354
2020-03-30,2.23,2.26,2.16,2.18,12631080,002354
2020-03-31,2.2,2.22,2.14,2.15,10506652,002354
2020-04-01,2.13,2.14,2.06,2.07,13890010,002354
2020-04-02,2.07,2.07,1.98,2.06,18751240,002354
2020-04-03,2.06,2.13,2.06,2.09,12969060,002354
2020-04-07,2.1,2.16,2.09,2.15,14512949,002354
2020-04-08,2.14,2.16,2.1,2.13,8709280,002354
2020-04-09,2.14,2.35,2.14,2.29,48295131,002354
2020-04-10,2.2,2.24,2.1,2.12,29285960,002354
2020-04-13,2.07,2.11,2.06,2.09,10800700,002354
2020-04-14,2.07,2.13,2.07,2.12,8446877,002354
2020-04-15,2.08,2.11,2.06,2.07,12336418,002354
2020-04-16,2.05,2.08,2.03,2.06,6961680,002354
2020-04-17,2.07,2.14,2.04,2.06,10916730,002354
2020-04-20,2.04,2.04,1.99,2.03,10476560,002354
2020-04-21,2.04,2.12,2.02,2.11,19494370,002354
2020-04-22,2.11,2.13,2.06,2.09,11339930,002354
2020-04-23,2.09,2.1,2.03,2.04,12302483,002354
2020-04-24,2.04,2.04,1.95,1.96,14075025,002354
2020-04-27,1.92,1.95,1.76,1.81,27539741,002354
2020-04-28,1.83,1.88,1.64,1.72,16950023,002354
2020-04-29,1.69,1.78,1.68,1.76,15917043,002354
2020-04-30,1.76,1.76,1.76,1.76,0,002354
2020-05-06,1.68,1.85,1.67,1.85,40583141,002354
2020-05-07,1.83,1.94,1.82,1.94,5587908,002354
2020-05-08,2.04,2.04,2.04,2.04,3997640,002354
2020-05-11,2.14,2.14,2.14,2.14,2705700,002354
2020-05-12,2.25,2.25,2.03,2.08,35181554,002354
2020-05-13,2.09,2.18,2.06,2.18,13881336,002354
2020-05-14,2.21,2.26,2.14,2.16,18143674,002354
2020-05-15,2.13,2.23,2.12,2.21,11041724,002354
2020-05-18,2.33,2.33,2.33,2.33,4546843,002354
2020-05-19,2.35,2.45,2.3,2.45,32462917,002354
2020-05-20,2.5,2.57,2.34,2.5,28912464,002354
2020-05-21,2.47,2.63,2.47,2.63,19619607,002354
2020-05-22,2.66,2.76,2.62,2.76,28913213,002354
2020-05-25,2.73,2.9,2.72,2.9,18953141,002354
2020-05-26,3.0,3.05,2.95,3.05,6312080,002354
2020-05-27,3.2,3.2,3.2,3.2,2600328,002354
2020-05-28,3.36,3.36,3.04,3.04,37346641,002354
2020-05-29,2.89,3.02,2.89,2.89,27260434,002354
2020-06-01,2.97,3.03,2.97,3.03,6603759,002354
2020-06-02,3.18,3.18,3.18,3.18,1404400,002354
2020-06-03,3.34,3.34,3.05,3.23,34415623,002354
2020-06-04,3.24,3.42,3.23,3.39,26908676,002354
2020-06-05,3.42,3.42,3.23,3.23,26224940,002354
2020-06-08,3.23,3.37,3.09,3.23,8872500,002354
2020-06-09,3.22,3.26,3.11,3.13,11776300,002354
2020-06-10,3.09,3.18,2.97,3.06,10602301,002354
2020-06-11,3.02,3.08,2.96,2.99,9975847,002354
2020-06-12,2.92,3.14,2.89,3.07,11520306,002354
2020-06-15,3.01,3.08,3.01,3.03,6278464,002354
2020-06-16,3.08,3.09,3.03,3.06,3481618,002354
2020-06-17,3.13,3.13,3.04,3.05,3130040,002354
2020-06-18,3.1,3.14,3.06,3.06,4492424,002354
2020-06-19,3.05,3.08,3.03,3.04,2674380,002354
2020-06-22,3.03,3.03,2.91,2.94,9196360,002354
2020-06-23,2.95,3.02,2.92,2.99,4551069,002354
2020-06-24,3.03,3.15,3.0,3.15,13171140,002354
2020-06-29,3.16,3.31,3.16,3.31,9237260,002354
2020-06-30,3.37,3.48,3.21,3.31,17577006,002354
2020-07-01,3.24,3.41,3.24,3.3,6433534,002354
2020-07-02,3.28,3.32,3.21,3.22,4898942,002354
2020-07-03,3.22,3.26,3.16,3.2,3986983,002354
2020-07-06,3.21,3.25,3.17,3.21,5377134,002354
2020-07-07,3.22,3.22,3.15,3.18,9063123,002354
2020-07-08,3.17,3.18,3.13,3.17,6253055,002354
2020-07-09,3.18,3.33,3.02,3.3,16009095,002354
2020-07-10,3.33,3.42,3.15,3.23,11756060,002354
2020-07-13,3.19,3.32,3.13,3.25,6621460,002354
2020-07-14,3.24,3.3,3.2,3.23,6665783,002354
2020-07-15,3.11,3.3,3.11,3.17,7105600,002354
2020-07-16,3.16,3.24,3.14,3.15,6126843,002354
2020-07-17,3.15,3.2,3.05,3.14,8772444,002354
2020-07-20,3.18,3.24,3.15,3.16,9027320,002354
2020-07-21,3.16,3.19,3.11,3.19,6584183,002354
2020-07-22,3.16,3.24,3.16,3.19,4007743,002354
2020-07-23,3.19,3.23,3.17,3.18,4693247,002354
2020-07-24,3.2,3.22,3.11,3.15,5042600,002354
2020-07-27,3.16,3.26,3.16,3.18,4780140,002354
2020-07-28,3.16,3.23,3.16,3.2,3003180,002354
2020-07-29,3.26,3.36,3.26,3.36,3580220,002354
2020-07-30,3.53,3.53,3.53,3.53,1595800,002354
2020-07-31,3.71,3.71,3.62,3.71,32349919,002354
2020-08-03,3.8,3.82,3.6,3.82,16227180,002354
2020-08-04,3.8,3.88,3.75,3.86,7920965,002354
2020-08-05,3.86,4.05,3.86,4.05,9426448,002354
2020-08-06,4.11,4.25,4.09,4.25,16444764,002354
2020-08-07,4.27,4.34,4.11,4.17,11970863,002354
2020-08-10,4.13,4.34,3.94,4.19,13205237,002354
2020-08-11,4.19,4.34,4.15,4.16,5683520,002354
2020-08-12,4.11,4.22,4.06,4.08,4983985,002354
2020-08-13,4.13,4.14,4.07,4.09,2193720,002354
2020-08-14,4.08,4.19,4.05,4.18,2185257,002354
2020-08-17,4.05,4.17,4.05,4.11,4291880,002354
2020-08-18,4.12,4.12,4.08,4.09,2633863,002354
2020-08-19,4.09,4.09,3.94,3.95,7351040,002354
2020-08-20,3.85,3.98,3.85,3.95,3218560,002354
2020-08-21,3.96,4.1,3.89,4.06,7754851,002354
2020-08-24,4.15,4.15,4.03,4.09,3979159,002354
2020-08-25,4.06,4.12,4.03,4.05,1921500,002354
2020-08-26,4.08,4.25,4.05,4.25,11381482,002354
2020-08-27,4.25,4.35,4.14,4.23,9512529,002354
2020-08-28,4.19,4.24,4.07,4.2,7652609,002354
2020-08-31,4.21,4.25,4.09,4.12,4476040,002354
2020-09-01,4.13,4.25,4.12,4.18,3706023,002354
2020-09-02,4.19,4.22,4.15,4.17,3307812,002354
2020-09-03,4.17,4.2,4.16,4.19,2623547,002354
2020-09-04,4.18,4.2,4.08,4.08,4782540,002354
2020-09-07,4.05,4.12,3.98,4.03,4475570,002354
2020-09-08,4.03,4.08,3.95,4.01,4306080,002354
2020-09-09,3.96,4.01,3.9,3.95,3830463,002354
2020-09-10,3.98,4.0,3.75,3.75,5249940,002354
2020-09-11,3.74,3.94,3.66,3.94,4282820,002354
2020-09-14,3.98,3.99,3.77,3.91,3930243,002354
2020-09-15,3.86,3.93,3.86,3.9,1564303,002354
2020-09-16,3.87,3.9,3.79,3.83,1860860,002354
2020-09-17,3.82,3.82,3.7,3.79,1767224,002354
2020-09-18,3.81,3.91,3.8,3.87,2472694,002354
2020-09-21,3.85,3.87,3.81,3.86,1826613,002354
2020-09-22,3.84,3.88,3.81,3.87,2642139,002354
2020-09-23,3.88,3.88,3.83,3.85,1533700,002354
2020-09-24,3.82,3.86,3.75,3.78,1595820,002354
2020-09-25,3.78,3.78,3.61,3.64,2453800,002354
2020-09-28,3.62,3.75,3.44,3.48,3771740,002354
2020-09-29,3.44,3.5,3.32,3.33,4796820,002354
2020-09-30,3.37,3.37,3.16,3.16,8008176,002354
2020-10-09,3.16,3.27,3.04,3.2,5080200,002354
2020-10-12,3.19,3.26,3.16,3.21,5364240,002354
2020-10-13,3.2,3.23,3.2,3.2,2697720,002354
2020-10-14,3.21,3.24,3.2,3.22,2655420,002354
2020-10-15,3.28,3.3,3.16,3.17,4914620,002354
2020-10-16,3.18,3.21,3.15,3.18,2461179,002354
2020-10-19,3.18,3.33,3.18,3.33,2439280,002354
2020-10-20,3.49,3.5,3.41,3.5,12529091,002354
2020-10-21,3.35,3.65,3.33,3.5,8438840,002354
2020-10-22,3.57,3.68,3.5,3.68,8558880,002354
2020-10-23,3.78,3.86,3.74,3.8,12450060,002354
2020-10-26,3.8,3.89,3.73,3.8,7376996,002354
2020-10-27,3.81,3.82,3.7,3.75,4387460,002354
2020-10-28,3.76,3.84,3.7,3.76,8086236,002354
2020-10-29,3.75,3.75,3.63,3.68,3543720,002354
2020-10-30,3.7,3.83,3.65,3.67,6030980,002354
2020-11-02,3.66,3.75,3.5,3.5,5420840,002354
2020-11-03,3.49,3.68,3.46,3.68,8852490,002354
2020-11-04,3.72,3.85,3.66,3.81,9200800,002354
2020-11-05,3.83,3.84,3.62,3.63,10117500,002354
2020-11-06,3.79,3.79,3.47,3.56,11439800,002354
2020-11-09,3.64,3.64,3.38,3.38,17940646,002354
2020-11-10,3.36,3.38,3.21,3.21,14155408,002354
2020-11-11,3.19,3.3,3.07,3.23,9459749,002354
2020-11-12,3.24,3.27,3.19,3.21,4073180,002354
2020-11-13,3.24,3.26,3.14,3.16,4622000,002354
2020-11-16,3.16,3.22,3.15,3.2,3629900,002354
2020-11-17,3.2,3.26,3.16,3.19,3051480,002354
2020-11-18,3.18,3.21,3.15,3.16,3934760,002354
2020-11-19,3.15,3.15,3.05,3.07,5764400,002354
2020-11-20,3.09,3.18,3.07,3.11,3557260,002354
2020-11-23,3.12,3.18,3.11,3.16,2954283,002354
2020-11-24,3.16,3.17,3.11,3.17,3331820,002354
2020-11-25,3.31,3.33,3.3,3.33,4262294,002354
2020-11-26,3.46,3.5,3.3,3.46,20423077,002354
2020-11-27,3.4,3.44,3.29,3.29,7361900,002354
2020-11-30,3.26,3.26,3.13,3.15,8991683,002354
2020-12-01,3.16,3.19,3.11,3.17,3586300,002354
2020-12-02,3.19,3.33,3.17,3.32,13077114,002354
2020-12-03,3.26,3.29,3.15,3.16,8597143,002354
2020-12-04,3.18,3.23,3.13,3.17,4828580,002354
2020-12-07,3.19,3.23,3.13,3.15,7521349,002354
2020-12-08,2.99,3.08,2.99,2.99,10732917,002354
2020-12-09,2.84,2.84,2.84,2.84,2523000,002354
2020-12-10,2.7,2.88,2.7,2.79,35874503,002354
2020-12-11,2.8,2.93,2.77,2.93,18885836,002354
2020-12-14,2.96,2.98,2.78,2.85,16514241,002354
2020-12-15,2.81,2.97,2.81,2.88,10313705,002354
2020-12-16,2.88,2.92,2.84,2.88,4826823,002354
2020-12-17,2.88,2.88,2.78,2.83,8338041,002354
2020-12-18,2.83,2.85,2.77,2.8,7349288,002354
2020-12-21,2.81,2.82,2.68,2.7,12350756,002354
2020-12-22,2.71,2.76,2.66,2.67,7744200,002354
2020-12-23,2.64,2.72,2.54,2.6,11123588,002354
2020-12-24,2.58,2.65,2.54,2.58,6473286,002354
2020-12-25,2.6,2.68,2.57,2.61,7613228,002354
2020-12-28,2.6,2.61,2.55,2.55,6413361,002354
2020-12-29,2.56,2.61,2.55,2.58,6436497,002354
2020-12-30,2.59,2.7,2.58,2.68,9916968,002354
2020-12-31,2.71,2.74,2.63,2.66,7156124,002354
2021-01-04,2.71,2.71,2.64,2.65,4502200,002354
2021-01-05,2.66,2.66,2.59,2.61,5172560,002354
2021-01-06,2.61,2.62,2.54,2.61,4998482,002354
2021-01-07,2.59,2.73,2.57,2.67,6258432,002354
2021-01-08,2.66,2.7,2.64,2.65,3824500,002354
2021-01-11,2.65,2.68,2.62,2.63,5036729,002354
2021-01-12,2.64,2.69,2.62,2.66,3378840,002354
2021-01-13,2.66,2.68,2.62,2.67,3883132,002354
2021-01-14,2.8,2.8,2.8,2.8,1600014,002354
2021-01-15,2.92,2.92,2.78,2.84,23782842,002354
2021-01-18,2.79,2.79,2.7,2.7,11039223,002354
2021-01-19,2.74,2.76,2.6,2.64,8684145,002354
2021-01-20,2.65,2.69,2.57,2.59,10455442,002354
2021-01-21,2.6,2.62,2.57,2.61,7242440,002354
2021-01-22,2.61,2.62,2.49,2.51,12612272,002354
2021-01-25,2.51,2.51,2.43,2.44,5763400,002354
2021-01-26,2.42,2.5,2.33,2.45,5631003,002354
2021-01-27,2.45,2.5,2.4,2.49,4419600,002354
2021-01-28,2.47,2.61,2.45,2.59,13757298,002354
2021-01-29,2.54,2.63,2.51,2.56,22381775,002354
2021-02-01,2.57,2.69,2.55,2.69,15816575,002354
2021-02-02,2.7,2.71,2.6,2.65,9342858,002354
2021-02-03,2.65,2.68,2.52,2.56,9252300,002354
2021-02-04,2.55,2.6,2.52,2.53,4431980,002354
2021-02-05,2.55,2.62,2.53,2.55,3723800,002354
2021-02-08,2.56,2.67,2.56,2.62,4205817,002354
2021-02-09,2.61,2.68,2.59,2.66,4747225,002354
2021-02-10,2.67,2.69,2.63,2.68,4938088,002354
2021-02-18,2.7,2.77,2.67,2.68,6274277,002354
2021-02-19,2.7,2.72,2.66,2.72,5877321,002354
2021-02-22,2.7,2.77,2.66,2.69,13626293,002354
2021-02-23,2.7,2.7,2.62,2.64,10566400,002354
2021-02-24,2.63,2.71,2.63,2.66,5898677,002354
2021-02-25,2.66,2.67,2.63,2.65,4391440,002354
2021-02-26,2.63,2.65,2.61,2.64,3884400,002354
2021-03-01,2.64,2.7,2.64,2.68,3897940,002354
2021-03-02,2.68,2.7,2.66,2.67,4783300,002354
2021-03-03,2.66,2.69,2.63,2.67,6654700,002354
2021-03-04,2.67,2.67,2.58,2.61,10046180,002354
2021-03-05,2.62,2.65,2.61,2.63,8357320,002354
2021-03-08,2.63,2.64,2.55,2.55,10793240,002354
2021-03-09,2.56,2.57,2.43,2.5,7269421,002354
2021-03-10,2.51,2.51,2.46,2.46,3609200,002354
2021-03-11,2.46,2.48,2.45,2.48,7400200,002354
2021-03-12,2.47,2.48,2.44,2.48,6105200,002354
2021-03-15,2.49,2.6,2.47,2.55,9618641,002354
2021-03-16,2.53,2.57,2.53,2.57,5375920,002354
2021-03-17,2.58,2.62,2.55,2.62,5670023,002354
2021-03-18,2.62,2.67,2.61,2.66,8573713,002354
2021-03-19,2.65,2.7,2.65,2.69,5944600,002354
2021-03-22,2.7,2.78,2.69,2.77,8882720,002354
2021-03-23,2.78,2.78,2.71,2.73,7117780,002354
2021-03-24,2.72,2.74,2.7,2.71,6689980,002354
2021-03-25,2.7,2.85,2.7,2.85,7742582,002354
2021-03-26,2.87,2.99,2.87,2.93,13940342,002354
2021-03-29,2.91,2.95,2.88,2.88,6936266,002354
2021-03-30,2.87,3.02,2.85,3.02,9896670,002354
2021-03-31,3.06,3.17,3.02,3.13,18333018,002354
2021-04-01,3.1,3.16,3.02,3.02,13766180,002354
2021-04-02,3.03,3.11,2.93,3.0,15104300,002354
2021-04-06,2.99,3.15,2.95,3.15,8378360,002354
2021-04-07,3.17,3.31,3.13,3.15,20665669,002354
2021-04-08,3.13,3.28,3.13,3.16,10014120,002354
2021-04-09,3.17,3.24,3.15,3.19,7055889,002354
2021-04-12,3.17,3.26,3.15,3.21,9499460,002354
2021-04-13,3.24,3.24,3.1,3.14,7616700,002354
2021-04-14,3.14,3.16,2.98,3.04,11448554,002354
2021-04-15,3.12,3.12,3.0,3.04,5837287,002354
2021-04-16,3.02,3.14,3.0,3.13,4963440,002354
2021-04-19,3.14,3.17,3.07,3.1,9596300,002354
2021-04-20,3.09,3.15,3.06,3.09,4867260,002354
2021-04-21,3.1,3.11,3.0,3.04,5384050,002354
2021-04-22,3.05,3.16,3.03,3.12,7237700,002354
2021-04-23,3.11,3.13,3.06,3.1,5357963,002354
2021-04-26,3.12,3.25,3.12,3.17,8917463,002354
2021-04-27,3.14,3.2,3.1,3.17,5939760,002354
2021-04-28,3.17,3.2,3.12,3.18,5779400,002354
2021-04-29,3.23,3.24,3.13,3.15,7364565,002354
2021-04-30,3.12,3.18,3.07,3.17,7168280,002354
2021-05-06,3.2,3.3,3.17,3.21,10672543,002354
2021-05-07,3.17,3.22,3.11,3.16,8846903,002354
2021-05-10,3.14,3.16,3.1,3.15,5572207,002354
2021-05-11,3.14,3.19,3.12,3.19,8498500,002354
2021-05-12,3.19,3.26,3.18,3.25,11943220,002354
2021-05-13,3.24,3.27,3.21,3.26,9602237,002354
2021-05-14,3.23,3.42,3.22,3.42,19977852,002354
2021-05-17,3.42,3.42,3.25,3.31,18269660,002354
2021-05-18,3.28,3.48,3.25,3.48,11042540,002354
2021-05-19,3.44,3.6,3.44,3.53,10042160,002354
2021-05-20,3.51,3.58,3.35,3.51,9290100,002354
2021-05-21,3.47,3.65,3.47,3.62,8139300,002354
2021-05-24,3.62,3.62,3.62,3.62,0,002354
2021-05-25,3.91,3.95,3.68,3.78,59976729,002354
2021-05-26,3.73,3.83,3.64,3.73,24420023,002354
2021-05-27,3.75,4.1,3.69,4.1,32794619,002354
2021-05-28,4.17,4.39,4.02,4.23,61759249,002354
2021-05-31,4.22,4.4,4.1,4.18,36796137,002354
2021-06-01,4.18,4.18,4.02,4.03,27790200,002354
2021-06-02,4.01,4.03,3.72,3.8,31635377,002354
2021-06-03,3.88,4.14,3.82,3.84,29314205,002354
2021-06-04,3.87,3.92,3.74,3.84,18145242,002354
2021-06-07,3.85,4.08,3.85,3.96,20783958,002354
2021-06-08,3.95,4.03,3.86,3.93,15458637,002354
2021-06-09,3.93,4.02,3.88,3.96,12836600,002354
2021-06-10,4.0,4.06,3.91,3.95,12242017,002354
2021-06-11,3.91,3.94,3.8,3.81,14144092,002354
2021-06-15,3.81,3.91,3.68,3.74,14327598,002354
2021-06-16,3.68,3.76,3.65,3.72,12009293,002354
2021-06-17,3.66,3.74,3.61,3.64,8811680,002354
2021-06-18,3.62,3.68,3.53,3.67,15905921,002354
2021-06-21,3.73,3.73,3.64,3.67,8912800,002354
2021-06-22,3.67,3.72,3.62,3.65,6883980,002354
2021-06-23,3.63,3.64,3.54,3.55,9567107,002354
2021-06-24,3.53,3.58,3.45,3.52,12998605,002354
2021-06-25,3.49,3.68,3.46,3.62,13728566,002354
2021-06-28,3.6,3.6,3.5,3.52,9422820,002354
2021-06-29,3.54,3.58,3.5,3.53,6630540,002354
2021-06-30,3.5,3.51,3.35,3.39,15071185,002354
2021-07-01,3.35,3.55,3.35,3.49,11286400,002354
2021-07-02,3.43,3.54,3.43,3.53,7388500,002354
2021-07-05,3.49,3.83,3.48,3.75,20718185,002354
2021-07-06,3.71,3.77,3.67,3.74,11282845,002354
2021-07-07,3.74,3.78,3.69,3.74,8554568,002354
2021-07-08,3.75,3.77,3.64,3.65,9272600,002354
2021-07-09,3.68,3.77,3.65,3.77,10013828,002354
2021-07-12,3.79,4.14,3.78,3.94,30125293,002354
2021-07-13,3.95,4.05,3.91,3.96,14693120,002354
2021-07-14,4.0,4.0,3.84,3.85,11885660,002354
2021-07-15,3.82,3.85,3.68,3.71,12725820,002354
2021-07-16,3.7,3.78,3.68,3.69,9058986,002354
2021-07-19,3.69,3.86,3.66,3.78,12689420,002354
2021-07-20,3.77,3.78,3.66,3.67,9657543,002354
2021-07-21,3.66,3.83,3.66,3.75,12159100,002354
2021-07-22,3.8,3.85,3.76,3.77,11338200,002354
2021-07-23,3.76,3.78,3.66,3.7,9434926,002354
2021-07-26,3.66,3.75,3.56,3.64,12014328,002354
2021-07-27,3.64,3.68,3.53,3.54,9967280,002354
2021-07-28,3.55,3.55,3.28,3.4,11189167,002354
2021-07-29,3.41,3.5,3.41,3.43,8306451,002354
2021-07-30,3.45,3.45,3.36,3.4,10264286,002354
2021-08-02,3.39,3.45,3.33,3.45,9068320,002354
2021-08-03,3.41,3.48,3.36,3.37,10027042,002354
2021-08-04,3.33,3.35,3.19,3.24,19444496,002354
2021-08-05,3.21,3.25,3.12,3.16,15631206,002354
2021-08-06,3.16,3.39,3.14,3.28,18872910,002354
2021-08-09,3.29,3.34,3.24,3.29,9588403,002354
2021-08-10,3.29,3.32,3.24,3.27,7271429,002354
2021-08-11,3.25,3.28,3.19,3.22,11275307,002354
2021-08-12,3.24,3.29,3.19,3.23,11268200,002354
2021-08-13,3.22,3.25,3.14,3.16,13467639,002354
2021-08-16,3.16,3.22,3.13,3.14,11744366,002354
2021-08-17,3.14,3.14,2.97,3.0,21292036,002354
2021-08-18,3.0,3.06,2.97,3.04,10851430,002354
2021-08-19,3.04,3.1,3.02,3.05,9942310,002354
2021-08-20,3.03,3.06,2.96,3.01,9986800,002354
2021-08-23,3.0,3.15,2.99,3.14,13113873,002354
2021-08-24,3.13,3.17,3.06,3.1,9939780,002354
2021-08-25,3.09,3.31,3.06,3.23,24940400,002354
2021-08-26,3.21,3.26,3.18,3.24,13770570,002354
2021-08-27,3.25,3.25,3.16,3.19,9329190,002354
2021-08-30,3.21,3.26,3.11,3.15,10625707,002354
2021-08-31,3.12,3.24,3.06,3.16,12774239,002354
2021-09-01,3.15,3.26,3.15,3.21,13367021,002354
2021-09-02,3.2,3.21,3.13,3.15,12455556,002354
2021-09-03,3.12,3.22,3.12,3.17,12862215,002354
2021-09-06,3.16,3.17,3.08,3.1,14567960,002354
2021-09-07,3.11,3.4,3.09,3.3,33564029,002354
2021-09-08,3.38,3.54,3.31,3.51,44365062,002354
2021-09-09,3.43,3.45,3.36,3.4,27719656,002354
2021-09-10,3.39,3.44,3.35,3.36,17147580,002354
2021-09-13,3.36,3.52,3.32,3.45,21954203,002354
2021-09-14,3.44,3.47,3.3,3.32,20198700,002354
2021-09-15,3.31,3.37,3.26,3.28,11553020,002354
2021-09-16,3.28,3.43,3.25,3.27,17507708,002354
2021-09-17,3.26,3.28,3.13,3.18,13770998,002354
2021-09-22,3.16,3.24,3.13,3.18,9194400,002354
2021-09-23,3.19,3.3,3.18,3.25,12957394,002354
2021-09-24,3.25,3.3,3.17,3.19,10759675,002354
2021-09-27,3.25,3.25,3.06,3.1,12443939,002354
2021-09-28,3.11,3.13,3.06,3.07,9253194,002354
2021-09-29,3.04,3.11,3.01,3.02,11213583,002354
2021-09-30,3.02,3.13,3.01,3.11,9321180,002354
2021-10-08,3.13,3.22,3.12,3.19,11458540,002354
2021-10-11,3.19,3.25,3.15,3.23,9797720,002354
2021-10-12,3.22,3.22,3.13,3.16,7673880,002354
2021-10-13,3.16,3.19,3.1,3.12,6528360,002354
2021-10-14,3.1,3.15,3.09,3.12,5727520,002354
2021-10-15,3.12,3.12,3.01,3.04,12033420,002354
2021-10-18,3.04,3.06,3.0,3.05,7547040,002354
2021-10-19,3.04,3.08,3.02,3.04,7907379,002354
2021-10-20,3.04,3.05,3.0,3.03,7164358,002354
2021-10-21,3.0,3.03,2.98,2.99,7050340,002354
2021-10-22,2.98,3.01,2.96,3.0,6815280,002354
2021-10-25,3.0,3.0,2.87,2.88,11393780,002354
2021-10-26,2.87,2.87,2.82,2.84,8558200,002354
2021-10-27,2.82,2.84,2.76,2.78,8026620,002354
2021-10-28,2.76,2.81,2.69,2.73,9886000,002354
2021-10-29,2.74,2.88,2.73,2.87,13048300,002354
2021-11-01,2.87,2.9,2.78,2.88,9088300,002354
2021-11-02,2.87,2.9,2.77,2.8,8104140,002354
2021-11-03,2.8,2.88,2.79,2.87,8681020,002354
2021-11-04,2.88,2.93,2.87,2.92,10652991,002354
2021-11-05,2.98,3.21,2.98,3.21,14997638,002354
2021-11-08,3.53,3.53,3.53,3.53,9811485,002354
2021-11-09,3.62,3.75,3.44,3.59,109420758,002354
2021-11-10,3.49,3.95,3.46,3.71,149830627,002354
2021-11-11,3.56,3.81,3.52,3.7,114008448,002354
2021-11-12,3.64,3.95,3.61,3.74,93651747,002354
2021-11-15,3.8,3.81,3.64,3.72,59597418,002354
2021-11-16,3.69,3.79,3.62,3.63,56194382,002354
2021-11-17,3.58,3.71,3.56,3.7,45241843,002354
2021-11-18,3.64,3.69,3.47,3.53,53918598,002354
2021-11-19,3.53,3.62,3.49,3.49,32754360,002354
2021-11-22,3.49,3.52,3.42,3.46,31423623,002354
2021-11-23,3.45,3.49,3.36,3.43,33712920,002354
2021-11-24,3.43,3.54,3.4,3.47,41375040,002354
2021-11-25,3.43,3.47,3.31,3.32,38969798,002354
2021-11-26,3.31,3.34,3.27,3.31,19373364,002354
2021-11-29,3.26,3.29,3.22,3.23,20364300,002354
2021-11-30,3.36,3.55,3.33,3.55,28042410,002354
2021-12-01,3.55,3.72,3.47,3.62,90657350,002354
2021-12-02,3.56,3.66,3.49,3.52,41365629,002354
2021-12-03,3.56,3.58,3.44,3.46,26002292,002354
2021-12-06,3.45,3.49,3.38,3.41,22005080,002354
2021-12-07,3.42,3.55,3.39,3.4,26366180,002354
2021-12-08,3.48,3.69,3.38,3.56,46991186,002354
2021-12-09,3.56,3.75,3.53,3.67,55071159,002354
2021-12-10,3.66,4.04,3.65,4.04,112279375,002354
2021-12-13,4.05,4.44,4.0,4.44,146838543,002354
2021-12-14,4.88,4.88,4.5,4.75,79697843,002354
2021-12-15,4.78,5.23,4.57,5.23,250072536,002354
2021-12-16,5.23,5.45,4.88,5.13,212795018,002354
2021-12-17,4.98,5.0,4.62,4.8,162687193,002354
2021-12-20,4.75,5.28,4.75,5.28,199950854,002354
2021-12-21,5.25,5.79,4.98,5.35,250314307,002354
2021-12-22,5.13,5.2,4.86,4.88,165617836,002354
2021-12-23,4.92,4.98,4.73,4.92,120008027,002354
2021-12-24,4.92,4.92,4.47,4.49,120419065,002354
2021-12-27,4.54,4.61,4.41,4.44,83845024,002354
2021-12-28,4.42,4.5,4.34,4.38,62616478,002354
2021-12-29,4.45,4.82,4.43,4.82,97439037,002354
2021-12-30,4.9,5.3,4.84,5.3,112747409,002354
2021-12-31,5.83,5.83,5.7,5.83,130191544,002354
2022-01-04,5.83,6.41,5.6,6.29,346093240,002354
2022-01-05,6.01,6.92,5.98,6.92,320095323,002354
2022-01-06,7.0,7.17,6.23,6.25,340909310,002354
2022-01-07,6.41,6.56,5.99,6.07,219453788,002354
2022-01-10,5.88,6.32,5.87,6.06,164466415,002354
2022-01-11,5.99,6.14,5.79,5.89,158547827,002354
2022-01-12,5.83,6.4,5.72,6.18,206134764,002354
2022-01-13,6.1,6.22,5.86,5.87,156761986,002354
2022-01-14,5.73,6.0,5.73,5.75,129735380,002354
2022-01-17,5.8,6.19,5.76,6.08,165299313,002354
2022-01-18,6.01,6.05,5.66,5.77,141776947,002354
2022-01-19,5.87,6.04,5.8,5.9,108773948,002354
2022-01-20,5.76,5.77,5.36,5.39,133922524,002354
2022-01-21,5.31,5.46,5.08,5.1,105731723,002354
2022-01-24,5.09,5.21,5.02,5.12,66862714,002354
2022-01-25,5.11,5.12,4.8,4.81,70957480,002354
2022-01-26,4.82,4.95,4.74,4.79,44793340,002354
2022-01-27,4.8,4.83,4.6,4.62,53760128,002354
2022-01-28,4.65,4.72,4.56,4.61,45556480,002354
2022-02-07,4.63,4.69,4.46,4.55,51261220,002354
2022-02-08,4.54,4.67,4.45,4.58,55818400,002354
2022-02-09,4.59,4.8,4.54,4.76,78604583,002354
2022-02-10,4.76,4.77,4.59,4.67,70527088,002354
2022-02-11,4.68,4.68,4.39,4.41,71643141,002354
2022-02-14,4.37,4.54,4.29,4.46,49179828,002354
2022-02-15,4.45,4.51,4.3,4.37,50977300,002354
2022-02-16,4.39,4.49,4.33,4.42,50780324,002354
2022-02-17,4.37,4.43,4.29,4.32,48185596,002354
2022-02-18,4.35,4.42,4.26,4.32,46091130,002354
2022-02-21,4.27,4.45,4.26,4.43,50781826,002354
2022-02-22,4.43,4.43,4.23,4.35,51224212,002354
2022-02-23,4.4,4.79,4.39,4.79,41456563,002354
2022-02-24,5.14,5.27,4.97,5.27,212059521,002354
2022-02-25,5.1,5.66,5.05,5.06,181457271,002354
2022-02-28,4.83,4.99,4.71,4.88,101055785,002354
2022-03-01,4.82,5.13,4.76,5.01,94896446,002354
2022-03-02,4.89,5.0,4.83,4.93,55941790,002354
2022-03-03,4.93,5.1,4.9,4.97,69335580,002354
2022-03-04,4.94,5.47,4.76,5.24,139626370,002354
2022-03-07,5.1,5.75,5.06,5.5,147907799,002354
2022-03-08,5.37,5.69,5.26,5.37,125344866,002354
2022-03-09,5.25,5.32,4.83,5.25,107375309,002354
2022-03-10,5.36,5.42,5.15,5.19,78363260,002354
2022-03-11,5.04,5.17,4.94,5.09,54878100,002354
2022-03-14,5.04,5.14,4.88,4.88,49212626,002354
2022-03-15,4.88,4.94,4.53,4.54,68788200,002354
2022-03-16,4.64,4.85,4.43,4.75,71804300,002354
2022-03-17,4.81,4.96,4.77,4.87,62040970,002354
2022-03-18,4.83,4.94,4.79,4.84,37882100,002354
2022-03-21,4.84,4.93,4.77,4.83,47976400,002354
2022-03-22,4.78,4.9,4.67,4.76,62063939,002354
2022-03-23,4.66,4.78,4.56,4.69,49723040,002354
2022-03-24,4.61,4.66,4.51,4.56,40977760,002354
2022-03-25,4.6,5.02,4.57,5.02,58346913,002354
2022-03-28,5.13,5.5,5.08,5.2,152278654,002354
2022-03-29,5.22,5.31,5.08,5.25,92577577,002354
2022-03-30,5.24,5.32,5.11,5.32,78537300,002354
2022-03-31,5.25,5.85,5.2,5.39,130865891,002354
2022-04-01,5.4,5.79,5.36,5.56,118464203,002354
2022-04-06,5.44,5.63,5.32,5.49,102389504,002354
2022-04-07,5.44,5.68,5.3,5.3,101186223,002354
2022-04-08,5.21,5.34,5.14,5.21,78480112,002354
2022-04-11,5.11,5.23,4.95,4.99,56663480,002354
2022-04-12,5.2,5.38,4.97,5.16,66187300,002354
2022-04-13,5.08,5.11,4.76,4.8,64557666,002354
2022-04-14,4.86,4.97,4.8,4.89,38057000,002354
2022-04-15,4.88,4.88,4.66,4.71,37815560,002354
2022-04-18,4.7,4.78,4.59,4.7,26740474,002354
2022-04-19,4.7,4.95,4.66,4.95,50135173,002354
2022-04-20,4.94,4.98,4.72,4.74,44572536,002354
2022-04-21,4.72,4.79,4.44,4.48,46489728,002354
2022-04-22,4.46,4.46,4.33,4.4,29377560,002354
2022-04-25,4.31,4.32,3.96,3.96,40673423,002354
2022-04-26,3.96,4.08,3.78,3.92,39993856,002354
2022-04-27,3.84,4.05,3.73,4.02,40171560,002354
2022-04-28,3.98,4.0,3.66,3.75,39548820,002354
2022-04-29,3.78,4.06,3.78,3.96,40629682,002354
2022-05-05,3.98,4.05,3.87,4.0,26142154,002354
2022-05-06,3.89,4.06,3.83,4.01,25817736,002354
2022-05-09,4.03,4.18,3.99,4.02,28598100,002354
2022-05-10,3.96,4.05,3.91,4.05,23171204,002354
2022-05-11,4.05,4.16,4.0,4.0,34709028,002354
2022-05-12,3.97,4.1,3.94,4.04,23719004,002354
2022-05-13,4.07,4.09,3.99,4.06,18400803,002354
2022-05-16,4.06,4.12,4.02,4.07,21509948,002354
2022-05-17,4.08,4.09,3.95,4.01,25018851,002354
2022-05-18,4.05,4.41,4.04,4.26,65575723,002354
2022-05-19,4.15,4.24,4.11,4.19,33157272,002354
2022-05-20,4.19,4.25,4.15,4.17,24480568,002354
2022-05-23,4.29,4.3,4.18,4.19,27735019,002354
2022-05-24,4.17,4.17,3.94,3.95,31904191,002354
2022-05-25,3.93,4.06,3.9,4.06,25374040,002354
2022-05-26,4.09,4.13,3.98,4.12,24927500,002354
2022-05-27,4.11,4.14,4.01,4.06,24097300,002354
2022-05-30,4.08,4.12,3.98,4.02,18293211,002354
2022-05-31,4.02,4.07,3.94,4.04,21434200,002354
2022-06-01,4.02,4.08,3.98,4.0,19862380,002354
2022-06-02,3.99,4.0,3.91,3.94,22851000,002354
2022-06-06,3.96,4.06,3.91,4.05,27594103,002354
2022-06-07,4.06,4.06,3.95,3.99,19036880,002354
2022-06-08,4.06,4.15,3.98,4.04,33433736,002354
2022-06-09,4.02,4.18,3.98,4.12,46297780,002354
2022-06-10,4.05,4.11,4.03,4.08,24022060,002354
2022-06-13,4.03,4.1,4.01,4.02,25607960,002354
2022-06-14,4.0,4.0,3.85,3.98,34044460,002354
2022-06-15,3.98,4.02,3.94,3.95,25003263,002354
2022-06-16,3.95,4.19,3.95,4.14,65328360,002354
2022-06-17,4.13,4.21,4.01,4.04,41446060,002354
2022-06-20,4.06,4.07,4.0,4.02,23396100,002354
2022-06-21,4.03,4.09,3.98,4.06,30624256,002354
2022-06-22,4.06,4.06,3.95,3.96,25131200,002354
2022-06-23,3.97,3.99,3.9,3.97,19641920,002354
2022-06-24,3.97,4.01,3.94,3.96,17516198,002354
2022-06-27,3.99,4.04,3.96,3.99,22598300,002354
2022-06-28,3.98,4.09,3.93,4.05,31592751,002354
2022-06-29,4.05,4.09,3.99,3.99,30409592,002354
2022-06-30,4.02,4.07,3.96,4.0,20731608,002354
2022-07-01,4.0,4.01,3.95,3.98,19626360,002354
2022-07-04,3.99,4.0,3.95,3.98,15693840,002354
2022-07-05,3.98,3.99,3.88,3.93,22900595,002354
2022-07-06,3.94,3.95,3.81,3.81,18159900,002354
2022-07-07,3.81,3.84,3.79,3.81,14739092,002354
2022-07-08,3.79,3.95,3.76,3.88,25771880,002354
2022-07-11,3.88,3.89,3.79,3.82,16547608,002354
2022-07-12,3.81,3.81,3.71,3.73,17202920,002354
2022-07-13,3.73,3.85,3.73,3.8,15514080,002354
2022-07-14,3.77,3.79,3.73,3.73,15946500,002354
2022-07-15,3.68,3.68,3.49,3.49,30173167,002354
2022-07-18,3.46,3.64,3.45,3.6,23213756,002354
2022-07-19,3.6,3.72,3.56,3.69,25045220,002354
2022-07-20,3.73,3.76,3.68,3.72,17851954,002354
2022-07-21,3.75,3.85,3.71,3.8,30305658,002354
2022-07-22,3.76,3.83,3.73,3.75,26460500,002354
2022-07-25,3.81,3.9,3.74,3.74,19911800,002354
2022-07-26,3.75,3.78,3.72,3.78,14830255,002354
2022-07-27,3.78,3.81,3.71,3.73,14215736,002354
2022-07-28,3.74,3.8,3.71,3.72,16894536,002354
2022-07-29,3.72,3.81,3.71,3.77,23545285,002354
2022-08-01,3.73,3.9,3.72,3.78,30041860,002354
2022-08-02,3.72,3.74,3.5,3.56,30591366,002354
2022-08-03,3.56,3.7,3.49,3.51,23698385,002354
2022-08-04,3.53,3.65,3.51,3.63,23881426,002354
2022-08-05,3.65,3.99,3.64,3.89,90470997,002354
2022-08-08,3.79,3.94,3.73,3.87,55744700,002354
2022-08-09,3.83,3.9,3.8,3.82,23637000,002354
2022-08-10,3.83,3.92,3.78,3.85,22356096,002354
2022-08-11,3.85,4.04,3.84,3.97,42395524,002354
2022-08-12,3.96,4.03,3.92,4.01,32450420,002354
2022-08-15,4.02,4.06,3.91,3.94,27449884,002354
2022-08-16,3.93,3.95,3.86,3.89,21357200,002354
2022-08-17,3.89,4.04,3.85,3.98,37637383,002354
2022-08-18,3.97,3.98,3.85,3.86,27480300,002354
2022-08-19,3.88,4.03,3.87,3.96,43442800,002354
2022-08-22,3.96,4.13,3.91,4.11,52736736,002354
2022-08-23,4.1,4.11,4.0,4.04,30290743,002354
2022-08-24,4.05,4.11,3.95,3.97,29344500,002354
2022-08-25,4.0,4.01,3.82,3.93,29761840,002354
2022-08-26,3.96,4.02,3.92,3.94,21679000,002354
2022-08-29,3.87,4.1,3.83,4.08,42345863,002354
2022-08-30,4.11,4.19,4.05,4.08,34407500,002354
2022-08-31,4.08,4.18,4.01,4.05,30006700,002354
2022-09-01,4.05,4.12,3.95,3.97,24204988,002354
2022-09-02,3.97,4.14,3.96,4.1,37395043,002354
2022-09-05,4.06,4.1,3.97,4.0,28697111,002354
2022-09-06,4.01,4.03,3.93,4.0,16394703,002354
2022-09-07,3.98,3.99,3.9,3.93,17827800,002354
2022-09-08,3.95,3.99,3.91,3.91,14785400,002354
2022-09-09,3.9,3.91,3.83,3.88,13384500,002354
2022-09-13,3.88,3.95,3.88,3.9,13914480,002354
2022-09-14,3.84,3.86,3.78,3.81,16997520,002354
2022-09-15,3.83,3.83,3.7,3.75,18034780,002354
2022-09-16,3.76,3.77,3.66,3.68,15849900,002354
2022-09-19,3.68,3.68,3.55,3.59,16298973,002354
2022-09-20,3.63,3.68,3.59,3.61,13545583,002354
2022-09-21,3.6,3.73,3.52,3.7,14163202,002354
2022-09-22,3.67,3.74,3.63,3.63,10943200,002354
2022-09-23,3.68,3.68,3.54,3.56,8650043,002354
2022-09-26,3.5,3.55,3.26,3.43,14722928,002354
2022-09-27,3.44,3.51,3.4,3.49,9639328,002354
2022-09-28,3.47,3.48,3.36,3.36,10718000,002354
2022-09-29,3.41,3.41,3.26,3.29,12602860,002354
2022-09-30,3.28,3.36,3.28,3.33,11053923,002354
2022-10-10,3.37,3.38,3.22,3.24,11517900,002354
2022-10-11,3.2,3.38,3.2,3.27,14345340,002354
2022-10-12,3.24,3.38,3.21,3.38,15405580,002354
2022-10-13,3.35,3.59,3.32,3.43,23500580,002354
2022-10-14,3.43,3.5,3.4,3.48,17201644,002354
2022-10-17,3.46,3.62,3.37,3.59,25180941,002354
2022-10-18,3.6,3.75,3.54,3.64,37554166,002354
2022-10-19,3.61,3.67,3.54,3.62,26146597,002354
2022-10-20,3.58,3.7,3.54,3.64,23954112,002354
2022-10-21,3.6,3.67,3.53,3.53,18139560,002354
2022-10-24,3.53,3.62,3.4,3.42,20629200,002354
2022-10-25,3.44,3.46,3.32,3.39,21566400,002354
2022-10-26,3.41,3.7,3.37,3.52,36500003,002354
2022-10-27,3.54,3.63,3.47,3.6,33302980,002354
2022-10-28,3.56,3.6,3.4,3.43,21501621,002354
2022-10-31,3.53,3.59,3.45,3.51,19946123,002354
2022-11-01,3.51,3.59,3.47,3.59,18888500,002354
2022-11-02,3.88,3.95,3.68,3.7,109908761,002354
2022-11-03,3.59,3.78,3.59,3.62,56477474,002354
2022-11-04,3.64,3.75,3.62,3.69,36101700,002354
2022-11-07,3.68,4.06,3.65,4.06,79060839,002354
2022-11-08,4.1,4.17,3.97,3.98,140451229,002354
2022-11-09,4.02,4.05,3.92,3.93,63060779,002354
2022-11-10,3.93,4.32,3.91,4.32,154383679,002354
2022-11-11,4.5,4.75,4.45,4.75,278609043,002354
2022-11-14,4.61,4.74,4.46,4.54,221531612,002354
2022-11-15,4.46,4.61,4.41,4.48,124711454,002354
2022-11-16,4.45,4.72,4.42,4.56,150166548,002354
2022-11-17,4.83,4.89,4.51,4.57,164922336,002354
2022-11-18,4.59,4.7,4.41,4.41,129865544,002354
2022-11-21,4.41,4.57,4.37,4.41,79749490,002354
2022-11-22,4.36,4.44,4.21,4.22,89064600,002354
2022-11-23,4.29,4.29,4.07,4.15,64061982,002354
2022-11-24,4.15,4.18,4.07,4.08,39265149,002354
2022-11-25,4.11,4.11,4.02,4.04,36039723,002354
2022-11-28,3.97,4.04,3.93,4.04,35576230,002354
2022-11-29,4.01,4.12,4.01,4.1,37015585,002354
2022-11-30,4.1,4.13,4.03,4.05,32221400,002354
2022-12-01,4.09,4.2,4.07,4.14,48506868,002354
2022-12-02,4.18,4.24,4.12,4.16,40164961,002354
2022-12-05,4.16,4.25,4.14,4.16,35641880,002354
2022-12-06,4.12,4.17,4.08,4.08,33173540,002354
2022-12-07,4.12,4.49,4.08,4.49,96735943,002354
2022-12-08,4.51,4.67,4.35,4.42,130036027,002354
2022-12-09,4.49,4.55,4.32,4.49,85104523,002354
2022-12-12,4.46,4.55,4.31,4.35,56823990,002354
2022-12-13,4.33,4.5,4.3,4.36,49194881,002354
2022-12-14,4.32,4.8,4.26,4.61,131593556,002354
2022-12-15,4.55,4.63,4.42,4.47,80368418,002354
2022-12-16,4.42,4.44,4.33,4.37,42836043,002354
2022-12-19,4.37,4.41,4.2,4.27,38348900,002354
2022-12-20,4.29,4.38,4.13,4.15,37338524,002354
2022-12-21,4.15,4.3,4.12,4.16,36731020,002354
2022-12-22,4.16,4.23,4.1,4.1,32384700,002354
2022-12-23,4.08,4.25,4.06,4.19,40344192,002354
2022-12-26,4.19,4.23,4.06,4.1,43787260,002354
2022-12-27,4.13,4.18,3.93,4.0,61477090,002354
2022-12-28,4.0,4.01,3.79,3.85,52670418,002354
2022-12-29,3.88,3.98,3.75,3.77,52639417,002354
2022-12-30,3.8,3.96,3.77,3.91,49228368,002354
2023-01-03,3.9,4.11,3.88,4.1,51285839,002354
2023-01-04,4.11,4.15,4.07,4.12,43427738,002354
2023-01-05,4.12,4.3,4.06,4.1,55998181,002354
2023-01-06,4.08,4.13,3.94,3.95,48338442,002354
2023-01-09,3.95,4.13,3.95,4.05,33978500,002354
2023-01-10,4.06,4.23,4.0,4.17,52014000,002354
2023-01-11,4.17,4.18,4.02,4.05,36529600,002354
2023-01-12,4.04,4.16,4.0,4.08,32398300,002354
2023-01-13,4.09,4.19,4.09,4.16,46045400,002354
2023-01-16,4.15,4.15,4.06,4.09,36773544,002354
2023-01-17,4.1,4.11,3.96,3.98,36026903,002354
2023-01-18,4.0,4.18,3.99,4.08,52594526,002354
2023-01-19,4.05,4.12,4.04,4.04,25743107,002354
2023-01-20,4.04,4.12,4.04,4.1,26641691,002354
2023-01-30,4.18,4.36,4.14,4.29,71308762,002354
2023-01-31,4.25,4.27,4.14,4.23,57516069,002354
2023-02-01,4.22,4.65,4.19,4.65,116412432,002354
2023-02-02,4.85,4.88,4.54,4.59,208344632,002354
2023-02-03,4.7,5.05,4.65,5.05,174625710,002354
2023-02-06,5.56,5.56,5.56,5.56,16863390,002354
2023-02-07,6.12,6.12,6.12,6.12,23651540,002354
2023-02-08,6.73,6.73,5.83,5.91,529351400,002354
2023-02-09,5.91,6.04,5.63,5.96,362546410,002354
2023-02-10,5.91,6.56,5.8,6.22,534703830,002354
2023-02-13,6.48,6.84,6.38,6.84,540051246,002354
2023-02-14,6.42,7.12,6.16,6.86,590360180,002354
2023-02-15,7.0,7.12,6.67,6.72,462451804,002354
2023-02-16,6.5,7.27,6.4,6.84,480629216,002354
2023-02-17,6.9,7.08,6.5,6.86,404200861,002354
2023-02-20,6.8,7.16,6.54,6.83,406263526,002354
2023-02-21,6.63,6.85,6.29,6.57,416769191,002354
2023-02-22,6.41,6.57,6.15,6.29,312543131,002354
2023-02-23,6.4,6.66,6.1,6.44,381050041,002354
2023-02-24,6.36,6.53,6.15,6.16,281707540,002354
2023-02-27,6.06,6.13,5.73,5.8,280119470,002354
2023-02-28,5.81,5.88,5.6,5.77,197804151,002354
2023-03-01,5.73,6.04,5.71,5.98,257598188,002354
2023-03-02,5.98,6.37,5.93,6.23,341047513,002354
2023-03-03,6.0,6.19,5.94,6.12,232124715,002354
2023-03-06,6.06,6.11,5.85,5.89,147801540,002354
2023-03-07,5.91,5.96,5.73,5.76,145050605,002354
2023-03-08,5.7,5.82,5.64,5.76,114449158,002354
2023-03-09,5.84,6.0,5.68,5.91,205060087,002354
2023-03-10,5.7,5.8,5.62,5.63,136168511,002354
2023-03-13,5.65,5.85,5.52,5.82,155637923,002354
2023-03-14,5.83,5.9,5.6,5.64,149590320,002354
2023-03-15,5.69,5.8,5.5,5.51,118980788,002354
2023-03-16,5.41,5.75,5.35,5.56,165448974,002354
2023-03-17,5.55,6.1,5.52,5.89,262375277,002354
2023-03-20,6.0,6.16,5.8,5.82,245605909,002354
2023-03-21,5.82,6.4,5.82,6.4,269317388,002354
2023-03-22,6.36,6.53,6.23,6.48,378003605,002354
2023-03-23,6.35,6.48,6.2,6.43,243036027,002354
2023-03-24,6.37,6.66,6.36,6.57,285614973,002354
2023-03-27,6.61,6.79,6.41,6.53,254234255,002354
2023-03-28,6.4,6.4,6.16,6.2,195224598,002354
2023-03-29,6.18,6.31,6.11,6.14,131771913,002354
2023-03-30,6.02,6.08,5.77,5.85,157017498,002354
2023-03-31,5.82,6.21,5.81,6.18,167647705,002354
2023-04-03,6.18,6.37,6.07,6.31,188334507,002354
2023-04-04,6.37,6.42,6.11,6.17,150501654,002354
2023-04-06,6.0,6.01,5.71,5.79,145100724,002354
2023-04-07,5.8,6.07,5.7,5.97,120759900,002354
2023-04-10,5.97,6.03,5.6,5.62,109938283,002354
2023-04-11,5.63,5.95,5.55,5.8,102412233,002354
2023-04-12,5.8,6.08,5.76,6.0,129035373,002354
2023-04-13,6.05,6.6,6.01,6.6,169725317,002354
2023-04-14,6.71,6.77,6.18,6.2,316836660,002354
2023-04-17,6.23,6.3,5.83,5.86,169311032,002354
2023-04-18,5.81,5.86,5.6,5.69,133829651,002354
2023-04-19,5.7,5.84,5.66,5.71,116855359,002354
2023-04-20,5.64,5.89,5.61,5.88,128763290,002354
2023-04-21,5.85,5.93,5.45,5.46,134306631,002354
2023-04-24,5.43,5.62,5.39,5.56,78081149,002354
2023-04-25,5.64,5.88,5.62,5.79,150360901,002354
2023-04-26,5.71,6.35,5.7,6.15,288844149,002354
2023-04-27,6.02,6.03,5.54,5.64,232838049,002354
2023-04-28,5.6,6.0,5.57,5.93,185749332,002354
2023-05-04,6.01,6.3,5.82,6.24,231816081,002354
2023-05-05,6.22,6.58,6.02,6.3,255188839,002354
2023-05-08,6.21,6.93,6.13,6.93,248907689,002354
2023-05-09,7.18,7.62,6.91,7.13,473832582,002354
2023-05-10,6.92,7.4,6.8,7.25,354631471,002354
2023-05-11,7.21,7.98,7.16,7.83,481246260,002354
2023-05-12,7.38,7.47,7.05,7.05,305932049,002354
2023-05-15,6.8,7.31,6.67,7.13,251263705,002354
2023-05-16,7.02,7.08,6.42,6.42,256939637,002354
2023-05-17,6.23,6.52,6.15,6.32,157016139,002354
2023-05-18,6.33,6.53,6.16,6.41,152364279,002354
2023-05-19,6.42,6.5,6.18,6.2,123276380,002354
2023-05-22,6.16,6.18,5.93,6.01,124744961,002354
2023-05-23,6.05,6.17,5.89,6.02,102818904,002354
2023-05-24,6.03,6.62,5.97,6.62,263161822,002354
2023-05-25,6.59,6.75,6.47,6.67,275789941,002354
2023-05-26,6.55,6.82,6.46,6.71,204361797,002354
2023-05-29,6.77,6.96,6.66,6.87,207864130,002354
2023-05-30,6.75,7.13,6.62,6.95,197957478,002354
2023-05-31,6.95,7.29,6.81,7.03,224188579,002354
2023-06-01,6.9,7.64,6.85,7.23,265466058,002354
2023-06-02,7.28,7.65,7.14,7.3,260833888,002354
2023-06-05,7.33,7.53,7.06,7.46,248461618,002354
2023-06-06,7.27,8.0,7.22,7.57,360667478,002354
2023-06-07,7.5,7.74,7.2,7.35,270578378,002354
2023-06-08,7.25,7.25,6.87,7.08,222404563,002354
2023-06-09,7.18,7.51,7.01,7.41,232850745,002354
2023-06-12,7.47,7.61,7.19,7.2,190587719,002354
2023-06-13,7.15,7.92,7.11,7.92,343599730,002354
2023-06-14,7.91,8.33,7.71,7.77,446802420,002354
2023-06-15,7.94,8.25,7.76,7.97,339178973,002354
2023-06-16,7.82,8.07,7.61,7.9,238652338,002354
2023-06-19,7.87,8.3,7.72,8.2,276519188,002354
2023-06-20,8.18,8.48,7.96,7.99,242121942,002354
2023-06-21,7.86,7.9,7.19,7.19,250003379,002354
2023-06-26,7.0,7.27,6.77,6.78,162846874,002354
2023-06-27,6.86,7.1,6.75,6.98,119050475,002354
2023-06-28,6.91,6.96,6.6,6.9,120286892,002354
2023-06-29,6.86,7.03,6.85,6.99,95393780,002354
2023-06-30,6.99,7.05,6.8,7.01,92103710,002354
2023-07-03,7.18,7.23,6.72,6.88,99636932,002354
2023-07-04,6.8,6.94,6.77,6.84,67423107,002354
2023-07-05,6.81,6.84,6.6,6.61,82936004,002354
2023-07-06,6.56,6.76,6.55,6.63,62369836,002354
2023-07-07,6.6,6.6,6.35,6.49,80304787,002354
2023-07-10,6.49,6.5,6.37,6.46,50077038,002354
2023-07-11,6.5,6.58,6.44,6.53,54508403,002354
2023-07-12,6.51,6.64,6.31,6.33,78366767,002354
2023-07-13,6.35,6.45,6.27,6.43,75614503,002354
2023-07-14,6.49,6.69,6.47,6.62,96176800,002354
2023-07-17,6.71,6.79,6.6,6.72,69648631,002354
2023-07-18,6.69,6.69,6.55,6.57,49280868,002354
2023-07-19,6.6,7.08,6.54,6.9,140794625,002354
2023-07-20,6.82,6.96,6.73,6.76,86472242,002354
2023-07-21,6.7,6.75,6.5,6.51,72020301,002354
2023-07-24,6.44,6.54,6.34,6.36,60209000,002354
2023-07-25,6.45,6.53,6.4,6.48,61812770,002354
2023-07-26,6.46,6.47,6.05,6.09,119085998,002354
2023-07-27,6.09,6.14,5.97,6.04,55902359,002354
2023-07-28,6.0,6.11,5.93,6.07,49096823,002354
2023-07-31,6.1,6.23,5.97,6.19,60824368,002354
2023-08-01,6.16,6.18,6.07,6.1,42118987,002354
2023-08-02,6.09,6.09,6.01,6.05,37058367,002354
2023-08-03,6.12,6.18,6.06,6.08,43877020,002354
2023-08-04,6.11,6.27,6.09,6.21,73296693,002354
2023-08-07,6.2,6.3,6.15,6.28,58990979,002354
2023-08-08,6.23,6.29,6.15,6.16,45250491,002354
2023-08-09,6.15,6.16,5.95,5.99,50822324,002354
2023-08-10,5.99,6.12,5.97,6.05,35440102,002354
2023-08-11,6.02,6.1,5.9,5.93,39396902,002354
2023-08-14,5.9,6.09,5.86,6.09,48495133,002354
2023-08-15,6.09,6.12,5.96,6.02,39698036,002354
2023-08-16,5.98,6.02,5.7,5.86,45277265,002354
2023-08-17,5.86,5.91,5.75,5.88,32122692,002354
2023-08-18,5.89,5.94,5.67,5.67,48005811,002354
2023-08-21,5.61,5.78,5.6,5.63,38162037,002354
2023-08-22,5.65,5.83,5.63,5.83,60424208,002354
2023-08-23,5.84,5.86,5.7,5.72,47683862,002354
2023-08-24,5.86,6.17,5.82,5.93,108478833,002354
2023-08-25,5.8,5.81,5.58,5.61,72504254,002354
2023-08-28,5.88,5.98,5.62,5.62,51768195,002354
2023-08-29,5.6,5.9,5.56,5.87,78460030,002354
2023-08-30,5.9,6.01,5.81,5.97,78487650,002354
2023-08-31,5.93,5.94,5.82,5.83,44586451,002354
2023-09-01,5.87,5.95,5.82,5.89,41501576,002354
2023-09-04,5.9,5.93,5.82,5.93,40357220,002354
2023-09-05,5.93,5.93,5.77,5.82,42522711,002354
2023-09-06,5.79,5.79,5.66,5.7,38220760,002354
2023-09-07,5.76,5.93,5.69,5.74,68228901,002354
2023-09-08,5.62,5.62,5.45,5.52,74116739,002354
2023-09-11,5.54,5.7,5.54,5.63,55068500,002354
2023-09-12,5.6,5.6,5.5,5.53,38912788,002354
2023-09-13,5.51,5.52,5.35,5.42,47618136,002354
2023-09-14,5.43,5.43,5.25,5.27,40365121,002354
2023-09-15,5.28,5.31,5.2,5.23,29509052,002354
2023-09-18,5.22,5.26,5.16,5.25,24977003,002354
2023-09-19,5.25,5.26,5.12,5.14,35326800,002354
2023-09-20,5.17,5.19,5.11,5.11,20659212,002354
2023-09-21,5.12,5.15,5.05,5.07,28278417,002354
2023-09-22,5.05,5.23,5.04,5.22,44332876,002354
2023-09-25,5.28,5.28,5.14,5.16,37379100,002354
2023-09-26,5.14,5.27,5.1,5.19,38279738,002354
2023-09-27,5.15,5.29,5.14,5.24,44413833,002354
2023-09-28,5.28,5.33,5.23,5.3,37507500,002354
2023-10-09,5.3,5.3,5.18,5.25,33170754,002354
2023-10-10,5.25,5.35,5.24,5.28,32161634,002354
2023-10-11,5.27,5.39,5.22,5.35,41161200,002354
2023-10-12,5.35,5.38,5.26,5.27,37407780,002354
2023-10-13,5.25,5.26,5.17,5.18,39488820,002354
2023-10-16,5.18,5.2,5.08,5.11,38209000,002354
2023-10-17,5.11,5.13,5.05,5.09,25722591,002354
2023-10-18,5.08,5.09,4.92,4.98,39593654,002354
2023-10-19,4.97,5.06,4.93,4.94,35242932,002354
2023-10-20,4.9,4.97,4.82,4.83,32140303,002354
2023-10-23,4.85,4.86,4.65,4.68,36111600,002354
2023-10-24,4.74,4.85,4.72,4.81,46840773,002354
2023-10-25,4.83,5.18,4.81,5.01,89422178,002354
2023-10-26,4.88,4.97,4.81,4.91,85061180,002354
2023-10-27,4.89,4.92,4.76,4.89,52644820,002354
2023-10-30,4.99,5.13,4.97,5.1,82730637,002354
2023-10-31,5.05,5.19,5.03,5.08,66151753,002354
2023-11-01,5.07,5.25,5.04,5.14,62725993,002354
2023-11-02,5.14,5.28,5.12,5.16,91455056,002354
2023-11-03,5.17,5.24,5.08,5.21,67056689,002354
2023-11-06,5.25,5.53,5.24,5.48,127275889,002354
2023-11-07,5.48,5.58,5.41,5.54,123772357,002354
2023-11-08,5.5,5.99,5.48,5.82,207195849,002354
2023-11-09,5.9,5.9,5.6,5.66,131726259,002354
2023-11-10,5.63,5.7,5.49,5.51,79151649,002354
2023-11-13,5.57,5.68,5.52,5.6,78475089,002354
2023-11-14,5.56,5.69,5.54,5.66,67186747,002354
2023-11-15,5.68,5.71,5.57,5.6,57897473,002354
2023-11-16,5.56,5.75,5.51,5.74,111274413,002354
2023-11-17,5.68,5.77,5.66,5.7,78377466,002354
2023-11-20,5.69,5.73,5.6,5.68,59061440,002354
2023-11-21,5.69,5.87,5.67,5.81,119887769,002354
2023-11-22,5.75,6.2,5.74,5.88,188774474,002354
2023-11-23,5.81,5.9,5.62,5.9,118878588,002354
2023-11-24,5.86,5.92,5.68,5.8,93894151,002354
2023-11-27,5.82,5.82,5.59,5.69,67220646,002354
2023-11-28,5.64,5.73,5.52,5.71,58742500,002354
2023-11-29,5.62,5.67,5.47,5.53,71942232,002354
2023-11-30,5.52,5.55,5.4,5.47,50571533,002354
2023-12-01,5.48,5.71,5.47,5.7,115085389,002354
2023-12-04,5.71,5.79,5.64,5.65,79217201,002354
2023-12-05,5.66,5.69,5.37,5.38,75061349,002354
2023-12-06,5.35,5.64,5.25,5.57,80828300,002354
2023-12-07,5.6,5.72,5.55,5.68,81362229,002354
2023-12-08,5.68,5.73,5.55,5.68,84645140,002354
2023-12-11,5.64,5.78,5.61,5.77,84191603,002354
2023-12-12,5.8,5.96,5.78,5.86,118853398,002354
2023-12-13,5.81,5.92,5.74,5.75,81294088,002354
2023-12-14,5.8,5.87,5.67,5.69,61256790,002354
2023-12-15,5.72,6.12,5.61,5.97,185594911,002354
2023-12-18,5.96,5.97,5.72,5.74,121850028,002354
2023-12-19,5.74,6.31,5.7,6.31,257766735,002354
2023-12-20,6.33,6.62,6.17,6.2,393794195,002354
2023-12-21,6.15,6.8,6.12,6.54,360903832,002354
2023-12-22,6.43,6.49,5.89,5.89,276320228,002354
2023-12-25,5.54,5.88,5.54,5.58,185506504,002354
2023-12-26,5.54,5.58,5.18,5.22,167254577,002354
2023-12-27,5.23,5.4,5.18,5.36,114733940,002354
2023-12-28,5.33,5.42,5.15,5.33,104951216,002354
2023-12-29,5.33,5.57,5.3,5.52,101003603,002354
2024-01-02,5.63,5.76,5.51,5.51,91411100,002354
2024-01-03,5.53,5.64,5.41,5.53,85567984,002354
2024-01-04,5.48,5.5,5.32,5.43,63780280,002354
2024-01-05,5.48,5.97,5.36,5.97,241072990,002354
2024-01-08,5.87,6.03,5.77,5.95,224306843,002354
2024-01-09,5.92,6.0,5.73,5.83,147594178,002354
2024-01-10,5.81,5.9,5.49,5.68,140341275,002354
2024-01-11,5.54,5.88,5.48,5.8,126713412,002354
2024-01-12,5.77,6.04,5.75,5.75,136925561,002354
2024-01-15,5.74,6.02,5.71,5.85,124220485,002354
2024-01-16,5.8,5.82,5.53,5.63,109663999,002354
2024-01-17,5.6,5.63,5.26,5.29,97517697,002354
2024-01-18,5.19,5.31,5.06,5.3,86848889,002354
2024-01-19,5.25,5.45,5.22,5.31,83577464,002354
2024-01-22,5.23,5.31,4.79,4.84,98527503,002354
2024-01-23,4.82,4.96,4.72,4.93,65148584,002354
2024-01-24,4.92,4.97,4.72,4.93,67236997,002354
2024-01-25,4.93,5.08,4.84,5.07,66103943,002354
2024-01-26,5.07,5.19,5.0,5.03,64352494,002354
2024-01-29,5.03,5.06,4.75,4.75,60277524,002354
2024-01-30,4.74,4.78,4.46,4.5,59241116,002354
2024-01-31,4.05,4.05,4.05,4.05,14194300,002354
2024-02-01,3.65,3.85,3.65,3.65,141641753,002354
2024-02-02,3.56,3.85,3.39,3.75,129637421,002354
2024-02-05,3.78,3.78,3.38,3.38,95061236,002354
2024-02-06,3.21,3.59,3.06,3.44,91257323,002354
2024-02-07,3.49,3.63,3.42,3.52,79847950,002354
2024-02-08,3.55,3.83,3.53,3.79,79828942,002354
2024-02-19,3.95,4.08,3.94,4.06,88563199,002354
2024-02-20,4.07,4.47,4.0,4.47,109890800,002354
2024-02-21,4.45,4.72,4.3,4.39,175219843,002354
2024-02-22,4.39,4.7,4.39,4.64,145856843,002354
2024-02-23,4.64,4.76,4.54,4.74,146862524,002354
2024-02-26,4.74,5.2,4.61,4.92,177099318,002354
2024-02-27,4.81,5.06,4.75,5.03,137431945,002354
2024-02-28,5.03,5.19,4.53,4.54,186096068,002354
2024-02-29,4.48,4.83,4.46,4.8,123508352,002354
2024-03-01,4.76,4.93,4.74,4.89,105032186,002354
2024-03-04,4.91,5.03,4.76,5.01,102889756,002354
2024-03-05,4.91,5.03,4.81,4.86,103254919,002354
2024-03-06,4.85,4.9,4.76,4.81,65852929,002354
2024-03-07,4.83,4.86,4.63,4.65,74232680,002354
2024-03-08,4.63,4.73,4.58,4.67,50768615,002354
2024-03-11,4.64,4.75,4.6,4.74,52249346,002354
2024-03-12,4.76,4.85,4.75,4.84,67348735,002354
2024-03-13,4.84,5.06,4.81,4.99,131132208,002354
2024-03-14,4.95,4.95,4.77,4.84,81039291,002354
2024-03-15,4.81,4.91,4.75,4.91,58028870,002354
2024-03-18,4.98,4.98,4.86,4.95,75219085,002354
2024-03-19,4.99,5.09,4.94,4.94,93839270,002354
2024-03-20,4.92,5.4,4.92,5.27,208410540,002354
2024-03-21,5.69,5.8,5.4,5.47,270657530,002354
2024-03-22,5.4,5.58,5.16,5.31,196961378,002354
2024-03-25,5.41,5.52,5.13,5.15,159849070,002354
2024-03-26,5.07,5.18,4.93,4.96,103133399,002354
2024-03-27,4.96,4.99,4.6,4.6,103441446,002354
2024-03-28,4.6,5.06,4.56,5.01,160498145,002354
2024-03-29,4.91,4.93,4.75,4.84,70059671,002354
2024-04-01,4.78,4.95,4.78,4.89,72533227,002354
2024-04-02,4.86,4.9,4.68,4.74,69889321,002354
2024-04-03,4.74,4.74,4.55,4.59,61240440,002354
2024-04-08,4.55,4.56,4.42,4.44,52995726,002354
2024-04-09,4.52,4.56,4.44,4.54,39481540,002354
2024-04-10,4.52,4.52,4.31,4.36,44938773,002354
2024-04-11,4.34,4.52,4.31,4.45,49361300,002354
2024-04-12,4.42,4.47,4.31,4.32,39926940,002354
2024-04-15,4.26,4.31,4.0,4.11,66192043,002354
2024-04-16,4.09,4.11,3.75,3.76,70952239,002354
2024-04-17,3.83,4.1,3.83,4.09,64013252,002354
2024-04-18,4.09,4.13,3.98,4.01,52332521,002354
2024-04-19,3.98,4.02,3.9,3.92,42737665,002354
2024-04-22,3.9,3.99,3.81,3.92,33915449,002354
2024-04-23,3.95,4.06,3.94,3.98,45257880,002354
2024-04-24,3.97,4.06,3.94,4.05,41430880,002354
2024-04-25,3.97,4.03,3.87,3.91,57999357,002354
2024-04-26,3.89,4.07,3.89,4.03,57631301,002354
2024-04-29,4.04,4.22,4.04,4.2,58096221,002354
2024-04-30,4.28,4.38,4.2,4.29,72090354,002354
2024-05-06,4.38,4.43,4.25,4.3,54313400,002354
2024-05-07,4.27,4.41,4.25,4.33,47100751,002354
2024-05-08,4.28,4.3,4.15,4.16,46710180,002354
2024-05-09,4.15,4.33,4.15,4.25,43717480,002354
2024-05-10,4.25,4.31,4.14,4.17,38939292,002354
2024-05-13,3.75,3.75,3.75,3.75,18995800,002354
2024-05-14,3.38,3.96,3.38,3.82,143808794,002354
2024-05-15,3.82,3.87,3.74,3.77,70216100,002354
2024-05-16,3.78,3.86,3.73,3.74,58353200,002354
2024-05-17,3.73,3.78,3.67,3.71,55482580,002354
2024-05-20,3.69,3.79,3.65,3.71,48222320,002354
2024-05-21,3.71,3.78,3.6,3.63,55003657,002354
2024-05-22,3.6,3.67,3.59,3.61,38424565,002354
2024-05-23,3.61,3.63,3.48,3.5,50659800,002354
2024-05-24,3.48,3.53,3.39,3.4,44437460,002354
2024-05-27,3.46,3.48,3.33,3.42,39179000,002354
2024-05-28,3.4,3.41,3.33,3.35,31716649,002354
2024-05-29,3.36,3.4,3.33,3.35,37389209,002354
2024-05-30,3.34,3.34,3.25,3.26,47765495,002354
2024-05-31,3.27,3.47,3.26,3.42,68078160,002354
2024-06-03,3.42,3.49,3.26,3.29,54556801,002354
2024-06-04,3.26,3.28,3.13,3.2,53470642,002354
2024-06-05,3.17,3.24,3.16,3.16,35370669,002354
2024-06-06,3.15,3.21,2.85,2.93,124194832,002354
2024-06-07,2.98,3.05,2.89,2.96,67509269,002354
2024-06-11,2.95,3.07,2.87,3.03,56025083,002354
2024-06-12,3.04,3.23,3.03,3.2,86029191,002354
2024-06-13,3.2,3.26,3.15,3.2,54433280,002354
2024-06-14,3.2,3.23,3.16,3.22,40403400,002354
2024-06-17,3.17,3.19,3.14,3.17,33295600,002354
2024-06-18,3.17,3.28,3.16,3.25,40193300,002354
2024-06-19,3.24,3.28,3.18,3.2,38168192,002354
2024-06-20,3.19,3.2,3.07,3.07,42307400,002354
2024-06-21,3.06,3.09,3.0,3.01,38000900,002354
2024-06-24,3.01,3.03,2.88,2.89,41786200,002354
2024-06-25,2.92,2.95,2.79,2.81,52366400,002354
2024-06-26,2.81,3.03,2.78,3.02,71678931,002354
2024-06-27,3.0,3.11,2.98,3.01,71440182,002354
2024-06-28,3.02,3.08,2.99,2.99,49800000,002354
2024-07-01,3.0,3.02,2.87,2.96,48630580,002354
2024-07-02,2.96,3.07,2.96,3.03,52032120,002354
2024-07-03,3.05,3.09,3.01,3.04,41117594,002354
2024-07-04,3.03,3.06,2.91,2.92,44298700,002354
2024-07-05,2.93,2.98,2.85,2.95,45404800,002354
2024-07-08,2.99,2.99,2.82,2.82,41908088,002354
2024-07-09,2.84,2.87,2.72,2.85,45403469,002354
2024-07-10,2.84,2.87,2.76,2.79,36661120,002354
2024-07-11,2.79,2.88,2.79,2.86,46267503,002354
2024-07-12,2.86,2.89,2.78,2.78,38087300,002354
2024-07-15,2.81,2.81,2.65,2.68,54218003,002354
2024-07-16,2.69,2.72,2.64,2.71,35017906,002354
2024-07-17,2.7,2.76,2.67,2.68,38117099,002354
2024-07-18,2.65,2.67,2.58,2.65,39664006,002354
2024-07-19,2.61,2.7,2.61,2.68,34260180,002354
2024-07-22,2.69,2.75,2.64,2.71,33669400,002354
2024-07-23,2.71,2.77,2.65,2.65,37100600,002354
2024-07-24,2.64,2.65,2.56,2.56,37969900,002354
2024-07-25,2.54,2.62,2.51,2.58,34856941,002354
2024-07-26,2.62,2.69,2.6,2.67,36013122,002354
2024-07-29,2.67,2.77,2.6,2.73,48365086,002354
2024-07-30,2.73,2.77,2.7,2.74,39493664,002354
2024-07-31,2.75,2.87,2.74,2.86,44093124,002354
2024-08-01,2.87,2.89,2.8,2.85,34927720,002354
2024-08-02,2.82,2.87,2.77,2.78,33856556,002354
2024-08-05,2.77,2.87,2.73,2.73,44794055,002354
2024-08-06,2.77,2.84,2.75,2.81,41921500,002354
2024-08-07,2.82,2.84,2.78,2.78,27903920,002354
2024-08-08,2.79,2.83,2.72,2.78,35324627,002354
2024-08-09,2.78,2.83,2.71,2.71,36340400,002354
2024-08-12,2.71,2.72,2.65,2.67,27245900,002354
2024-08-13,2.67,2.69,2.62,2.67,26084600,002354
2024-08-14,2.68,2.73,2.64,2.71,33850300,002354
2024-08-15,2.75,2.87,2.66,2.81,82319433,002354
2024-08-16,2.8,2.83,2.75,2.75,52890659,002354
2024-08-19,2.71,2.81,2.71,2.78,49073124,002354
2024-08-20,2.77,2.97,2.69,2.85,94070055,002354
2024-08-21,2.81,2.87,2.64,2.66,119501761,002354
2024-08-22,2.65,2.93,2.64,2.93,160600356,002354
2024-08-23,2.9,2.96,2.78,2.83,239432198,002354
2024-08-26,2.8,2.81,2.69,2.77,122498278,002354
2024-08-27,2.73,2.81,2.63,2.68,118462325,002354
2024-08-28,2.63,2.64,2.41,2.5,135358372,002354
2024-08-29,2.45,2.58,2.41,2.54,90733923,002354
2024-08-30,2.53,2.79,2.53,2.7,181812771,002354
2024-09-02,2.69,2.73,2.57,2.57,115125062,002354
2024-09-03,2.58,2.72,2.55,2.64,76699200,002354
2024-09-04,2.62,2.66,2.57,2.58,56728495,002354
2024-09-05,2.59,2.82,2.58,2.7,104350120,002354
2024-09-06,2.69,2.74,2.63,2.64,61532500,002354
2024-09-09,2.61,2.65,2.57,2.6,45310700,002354
2024-09-10,2.61,2.63,2.54,2.63,49927954,002354
2024-09-11,2.6,2.64,2.57,2.6,36226300,002354
2024-09-12,2.6,2.67,2.6,2.61,42282700,002354
2024-09-13,2.6,2.62,2.54,2.54,42034000,002354
2024-09-18,2.54,2.57,2.46,2.5,35822016,002354
2024-09-19,2.52,2.6,2.47,2.58,52001449,002354
2024-09-20,2.58,2.6,2.56,2.59,39575732,002354
2024-09-23,2.61,2.68,2.56,2.65,59108941,002354
2024-09-24,2.65,2.73,2.61,2.73,79020951,002354
2024-09-25,2.76,2.9,2.75,2.81,103153949,002354
2024-09-26,2.82,2.9,2.79,2.9,74931516,002354
2024-09-27,2.95,3.18,2.94,3.13,116232008,002354
2024-09-30,3.32,3.44,3.22,3.44,137219109,002354
2024-10-08,3.78,3.78,3.46,3.75,183638838,002354
2024-10-09,3.7,3.7,3.38,3.38,141061641,002354
2024-10-10,3.38,3.5,3.25,3.32,97846738,002354
2024-10-11,3.32,3.32,3.05,3.11,81477125,002354
2024-10-14,3.12,3.27,3.07,3.27,74877202,002354
2024-10-15,3.26,3.35,3.17,3.21,80191711,002354
2024-10-16,3.15,3.27,3.14,3.22,60591414,002354
2024-10-17,3.26,3.42,3.26,3.29,90764796,002354
2024-10-18,3.33,3.5,3.23,3.43,108600447,002354
2024-10-21,3.46,3.56,3.45,3.51,86631380,002354
2024-10-22,3.47,3.67,3.44,3.55,107122029,002354
2024-10-23,3.53,3.59,3.44,3.46,89550088,002354
2024-10-24,3.42,3.59,3.38,3.48,81876488,002354
2024-10-25,3.47,3.54,3.45,3.5,65901319,002354
2024-10-28,3.49,3.69,3.48,3.69,97279238,002354
2024-10-29,3.78,3.8,3.57,3.57,94691110,002354
2024-10-30,3.55,3.67,3.54,3.6,69327255,002354
2024-10-31,3.6,3.83,3.56,3.77,118336932,002354
2024-11-01,3.77,3.78,3.48,3.49,126544586,002354
2024-11-04,3.6,3.84,3.53,3.71,223397768,002354
2024-11-05,3.63,3.74,3.56,3.73,172966335,002354
2024-11-06,3.78,3.94,3.69,3.86,188325542,002354
2024-11-07,3.94,3.97,3.79,3.94,155687401,002354
2024-11-08,3.96,4.06,3.87,3.88,138567390,002354
2024-11-11,3.87,4.12,3.85,4.04,142408849,002354
2024-11-12,4.05,4.08,3.84,3.89,111219608,002354
2024-11-13,3.86,4.0,3.83,3.95,82228967,002354
2024-11-14,3.97,4.35,3.95,4.05,309999867,002354
2024-11-15,4.06,4.46,4.06,4.46,202054035,002354
2024-11-18,4.73,4.89,4.32,4.55,463109833,002354
2024-11-19,4.15,4.73,4.15,4.43,291794101,002354
2024-11-20,4.43,4.87,4.34,4.87,147468368,002354
2024-11-21,5.05,5.36,4.94,5.36,333392499,002354
2024-11-22,5.49,5.9,5.36,5.5,573252417,002354
2024-11-25,5.75,6.05,5.5,5.89,520288244,002354
2024-11-26,5.49,5.49,5.3,5.3,64422600,002354
2024-11-27,4.77,5.33,4.77,5.0,396245818,002354
2024-11-28,4.95,5.12,4.61,4.66,339696303,002354
2024-11-29,4.62,5.04,4.62,4.9,287732104,002354
2024-12-02,4.9,5.39,4.9,5.39,390418863,002354
2024-12-03,5.26,5.77,5.18,5.33,389430147,002354
2024-12-04,5.23,5.44,5.01,5.11,256317734,002354
2024-12-05,5.08,5.62,5.02,5.62,135650300,002354
2024-12-06,6.18,6.18,6.18,6.18,25274616,002354
2024-12-09,6.8,6.8,6.8,6.8,11048976,002354
2024-12-10,7.48,7.48,7.28,7.48,306368016,002354
2024-12-11,7.37,8.23,7.0,7.72,878050878,002354
2024-12-12,8.3,8.49,7.51,7.73,806395576,002354
2024-12-13,7.2,8.5,7.05,8.5,706098161,002354
2024-12-16,8.8,9.35,7.68,7.78,876431340,002354
2024-12-17,7.43,8.56,7.15,8.56,738362901,002354
2024-12-18,8.52,9.42,8.24,8.93,869290108,002354
2024-12-19,8.3,8.5,8.04,8.04,463144069,002354
2024-12-20,7.5,8.21,7.24,7.24,538697422,002354
2024-12-23,7.12,7.19,6.52,6.52,364185399,002354
2024-12-24,6.33,6.56,6.16,6.25,349322898,002354
2024-12-25,6.3,6.36,5.73,5.88,327606942,002354
2024-12-26,5.85,6.03,5.8,5.88,225790998,002354
2024-12-27,5.86,6.33,5.86,6.11,312023140,002354
2024-12-30,6.15,6.21,5.79,5.81,234043445,002354
2024-12-31,5.84,5.88,5.35,5.37,239610759,002354
2025-01-02,5.37,5.52,5.31,5.39,198659202,002354
2025-01-03,5.43,5.47,4.96,4.99,193210433,002354
2025-01-06,4.95,5.0,4.79,4.83,143735716,002354
2025-01-07,4.88,5.28,4.82,5.2,245108087,002354
2025-01-08,5.19,5.72,5.11,5.72,400228715,002354
2025-01-09,5.65,5.99,5.57,5.72,417782533,002354
2025-01-10,5.73,6.1,5.6,5.83,370053581,002354
2025-01-13,5.7,5.96,5.43,5.6,263831033,002354
2025-01-14,5.7,6.16,5.61,6.15,365423335,002354
2025-01-15,6.2,6.77,6.12,6.55,433397552,002354
2025-01-16,6.3,6.65,6.2,6.47,416314156,002354
2025-01-17,6.26,6.3,5.98,6.01,281077387,002354
2025-01-20,6.11,6.2,5.98,5.99,189732387,002354
2025-01-21,6.06,6.27,5.98,6.13,201983797,002354
2025-01-22,6.01,6.04,5.65,5.68,203938259,002354
2025-01-23,5.78,5.95,5.57,5.61,198325940,002354
2025-01-24,5.59,5.9,5.43,5.84,225135634,002354
2025-01-27,6.0,6.25,5.72,6.1,280948487,002354
2025-02-05,6.71,6.71,6.71,6.71,47985357,002354
2025-02-06,7.38,7.38,6.95,7.38,417209497,002354
2025-02-07,7.28,8.01,7.15,7.32,651378373,002354
2025-02-10,7.39,8.05,7.39,8.05,442289805,002354
2025-02-11,8.1,8.7,7.86,8.16,611553952,002354
2025-02-12,7.89,8.45,7.66,8.21,451370057,002354
2025-02-13,8.24,8.66,7.75,8.09,497737769,002354
2025-02-14,7.9,8.8,7.9,8.4,515720277,002354
2025-02-17,8.41,8.42,7.94,8.1,383369277,002354
2025-02-18,7.95,8.46,7.9,8.16,353527849,002354
2025-02-19,8.05,8.38,7.66,8.35,409406169,002354
2025-02-20,8.49,8.97,8.16,8.27,464912521,002354
2025-02-21,8.21,8.4,8.0,8.12,351489509,002354
2025-02-24,8.04,8.16,7.66,7.7,327786952,002354
2025-02-25,7.49,7.97,7.44,7.81,226632391,002354
2025-02-26,7.76,7.82,7.62,7.7,182379601,002354
2025-02-27,7.7,8.0,7.61,7.88,255210045,002354
2025-02-28,7.8,7.81,7.09,7.09,251361631,002354
2025-03-03,6.97,7.08,6.65,6.75,179188452,002354
2025-03-04,6.66,7.18,6.65,7.11,199233106,002354
2025-03-05,7.13,7.38,6.92,7.25,198878861,002354
2025-03-06,7.35,7.56,7.26,7.46,198217945,002354
2025-03-07,7.57,7.79,7.25,7.37,217038706,002354
2025-03-10,7.28,7.29,7.06,7.14,135812020,002354
2025-03-11,7.01,7.31,6.96,7.28,124513246,002354
2025-03-12,7.28,7.45,7.23,7.26,132791474,002354
2025-03-13,7.19,7.22,6.84,6.96,144891008,002354
2025-03-14,6.96,7.12,6.88,7.08,102859296,002354
2025-03-17,7.1,7.15,7.02,7.04,89264509,002354
2025-03-18,7.04,7.11,6.96,7.02,81213396,002354
2025-03-19,6.98,6.98,6.86,6.89,78629860,002354
2025-03-20,6.85,7.05,6.79,6.9,99698979,002354
2025-03-21,6.86,6.88,6.62,6.65,100528820,002354
2025-03-24,6.6,6.65,6.21,6.4,116233540,002354
2025-03-25,6.4,6.4,6.16,6.18,78911400,002354
2025-03-26,6.14,6.33,6.14,6.25,61638811,002354
2025-03-27,6.21,6.31,6.15,6.22,56144962,002354
2025-03-28,6.21,6.29,6.18,6.22,56989195,002354
2025-03-31,6.16,6.17,5.95,6.14,78345735,002354
2025-04-01,6.2,6.27,6.13,6.15,66031840,002354
2025-04-02,6.15,6.28,6.1,6.19,51616994,002354
2025-04-03,6.15,6.25,6.04,6.09,56198347,002354
2025-04-07,5.48,5.72,5.48,5.48,46561600,002354
2025-04-08,5.01,5.4,4.95,5.16,131180734,002354
2025-04-09,5.02,5.38,4.66,5.32,128824865,002354
2025-04-10,5.45,5.6,5.41,5.46,87556900,002354
2025-04-11,5.45,5.58,5.39,5.5,76315822,002354
2025-04-14,5.59,5.72,5.59,5.65,69835399,002354
2025-04-15,5.68,5.8,5.56,5.61,65349400,002354
2025-04-16,5.57,5.6,5.37,5.44,60983900,002354
2025-04-17,5.42,5.55,5.37,5.45,50791965,002354
2025-04-18,5.5,5.51,5.35,5.42,37981690,002354
2025-04-21,5.42,5.65,5.36,5.65,73032487,002354
2025-04-22,5.67,5.76,5.52,5.54,67466699,002354
2025-04-23,5.56,5.88,5.5,5.72,159786182,002354
2025-04-24,5.65,5.67,5.4,5.42,118762454,002354
2025-04-25,5.49,5.96,5.48,5.96,175990529,002354
2025-04-28,6.02,6.56,5.94,6.56,330435301,002354
2025-04-29,6.56,7.15,6.45,6.68,425379811,002354
2025-04-30,6.57,6.74,6.4,6.44,276178269,002354
2025-05-06,6.55,6.74,6.41,6.67,243388890,002354
2025-05-07,6.7,7.34,6.57,7.34,403992647,002354
2025-05-08,7.34,7.55,7.05,7.07,376304852,002354
2025-05-09,6.99,7.25,6.92,7.02,250571512,002354
2025-05-12,7.05,7.35,6.83,7.2,253346467,002354
2025-05-13,7.2,7.28,6.9,6.93,186461432,002354
2025-05-14,6.86,7.0,6.78,6.82,143755991,002354
2025-05-15,6.86,6.86,6.54,6.57,136381778,002354
2025-05-16,6.58,6.75,6.53,6.65,116088056,002354
2025-05-19,6.66,6.7,6.51,6.65,90979863,002354
2025-05-20,6.6,6.99,6.6,6.95,196431279,002354
2025-05-21,6.89,6.89,6.7,6.72,120672454,002354
2025-05-22,6.67,6.8,6.59,6.71,87287747,002354
2025-05-23,6.6,6.63,6.33,6.35,111701800,002354
2025-05-26,6.31,6.59,6.29,6.48,87528200,002354
2025-05-27,6.44,6.54,6.33,6.39,70084500,002354
2025-05-28,6.35,6.41,6.2,6.27,83676151,002354
2025-05-29,6.23,6.57,6.22,6.45,119953851,002354
2025-05-30,6.45,6.58,6.28,6.28,88582991,002354
2025-06-03,6.24,6.55,6.2,6.38,89095560,002354
2025-06-04,6.36,6.52,6.31,6.39,71541467,002354
2025-06-05,6.39,6.56,6.35,6.54,119239190,002354
2025-06-06,6.54,6.54,6.35,6.39,86712849,002354
2025-06-09,6.39,6.68,6.39,6.61,134188030,002354
2025-06-10,6.61,6.62,6.34,6.47,108848184,002354
2025-06-11,6.45,6.71,6.43,6.64,135377927,002354
2025-06-12,6.58,6.79,6.55,6.68,141023800,002354
2025-06-13,6.57,6.62,6.4,6.43,102798580,002354
2025-06-16,6.35,6.53,6.32,6.46,61436699,002354
2025-06-17,6.43,6.45,6.32,6.36,63324656,002354
2025-06-18,6.36,6.36,6.12,6.27,60344540,002354
2025-06-19,6.25,6.3,6.1,6.12,59468416,002354
2025-06-20,6.12,6.18,5.96,5.97,58988860,002354
2025-06-23,5.9,6.05,5.86,6.02,50107120,002354
2025-06-24,6.03,6.23,6.01,6.21,69160816,002354
2025-06-25,6.22,6.28,6.16,6.27,63747500,002354
2025-06-26,6.27,6.32,6.19,6.2,57863387,002354
2025-06-27,6.22,6.27,6.16,6.19,47659500,002354
2025-06-30,6.23,6.39,6.18,6.35,80345788,002354
2025-07-01,6.36,6.52,6.29,6.47,115655763,002354
2025-07-02,6.41,6.43,6.23,6.27,76631897,002354
2025-07-03,6.3,6.36,6.21,6.28,41680877,002354
2025-07-04,6.24,6.31,6.22,6.23,42749300,002354
2025-07-07,6.23,6.85,6.16,6.75,366776857,002354
2025-07-08,6.58,6.61,6.44,6.55,253365640,002354
2025-07-09,6.56,6.64,6.51,6.58,142784436,002354
2025-07-10,6.55,6.65,6.47,6.5,100253020,002354
2025-07-11,6.48,6.53,6.39,6.49,88417429,002354
2025-07-14,6.7,6.76,6.53,6.55,112320088,002354
2025-07-15,6.55,6.85,6.44,6.76,201153446,002354
2025-07-16,6.74,6.83,6.65,6.77,142762439,002354
2025-07-17,6.71,6.9,6.67,6.83,150217679,002354
2025-07-18,6.86,7.0,6.76,6.81,135730338,002354
2025-07-21,6.66,6.99,6.61,6.89,159140529,002354
2025-07-22,6.81,6.82,6.68,6.69,109621740,002354
2025-07-23,6.65,6.68,6.56,6.58,70901757,002354
2025-07-24,6.56,6.68,6.54,6.67,65322000,002354
2025-07-25,6.7,6.81,6.66,6.77,92604044,002354
2025-07-28,6.8,6.86,6.71,6.78,86199116,002354
2025-07-29,6.73,6.75,6.62,6.71,64333875,002354
2025-07-30,6.71,6.71,6.54,6.6,70069040,002354
2025-07-31,6.55,6.69,6.55,6.57,67652939,002354
2025-08-01,6.61,6.63,6.38,6.58,79187169,002354
2025-08-04,6.5,6.63,6.48,6.6,50556200,002354
2025-08-05,6.6,6.65,6.56,6.64,57490796,002354
2025-08-06,6.66,6.78,6.62,6.77,106080129,002354
2025-08-07,6.79,7.45,6.73,7.45,361196054,002354
2025-08-08,7.54,7.87,7.2,7.51,522533634,002354
2025-08-11,7.31,8.11,7.31,7.65,379054560,002354
2025-08-12,7.56,8.11,7.5,7.94,352793003,002354
2025-08-13,7.81,8.17,7.68,7.79,318631829,002354
2025-08-14,7.74,7.81,7.35,7.38,291674655,002354
2025-08-15,7.4,7.64,7.38,7.47,197012819,002354
2025-08-18,7.47,7.95,7.47,7.87,279529460,002354
2025-08-19,7.84,8.12,7.8,7.91,274771137,002354
2025-08-20,7.7,7.99,7.62,7.93,253199070,002354
2025-08-21,7.95,8.1,7.7,7.82,184540839,002354
2025-08-22,7.9,8.09,7.83,7.97,237259653,002354
2025-08-25,8.06,8.33,8.0,8.25,281841564,002354
2025-08-26,8.25,8.44,8.1,8.13,241622158,002354
2025-08-27,8.38,8.67,7.86,7.87,293793104,002354
2025-08-28,7.86,7.92,7.52,7.81,226891733,002354
2025-08-29,7.81,7.85,7.57,7.63,148391332,002354
2025-09-01,7.64,7.88,7.64,7.76,142068846,002354
2025-09-02,7.76,7.76,7.26,7.33,149642048,002354
2025-09-03,7.34,7.55,7.12,7.14,117334822,002354
2025-09-04,7.14,7.25,6.87,7.04,108268715,002354
2025-09-05,7.04,7.12,6.91,7.12,96059682,002354
2025-09-08,7.07,7.3,7.01,7.16,121015349,002354
2025-09-09,7.16,7.37,7.12,7.24,186793465,002354
2025-09-10,7.25,7.68,7.17,7.55,233702197,002354
2025-09-11,7.5,7.5,7.22,7.45,171941683,002354
2025-09-12,7.4,7.47,7.3,7.32,127166902,002354
2025-09-15,7.33,7.35,7.22,7.33,86725528,002354
2025-09-16,7.36,7.45,7.26,7.42,122889198,002354
2025-09-17,7.43,7.66,7.36,7.59,173670945,002354
2025-09-18,7.58,7.78,7.33,7.42,209703690,002354
2025-09-19,7.33,7.48,7.14,7.19,120263463,002354
2025-09-22,7.19,7.24,7.1,7.21,74913150,002354
2025-09-23,7.23,7.25,6.8,7.01,107307584,002354
2025-09-24,6.95,7.3,6.88,7.19,102381036,002354
2025-09-25,7.2,7.38,7.17,7.23,110680459,002354
2025-09-26,7.2,7.21,6.87,6.88,103888718,002354
2025-09-29,6.87,6.96,6.76,6.92,63102124,002354
2025-09-30,6.98,7.24,6.98,7.03,83368357,002354
2025-10-09,7.1,7.2,7.08,7.15,94301578,002354
2025-10-10,7.08,7.08,6.94,6.96,78793155,002354
2025-10-13,6.6,6.83,6.48,6.81,74123958,002354
2025-10-14,6.82,6.92,6.62,6.67,74190376,002354
2025-10-15,6.61,6.75,6.57,6.74,50140361,002354
2025-10-16,6.73,6.73,6.57,6.6,49784457,002354
2025-10-17,6.6,6.63,6.38,6.39,59712304,002354
2025-10-20,6.44,6.51,6.43,6.47,40520251,002354
2025-10-21,6.47,6.66,6.45,6.6,52678240,002354
2025-10-22,6.55,6.65,6.55,6.56,35380300,002354
2025-10-23,6.52,6.65,6.46,6.64,40931100,002354
2025-10-24,6.64,6.67,6.56,6.61,47709469,002354
2025-10-27,6.64,6.68,6.55,6.61,47382658,002354
2025-10-28,6.59,6.7,6.53,6.65,57385058,002354
2025-10-29,6.79,6.85,6.68,6.82,95688536,002354
2025-10-30,6.82,6.85,6.68,6.7,61547816,002354
2025-10-31,6.7,7.07,6.69,6.97,133596858,002354
2025-11-03,7.02,7.19,7.02,7.15,122244659,002354
2025-11-04,7.11,7.17,7.03,7.17,91912038,002354
2025-11-05,7.09,7.16,7.0,7.07,68782931,002354
2025-11-06,7.07,7.09,6.9,6.99,68166251,002354
2025-11-07,6.95,6.98,6.9,6.91,45710713,002354
2025-11-10,6.91,6.99,6.9,6.91,52551463,002354
2025-11-11,6.87,6.91,6.79,6.81,47180138,002354
2025-11-12,6.79,6.81,6.62,6.67,51236440,002354
2025-11-13,6.67,6.75,6.62,6.75,34802855,002354
2025-11-14,6.69,6.75,6.61,6.61,41576452,002354
2025-11-17,6.61,6.82,6.58,6.79,60534900,002354
2025-11-18,6.75,6.99,6.7,6.93,107067432,002354
2025-11-19,6.96,6.98,6.74,6.83,75872435,002354
2025-11-20,6.8,6.85,6.65,6.66,50000715,002354
2025-11-21,6.59,6.78,6.48,6.63,74107113,002354
2025-11-24,6.68,7.11,6.61,7.04,167279565,002354
2025-11-25,7.04,7.24,7.02,7.17,181648101,002354
2025-11-26,7.12,7.27,7.05,7.09,107637989,002354
2025-11-27,7.07,7.15,6.99,6.99,67219487,002354
2025-11-28,6.98,7.11,6.9,7.02,69356686,002354
2025-12-01,7.02,7.08,6.95,7.05,64106728,002354
2025-12-02,7.04,7.04,6.86,6.87,57124096,002354
2025-12-03,6.93,6.94,6.57,6.59,91120354,002354
2025-12-04,6.59,6.62,6.41,6.42,73363875,002354
2025-12-05,6.41,6.49,6.28,6.47,54995756,002354
2025-12-08,6.47,6.5,6.44,6.47,51173146,002354
2025-12-09,6.45,6.51,6.39,6.4,44752628,002354
2025-12-10,6.41,6.44,6.36,6.41,32645533,002354
2025-12-11,6.39,6.41,6.2,6.21,53582146,002354
2025-12-12,6.2,6.32,6.18,6.29,44183067,002354
2025-12-15,6.24,6.44,6.18,6.36,54932942,002354
2025-12-16,6.3,6.3,6.09,6.1,54182199,002354
2025-12-17,6.12,6.15,6.01,6.15,36138512,002354
2025-12-18,6.1,6.2,6.08,6.11,29873411,002354
2025-12-19,6.13,6.22,6.11,6.21,34737181,002354
2025-12-22,6.2,6.24,6.18,6.2,29637249,002354
2025-12-23,6.17,6.2,6.1,6.11,30424140,002354
2025-12-24,6.09,6.19,6.09,6.19,27202927,002354
2025-12-25,6.22,6.26,6.19,6.24,32884400,002354
2025-12-26,6.26,6.28,6.18,6.23,34325197,002354
2025-12-29,6.24,6.26,6.17,6.19,28893612,002354
2025-12-30,6.17,6.33,6.17,6.26,49909851,002354
2025-12-31,6.27,6.44,6.24,6.37,76589202,002354
2026-01-05,6.39,6.78,6.35,6.69,128348259,002354
2026-01-06,6.67,6.8,6.61,6.77,108417978,002354
2026-01-07,6.76,6.93,6.71,6.75,101744872,002354
2026-01-08,6.73,7.04,6.68,6.93,116797634,002354
2026-01-09,6.88,7.35,6.86,7.35,192802882,002354
2026-01-12,7.62,8.09,7.49,8.08,339144787,002354
2026-01-13,8.33,8.48,7.7,7.74,385811748,002354
2026-01-14,7.7,8.51,7.7,8.5,557080542,002354
2026-01-15,7.86,8.23,7.65,8.03,393535501,002354
2026-01-16,7.92,8.08,7.36,7.4,315453684,002354
2026-01-19,7.4,7.59,7.25,7.4,151527216,002354
2026-01-20,7.5,7.64,7.33,7.41,164296798,002354
2026-01-21,7.36,7.54,7.28,7.34,139955166,002354
2026-01-22,7.36,7.54,7.33,7.47,129612995,002354
2026-01-23,7.52,7.65,7.43,7.61,140441095,002354
2026-01-26,7.66,7.79,7.3,7.48,153475174,002354
2026-01-27,7.54,7.69,7.27,7.55,168919208,002354
2026-01-28,7.54,7.68,7.41,7.46,145372998,002354
2026-01-29,7.36,7.9,7.25,7.64,247014110,002354
2026-01-30,7.52,7.64,7.36,7.4,155267051,002354
2026-02-02,7.46,7.55,7.2,7.2,136428936,002354
2026-02-03,7.35,7.64,7.29,7.47,155199891,002354
2026-02-04,7.43,7.48,7.15,7.27,117550742,002354
2026-02-05,7.16,7.28,7.09,7.2,97838212,002354
2026-02-06,7.11,7.18,6.86,7.02,113450096,002354
2026-02-09,7.19,7.34,7.17,7.33,115248010,002354
2026-02-10,7.45,7.75,7.32,7.66,224764631,002354
2026-02-11,7.65,7.71,7.36,7.37,146214227,002354
2026-02-12,7.4,7.44,7.15,7.32,109947360,002354
2026-02-13,7.33,7.49,7.17,7.18,103263040,002354
2026-02-24,7.28,7.3,6.75,6.76,182570213,002354
2026-02-25,6.76,6.85,6.69,6.76,90180829,002354
2026-02-26,6.74,6.77,6.61,6.64,88959294,002354
2026-02-27,6.62,6.77,6.61,6.72,75593548,002354
2026-03-02,6.56,6.62,6.34,6.37,110941208,002354
2026-03-03,6.42,6.44,6.07,6.08,100513466,002354
2026-03-04,6.01,6.17,6.0,6.06,70814504,002354
2026-03-05,6.17,6.28,6.16,6.23,73900498,002354
2026-03-06,6.2,6.28,6.16,6.26,51679770,002354
2026-03-09,6.2,6.48,6.14,6.46,113147671,002354
2026-03-10,6.5,6.6,6.35,6.4,97070772,002354
2026-03-11,6.38,6.42,6.3,6.31,60683920,002354
2026-03-12,6.29,6.33,6.21,6.26,48031986,002354
2026-03-13,6.17,6.2,6.09,6.11,60210805,002354
2026-03-16,6.08,6.18,6.05,6.18,47353321,002354
2026-03-17,6.17,6.22,6.08,6.09,45828626,002354
2026-03-18,6.09,6.16,6.05,6.15,40055692,002354
2026-03-19,6.1,6.1,6.01,6.02,49424042,002354
2026-03-20,6.03,6.08,5.79,5.79,70564219,002354
2026-03-23,5.68,5.71,5.36,5.41,78142889,002354
2026-03-24,5.52,5.66,5.46,5.66,76035168,002354
2026-03-25,5.66,5.76,5.65,5.73,56218480,002354
2026-03-26,5.72,5.78,5.58,5.61,41805601,002354
2026-03-27,5.53,5.7,5.5,5.69,38088908,002354
2026-03-30,5.6,5.73,5.53,5.72,40001300,002354
2026-03-31,5.73,5.81,5.67,5.68,38848195,002354
2026-04-01,5.79,5.81,5.67,5.71,38973880,002354
2026-04-02,5.69,5.69,5.52,5.57,39947761,002354
2026-04-03,5.59,5.61,5.39,5.42,34767500,002354
2026-04-07,5.4,5.49,5.4,5.48,30337028,002354
2026-04-08,5.59,5.88,5.58,5.87,75813645,002354
2026-04-09,5.77,5.8,5.67,5.68,50390437,002354
2026-04-10,5.75,5.79,5.68,5.69,35393171,002354
2026-04-13,5.63,5.68,5.61,5.65,30547928,002354
2026-04-14,5.71,5.76,5.61,5.68,40577703,002354
2026-04-15,5.74,5.77,5.6,5.62,43483036,002354
2026-04-16,5.63,5.79,5.63,5.78,63305178,002354
2026-04-17,5.76,5.77,5.68,5.74,40976848,002354
2026-04-20,5.75,5.87,5.72,5.84,54613661,002354
2026-04-21,5.81,5.85,5.63,5.67,69243113,002354
2026-04-22,5.64,5.67,5.57,5.67,41924029,002354
2026-04-23,5.68,5.74,5.6,5.62,43068019,002354
2026-04-24,5.58,5.61,5.46,5.56,42885283,002354
2026-04-27,5.53,5.6,5.44,5.59,36084235,002354
2026-04-28,5.57,5.57,5.38,5.41,45085207,002354
2026-04-29,5.9,5.95,5.9,5.95,52523406,002354
2026-04-30,6.16,6.43,6.06,6.2,229271952,002354
2026-05-06,6.22,6.39,6.2,6.37,173506119,002354
2026-05-07,6.31,6.43,6.26,6.41,147216261,002354
2026-05-08,6.54,6.75,6.33,6.35,191069110,002354
2026-05-11,6.38,6.45,6.25,6.37,131548685,002354
2026-05-12,6.36,6.71,6.32,6.45,172200837,002354
2026-05-13,6.44,6.55,6.35,6.54,112348430,002354
2026-05-14,6.56,6.64,6.31,6.32,97084111,002354
2026-05-15,6.3,6.66,6.29,6.44,102386686,002354
2026-05-18,6.52,7.08,6.49,7.08,231091251,002354
2026-05-19,7.01,7.49,6.9,7.13,368748707,002354
2026-05-20,7.1,7.29,6.93,6.97,271687918,002354
2026-05-21,6.96,7.28,6.74,6.8,216032475,002354
2026-05-22,6.77,6.86,6.58,6.76,171091005,002354
2026-05-25,6.8,7.08,6.77,6.87,163891306,002354
2026-05-26,6.81,7.35,6.65,7.15,282353237,002354
2026-05-27,7.0,7.27,6.96,7.07,185584362,002354
2026-05-28,7.0,7.29,6.97,7.13,204362836,002354
2026-05-29,7.18,7.38,6.97,7.15,239145113,002354
2026-06-01,7.05,7.48,7.0,7.44,271418435,002354
2026-06-02,7.49,7.5,6.7,6.7,269290678,002354
2026-06-03,6.4,6.53,6.12,6.18,224038319,002354
2026-06-04,6.04,6.2,5.98,6.05,137762667,002354
2026-06-05,6.66,6.66,6.55,6.66,124960728,002354
2026-06-08,7.1,7.33,7.0,7.33,110283478,002354
2026-06-09,7.75,8.06,7.62,8.06,475453371,002354
2026-06-10,8.28,8.87,8.28,8.87,343853465,002354
2026-06-11,8.75,8.83,7.98,7.98,160374625,002354
2026-06-12,7.42,8.12,7.3,7.52,608047083,002354
2026-06-15,7.56,7.98,7.38,7.5,469836912,002354
2026-06-16,7.31,7.41,6.85,7.26,434958073,002354
2026-06-17,7.19,7.25,6.96,7.03,285507357,002354
2026-06-18,7.15,7.73,6.97,7.73,374358578,002354
2026-06-22,8.1,8.5,8.09,8.5,288717634,002354
2026-06-23,8.51,8.64,7.93,8.11,451884927,002354
2026-06-24,8.21,8.92,8.11,8.92,176965464,002354
2026-06-25,8.49,8.57,8.03,8.03,438456793,002354
2026-06-26,8.23,8.83,7.96,8.83,494701902,002354
2026-06-29,9.17,9.68,8.81,9.11,645499204,002354
2026-06-30,9.25,9.57,8.98,9.3,538010577,002354
2026-07-01,9.11,9.87,9.01,9.4,525556189,002354
2026-07-02,10.0,10.34,10.0,10.34,102675870,002354
2026-07-03,10.32,10.32,9.31,9.37,618935090,002354
2026-07-06,9.57,9.75,8.43,8.43,480186521,002354
2026-07-07,8.44,9.11,8.44,8.71,439854868,002354
2026-07-08,8.5,8.6,7.97,8.02,345820219,002354
2026-07-09,8.0,8.42,7.72,8.08,358033085,002354
2026-07-10,8.23,8.89,8.02,8.54,537867343,002354
2026-07-13,8.65,8.89,7.94,8.0,445463860,002354
2026-07-14,7.96,8.19,7.41,7.73,342353539,002354
2026-07-15,7.57,7.95,7.46,7.69,294366052,002354
2026-07-16,7.63,8.11,7.5,7.96,395547955,002354
2026-07-17,7.6,7.75,7.16,7.16,230469346,002354
2026-07-20,6.67,6.86,6.44,6.44,260559728,002354
2026-07-21,6.35,6.6,5.84,6.6,328809069,002354
2026-07-22,6.38,6.56,6.2,6.26,229113717,002354
2026-07-23,6.21,6.43,6.12,6.27,164082847,002354
2026-07-24,6.06,6.13,5.9,5.92,154967325,002354
2026-07-27,5.91,6.29,5.88,6.29,181566604,002354
2026-07-28,6.27,6.48,6.21,6.23,165953708,002354
2026-07-29,6.25,6.31,6.03,6.19,158262579,002354
2026-07-30,6.1,6.38,5.88,5.92,210066873,002354
2026-07-31,6.07,6.51,6.04,6.51,176080056,002354
2026-08-03,7.16,7.16,7.0,7.16,125808351,002354
2026-08-04,7.29,7.88,7.24,7.88,498953293,002354
2026-08-05,7.51,8.13,7.51,7.92,549929687,002354
2026-08-06,7.99,8.23,7.84,8.1,441402055,002354
2026-08-07,8.0,8.16,7.68,8.03,380300260,002354
2026-08-10,8.08,8.43,7.93,8.37,439467268,002354
2026-08-11,8.24,8.57,8.01,8.32,397586785,002354
2026-08-12,8.44,8.97,8.2,8.53,473805147,002354
2026-08-13,8.57,8.92,8.33,8.35,484773634,002354
2026-08-14,8.42,8.62,7.98,8.14,352605799,002354
2026-08-17,8.18,8.45,7.98,8.24,240938985,002354
2026-08-18,8.17,8.18,7.77,7.92,231010533,002354
2026-08-19,7.8,7.83,7.31,7.38,206904956,002354
2026-08-20,7.49,7.53,7.25,7.29,158097281,002354
2026-08-21,7.26,7.32,7.09,7.24,124052337,002354
2026-08-24,7.33,7.38,6.83,6.95,146569212,002354
2026-08-25,7.33,7.08,6.79,7.05,144218202,002354
