timestamps,open,high,low,close,volume,stock_code
2016-01-04,13.0323,13.0695,11.7709,11.7756,15690220,300207
2016-01-05,11.3055,11.9152,11.0542,11.6173,21506860,300207
2016-01-06,12.0083,12.3341,11.7104,12.1572,22370250,300207
2016-01-07,11.8501,11.9292,10.9424,10.975,4122002,300207
2016-01-08,11.0774,11.5894,10.4165,10.8075,27679862,300207
2016-01-11,10.5468,11.0821,9.9371,10.1093,27257804,300207
2016-01-12,10.2862,10.7795,10.1931,10.6027,28560588,300207
2016-01-13,10.6213,10.7749,10.1838,10.2629,13523252,300207
2016-01-14,9.8673,10.8912,9.8673,10.8214,17672150,300207
2016-01-15,10.7144,10.8912,10.2862,10.3327,15023230,300207
2016-01-18,10.2396,11.124,10.0535,10.8819,18935536,300207
2016-01-19,10.9378,11.3939,10.7516,11.2357,15953286,300207
2016-01-20,11.1705,11.5661,10.9657,11.0495,18167650,300207
2016-01-21,10.9052,11.1705,10.3793,10.4258,14896328,300207
2016-01-22,10.4724,10.7516,10.2396,10.6678,10534390,300207
















































































































































































































































































































































































































2016-01-25,10.9145,11.0542,10.6678,10.8447,12530508,300207
2016-01-26,10.7051,10.7283,9.7602,9.7602,15821034,300207
2016-01-27,9.7556,9.8673,8.7828,9.3088,25385164,300207
2016-01-28,9.2901,9.453,8.9224,8.9364,13286090,300207
2016-01-29,8.955,9.6625,8.8666,9.4624,13586970,300207
2016-02-01,9.4903,9.6765,9.1459,9.4856,13098978,300207
2016-02-02,9.4949,10.0069,9.4484,9.9138,10373376,300207
2016-02-03,9.8021,10.1838,9.588,10.0116,10220474,300207
2016-02-04,10.0767,10.3095,9.723,9.8161,28090968,300207
2016-02-05,9.844,9.9138,9.4856,9.5461,13522934,300207
2016-02-15,9.076,9.5415,9.076,9.3832,13119640,300207
2016-02-16,9.4763,9.9604,9.4391,9.858,22746350,300207
2016-02-17,9.8673,10.8447,9.7882,10.8447,49408872,300207
2016-02-18,11.0728,11.1472,10.4817,10.5561,55072990,300207
2016-02-19,10.5701,11.11,10.5701,11.0448,47632026,300207
2016-02-22,11.2683,11.5894,11.1798,11.4451,48752416,300207
2016-02-23,11.5103,11.8221,11.2869,11.6359,50626914,300207
2016-02-24,11.8687,11.8687,10.989,11.3101,40177516,300207
2016-02-25,11.4824,11.7756,10.356,10.6725,45104322,300207
2016-02-26,10.9378,11.1379,10.612,10.975,36672982,300207
2016-02-29,10.8447,10.8447,9.8766,9.8766,35570276,300207
2016-03-01,9.844,10.5189,9.6392,10.4584,33985982,300207
2016-03-02,10.356,11.1286,10.3513,10.9797,39517008,300207
2016-03-03,11.0216,11.1379,10.7749,10.7982,30524158,300207
2016-03-04,10.7423,10.7842,9.7277,10.1465,39374914,300207
2016-03-07,10.2443,10.6399,10.2117,10.2629,20194438,300207
2016-03-08,10.2164,10.463,9.4484,10.4212,26225800,300207
2016-03-09,10.1838,10.6399,9.8952,10.2024,19097524,300207
2016-03-10,10.1047,10.4724,9.8673,9.9138,12444512,300207
2016-03-11,9.858,10.0162,9.6532,9.8487,9504004,300207
2016-03-14,9.9138,10.7051,9.9138,10.6166,23141500,300207
2016-03-15,10.6865,11.0123,10.4724,10.7283,23336974,300207
2016-03-16,10.8866,10.9843,10.3327,10.3513,17188764,300207
2016-03-17,10.4491,11.3846,10.4491,11.3753,44801740,300207
2016-03-18,11.3846,12.0781,11.2683,11.6592,42916808,300207
2016-03-21,11.8407,12.1759,11.6359,11.9385,38135432,300207
2016-03-22,11.7756,12.1665,11.6406,11.8221,21049986,300207
2016-03-23,11.7756,11.9152,11.3567,11.743,30875590,300207
2016-03-24,11.608,12.2783,11.4498,11.757,36484962,300207
2016-03-25,11.8221,12.0967,11.4498,12.0781,39457228,300207
2016-03-28,12.0967,12.5575,11.8919,11.9059,28805392,300207
2016-03-29,11.8175,11.9245,11.3613,11.7244,27169810,300207
2016-03-30,11.7802,12.5017,11.7802,12.4784,30494776,300207
2016-03-31,12.5715,12.6739,12.1712,12.2503,22571390,300207
2016-04-01,12.5529,12.7856,12.2317,12.4225,35159064,300207
2016-04-05,12.6506,13.1253,12.6366,12.9857,40155426,300207
2016-04-06,12.8926,12.9857,12.632,12.8694,23160902,300207
2016-04-07,12.8926,13.1719,12.5668,12.5715,27631614,300207
2016-04-08,12.4272,12.6599,12.2876,12.497,17092500,300207
2016-04-11,12.7065,13.1579,12.5668,12.8554,22952266,300207
2016-04-12,12.8275,13.0788,12.6087,12.8414,20347290,300207
2016-04-13,12.9624,13.1254,12.7995,12.8275,20293138,300207
2016-04-14,12.8926,13.023,12.5063,12.7995,17013922,300207
2016-04-15,12.739,12.8228,12.3713,12.5482,21225212,300207
2016-04-18,12.4737,12.4737,11.8361,12.3248,27071808,300207
2016-04-19,12.2643,12.4272,12.1526,12.3108,11196030,300207
2016-04-20,12.4132,12.4318,11.4637,11.6313,22158938,300207
2016-04-21,11.6825,12.0316,11.5429,11.6359,12926456,300207
2016-04-22,11.6034,11.9431,11.5568,11.9245,11638814,300207
2016-04-25,11.6546,11.8454,11.3381,11.7849,18468436,300207
2016-04-26,11.8221,11.9804,11.6918,11.9618,11073760,300207
2016-04-27,11.999,12.1991,11.8407,11.9664,15599388,300207
2016-04-28,12.0223,12.0967,11.4963,11.9106,11951252,300207
2016-04-29,11.7849,11.9152,11.5475,11.608,17477976,300207
2016-05-03,11.6406,12.1479,11.5708,12.106,15817712,300207
2016-05-04,12.0548,12.2084,11.985,12.1247,15250722,300207
2016-05-05,12.0176,12.1852,11.9618,12.0874,8765580,300207
2016-05-06,12.0874,12.1712,11.5429,11.5941,17358670,300207
2016-05-09,11.4684,11.4963,11.0821,11.124,18142358,300207
2016-05-10,11.2171,11.3008,11.0681,11.1472,7384590,300207
2016-05-11,11.2403,11.2496,10.7656,10.7702,11473138,300207
2016-05-12,10.6862,10.7749,10.4762,10.6489,14743106,300207
2016-05-13,10.6489,11.3395,10.6396,10.8449,20326366,300207
2016-05-16,10.6862,11.2882,10.6396,11.2509,17679206,300207
2016-05-17,11.2462,11.3629,11.1342,11.1342,15380616,300207
2016-05-18,11.0596,11.0596,10.0796,10.2429,32168314,300207
2016-05-19,10.2663,10.5276,10.0936,10.1963,21288580,300207
2016-05-20,10.0796,10.3922,9.9769,10.3503,13051690,300207
2016-05-23,10.4202,10.8729,10.4109,10.7796,21416518,300207
2016-05-24,10.8262,10.9802,10.5556,10.7282,15284594,300207
2016-05-25,10.8496,10.9802,10.5836,10.6162,12376818,300207
2016-05-26,10.5976,10.6862,10.1776,10.4622,18544256,300207
2016-05-27,10.3969,10.5556,10.2709,10.3736,10927842,300207
2016-05-30,10.3596,10.4296,10.0376,10.2476,10700992,300207
2016-05-31,10.2429,10.8869,10.2196,10.8636,25598450,300207
2016-06-01,10.9196,11.3955,10.8682,11.1669,34405724,300207
2016-06-02,11.0409,11.4329,11.0409,11.2602,22541038,300207
2016-06-03,11.3629,11.9929,11.3115,11.5262,35818164,300207
2016-06-06,11.4842,12.0582,11.4842,11.6709,22560622,300207
2016-06-07,11.6662,12.0349,11.5729,11.9089,24132876,300207
2016-06-08,11.7455,11.8995,11.4935,11.7129,21891522,300207
2016-06-13,11.4329,12.1235,11.3675,11.4375,33407744,300207
2016-06-14,11.3862,11.6895,11.2042,11.6802,21042800,300207
2016-06-15,11.5682,12.8002,11.5029,12.7395,47213098,300207
2016-06-16,12.6462,13.0055,12.4735,12.5528,42032406,300207
2016-06-17,12.5202,12.7862,12.2028,12.4082,28020624,300207
2016-06-20,12.5295,12.5342,12.0628,12.3428,22520444,300207
2016-06-21,12.4828,12.7815,11.7129,11.8529,32582940,300207
2016-06-22,11.8715,12.2122,11.8062,12.1842,21329154,300207
2016-06-23,12.2168,12.3242,11.7689,11.9322,21439096,300207
2016-06-24,11.8529,12.1328,11.2695,11.8575,27034270,300207
2016-06-27,11.7035,12.4128,11.7035,12.3708,27921586,300207
2016-06-28,12.3475,12.4595,11.9322,12.1795,21214734,300207
2016-06-29,12.2355,12.5062,12.0255,12.1328,20851628,300207
2016-06-30,12.1328,12.1328,11.6195,11.9789,41099742,300207
2016-07-01,11.8995,11.9695,11.7035,11.7969,16703308,300207
2016-07-04,11.8062,12.0209,11.7175,11.8995,20381054,300207
2016-07-05,11.9695,12.0069,11.7175,11.9089,21313892,300207
2016-07-06,11.8575,12.1982,11.8575,12.0862,27748596,300207
2016-07-07,12.0442,12.1095,11.7409,11.9789,22390790,300207
2016-07-08,11.9322,11.9555,11.7642,11.8435,18595454,300207
2016-07-11,11.8295,11.8949,11.6055,11.6195,23030834,300207
2016-07-12,11.6195,11.6429,11.0736,11.4095,38778256,300207
2016-07-13,11.4142,11.6382,11.3209,11.6055,22687068,300207
2016-07-14,11.5869,11.6849,11.4422,11.5729,13369114,300207
2016-07-15,11.6709,11.6802,11.3909,11.4702,12867520,300207
2016-07-18,11.3722,11.4422,11.1716,11.3769,12108092,300207
2016-07-19,11.3255,11.6615,11.2975,11.6429,15217974,300207
2016-07-20,11.6195,11.7829,11.5215,11.5309,14688454,300207
2016-07-21,11.5542,11.6382,11.4189,11.4235,11799302,300207
2016-07-22,11.4235,11.5075,11.3022,11.3769,9356748,300207
2016-07-25,11.3769,11.6195,11.1856,11.6149,16616258,300207
2016-07-26,11.5729,11.7035,11.5309,11.6662,13976088,300207
2016-07-27,11.6709,11.6989,10.9429,11.0456,22374744,300207
2016-07-28,11.0362,11.1342,10.7189,11.0362,14577970,300207
2016-07-29,10.9896,11.0549,10.7982,10.8076,7077650,300207
2016-08-01,10.7422,11.0362,10.5556,10.9429,9589390,300207
2016-08-02,10.9662,11.0129,10.8076,10.9336,5843298,300207
2016-08-03,10.8449,11.0082,10.8449,10.9196,7419230,300207
2016-08-04,10.9196,11.0689,10.8216,11.0409,9640412,300207
2016-08-05,11.0409,11.1202,10.9569,10.9802,7811862,300207
2016-08-08,10.9289,11.0362,10.8262,10.9756,4877568,300207
2016-08-09,10.9942,11.1482,10.9662,11.0502,7709698,300207
2016-08-10,11.0596,11.1296,10.8262,10.8449,11236576,300207
2016-08-11,10.7936,10.8496,10.5229,10.5416,17349758,300207
2016-08-12,10.5462,10.6536,10.4996,10.6116,11204900,300207
2016-08-15,10.6162,11.0829,10.4436,10.9102,20402660,300207
2016-08-16,10.9289,11.0362,10.8776,10.9476,11717278,300207
2016-08-17,10.9476,11.1856,10.7796,11.0876,16600948,300207
2016-08-18,11.0829,11.5029,11.0222,11.4235,28125316,300207
2016-08-19,11.3862,11.6102,11.3489,11.4935,19360416,300207
2016-08-22,11.4935,11.7129,11.3862,11.4049,17615316,300207
2016-08-23,11.3489,11.5029,11.2555,11.3442,9841526,300207
2016-08-24,11.3629,11.5262,11.3302,11.4609,13651390,300207
2016-08-25,11.3909,11.7175,11.2229,11.7082,24460876,300207
2016-08-26,12.0629,12.3428,11.7875,11.8015,40897476,300207
2016-08-29,11.8902,11.8902,11.5729,11.5775,17466434,300207
2016-08-30,11.6149,11.7315,11.4889,11.5029,11392366,300207
2016-08-31,11.4375,11.5169,11.3022,11.4889,11003608,300207
2016-09-01,11.5355,11.7175,11.4329,11.6149,15749506,300207
2016-09-02,11.7595,12.1282,11.7502,12.0349,39242806,300207
2016-09-05,12.0862,13.2388,12.0862,13.2388,85336466,300207
2016-09-06,13.1081,13.2295,12.7768,13.1595,48137788,300207
2016-09-07,13.1221,13.3788,12.8328,12.9588,36501196,300207
2016-09-08,12.9588,13.1175,12.7955,13.0195,19731928,300207
2016-09-09,12.8375,12.8468,12.4455,12.6042,27438436,300207
2016-09-12,12.3335,13.3741,12.2635,12.7302,46315222,300207
2016-09-13,13.1221,14.0041,13.1221,14.0041,49688078,300207
2016-09-14,14.6061,15.3294,13.9994,14.3401,95083880,300207
2016-09-19,14.6481,14.9281,13.7894,14.0461,58201090,300207
2016-09-20,14.1301,14.4008,13.6308,14.3494,43654870,300207
2016-09-21,14.1208,14.1394,13.7008,13.7661,34522066,300207
2016-09-22,13.9528,14.4521,13.7428,13.8594,33975026,300207
2016-09-23,14.0928,14.6994,13.9621,14.1394,49759531,300207
2016-09-26,13.8128,14.8394,13.7288,14.4754,50539471,300207
2016-09-27,14.2794,14.8861,13.5421,14.1674,37190248,300207
2016-09-28,14.4754,15.1474,14.3914,14.8954,50427117,300207
2016-09-29,14.6994,14.8954,14.2794,14.8394,33055850,300207
2016-09-30,14.6061,14.8767,14.3354,14.4194,20374520,300207
2016-10-10,14.4381,15.0727,14.0274,15.0261,29386677,300207
2016-10-11,14.9327,15.3807,14.6527,15.0727,31122873,300207
2016-10-12,14.9514,14.9514,13.5701,13.7194,93366552,300207
2016-10-13,13.4488,13.6168,13.2528,13.4581,54193916,300207
2016-10-14,13.4955,13.7101,13.1595,13.3648,34028403,300207
2016-10-17,13.5981,13.7661,13.3275,13.4768,36827828,300207
2016-10-18,13.4861,13.5421,13.1688,13.5048,32654636,300207
2016-10-19,13.5048,13.5141,13.2341,13.2901,22013067,300207
2016-10-20,13.2995,13.8034,13.2528,13.6728,43382642,300207
2016-10-21,13.5421,13.6821,13.2341,13.4208,28359020,300207
2016-10-24,13.3088,13.5515,13.2528,13.3275,24050022,300207
2016-10-25,13.2715,13.4021,13.2528,13.3461,16419612,300207
2016-10-26,13.2528,13.4395,13.2528,13.3088,15680867,300207
2016-10-27,13.3088,13.3461,13.1128,13.2061,17505231,300207
2016-10-28,13.1688,13.4301,13.1688,13.2715,18935400,300207
2016-10-31,13.2715,13.2808,12.6648,13.1688,26590822,300207
2016-11-01,13.1035,13.3181,13.0008,13.2995,17093532,300207
2016-11-02,13.3181,14.1861,13.3181,13.8594,51011228,300207
2016-11-03,13.7288,13.9528,13.4675,13.7288,30420473,300207
2016-11-04,13.6728,13.8594,13.5608,13.6821,18761821,300207
2016-11-07,13.7288,14.1394,13.6541,13.7474,17423064,300207
2016-11-08,13.7661,13.8594,13.5795,13.8594,17312143,300207
2016-11-09,13.9994,14.0461,13.4395,13.6448,19085212,300207
2016-11-10,13.7381,13.8594,13.5048,13.6261,16745384,300207
2016-11-11,13.6168,13.6168,13.2995,13.4395,18060274,300207
2016-11-14,13.3835,13.5141,13.2621,13.4675,19508522,300207
2016-11-15,13.4861,13.5141,13.3088,13.4395,10808379,300207
2016-11-16,13.5421,14.0181,13.5421,13.7568,31940105,300207
2016-11-17,13.7008,13.7568,13.4301,13.5888,14300299,300207
2016-11-18,13.6541,13.7754,13.4488,13.6261,12365182,300207
2016-11-21,13.6261,13.6261,13.2808,13.4208,12827953,300207
2016-11-22,13.4675,13.5048,13.1221,13.3275,22213648,300207
2016-11-23,13.3835,13.4208,13.1501,13.1781,15215512,300207
2016-11-24,13.1315,13.2155,12.9728,12.9821,14389263,300207
2016-11-25,12.9915,13.0568,12.5622,13.0475,15385305,300207
2016-11-28,13.0475,13.1315,12.9261,12.9448,9679527,300207
2016-11-29,12.9541,13.1128,12.7022,13.1035,15761930,300207
2016-11-30,13.0475,13.2995,12.9261,13.0195,15584960,300207
2016-12-01,12.9728,13.1128,12.9355,12.9355,11253954,300207
2016-12-02,12.9355,13.0661,12.8328,12.8608,9166902,300207
2016-12-05,12.8328,13.3181,12.7395,13.0101,16259286,300207
2016-12-06,13.0568,13.1781,12.9261,12.9261,8678885,300207
2016-12-07,12.8981,12.9635,12.7675,12.8515,9430068,300207
2016-12-08,12.8515,13.1221,12.6368,12.9821,17770691,300207
2016-12-09,12.9075,13.0475,12.7862,12.7955,7745360,300207
2016-12-12,12.6088,12.8142,11.9462,11.9835,17522219,300207
2016-12-13,11.9835,12.0582,11.7595,11.8529,7102688,300207
2016-12-14,11.8715,12.0209,11.3862,11.6102,11590175,300207
2016-12-15,11.4889,11.8062,11.3862,11.6382,10029304,300207
2016-12-16,11.6382,12.0395,11.5729,11.8529,10404000,300207
2016-12-19,11.7969,12.0302,11.7595,11.8715,5097003,300207
2016-12-20,11.8062,11.8342,11.5729,11.7222,7980347,300207
2016-12-21,11.7222,11.9835,11.7222,11.9182,6050178,300207
2016-12-22,11.9275,12.3942,11.9089,12.2635,10540746,300207
2016-12-23,12.2262,12.3102,11.9742,12.0489,6416263,300207
2016-12-26,11.8809,12.5342,11.8529,12.4315,10558626,300207
2016-12-27,12.4128,12.6835,12.3475,12.4502,9781177,300207
2016-12-28,12.3942,12.5995,12.2542,12.4222,7711824,300207
2016-12-29,12.4968,12.6928,12.3755,12.5155,9513450,300207
2016-12-30,12.4968,13.0288,12.3568,12.9728,20295767,300207
2017-01-03,12.9635,13.1315,12.1422,12.3848,27210849,300207
2017-01-04,12.3008,12.8235,12.2355,12.6928,13617104,300207
2017-01-05,12.6928,12.6928,12.6928,12.6928,0,300207
2017-01-06,12.6928,12.6928,12.6928,12.6928,0,300207
2017-01-09,12.6928,12.6928,12.6928,12.6928,0,300207
2017-01-10,12.6928,12.6928,12.6928,12.6928,0,300207
2017-01-11,12.6928,12.6928,12.6928,12.6928,0,300207
2017-01-12,12.6928,12.6928,12.6928,12.6928,0,300207
2017-01-13,12.6928,12.6928,12.6928,12.6928,0,300207
2017-01-16,12.6928,12.6928,12.6928,12.6928,0,300207
2017-01-17,11.4235,11.4235,11.4235,11.4235,7182300,300207
2017-01-18,11.1342,11.1342,10.6209,10.6582,38487332,300207
2017-01-19,10.6209,10.6209,10.1076,10.2569,23309116,300207
2017-01-20,10.3129,10.6302,10.2663,10.3969,21903770,300207
2017-01-23,10.4249,10.4529,10.2289,10.3596,22821894,300207
2017-01-24,10.3503,10.3876,10.1823,10.1916,12766953,300207
2017-01-25,10.2009,10.2849,10.1169,10.2849,10061467,300207
2017-01-26,10.2756,10.3316,10.1263,10.2289,16454924,300207
2017-02-03,10.2756,10.4809,10.2196,10.4342,13952101,300207
2017-02-06,10.3969,10.6956,10.3596,10.6209,18004672,300207
2017-02-07,10.6769,10.7796,10.5462,10.6582,16552849,300207
2017-02-08,10.6862,11.3115,10.4716,10.9289,27526556,300207
2017-02-09,10.8449,11.0316,10.8169,10.9196,14270073,300207
2017-02-10,10.9382,10.9476,10.6862,10.7142,13270845,300207
2017-02-13,10.6302,10.7142,10.4436,10.6489,18322893,300207
2017-02-14,10.6862,10.9662,10.6022,10.7609,17551898,300207
2017-02-15,10.7982,11.1156,10.7422,10.8076,23794387,300207
2017-02-16,10.8542,10.9009,10.6209,10.7142,15255204,300207
2017-02-17,10.7142,10.7236,10.4716,10.4902,17105344,300207
2017-02-20,10.5182,10.6862,10.4996,10.6116,12201671,300207
2017-02-21,10.6022,10.8542,10.5649,10.8076,15564879,300207
2017-02-22,10.8169,10.9196,10.6956,10.8169,10693213,300207
2017-02-23,10.8822,10.9009,10.7142,10.8729,11337575,300207
2017-02-24,10.9196,11.0876,10.8262,10.9662,14511407,300207
2017-02-27,11.1062,11.1062,10.7609,10.7609,17299394,300207
2017-02-28,10.7609,10.7702,10.5929,10.7142,13042003,300207
2017-03-01,10.6769,10.7702,10.6116,10.7049,8302543,300207
2017-03-02,10.7702,10.7796,10.6022,10.6022,9642729,300207
2017-03-03,10.5649,10.9849,10.5182,10.9196,20144687,300207
2017-03-06,10.9196,11.5355,10.8822,11.3769,39435142,300207
2017-03-07,11.2929,11.4795,11.2089,11.2929,22823601,300207
2017-03-08,11.2929,11.3395,11.1529,11.2649,12868014,300207
2017-03-09,11.2369,11.2369,11.0409,11.1902,12296812,300207
2017-03-10,11.1995,11.4795,11.1809,11.2462,21780741,300207
2017-03-13,11.2462,12.3195,11.1249,12.0395,49012818,300207
2017-03-14,11.9929,12.0955,11.7035,11.7595,27315374,300207
2017-03-15,11.7222,11.8715,11.6662,11.7969,17814697,300207
2017-03-16,11.8529,12.0302,11.7689,12.0209,20975461,300207
2017-03-17,12.0209,12.2822,11.7502,11.7782,26429717,300207
2017-03-20,11.6755,11.8249,11.4795,11.6849,19692552,300207
2017-03-21,11.6475,12.1048,11.6009,12.0022,23985633,300207
2017-03-22,11.9555,12.5902,11.7875,12.2915,32804275,300207
2017-03-23,12.3102,12.4968,12.0395,12.3568,23493716,300207
2017-03-24,12.2448,12.8328,12.2448,12.6835,35859150,300207
2017-03-27,12.7862,12.8795,12.3942,12.5342,24655027,300207
2017-03-28,12.4502,12.6648,12.2262,12.3382,18315118,300207
2017-03-29,12.4035,12.4035,12.0395,12.0675,18281687,300207
2017-03-30,12.0302,12.0395,11.5449,11.5822,23778239,300207
2017-03-31,11.6195,11.7969,11.5169,11.6662,14755853,300207
2017-04-05,11.6662,12.3008,11.6195,12.1888,22763509,300207
2017-04-06,12.2448,12.3288,11.9369,12.0395,17819406,300207
2017-04-07,12.0582,12.4688,12.0395,12.3942,24005488,300207
2017-04-10,12.3288,12.3288,12.0675,12.1982,15023242,300207
2017-04-11,12.1982,12.2635,11.7409,11.9835,21362455,300207
2017-04-12,11.8995,11.9089,11.5075,11.5635,17095869,300207
2017-04-13,11.5169,11.8155,11.5075,11.7315,9046943,300207
2017-04-14,11.6849,11.7315,11.3209,11.3769,13449487,300207
2017-04-17,11.3582,11.4702,10.9289,11.0502,18917562,300207
2017-04-18,11.0502,11.1809,10.9196,10.9196,10830609,300207
2017-04-19,10.9196,11.0876,10.6396,11.0596,12324388,300207
2017-04-20,11.0876,11.1062,10.7142,10.9569,13003891,300207
2017-04-21,10.9335,11.2143,10.8773,11.1582,12665964,300207
2017-04-24,11.1301,11.3266,10.8492,11.1301,11987196,300207
2017-04-25,11.1394,11.4203,11.1394,11.2518,12628500,300207
2017-04-26,11.3547,11.439,10.7931,10.896,13832572,300207
2017-04-27,10.8492,11.1207,10.531,11.102,12330146,300207
2017-04-28,11.0458,11.0926,10.9148,10.999,9360542,300207
2017-05-02,11.0177,11.1207,10.6995,11.0084,12718877,300207
2017-05-03,10.8773,11.2237,10.8118,11.1582,14137981,300207
2017-05-04,11.1113,11.1956,10.9522,10.9803,8570709,300207
2017-05-05,11.0271,11.0833,10.9429,10.9522,6578608,300207
2017-05-08,11.1488,11.4203,11.0177,11.0365,12375494,300207
2017-05-09,10.868,11.2143,10.765,11.1488,10689385,300207
2017-05-10,11.1956,11.7292,11.1862,11.439,25664990,300207
2017-05-11,11.2705,11.7292,11.1488,11.6917,21069860,300207
2017-05-12,11.6075,11.9913,11.4296,11.9632,21094203,300207
2017-05-15,11.8883,12.0287,11.7292,11.9445,16666387,300207
2017-05-16,11.8228,12.0006,11.6449,11.8977,18106526,300207
2017-05-17,11.8509,12.1972,11.7947,11.9164,19264710,300207
2017-05-18,11.7479,11.7572,11.0458,11.1207,31333069,300207
2017-05-19,10.999,11.1956,10.9054,10.9241,15350646,300207
2017-05-22,10.868,11.233,10.868,11.1488,12035626,300207
2017-05-23,11.1207,11.1675,10.7931,11.0084,14998707,300207
2017-05-24,10.9522,11.0552,10.7276,10.9709,10142601,300207
2017-05-25,10.9897,11.0458,10.8399,10.9709,8366486,300207
2017-05-26,11.0084,11.0084,10.4467,10.8118,18943746,300207
2017-05-31,10.9054,10.9429,10.6433,10.8305,14505133,300207
2017-06-01,10.765,10.765,10.4935,10.5403,9780431,300207
2017-06-02,10.5403,10.5871,10.3063,10.5216,7882382,300207
2017-06-05,10.531,10.8118,10.5216,10.7276,7606311,300207
2017-06-06,10.7088,10.8212,10.5403,10.5684,8436031,300207
2017-06-07,10.5778,10.9054,10.5216,10.8773,12377075,300207
2017-06-08,10.868,11.0926,10.8212,10.9335,11797474,300207
2017-06-09,10.8867,11.0926,10.868,11.0365,8979096,300207
2017-06-12,10.9148,11.0177,10.6527,10.765,8380177,300207
2017-06-13,10.7556,11.0552,10.6901,10.9522,9755293,300207
2017-06-14,10.8773,11.1862,10.8773,10.9054,10145491,300207
2017-06-15,10.8118,11.1862,10.7837,11.0739,9502813,300207
2017-06-16,10.999,11.1394,10.9897,11.0739,5543617,300207
2017-06-19,11.0552,11.1113,10.9803,11.0177,4506124,300207
2017-06-20,11.0458,11.5513,11.0365,11.3641,19623000,300207
2017-06-21,11.3735,11.3922,11.1582,11.3454,10658182,300207
2017-06-22,11.3266,11.3641,11.0552,11.0833,8023774,300207
2017-06-23,11.0739,11.2705,10.9522,11.233,9127339,300207
2017-06-26,11.2143,11.4951,11.1675,11.3266,10984619,300207
2017-06-27,11.3828,11.4577,11.1394,11.1862,8979176,300207
2017-06-28,11.1675,11.2424,10.9522,11.0833,9031807,300207
2017-06-29,11.0833,11.1956,10.9709,10.9897,9973812,300207
2017-06-30,10.999,11.0552,10.8586,11.0365,10101628,300207
2017-07-03,11.0833,11.3547,11.0552,11.2986,11922707,300207
2017-07-04,11.2424,11.3173,11.1862,11.205,6424364,300207
2017-07-05,11.2424,11.4858,11.2143,11.4203,13231876,300207
2017-07-06,11.4483,11.7947,11.3828,11.6075,18992077,300207
2017-07-07,11.4764,11.6075,11.336,11.5981,11643604,300207
2017-07-10,11.6356,11.6356,11.3079,11.3173,9131220,300207
2017-07-11,11.3547,11.3547,10.9522,10.9803,11030400,300207
2017-07-12,10.999,11.1488,10.7088,11.0833,12442526,300207
2017-07-13,11.0365,11.1113,10.868,10.9335,5954646,300207
2017-07-14,10.8212,11.0365,10.6807,10.8867,8080447,300207
2017-07-17,10.8867,10.8867,10.3063,10.3999,13874668,300207
2017-07-18,10.3906,10.5403,10.3063,10.4467,7064882,300207
2017-07-19,10.4654,10.531,10.3344,10.4748,8410446,300207
2017-07-20,10.5123,10.8492,10.4655,10.6714,10667065,300207
2017-07-21,10.6714,10.9616,10.6152,10.7276,8337729,300207
2017-07-24,10.7276,10.7556,10.5684,10.6433,7137740,300207
2017-07-25,10.662,10.6901,10.5216,10.5591,6159957,300207
2017-07-26,10.5871,10.6433,10.3906,10.4842,6990559,300207
2017-07-27,10.4654,10.9054,10.4374,10.8305,16710276,300207
2017-07-28,10.8492,11.0365,10.7744,10.8586,13040371,300207
2017-07-31,10.8212,10.9335,10.7276,10.8867,10886580,300207
2017-08-01,10.8492,10.9709,10.8024,10.868,7425996,300207
2017-08-02,10.896,11.0271,10.7182,10.7276,12251600,300207
2017-08-03,10.7744,10.9054,10.6246,10.6901,8787874,300207
2017-08-04,10.662,10.7463,10.5029,10.531,10863900,300207
2017-08-07,10.6246,10.6807,10.531,10.5684,8081709,300207
2017-08-08,10.5778,10.6527,10.4935,10.6152,10556469,300207
2017-08-09,10.5965,10.7182,10.5216,10.6339,9078669,300207
2017-08-10,10.6246,10.7369,10.4842,10.5497,10671629,300207
2017-08-11,10.5403,10.7369,10.5216,10.6152,12437383,300207
2017-08-14,10.765,11.3641,10.7276,11.233,40377011,300207
2017-08-15,11.5981,11.7572,11.2424,11.3828,46899225,300207
2017-08-16,11.439,11.57,11.233,11.4296,34904190,300207
2017-08-17,11.3922,11.7572,11.3173,11.5045,31889199,300207
2017-08-18,11.4203,11.7292,11.3454,11.6356,26968676,300207
2017-08-21,11.5794,11.6824,11.3454,11.4577,24625674,300207
2017-08-22,11.4671,11.4858,11.2424,11.3079,15025407,300207
2017-08-23,11.3266,11.4577,11.233,11.2611,14361282,300207
2017-08-24,11.3266,11.336,11.1488,11.2143,12074186,300207
2017-08-25,11.205,11.439,11.1956,11.4296,18248040,300207
2017-08-28,11.4109,11.5981,11.3922,11.4671,23127171,300207
2017-08-29,11.5794,11.6356,11.2611,11.2705,16968102,300207
2017-08-30,11.2892,11.5888,11.2705,11.4951,19682287,300207
2017-08-31,11.57,11.7572,11.5045,11.673,23323902,300207
2017-09-01,11.7385,11.7385,11.4951,11.6262,22079833,300207
2017-09-04,11.6636,12.0194,11.5232,11.8977,34388356,300207
2017-09-05,11.907,12.0287,11.7947,11.8696,23865202,300207
2017-09-06,11.8696,12.2253,11.8228,12.0006,29340353,300207
2017-09-07,11.9819,12.1036,11.6449,11.7011,24616157,300207
2017-09-08,11.7572,11.776,11.3922,11.5326,23040230,300207
2017-09-11,11.5794,12.2815,11.5139,12.1598,45280044,300207
2017-09-12,12.3095,12.7589,11.9913,12.1878,62035642,300207
2017-09-13,12.2159,12.2627,11.7947,12.1223,36789875,300207
2017-09-14,12.0942,12.113,11.7947,11.8509,25909510,300207
2017-09-15,11.8509,11.9632,11.7572,11.9632,19171292,300207
2017-09-18,12.0006,12.0194,11.7572,11.8696,17842842,300207
2017-09-19,11.8509,11.8789,11.5607,11.6356,16523726,300207
2017-09-20,11.57,11.7853,11.4296,11.7572,14617792,300207
2017-09-21,11.8228,11.9445,11.5326,11.5607,16198859,300207
2017-09-22,11.5419,11.7011,11.4858,11.5326,10481919,300207
2017-09-25,11.5513,11.6543,11.3828,11.4015,12223690,300207
2017-09-26,11.3828,11.5513,11.336,11.5045,13107706,300207
2017-09-27,11.4671,11.7104,11.4577,11.6824,17366900,300207
2017-09-28,11.6262,11.7666,11.4483,11.4764,11898507,300207
2017-09-29,11.5419,11.6449,11.4483,11.5981,12044803,300207
2017-10-09,11.7479,11.8321,11.5794,11.6636,21145910,300207
2017-10-10,11.6262,11.7104,11.4671,11.5794,16216243,300207
2017-10-11,11.5888,11.6168,11.4483,11.5139,15829800,300207
2017-10-12,11.5232,11.5326,11.3454,11.4951,13581007,300207
2017-10-13,11.4764,11.6168,11.3922,11.6075,14494582,300207
2017-10-16,11.5513,11.5794,11.0084,11.0458,23757180,300207
2017-10-17,11.0177,11.1207,10.9709,11.0084,9747283,300207
2017-10-18,11.0271,11.1394,10.9709,10.9897,6827497,300207
2017-10-19,10.9709,11.0739,10.9335,10.9429,8292576,300207
2017-10-20,10.9335,11.0833,10.9335,11.0552,6701694,300207
2017-10-23,11.0458,11.2143,10.999,11.1769,10063304,300207
2017-10-24,11.1113,11.2986,11.0084,11.2798,13478412,300207
2017-10-25,11.2705,11.4109,11.1769,11.3173,9356832,300207
2017-10-26,11.2424,11.4483,11.2237,11.3454,8345453,300207
2017-10-27,11.2424,11.2986,10.9616,10.9803,14801985,300207
2017-10-30,11.0084,11.1113,10.6246,10.6714,13626392,300207
2017-10-31,10.7556,10.8586,10.6527,10.7463,8903676,300207
2017-11-01,10.7556,10.8399,10.6807,10.7837,9949550,300207
2017-11-02,10.7837,10.8024,10.6995,10.7463,6385768,300207
2017-11-03,10.7182,10.7837,10.6059,10.6246,8890408,300207
2017-11-06,10.7369,11.0739,10.6339,11.0177,13716019,300207
2017-11-07,11.0833,12.0287,11.0084,11.5419,34460990,300207
2017-11-08,11.2611,11.8228,11.1862,11.3828,26210132,300207
2017-11-09,11.4203,11.7198,11.3641,11.5888,23963148,300207
2017-11-10,11.57,11.9164,11.5232,11.7104,27418249,300207
2017-11-13,11.9164,11.9725,11.6075,11.7011,20811394,300207
2017-11-14,11.6449,12.1223,11.5326,11.8509,28834310,300207
2017-11-15,11.8134,11.8696,11.3922,11.5326,19719415,300207
2017-11-16,11.5232,11.7011,11.4671,11.5045,11608306,300207
2017-11-17,11.5607,11.6356,10.7744,11.1862,20331356,300207
2017-11-20,11.0177,11.205,10.9803,11.1769,11187941,300207
2017-11-21,11.1769,11.3547,10.9522,11.1488,12818238,300207
2017-11-22,11.0645,11.1675,10.868,10.9803,11346858,300207
2017-11-23,10.9803,11.0739,10.8212,10.8305,9182745,300207
2017-11-24,10.8212,10.9054,10.5123,10.6152,13183907,300207
2017-11-27,10.4935,10.7276,10.4935,10.6527,5848700,300207
2017-11-28,10.6527,10.868,10.5871,10.8212,5888486,300207
2017-11-29,10.8212,10.8586,10.4935,10.6339,13742166,300207
2017-11-30,10.6714,10.7369,10.5778,10.6339,5505818,300207
2017-12-01,10.6527,10.8212,10.5871,10.8118,8020299,300207
2017-12-04,10.8492,10.8586,10.5497,10.5871,12748844,300207
2017-12-05,10.6339,10.6527,10.2408,10.2595,14554311,300207
2017-12-06,10.1285,10.297,10.0161,10.2033,11359235,300207
2017-12-07,10.1285,10.194,9.9693,9.9974,9843331,300207
2017-12-08,10.0255,10.1472,9.96,10.1191,8807368,300207
2017-12-11,10.1004,10.1097,9.9787,10.0161,9548004,300207
2017-12-12,10.0629,10.2595,9.9693,10.1659,13144989,300207
2017-12-13,10.1565,10.1565,9.9412,10.0442,8530132,300207
2017-12-14,10.0161,10.0348,9.9412,9.9787,5803700,300207
2017-12-15,10.0161,10.0629,9.9412,9.96,5886353,300207
2017-12-18,9.9506,10.0536,9.7727,9.9506,7405039,300207
2017-12-19,9.9506,10.0068,9.9225,9.988,3501902,300207
2017-12-20,9.9787,9.988,9.7821,9.7915,4864100,300207
2017-12-21,9.7353,9.8008,9.5294,9.6885,6270732,300207
2017-12-22,9.5668,9.6698,9.3421,9.4638,15728171,300207
2017-12-25,9.4732,9.5949,8.949,9.0707,20023817,300207
2017-12-26,9.0707,9.2953,9.0332,9.0988,10952821,300207
2017-12-27,9.0988,9.183,9.0426,9.0613,6894286,300207
2017-12-28,9.0988,9.1081,8.715,8.8367,11306339,300207
2017-12-29,8.846,9.1549,8.8367,9.1362,9597980,300207
2018-01-02,9.1081,9.7259,9.0613,9.5949,18183473,300207
2018-01-03,9.5106,9.8195,9.5106,9.7166,10387968,300207
2018-01-04,9.9038,9.9693,9.7821,9.8383,12388221,300207
2018-01-05,9.8476,9.9506,9.6885,9.8289,6378381,300207
2018-01-08,9.8383,9.9038,9.4919,9.6417,10170358,300207
2018-01-09,9.5668,9.7821,9.4451,9.5574,7385206,300207
2018-01-10,9.5574,9.7072,9.4358,9.4545,11712067,300207
2018-01-11,9.417,9.7727,9.3983,9.7353,9899549,300207
2018-01-12,9.7353,9.9693,9.6511,9.7166,10202061,300207
2018-01-15,9.7166,9.754,9.2392,9.2953,14419483,300207
2018-01-16,9.3047,9.5294,9.1456,9.3421,9688061,300207
2018-01-17,9.3141,9.417,9.0426,9.3421,10789252,300207
2018-01-18,9.3328,9.417,9.1175,9.1736,10016170,300207
2018-01-19,9.2205,9.3609,9.0707,9.3141,11370115,300207
2018-01-22,9.1643,9.3889,9.1456,9.2205,9995185,300207
2018-01-23,9.2205,9.3047,8.9677,9.0052,11985353,300207
2018-01-24,8.9771,9.5481,8.9771,9.5481,18841827,300207
2018-01-25,9.6885,9.9225,9.6323,9.6604,18821665,300207
2018-01-26,9.7259,9.9038,9.6604,9.6698,10241433,300207
2018-01-29,9.6698,9.9038,9.5387,9.6136,12106269,300207
2018-01-30,9.6604,9.6791,9.1549,9.2298,16571155,300207
2018-01-31,9.1736,9.2485,9.0332,9.1268,8496030,300207
2018-02-01,9.1362,9.2485,8.7992,8.8647,11011078,300207
2018-02-02,8.7992,9.2579,8.7524,9.1175,11483786,300207
2018-02-05,9.0426,9.2392,8.9677,8.9677,9335620,300207
2018-02-06,8.8835,8.8835,8.2469,8.2469,18164514,300207
2018-02-07,8.4435,8.4997,8.0035,8.275,9713414,300207
2018-02-08,8.3218,8.4622,8.2376,8.3967,6051932,300207
2018-02-09,8.144,8.378,8.0035,8.1908,10770161,300207
2018-02-12,8.2563,8.6026,8.2376,8.5371,8198784,300207
2018-02-13,8.6026,8.7337,8.378,8.509,9281520,300207
2018-02-14,8.5465,8.5465,8.3593,8.4716,4031150,300207
2018-02-22,8.509,8.743,8.4997,8.6869,8695641,300207
2018-02-23,8.7056,8.715,8.5839,8.612,6765200,300207
2018-02-26,8.7056,9.3609,8.6775,9.1643,22488783,300207
2018-02-27,9.1736,9.4545,9.1268,9.2953,17092876,300207
2018-02-28,9.2392,9.7821,9.183,9.6323,21604790,300207
2018-03-01,9.5294,10.2501,9.5013,10.1378,33158687,300207
2018-03-02,10.0161,10.3718,9.96,9.9693,17626630,300207
2018-03-05,10.0161,10.297,9.8851,10.1191,15371730,300207
2018-03-06,10.1191,10.3625,10.091,10.2033,16689770,300207
2018-03-07,10.2221,10.2595,10.0161,10.0255,9375107,300207
2018-03-08,10.1285,10.2876,9.8195,9.9132,15923550,300207
2018-03-09,10.1097,10.9054,10.1097,10.765,42766968,300207
2018-03-12,11.0458,11.6262,10.8305,11.3079,44018398,300207
2018-03-13,11.2986,11.4951,11.1301,11.1675,20824388,300207
2018-03-14,11.2237,11.2705,10.868,10.9148,17352484,300207
2018-03-15,10.9241,11.0084,10.6339,10.8586,18442391,300207
2018-03-16,11.0458,11.3266,10.8586,10.9241,21475868,300207
2018-03-19,10.9522,11.1207,10.8024,10.9429,10908354,300207
2018-03-20,10.9429,10.9429,10.9429,10.9429,0,300207
2018-03-21,10.9429,10.9429,10.9429,10.9429,0,300207
2018-03-22,10.9429,10.9429,10.9429,10.9429,0,300207
2018-03-23,10.9429,10.9429,10.9429,10.9429,0,300207
2018-03-26,10.9429,10.9429,10.9429,10.9429,0,300207
2018-03-27,10.7463,10.9897,10.3625,10.8586,38679466,300207
2018-03-28,10.6246,10.8024,10.3344,10.3531,21941956,300207
2018-03-29,10.4374,10.5684,10.2782,10.3438,18175339,300207
2018-03-30,10.4467,10.9335,10.3438,10.8212,21093832,300207
2018-04-02,10.9148,11.1301,10.765,10.8118,16983967,300207
2018-04-03,10.662,10.8773,10.325,10.6059,19103794,300207
2018-04-04,10.6059,10.8586,10.3718,10.3999,10367450,300207
2018-04-09,10.2501,10.3906,9.9974,10.0442,15374900,300207
2018-04-10,10.2033,10.3157,10.0629,10.1285,11592885,300207
2018-04-11,10.2782,10.8399,10.2033,10.6246,19438526,300207
2018-04-12,10.5965,10.8773,10.531,10.531,11296941,300207
2018-04-13,10.6527,10.9054,10.5403,10.5778,9730372,300207
2018-04-16,10.5591,10.9054,10.4842,10.6714,13608123,300207
2018-04-17,10.7182,10.7182,10.1659,10.297,12762028,300207
2018-04-18,10.3906,10.6059,10.2314,10.5216,15490290,300207
2018-04-19,10.5778,10.7931,10.4561,10.5778,13385086,300207
2018-04-20,10.6059,10.6059,10.1191,10.1191,12337208,300207
2018-04-23,10.1472,10.2595,9.4732,9.623,16163151,300207
2018-04-24,9.6323,9.8757,9.6042,9.7915,8738092,300207
2018-04-25,9.7915,9.9132,9.7353,9.8383,8954622,300207
2018-04-26,9.8851,9.8851,9.3889,9.3983,12352956,300207
2018-04-27,9.5106,9.8289,9.3983,9.8195,14623603,300207
2018-05-02,9.9132,10.1472,9.7821,10.0255,12939400,300207
2018-05-03,10.0348,10.2782,9.754,10.2501,11567459,300207
2018-05-04,10.2782,10.4186,10.1097,10.3906,10938892,300207
2018-05-07,10.3438,10.531,10.2127,10.4186,12443805,300207
2018-05-08,10.3531,10.5029,10.297,10.4561,9956673,300207
2018-05-09,10.4654,10.4654,10.2314,10.297,6763100,300207
2018-05-10,10.297,10.5591,10.2876,10.4467,13627100,300207
2018-05-11,10.5216,10.5684,10.2314,10.3063,8251100,300207
2018-05-14,10.3812,11.0271,10.3438,10.9429,28124315,300207
2018-05-15,10.8399,10.9897,10.6901,10.9054,12865056,300207
2018-05-16,10.8118,10.999,10.6714,10.7463,11404256,300207
2018-05-17,10.7744,10.7744,10.3718,10.4093,10898961,300207
2018-05-18,10.476,10.5713,10.3235,10.4951,6432305,300207
2018-05-21,10.5999,10.8954,10.5999,10.7715,11859057,300207
2018-05-22,10.6762,10.8668,10.6762,10.8382,7518523,300207
2018-05-23,10.8478,10.8954,10.6857,10.7524,5971100,300207
2018-05-24,10.7524,10.8478,10.619,10.7906,7229957,300207
2018-05-25,10.7715,10.8573,10.6285,10.6667,7437211,300207
2018-05-28,10.6667,10.9526,10.5999,10.8573,9715788,300207
2018-05-29,10.9526,11.21,10.8764,10.9622,16561484,300207
2018-05-30,10.7715,10.7715,10.476,10.5237,13478947,300207
2018-05-31,10.5904,10.8668,10.5904,10.7048,14553880,300207
2018-06-01,10.6095,10.7715,10.2091,10.3235,11134352,300207
2018-06-04,10.4569,10.5332,10.1138,10.171,9712029,300207
2018-06-05,10.171,11.1528,10.171,10.9717,18884859,300207
2018-06-06,11.0956,11.4197,10.8573,11.0289,31233935,300207
2018-06-07,11.1337,11.3339,10.8954,11.0384,14200397,300207
2018-06-08,11.0575,11.1528,10.7334,10.8096,13533545,300207
2018-06-11,10.7143,11.0765,10.6381,10.7143,15679255,300207
2018-06-12,10.762,10.8764,10.4855,10.6381,9971468,300207
2018-06-13,10.6667,10.6667,10.2091,10.2186,12869803,300207
2018-06-14,10.2091,10.2091,9.4465,9.5323,31929227,300207
2018-06-15,9.5418,9.58,9.0462,9.151,20549125,300207
2018-06-19,9.0938,9.0938,8.4552,8.703,16453630,300207
2018-06-20,8.6077,8.9985,8.5028,8.7983,10647294,300207
2018-06-21,8.7602,8.9127,8.5028,8.5791,10367836,300207
2018-06-22,8.56,8.9699,8.4456,8.865,10541325,300207
2018-06-25,8.9127,8.9985,8.8365,8.9222,7011722,300207
2018-06-26,8.7221,8.9222,8.6267,8.7411,12252475,300207
2018-06-27,8.7602,8.7793,8.1787,8.3694,16740260,300207
2018-06-28,8.3598,8.5219,8.1787,8.274,15984970,300207
2018-06-29,8.3026,8.5981,8.2073,8.5886,17799403,300207
2018-07-02,8.6458,8.7316,8.3884,8.4361,11294257,300207
2018-07-03,8.4456,8.6744,8.2931,8.6077,11358651,300207
2018-07-04,8.5981,8.5981,8.417,8.4838,9377956,300207
2018-07-05,8.4361,8.4838,8.1978,8.1978,8997469,300207
2018-07-06,8.2454,8.3122,7.6449,8.0453,15935925,300207
2018-07-09,8.0357,8.3884,8.0167,8.3789,8688466,300207
2018-07-10,8.4075,8.4838,8.255,8.3884,8998683,300207
2018-07-11,8.255,8.2836,8.0262,8.2359,9830309,300207
2018-07-12,8.2169,8.6553,8.1978,8.56,15770649,300207
2018-07-13,8.56,8.6077,8.417,8.4838,8568381,300207
2018-07-16,8.4552,8.56,8.4552,8.4838,5675042,300207
2018-07-17,8.4838,8.5124,8.2264,8.4075,7712523,300207
2018-07-18,8.4075,8.4933,8.2645,8.2645,8353550,300207
2018-07-19,8.3789,8.6458,8.2931,8.4361,15434098,300207
2018-07-20,8.3598,8.56,8.3217,8.5314,10452810,300207
2018-07-23,8.6172,8.7697,8.56,8.7411,15390945,300207
2018-07-24,8.6839,8.8936,8.6363,8.7888,10484536,300207
2018-07-25,8.7507,8.8746,8.7507,8.7888,7166412,300207
2018-07-26,8.7888,8.8365,8.6553,8.6839,5291536,300207
2018-07-27,8.6839,8.7316,8.6077,8.6363,3609800,300207
2018-07-30,8.6553,8.6935,8.3026,8.417,7648400,300207
2018-07-31,8.3884,8.4742,8.3408,8.4266,4814986,300207
2018-08-01,8.4838,8.6172,8.4456,8.5028,6153900,300207
2018-08-02,8.4647,8.4647,7.8737,8.1978,12014410,300207
2018-08-03,8.1978,8.2359,8.0834,8.112,3791950,300207
2018-08-06,8.112,8.1978,7.9118,7.9213,6169067,300207
2018-08-07,7.9976,8.112,7.8832,8.0834,5621757,300207
2018-08-08,8.0834,8.1501,8.0167,8.0548,4632948,300207
2018-08-09,8.0643,8.4838,8.0262,8.4361,9297857,300207
2018-08-10,8.398,8.5314,8.3217,8.5028,4710389,300207
2018-08-13,8.4075,8.4933,8.2836,8.4456,5648183,300207
2018-08-14,8.417,8.5124,8.3312,8.4075,4855944,300207
2018-08-15,8.4075,8.4361,8.0834,8.1978,5463466,300207
2018-08-16,8.112,8.2264,8.0643,8.112,3040023,300207
2018-08-17,8.1501,8.2454,8.0357,8.0357,2427634,300207
2018-08-20,8.0357,8.1406,7.9213,7.9785,6275009,300207
2018-08-21,7.9976,8.1978,7.9595,8.1787,5268947,300207
2018-08-22,8.1787,8.3694,8.112,8.2645,5029252,300207
2018-08-23,8.2931,8.3694,8.1692,8.2931,3589177,300207
2018-08-24,8.3122,8.3503,8.2454,8.2645,2102698,300207
2018-08-27,8.2645,8.5505,8.2645,8.5409,8489503,300207
2018-08-28,8.4933,8.5791,8.4456,8.5409,5356133,300207
2018-08-29,8.5028,8.5981,8.4838,8.5219,4833896,300207
2018-08-30,8.5886,9.0176,8.5886,8.7602,17417713,300207
2018-08-31,8.7411,9.1129,8.6649,9.0176,17946831,300207
2018-09-03,9.0271,9.0366,8.6363,8.7888,17621804,300207
2018-09-04,8.7697,8.9508,8.6839,8.846,9247006,300207
2018-09-05,8.8174,8.8936,8.5886,8.6363,6685322,300207
2018-09-06,8.6267,8.703,8.398,8.4838,8208191,300207
2018-09-07,8.5028,8.7983,8.4933,8.5695,9816021,300207
2018-09-10,8.5314,8.56,8.0262,8.1025,10109047,300207
2018-09-11,8.0929,8.1883,7.9118,8.0262,8176387,300207
2018-09-12,7.9785,8.0262,7.7784,7.9118,11477927,300207
2018-09-13,8.0071,8.0643,7.7688,7.8451,8132146,300207
2018-09-14,7.8546,7.9118,7.7212,7.826,8324200,300207
2018-09-17,7.826,7.8546,7.7402,7.7498,4863585,300207
2018-09-18,7.7307,7.8642,7.7116,7.8451,4874866,300207
2018-09-19,7.8165,7.9785,7.7974,7.9023,5287208,300207
2018-09-20,7.9023,8.1501,7.8832,7.9309,4960099,300207
2018-09-21,7.9595,8.0357,7.807,7.969,7570561,300207
2018-09-25,7.9213,7.9213,7.8451,7.8642,3324004,300207
2018-09-26,7.8642,7.9404,7.8356,7.8928,3693578,300207
2018-09-27,7.8928,7.8928,7.7212,7.7307,6163737,300207
2018-09-28,7.7879,7.8642,7.7498,7.8642,3121443,300207
2018-10-08,7.7212,7.807,7.5973,7.5973,4580331,300207
2018-10-09,7.6163,7.7593,7.6163,7.664,3838245,300207
2018-10-10,7.683,7.7688,7.6354,7.7116,3326712,300207
2018-10-11,7.5305,7.6163,7.1588,7.2541,9265846,300207
2018-10-12,7.2922,7.3113,6.9777,6.9967,9449175,300207
2018-10-15,7.0539,7.2064,6.9491,7.0253,9070625,300207
2018-10-16,7.0253,7.0348,6.6154,6.6821,9762666,300207
2018-10-17,6.8633,6.9777,6.6726,6.8061,9681687,300207
2018-10-18,6.7679,7.092,6.7584,6.9395,10030031,300207
2018-10-19,6.8728,7.5687,6.8251,7.5687,12489174,300207
2018-10-22,7.6735,7.9309,7.5591,7.7688,13020116,300207
2018-10-23,7.683,8.0262,7.5401,7.6163,12448100,300207
2018-10-24,7.7307,8.1025,7.6258,7.7974,8177435,300207
2018-10-25,7.4924,7.9118,7.4257,7.8642,9280477,300207
2018-10-26,7.8451,8.0357,7.7688,7.9118,7834508,300207
2018-10-29,7.8451,7.9881,7.7593,7.8165,5284242,300207
2018-10-30,7.7784,7.9499,7.6544,7.8642,8132230,300207
2018-10-31,7.9118,8.0739,7.7974,8.0071,11466359,300207
2018-11-01,8.1406,8.4838,8.0548,8.3312,16659147,300207
2018-11-02,8.5695,8.6172,8.4075,8.4647,10421758,300207
2018-11-05,8.4361,8.5409,8.1978,8.3503,12131487,300207
2018-11-06,8.3503,8.3503,8.0453,8.1215,7517979,300207
2018-11-07,8.1883,8.3694,8.1787,8.255,7768848,300207
2018-11-08,8.2169,8.3122,8.0167,8.0453,4691349,300207
2018-11-09,8.0071,8.1883,8.0071,8.0929,6320808,300207
2018-11-12,8.0167,8.3789,8.0167,8.3789,8247840,300207
2018-11-13,8.2359,8.398,8.1787,8.3789,10098683,300207
2018-11-14,8.3694,8.3694,8.0548,8.0929,8437169,300207
2018-11-15,8.0929,8.1787,7.9785,8.1692,9926576,300207
2018-11-16,8.1883,8.2645,8.1025,8.1787,9344480,300207
2018-11-19,8.1883,8.2836,8.0929,8.2359,6793590,300207
2018-11-20,8.2073,8.2073,7.8832,7.8928,7115522,300207
2018-11-21,7.7688,7.9404,7.7498,7.8832,4964240,300207
2018-11-22,7.9118,7.9785,7.7879,7.8832,3561855,300207
2018-11-23,7.9309,7.9309,7.5496,7.5973,5854456,300207
2018-11-26,7.7212,7.7212,7.5401,7.6354,4363901,300207
2018-11-27,7.6735,7.7212,7.5591,7.5782,4159826,300207
2018-11-28,7.5687,8.0071,7.5496,7.9976,12355928,300207
2018-11-29,8.0071,8.4361,8.0071,8.2169,20117727,300207
2018-11-30,8.1978,8.5314,8.1215,8.5124,16457413,300207
2018-12-03,8.6458,9.0271,8.6458,8.7507,16936240,300207
2018-12-04,8.8365,8.9604,8.7507,8.8174,12894800,300207
2018-12-05,8.7697,9.0843,8.6553,8.9985,17300925,300207
2018-12-06,8.9318,8.9985,8.5695,8.7221,16899941,300207
2018-12-07,8.6267,9.0176,8.5981,8.7602,14580456,300207
2018-12-10,8.8174,9.008,8.6935,8.6935,12267408,300207
2018-12-11,8.9318,9.1224,8.846,9.0462,13948309,300207
2018-12-12,8.846,9.2654,8.8079,9.0938,16202566,300207
2018-12-13,9.0938,9.1605,8.9604,9.0557,8077040,300207
2018-12-14,8.9985,9.0557,8.8269,8.846,8784844,300207
2018-12-17,8.7411,8.9604,8.5409,8.5791,11998982,300207
2018-12-18,8.6935,8.9127,8.4933,8.6649,14034251,300207
2018-12-19,8.6744,8.7221,8.3122,8.3884,8557662,300207
2018-12-20,8.5219,8.5695,8.3122,8.398,6532757,300207
2018-12-21,8.3122,8.4647,8.274,8.3026,7880894,300207
2018-12-24,8.3503,8.6458,8.3026,8.6363,7228262,300207
2018-12-25,8.5124,8.5124,8.0357,8.3884,13214321,300207
2018-12-26,8.3884,8.4361,8.1025,8.2169,10686971,300207
2018-12-27,8.3694,8.4361,8.0167,8.0453,10666806,300207
2018-12-28,8.0453,8.1883,7.9213,8.1883,8656815,300207
2019-01-02,8.1692,8.2359,8.0357,8.1883,5823584,300207
2019-01-03,8.2454,8.2645,7.7212,7.7402,9589539,300207
2019-01-04,7.6259,7.9595,7.3494,7.8928,14115820,300207
2019-01-07,7.9785,8.1025,7.8546,8.0548,12535494,300207
2019-01-08,8.0548,8.7411,8.0548,8.7125,22747912,300207
2019-01-09,8.5219,8.5695,8.2264,8.3598,19737212,300207
2019-01-10,8.3312,8.4361,8.255,8.3217,8277818,300207
2019-01-11,8.3217,8.4075,8.2169,8.398,6502307,300207
2019-01-14,8.398,8.398,8.1215,8.1787,6161460,300207
2019-01-15,8.1501,8.4647,8.0929,8.4266,9294927,300207
2019-01-16,8.3884,8.4361,8.255,8.3122,7320356,300207
2019-01-17,8.3408,8.3789,8.2359,8.2836,4906234,300207
2019-01-18,8.2836,8.5028,8.2836,8.398,8032703,300207
2019-01-21,8.3884,8.6553,8.3789,8.5791,11652612,300207
2019-01-22,8.5791,8.7221,8.5124,8.5505,8487948,300207
2019-01-23,8.5124,8.7316,8.4742,8.6744,8009141,300207
2019-01-24,8.6744,9.0176,8.5886,8.9127,11335376,300207
2019-01-25,8.8746,9.4751,8.8746,9.2463,20072550,300207
2019-01-28,9.1891,9.4561,9.1129,9.3035,11496125,300207
2019-01-29,9.2463,9.2463,8.9222,9.151,11682739,300207
2019-01-30,9.1987,9.3512,9.132,9.1987,9700481,300207
2019-01-31,9.2273,9.4942,9.1796,9.2177,8100906,300207
2019-02-01,9.3989,9.6181,9.2463,9.5418,10422026,300207
2019-02-11,9.5418,10.1805,9.5418,9.9994,14418115,300207
2019-02-12,10.0661,10.1805,9.9327,10.0566,16531194,300207
2019-02-13,10.0089,10.4379,9.9708,10.3712,20636895,300207
2019-02-14,10.2568,10.476,10.2091,10.4569,16385401,300207
2019-02-15,10.4569,10.4569,9.9994,10.1042,15544621,300207
2019-02-18,10.1233,10.2758,10.0852,10.2282,14940015,300207
2019-02-19,10.2568,10.2854,9.7611,9.9327,17064596,300207
2019-02-20,9.9517,10.1805,9.7992,9.9231,9875312,300207
2019-02-21,9.9136,10.5141,9.9041,10.2472,20448987,300207
2019-02-22,10.2282,10.4379,10.1233,10.3902,11940894,300207
2019-02-25,10.5999,11.3625,10.5999,11.3339,23722259,300207
2019-02-26,11.3434,11.3434,10.9336,10.9431,15463260,300207
2019-02-27,10.9622,11.067,10.6857,10.7238,12825851,300207
2019-02-28,10.8478,10.8954,10.5332,10.7334,8235124,300207
2019-03-01,10.7334,10.8859,10.5809,10.8668,12122654,300207
2019-03-04,11.0575,11.3911,10.8668,11.0575,16726716,300207
2019-03-05,11.0765,11.3625,11.0193,11.3244,18955959,300207
2019-03-06,11.353,11.7819,11.3434,11.6771,17838135,300207
2019-03-07,11.5818,11.8105,11.3244,11.4578,18324268,300207
2019-03-08,11.1719,11.7819,11.1528,11.3053,21386988,300207
2019-03-11,11.2958,12.3443,11.2481,12.1918,23965953,300207
2019-03-12,12.249,12.9925,12.1442,12.3825,21474734,300207
2019-03-13,12.4111,12.7352,12.1251,12.2681,23150429,300207
2019-03-14,12.4206,12.535,11.7819,11.9059,19246585,300207
2019-03-15,12.0107,12.2871,11.7057,11.9154,13450329,300207
2019-03-18,11.7247,11.8963,11.3053,11.6866,24029399,300207
2019-03-19,11.7152,11.7724,11.4197,11.6771,15518609,300207
2019-03-20,11.6771,11.6961,10.9145,11.3434,28227801,300207
2019-03-21,11.2577,11.6866,11.2577,11.6104,18331452,300207
2019-03-22,11.7152,11.7247,11.1051,11.5532,16926307,300207
2019-03-25,11.2672,11.6675,11.2672,11.496,11543307,300207
2019-03-26,11.5913,11.6294,11.1337,11.1433,12007485,300207
2019-03-27,11.21,11.7629,11.1051,11.1433,21813841,300207
2019-03-28,11.372,11.5818,11.1719,11.2767,12636442,300207
2019-03-29,11.2195,11.4102,10.781,11.353,31537440,300207
2019-04-01,11.3339,12.0584,11.2863,11.8868,26172513,300207
2019-04-02,11.9726,12.4111,11.8868,12.0107,25568619,300207
2019-04-03,12.6303,13.2118,12.6303,13.2118,33233426,300207
2019-04-04,13.3452,13.8695,13.2118,13.4596,42551275,300207
2019-04-08,13.3548,13.4406,12.9067,13.2022,21020774,300207
2019-04-09,13.2022,13.269,12.5826,12.7733,17580053,300207
2019-04-10,12.8972,13.0783,12.6112,12.6398,13863668,300207
2019-04-11,12.5922,12.697,12.0679,12.1156,17822211,300207
2019-04-12,12.1823,12.4111,12.0202,12.2681,11402463,300207
2019-04-15,12.4206,13.0021,12.3253,12.7256,21585293,300207
2019-04-16,12.5636,13.2022,12.3157,13.0879,17399010,300207
2019-04-17,13.6979,14.3938,13.2594,13.3452,46117155,300207
2019-04-18,13.2499,14.0697,13.0593,13.7265,25906122,300207
2019-04-19,13.8218,14.0697,13.6121,13.7075,17849406,300207
2019-04-22,13.7742,14.1269,13.0593,13.3548,22728891,300207
2019-04-23,13.3262,13.8504,13.2976,13.4882,15635238,300207
2019-04-24,13.6312,13.6884,13.0974,13.5263,9977918,300207
2019-04-25,13.5931,13.5931,12.9735,12.9735,10799725,300207
2019-04-26,12.9067,13.6312,12.9067,13.1641,14418908,300207
2019-05-06,12.106,12.3348,11.5436,11.5436,15355227,300207
2019-05-07,11.7247,11.7819,11.2005,11.2958,14125131,300207
2019-05-08,11.2958,11.7724,11.0098,11.4006,13407936,300207
2019-05-09,11.3434,11.5818,10.9622,11.2863,12203579,300207
2019-05-10,11.4197,12.4111,11.4197,12.1918,19361748,300207
2019-05-13,12.0965,12.106,11.4674,11.6008,16925912,300207
2019-05-14,11.4102,11.6771,11.2481,11.3339,11665933,300207
2019-05-15,11.5055,12.4683,11.5055,12.4683,20499935,300207
2019-05-16,12.6589,12.9353,12.3443,12.5064,20177261,300207
2019-05-17,12.7066,12.7066,11.8773,11.9726,13195181,300207
2019-05-20,12.0584,12.0584,10.8668,11.1814,27443134,300207
2019-05-21,11.4292,11.5436,11.1051,11.353,18128260,300207
2019-05-22,11.3911,11.8963,11.3625,11.6294,13320528,300207
2019-05-23,11.6771,11.6866,10.4665,10.476,29003405,300207
2019-05-24,10.5237,10.8382,10.3902,10.6095,17317320,300207
2019-05-27,10.6095,10.9717,10.3616,10.924,17753744,300207
2019-05-28,10.9145,11.1814,10.6667,10.8001,13523830,300207
2019-05-29,10.7334,11.1051,10.6285,10.924,10971964,300207
2019-05-30,10.8573,10.8573,10.4855,10.6381,9008732,300207
2019-05-31,10.8192,10.8573,10.5618,10.6285,7960144,300207
2019-06-03,10.6285,10.9622,10.3902,10.8382,16650110,300207
2019-06-04,10.7715,10.8192,10.4188,10.5141,12894771,300207
2019-06-05,10.6857,11.0003,10.6285,10.7715,16761355,300207
2019-06-06,10.6571,10.8859,10.5427,10.5809,10031242,300207
2019-06-10,10.7238,10.905,10.4951,10.8573,10108870,300207
2019-06-11,10.8287,11.3911,10.7334,11.2958,16065492,300207
2019-06-12,11.2672,11.2863,10.8001,10.9908,14450530,300207
2019-06-13,10.924,10.924,10.619,10.7906,12708341,300207
2019-06-14,10.7715,10.8668,10.4951,10.4951,18590425,300207
2019-06-17,10.5713,10.7143,10.5427,10.6667,11841559,300207
2019-06-18,10.5523,10.9622,10.5523,10.781,13516131,300207
2019-06-19,11.801,11.801,11.0003,11.1337,24976860,300207
2019-06-20,11.1337,11.3625,10.8096,11.2481,17873060,300207
2019-06-21,11.5818,11.6199,11.2195,11.2863,11148345,300207
2019-06-24,11.2958,11.4006,10.8668,11.0956,15099023,300207
2019-06-25,11.1246,11.1342,10.6233,10.8354,16389854,300207
2019-06-26,10.7004,11.0571,10.6522,10.9029,14724264,300207
2019-06-27,11.0089,11.6162,10.9029,11.4813,23461711,300207
2019-06-28,11.568,11.6162,10.9221,11.1053,17488563,300207
2019-07-01,11.7126,12.0789,11.4716,12.0018,30776245,300207
2019-07-02,12.0018,12.1753,11.8476,12.05,21812526,300207
2019-07-03,11.7223,11.7994,11.462,11.5873,18573295,300207
2019-07-04,11.6355,11.6644,11.3849,11.4813,8329164,300207
2019-07-05,11.4813,11.7608,11.3559,11.6644,11167253,300207
2019-07-08,11.6355,11.7126,11.1342,11.2499,13803518,300207
2019-07-09,11.2788,11.2788,10.8932,11.0378,12938103,300207
2019-07-10,11.1535,11.1631,11.0185,11.0957,9148699,300207
2019-07-11,11.1728,11.3367,11.086,11.1921,6387066,300207
2019-07-12,11.2113,11.2788,11.0957,11.221,4048874,300207
2019-07-15,10.9029,10.9029,10.1027,10.2763,43818508,300207
2019-07-16,10.3727,10.739,10.3148,10.5558,23349985,300207
2019-07-17,10.5365,10.7775,10.5076,10.6908,16084123,300207
2019-07-18,10.6137,10.7486,10.5269,10.5558,12681319,300207
2019-07-19,10.5558,10.8932,10.5558,10.6137,13950691,300207
2019-07-22,10.7197,10.8739,10.4883,10.6233,12549886,300207
2019-07-23,10.6522,10.8161,10.5847,10.7968,8293972,300207
2019-07-24,10.845,11.6933,10.7583,11.5487,27797924,300207
2019-07-25,11.6066,11.7608,11.3656,11.6451,21744291,300207
2019-07-26,11.7319,11.8669,11.6162,11.7319,19231539,300207
2019-07-29,11.7415,12.1175,11.6451,12.0211,17661529,300207
2019-07-30,12.1079,12.2139,11.9151,11.944,13466402,300207
2019-07-31,12.0115,12.2235,11.8958,12.05,16423234,300207
2019-08-01,11.8958,12.2043,11.8958,12.0789,12108848,300207
2019-08-02,11.5102,11.6259,11.086,11.5487,21911310,300207
2019-08-05,11.568,12.0115,11.4138,11.5969,17190799,300207
2019-08-06,11.462,11.462,10.9896,11.2306,14169645,300207
2019-08-07,11.4234,11.6933,11.3077,11.4331,9744510,300207
2019-08-08,11.4909,11.6741,11.1053,11.2113,13840808,300207
2019-08-09,11.2788,11.4813,11.0378,11.1149,14876641,300207
2019-08-12,11.0378,11.9536,11.0378,11.8476,19346657,300207
2019-08-13,11.7126,11.9343,11.6162,11.7608,19066745,300207
2019-08-14,12.2621,12.4453,11.9151,12.0018,23185113,300207
2019-08-15,11.5295,12.1946,11.4813,11.944,17191373,300207
2019-08-16,12.1079,12.9755,12.0982,12.7248,30907081,300207
2019-08-19,13.1683,13.5442,12.7537,12.9851,43318486,300207
2019-08-20,13.1972,13.39,12.6573,12.8212,28509093,300207
2019-08-21,12.7152,13.0719,12.5802,12.8598,25841739,300207
2019-08-22,12.773,12.8694,12.3585,12.5513,21324283,300207
2019-08-23,12.5802,12.6284,12.2428,12.3585,17430942,300207
2019-08-26,12.0982,12.291,11.8765,12.05,21742070,300207
2019-08-27,12.1753,12.3778,12.0018,12.1079,18797491,300207
2019-08-28,12.1271,12.2043,11.8283,11.9054,16142983,300207
2019-08-29,12.0018,12.0693,11.7608,11.9343,15426754,300207
2019-08-30,12.1464,12.7248,11.9633,12.1368,40274408,300207
2019-09-02,12.0982,13.2068,12.0693,13.0526,45272262,300207
2019-09-03,12.9658,13.1586,12.7441,13.0526,23977856,300207
2019-09-04,13.0333,13.1875,12.773,13.014,23631210,300207
2019-09-05,13.1586,13.631,13.1008,13.2261,31083255,300207
2019-09-06,13.4093,13.5057,12.8212,12.9562,20683169,300207
2019-09-09,13.1875,13.6695,12.908,13.6406,26481109,300207
2019-09-10,13.5057,13.6117,13.0911,13.2261,26321081,300207
2019-09-11,13.3032,13.5924,13.014,13.1201,17662486,300207
2019-09-12,13.1393,13.2165,12.8501,12.9947,13973477,300207
2019-09-16,12.9658,13.4575,12.8598,13.4285,25401329,300207
2019-09-17,13.4478,14.1323,13.4478,13.8334,39293703,300207
2019-09-18,13.7274,14.113,13.3803,13.7659,23480989,300207
2019-09-19,13.978,15.1445,13.978,15.1445,46007747,300207
2019-09-20,14.9902,15.6747,14.6143,15.3758,50333487,300207
2019-09-23,15.1155,15.2312,14.5564,15.0191,34864534,300207
2019-09-24,14.836,15.8867,14.595,15.424,38015066,300207
2019-09-25,15.2601,15.4722,14.4986,15.1541,39058071,300207
2019-09-26,15.0673,15.0963,13.737,13.9395,35698905,300207
2019-09-27,14.1033,14.7974,14.0262,14.7589,36193020,300207
2019-09-30,14.7492,15.0577,14.1708,14.6046,25591382,300207
2019-10-08,14.7492,14.7492,13.4864,13.7852,27526472,300207
2019-10-09,13.6888,13.8623,13.3129,13.7081,31278625,300207
2019-10-10,13.8816,13.9395,13.3225,13.8816,39447102,300207
2019-10-11,13.9298,13.9298,13.4382,13.5153,23310217,300207
2019-10-14,13.7081,14.0262,13.496,13.8527,30129214,300207
2019-10-15,14.0455,14.4118,13.8623,14.0166,40142908,300207
2019-10-16,13.978,14.1997,13.5828,13.6213,21795775,300207
2019-10-17,13.5828,13.9009,13.4478,13.7659,16327268,300207
2019-10-18,13.7177,13.7177,13.0333,13.0622,29517227,300207
2019-10-21,13.0911,13.1972,12.6381,12.8983,30017716,300207
2019-10-22,12.9273,13.0526,12.4838,12.773,36419611,300207
2019-10-23,12.8309,12.8694,12.5417,12.5513,21918776,300207
2019-10-24,12.5995,12.667,12.2332,12.532,18846457,300207
2019-10-25,12.5513,12.8501,12.4163,12.7345,21191515,300207
2019-10-28,12.773,13.014,12.6863,12.9369,18697014,300207
2019-10-29,12.8791,13.0237,12.2621,12.3585,24909360,300207
2019-10-30,12.4067,13.0333,12.4067,12.8598,29062587,300207
2019-10-31,12.8791,13.5346,12.8694,13.3032,41207592,300207
2019-11-01,13.1779,13.4189,13.0911,13.3514,20664811,300207
2019-11-04,13.4285,14.1515,13.4285,13.9395,37668451,300207
2019-11-05,13.9973,14.5853,13.9202,14.4311,50852527,300207
2019-11-06,14.4697,14.8649,14.2287,14.3347,36694174,300207
2019-11-07,14.4311,14.7878,14.1708,14.354,35541122,300207
2019-11-08,14.5371,14.9131,14.4215,14.6046,30252664,300207
2019-11-11,14.5468,14.6817,14.0841,14.3733,26329828,300207
2019-11-12,14.3733,14.4504,13.9877,14.3251,19573957,300207
2019-11-13,14.46,14.5371,13.8816,14.1997,20630172,300207
2019-11-14,14.2865,14.7781,13.9491,14.7492,38190989,300207
2019-11-15,14.5757,14.5853,14.0551,14.2576,35722363,300207
2019-11-18,14.1226,14.3925,13.8623,14.2672,15586056,300207
2019-11-19,14.3443,14.9324,14.0841,14.8456,26821942,300207
2019-11-20,14.8938,14.9517,14.4407,14.46,21473996,300207
2019-11-21,14.2865,14.7492,14.219,14.3636,18422985,300207
2019-11-22,14.5082,15.6072,14.5082,14.7974,45592243,300207
2019-11-25,14.8938,14.8938,14.1708,14.836,34451599,300207
2019-11-26,14.8553,16.0795,14.7107,15.8,57334477,300207
2019-11-27,15.5783,16.8411,15.3662,16.4073,45810489,300207
2019-11-28,16.2531,17.9304,16.2145,17.4099,45988561,300207
2019-11-29,17.1399,17.2845,16.4362,16.9375,35260405,300207
2019-12-02,16.8025,17.5159,16.764,16.9568,25704459,300207
2019-12-03,16.7061,17.4677,16.5037,17.3617,22357909,300207
2019-12-04,17.1496,18.0654,17.0243,17.3617,27061102,300207
2019-12-05,17.3617,17.9401,17.1592,17.6027,26089071,300207
2019-12-06,17.4581,19.039,17.3617,18.5859,40554579,300207
2019-12-09,18.557,18.8559,17.7955,17.9401,37777391,300207
2019-12-10,17.8822,18.3642,17.5159,18.2003,31618289,300207
2019-12-11,18.2003,18.2003,16.7736,17.1978,47022376,300207
2019-12-12,17.1207,17.4484,16.9086,17.1496,25310393,300207
2019-12-13,17.3135,18.075,17.0628,17.9883,42660224,300207
2019-12-16,18.1136,18.7884,17.7473,18.5088,43024797,300207
2019-12-17,18.3257,19.897,18.3257,19.4246,41571403,300207
2019-12-18,19.2125,20.003,19.0294,19.1451,27435758,300207
2019-12-19,19.1258,19.3764,18.2485,18.5185,28233962,300207
2019-12-20,18.557,18.8848,18.3931,18.5377,19418131,300207
2019-12-23,18.1618,18.6534,17.8147,18.2003,20742343,300207
2019-12-24,18.4221,19.762,18.4221,19.5981,31769447,300207
2019-12-25,19.3571,19.656,19.0197,19.5403,24176657,300207
2019-12-26,19.3668,20.4947,19.2897,19.656,27208642,300207
2019-12-27,19.5017,20.1283,18.7016,18.7402,29817663,300207
2019-12-30,18.5088,19.5499,18.2678,19.1836,22789350,300207
2019-12-31,19.0872,19.4632,18.5956,18.8173,20474505,300207
2020-01-02,18.9715,19.5403,18.5763,19.415,23131507,300207
2020-01-03,19.3957,19.5114,18.8655,19.1161,19058153,300207
2020-01-06,19.0969,20.8128,18.9715,20.4368,46017502,300207
2020-01-07,20.2729,20.3404,19.6271,19.8199,27116132,300207
2020-01-08,19.6753,20.8031,19.5499,19.9741,27097812,300207
2020-01-09,20.3501,20.9092,19.9837,20.7453,22613524,300207
2020-01-10,20.6875,21.478,20.5911,21.1791,21966809,300207
2020-01-13,21.1598,22.6348,21.1502,21.7479,30282321,300207
2020-01-14,21.8828,23.2806,21.3141,22.9143,36209627,300207
2020-01-15,22.6058,23.1264,21.9599,23.1264,26957271,300207
2020-01-16,22.9432,23.5988,22.0756,22.4323,26044900,300207
2020-01-17,22.4516,22.5769,21.8346,21.9407,22053124,300207
2020-01-20,21.931,23.618,21.6129,23.0493,31112995,300207
2020-01-21,22.895,23.2517,22.5673,22.5673,22561824,300207
2020-01-22,22.4612,24.341,22.0756,23.8108,36289295,300207
2020-01-23,23.4349,24.5435,22.654,23.4156,32022138,300207
2020-02-03,21.0827,22.0949,21.0827,21.0827,33662567,300207
2020-02-04,21.1309,22.8661,21.1309,22.5384,50226454,300207
2020-02-05,23.0782,24.1193,22.172,22.7215,43577329,300207
2020-02-06,22.1238,22.6348,21.69,22.4227,43224815,300207
2020-02-07,22.3648,22.3648,20.1766,20.7935,64114609,300207
2020-02-10,20.5332,21.3912,19.897,20.9381,48517112,300207
2020-02-11,21.0923,21.8732,20.7646,21.5165,43097138,300207
2020-02-12,21.208,21.9021,21.0923,21.7768,37075323,300207
2020-02-13,21.6515,22.3166,21.1598,21.208,33032146,300207
2020-02-14,20.9477,21.6707,20.8224,21.0923,29301632,300207
2020-02-17,21.1887,22.8083,21.1116,22.548,48073974,300207
2020-02-18,22.6155,23.3481,22.3166,23.3385,45764244,300207
2020-02-19,23.2806,23.2903,22.172,22.201,42436554,300207
2020-02-20,22.3456,23.136,22.307,22.8276,38608929,300207
2020-02-21,23.0975,24.3218,22.8276,24.2639,51414251,300207
2020-02-24,24.2736,26.028,23.9362,25.3918,45203626,300207
2020-02-25,24.6592,25.7967,23.2035,24.8905,53318774,300207
2020-02-26,24.2061,24.7748,23.1071,23.2324,36932920,300207
2020-02-27,23.406,23.6662,22.7601,22.9625,24866715,300207
2020-02-28,21.69,22.4516,20.7357,21.208,42030431,300207
2020-03-02,21.6033,21.7864,20.2922,21.1213,43810517,300207
2020-03-03,21.7479,22.2684,21.208,21.5261,36429870,300207
2020-03-04,21.343,21.3815,20.4272,20.9959,25784415,300207
2020-03-05,21.343,21.5551,20.3211,20.6778,28350304,300207
2020-03-06,20.244,20.5139,19.9452,20.1958,25220915,300207
2020-03-09,19.6078,19.6656,18.1811,18.1811,56889363,300207
2020-03-10,17.9111,19.0776,17.9015,19.0005,36624676,300207
2020-03-11,19.28,19.28,18.21,18.2775,35627150,300207
2020-03-12,17.9015,18.1521,17.4195,17.6123,29130691,300207
2020-03-13,16.6772,17.7569,16.2145,17.2942,32373238,300207
2020-03-16,17.4773,17.6316,15.6168,15.7614,51751117,300207
2020-03-17,16.2627,16.3205,15.2023,15.6747,44397026,300207
2020-03-18,15.9349,16.1952,15.2987,15.3083,40303399,300207
2020-03-19,15.6168,15.9253,15.0577,15.6747,51845607,300207
2020-03-20,15.9446,16.0024,14.8938,15.3469,49395090,300207
2020-03-23,14.7974,14.8167,13.8045,14.0551,47697422,300207
2020-03-24,14.4118,14.595,13.737,14.3251,37752052,300207
2020-03-25,14.942,15.4819,14.7685,15.3373,52234859,300207
2020-03-26,15.2312,15.2312,14.5757,14.6432,40806986,300207
2020-03-27,14.9613,14.9999,14.1901,14.2094,31502173,300207
2020-03-30,13.8913,14.0551,13.1008,13.7563,43332492,300207
2020-03-31,14.0069,14.0744,13.5057,13.6117,25983473,300207
2020-04-01,13.8238,14.5082,13.6021,13.9395,41322436,300207
2020-04-02,13.9009,15.3083,13.8913,15.2312,61602386,300207
2020-04-03,15.183,15.2312,14.6046,14.7781,53256899,300207
2020-04-07,15.2794,15.3276,14.8745,15.1445,57571570,300207
2020-04-08,15.0384,15.5108,14.9517,15.2698,43449153,300207
2020-04-09,15.3951,15.4722,14.701,14.9999,45351808,300207
2020-04-10,14.9517,14.9613,13.6406,13.7949,66712979,300207
2020-04-13,13.6888,13.6888,12.4742,12.6091,82876499,300207
2020-04-14,12.8309,13.5924,12.773,13.5442,80063271,300207
2020-04-15,14.1419,14.4215,13.9105,13.9684,77205582,300207
2020-04-16,13.8816,14.113,13.6117,13.8623,44140224,300207
2020-04-17,14.113,14.4118,13.9877,14.1805,59655544,300207
2020-04-20,14.3443,14.3829,13.6599,13.9395,48970818,300207
2020-04-21,13.7467,13.8238,13.4575,13.6213,40667263,300207
2020-04-22,13.496,13.8913,13.3803,13.8431,28401087,300207
2020-04-23,13.8913,13.9395,13.39,13.3996,34304889,300207
2020-04-24,13.3803,13.6406,12.9755,13.1104,29629662,300207
2020-04-27,13.1972,13.2261,12.7634,12.8501,30293257,300207
2020-04-28,12.9273,13.0719,12.3007,12.7441,36421717,300207
2020-04-29,12.5995,13.149,12.532,12.908,26203677,300207
2020-04-30,13.1104,14.0937,13.0237,13.8527,64311124,300207
2020-05-06,13.7177,14.5661,13.6021,14.4311,64147096,300207
2020-05-07,14.6817,15.3469,14.5179,15.1155,83624310,300207
2020-05-08,15.3083,15.5879,14.8842,15.3276,85467637,300207
2020-05-11,15.4337,15.9831,15.2505,15.424,64746680,300207
2020-05-12,15.2119,15.4819,14.8938,15.2601,48565917,300207
2020-05-13,15.2216,15.4337,15.1059,15.2312,29442646,300207
2020-05-14,15.1541,15.2216,14.836,14.8553,27960490,300207
2020-05-15,15.0384,15.3373,14.8167,15.0577,31881035,300207
2020-05-18,14.9324,14.9324,13.6888,13.7852,69936455,300207
2020-05-19,13.9395,14.942,13.9395,14.4407,54360261,300207
2020-05-20,14.5564,15.0481,14.4504,14.6143,56521952,300207
2020-05-21,14.9709,15.0095,13.6503,13.7756,50395847,300207
2020-05-22,13.5249,13.737,13.0719,13.2647,42472538,300207
2020-05-25,13.255,13.3129,12.7537,12.9755,27032303,300207
2020-05-26,13.1104,13.7659,13.1104,13.7081,35415759,300207
2020-05-27,13.7274,14.3443,13.7274,13.9587,52997498,300207
2020-05-28,14.0069,14.1419,13.2068,13.5442,36288068,300207
2020-05-29,13.6314,14.0771,13.5248,13.7864,38054660,300207
2020-06-01,13.9511,15.1622,13.9511,15.1622,83011479,300207
2020-06-02,15.4431,16.1601,15.2203,15.8016,102497153,300207
2020-06-03,15.8888,17.032,15.6078,16.4216,94232663,300207
2020-06-04,16.3151,16.6929,16.1697,16.3248,53641086,300207
2020-06-05,16.3538,16.4991,15.7919,16.0438,47229551,300207
2020-06-08,16.6542,16.6542,16.005,16.1116,39300419,300207
2020-06-09,16.1504,16.3732,15.8791,15.9857,33893051,300207
2020-06-10,15.976,16.1794,15.8016,15.9082,31289027,300207
2020-06-11,15.9372,16.6348,15.5303,15.6175,69994581,300207
2020-06-12,15.2106,15.4044,14.9006,15.2009,71466663,300207
2020-06-15,15.104,15.5981,15.0071,15.1622,48472016,300207
2020-06-16,15.6466,15.7822,15.2784,15.666,56272847,300207
2020-06-17,15.7822,15.8307,15.1912,15.4916,47793593,300207
2020-06-18,15.5303,17.0223,15.5109,17.0223,96714775,300207
2020-06-19,17.2064,18.2043,17.0223,17.778,107140791,300207
2020-06-22,17.4486,19.4056,17.4486,18.7565,93625388,300207
2020-06-23,18.5337,18.8437,17.8555,18.1946,73677240,300207
2020-06-24,18.2527,18.9406,18.1268,18.5918,59688742,300207
2020-06-29,18.5143,18.5143,17.6424,17.7586,50075082,300207
2020-06-30,17.9524,18.6887,17.8264,18.3205,55222873,300207
2020-07-01,18.4562,18.9793,17.8749,18.5434,51009113,300207
2020-07-02,18.3399,19.2119,18.0008,19.1344,66633283,300207
2020-07-03,19.2797,19.3669,18.4465,18.6887,53965463,300207
2020-07-06,18.6984,19.9385,18.5337,19.7738,63763300,300207
2020-07-07,20.0547,21.4111,20.0547,20.5779,62504853,300207
2020-07-08,20.6457,21.0139,20.016,20.762,46212711,300207
2020-07-09,20.7814,20.9558,20.2582,20.762,57364476,300207
2020-07-10,21.3239,22.8643,21.3239,22.3799,91972038,300207
2020-07-13,22.7578,24.3176,21.973,23.6685,73802895,300207
2020-07-14,23.6975,24.2788,21.9536,23.2616,66413948,300207
2020-07-15,23.3681,25.112,22.7965,23.9591,76194022,300207
2020-07-16,23.8138,24.2207,21.6242,21.6242,68638767,300207
2020-07-17,21.1011,22.2152,20.4326,21.0042,52624247,300207
2020-07-20,21.508,23.029,21.1011,22.6996,51638557,300207
2020-07-21,22.7772,23.5038,22.099,22.3121,44407758,300207
2020-07-22,22.4768,22.8256,21.9633,22.254,35586350,300207
2020-07-23,22.0408,22.5737,21.2173,22.4671,44533801,300207
2020-07-24,22.0602,22.1765,20.2291,20.2291,63006033,300207
2020-07-27,20.0354,20.2001,19.0181,19.6575,57886654,300207
2020-07-28,20.1613,21.1108,20.1613,20.636,54856897,300207
2020-07-29,20.8589,21.6824,20.452,21.5952,44330962,300207
2020-07-30,21.7599,22.6512,21.3336,22.1959,46075078,300207
2020-07-31,22.5737,24.1044,22.5737,23.1066,58691227,300207
2020-08-03,23.2616,24.2013,22.7675,23.2616,61244045,300207
2020-08-04,23.3681,24.0173,22.9612,23.3488,51712537,300207
2020-08-05,23.7363,24.0948,22.8256,23.7557,41576075,300207
2020-08-06,23.7363,24.3757,23.4263,23.6975,38278961,300207
2020-08-07,23.8332,26.0712,23.591,25.5771,118933878,300207
2020-08-10,25.1895,26.2359,23.4553,23.8816,96764933,300207
2020-08-11,24.1432,25.3639,23.2616,23.3875,53651673,300207
2020-08-12,23.1162,23.8332,21.8374,23.3294,55231593,300207
2020-08-13,23.1647,23.6491,22.5543,23.3197,34803235,300207
2020-08-14,23.8429,25.3542,23.6782,25.1992,54370263,300207
2020-08-17,24.7923,25.3833,24.4726,25.2089,41703923,300207
2020-08-18,25.4221,25.5868,24.9086,25.0442,28605304,300207
2020-08-19,24.9958,25.0539,23.2809,23.5813,39810667,300207
2020-08-20,23.7363,23.9882,22.9128,23.2131,31531787,300207
2020-08-21,23.31,24.3176,23.31,23.7169,31931252,300207
2020-08-24,24.1238,25.112,23.0581,24.0076,36583239,300207
2020-08-25,24.2207,24.8989,23.8332,24.3467,28870266,300207
2020-08-26,24.2207,24.5598,23.1356,23.2713,33088975,300207
2020-08-27,23.2519,23.5135,22.1668,22.564,34036499,300207
2020-08-28,22.7675,23.9688,22.2831,23.8332,29450921,300207
2020-08-31,23.7363,24.3757,23.2034,23.2519,24760939,300207
2020-09-01,23.0581,23.5425,22.5543,23.2131,22686351,300207
2020-09-02,23.2906,24.3757,23.1162,23.5522,35047712,300207
2020-09-03,23.2616,26.2552,23.1841,25.674,68669306,300207
2020-09-04,25.1992,26.6137,25.1023,25.6061,46016911,300207
2020-09-07,26.0615,27.1272,25.4802,25.8193,43066345,300207
2020-09-08,25.9355,26.0421,24.6082,25.5868,42608140,300207
2020-09-09,25.0442,25.7805,24.5695,24.9861,27272846,300207
2020-09-10,25.238,25.6739,24.1335,24.1916,28706719,300207
2020-09-11,24.2207,25.8193,23.7654,25.1508,32991506,300207
2020-09-14,25.4124,27.2338,25.267,26.8172,45605508,300207
2020-09-15,26.5459,26.9431,25.9937,26.6718,26336693,300207
2020-09-16,26.9044,26.9044,26.1196,26.5847,19803751,300207
2020-09-17,27.6891,28.7548,26.9334,27.7472,49917349,300207
2020-09-18,27.8151,28.6483,27.5825,28.2026,29586763,300207
2020-09-21,27.6116,28.8323,27.6116,28.0185,22078546,300207
2020-09-22,27.7376,27.9507,26.9044,26.9625,20345171,300207
2020-09-23,27.2531,27.4082,26.7881,27.0497,12731537,300207
2020-09-24,26.8269,27.0594,26.139,26.449,18034688,300207
2020-09-25,26.6331,27.0303,26.2165,26.5556,15035270,300207
2020-09-28,26.7397,27.0012,26.294,26.575,12413954,300207
2020-09-29,26.7881,27.2435,26.449,26.6234,16183568,300207
2020-09-30,26.8172,26.8172,25.8193,26.2262,18720129,300207
2020-10-09,27.2241,30.0724,26.8172,28.9001,43623793,300207
2020-10-12,29.6171,29.6655,28.7451,29.4233,28417410,300207
2020-10-13,29.9271,31.1575,29.4718,30.3728,26777397,300207
2020-10-14,30.3243,30.3631,29.2586,29.5977,21484607,300207
2020-10-15,29.3555,30.179,29.3555,29.869,15759760,300207
2020-10-16,29.0648,29.2102,27.6116,27.9216,44317428,300207
2020-10-19,28.0863,28.5223,27.3016,27.505,20151937,300207
2020-10-20,27.66,28.3673,27.2725,28.1348,19205083,300207
2020-10-21,28.0863,28.4351,25.9646,26.3521,37354438,300207
2020-10-22,26.2552,26.3812,25.4511,26.0905,25630162,300207
2020-10-23,26.294,26.6428,25.2186,25.5383,15902993,300207
2020-10-26,25.8386,26.5943,24.8504,26.5071,21636271,300207
2020-10-27,26.5071,27.0303,26.1874,26.8559,15479015,300207
2020-10-28,26.7397,27.8538,26.2165,27.4178,25960889,300207
2020-10-29,26.4393,28.2413,26.1777,27.6794,25615954,300207
2020-10-30,27.631,27.8054,26.8559,26.9044,21726489,300207
2020-11-02,27.0884,27.5825,26.7009,27.476,18912644,300207
2020-11-03,27.6988,27.8538,25.984,26.759,29241100,300207
2020-11-04,26.6718,28.1735,26.5556,28.067,31225806,300207
2020-11-05,28.8808,30.0143,28.3382,29.5493,35721068,300207
2020-11-06,29.9368,30.1402,28.968,29.2489,29004823,300207
2020-11-09,30.1015,30.615,29.3652,29.7333,32101539,300207
2020-11-10,29.6171,30.1499,28.7742,30.0434,24245600,300207
2020-11-11,29.6558,30.179,28.8226,28.8517,15637529,300207
2020-11-12,28.9583,29.2489,28.4448,28.8808,13069794,300207
2020-11-13,28.9583,29.2102,28.096,28.7161,15167390,300207
2020-11-16,28.8226,28.8226,27.6697,28.6289,15337920,300207
2020-11-17,28.6482,28.8517,27.4178,28.1154,14672885,300207
2020-11-18,28.222,28.6967,27.1272,27.476,17593602,300207
2020-11-19,27.4372,27.66,26.9431,27.5632,16251690,300207
2020-11-20,27.3403,28.0476,27.2338,27.2531,17252680,300207
2020-11-23,27.3694,28.0379,26.8753,27.7085,22070694,300207
2020-11-24,28.0476,28.6773,27.7957,28.2317,18530761,300207
2020-11-25,28.3867,28.6773,27.7279,27.9991,16912168,300207
2020-11-26,27.9023,27.9216,26.4781,27.2822,21529389,300207
2020-11-27,27.0206,28.096,27.0206,27.4953,16427663,300207
2020-11-30,27.4953,27.4953,26.6428,27.1853,19831050,300207
2020-12-01,27.0884,27.195,26.4781,26.9431,17814279,300207
2020-12-02,27.04,27.3113,26.3424,27.0884,21650572,300207
2020-12-03,27.0884,27.0884,26.0809,26.4296,18986927,300207
2020-12-04,26.3618,26.8365,26.3037,26.4684,18326938,300207
2020-12-07,26.6428,26.885,26.0905,26.6525,17897098,300207
2020-12-08,26.9334,28.532,26.7687,28.532,38551757,300207
2020-12-09,28.251,29.4911,28.1638,28.4739,30546154,300207
2020-12-10,28.3867,28.3867,27.2338,27.3597,22633286,300207
2020-12-11,27.2725,27.4566,25.9258,25.984,25624332,300207
2020-12-14,25.984,26.2068,25.1411,26.2068,20469986,300207
2020-12-15,26.2359,28.0282,25.9743,28.0282,29514687,300207
2020-12-16,27.9991,28.6095,27.6213,28.0282,26145959,300207
2020-12-17,28.096,28.2413,27.35,27.8054,16058246,300207
2020-12-18,27.6988,28.3382,27.2725,28.222,18650146,300207
2020-12-21,28.3867,29.4039,28.2607,29.0745,33803823,300207
2020-12-22,28.9777,29.3749,28.5126,28.7645,25219085,300207
2020-12-23,28.6676,29.3361,28.5611,29.1133,35250265,300207
2020-12-24,29.2005,29.2005,27.4663,27.6019,28502675,300207
2020-12-25,27.8054,29.559,27.6116,29.3264,39321931,300207
2020-12-28,29.3652,30.2274,28.813,29.4427,32744249,300207
2020-12-29,29.3071,29.6268,28.1735,28.4351,29441398,300207
2020-12-30,28.1057,30.1112,28.1057,29.8108,39644137,300207
2020-12-31,29.9368,30.2468,28.6483,29.7527,45265275,300207
2021-01-04,29.8108,31.5257,29.5686,30.7506,51357051,300207
2021-01-05,30.7119,30.7119,29.1811,30.3146,43872529,300207
2021-01-06,30.5181,30.8572,28.4835,29.2586,39353989,300207
2021-01-07,28.8711,29.4524,28.2026,29.0455,35645841,300207
2021-01-08,28.968,29.0648,27.9313,29.0648,28840606,300207
2021-01-11,29.1424,29.1424,26.7687,26.9334,38225057,300207
2021-01-12,27.0303,27.8829,26.1584,27.0303,34048168,300207
2021-01-13,27.1272,27.4082,25.0733,25.8483,44743156,300207
2021-01-14,25.3833,25.8677,24.7826,24.8698,34694573,300207
2021-01-15,24.8795,25.1023,23.3488,24.182,39116645,300207
2021-01-18,24.1916,25.393,23.6975,24.802,44055865,300207
2021-01-19,24.6857,25.1508,24.3273,24.8989,24084505,300207
2021-01-20,24.7536,25.6255,24.3467,25.1411,27339715,300207
2021-01-21,25.0442,25.2283,24.6857,25.0636,27619020,300207
2021-01-22,25.1895,27.3791,25.0733,26.9431,50232450,300207
2021-01-25,26.9819,28.5804,26.5943,27.9023,51810340,300207
2021-01-26,27.7763,27.9507,26.3812,27.1175,32307162,300207
2021-01-27,26.9625,27.1563,25.7902,26.7397,22699968,300207
2021-01-28,26.6525,26.7397,25.8677,26.0518,21429290,300207
2021-01-29,26.73,27.2531,25.8677,26.2359,24660379,300207
2021-02-01,25.9549,26.2359,25.4414,25.674,16420084,300207
2021-02-02,25.8871,27.7376,25.6255,27.4469,32837029,300207
2021-02-03,27.7569,28.4351,27.1272,27.3985,30575909,300207
2021-02-04,27.2822,27.4953,25.3833,26.2552,24161889,300207
2021-02-05,26.2552,26.3715,24.9958,25.2089,20298774,300207
2021-02-08,25.2283,27.0109,25.2283,26.6912,28536670,300207
2021-02-09,26.6912,27.1756,26.4781,26.8365,21824012,300207
2021-02-10,27.1078,28.3964,26.7493,27.9991,30521992,300207
2021-02-18,28.3867,28.6773,26.4199,26.8269,32928487,300207
2021-02-19,26.6331,26.885,25.9258,26.8559,21901833,300207
2021-02-22,27.2919,27.3791,25.7321,26.2068,33621703,300207
2021-02-23,25.6739,27.4178,25.3445,26.885,26313428,300207
2021-02-24,26.7397,26.8656,24.7051,25.1798,34536231,300207
2021-02-25,25.4705,25.8193,24.802,25.4124,19365351,300207
2021-02-26,24.7245,24.8989,23.6975,23.9591,33191405,300207
2021-03-01,24.2207,25.6449,24.2207,24.7342,35083845,300207
2021-03-02,24.928,24.9667,23.8429,24.1432,21188533,300207
2021-03-03,24.1044,24.2982,23.591,24.2013,15773877,300207
2021-03-04,24.0173,24.0173,23.0,23.0872,19603160,300207
2021-03-05,22.9031,23.4166,22.5349,23.029,15536305,300207
2021-03-08,23.2713,23.2713,21.4595,21.4886,23266290,300207
2021-03-09,21.5274,21.5758,19.861,20.1904,34928899,300207
2021-03-10,20.9364,21.3917,20.1516,20.2485,21344524,300207
2021-03-11,20.1226,20.4423,19.9869,20.4035,22349033,300207
2021-03-12,20.5004,20.9751,19.6381,20.1419,21115786,300207
2021-03-15,19.9094,20.016,19.2894,19.6575,18967245,300207
2021-03-16,19.7641,19.8416,18.0977,18.4949,59083225,300207
2021-03-17,18.9793,20.4907,18.7953,20.1516,52364979,300207
2021-03-18,20.1032,20.3938,19.9288,20.1226,21119025,300207
2021-03-19,19.6963,20.0451,19.5703,19.7641,14310415,300207
2021-03-22,19.9482,20.1226,19.3766,19.706,16163806,300207
2021-03-23,19.6672,19.8028,19.2797,19.4541,15527050,300207
2021-03-24,19.3863,19.5703,19.0181,19.1344,13206933,300207
2021-03-25,18.9018,19.3572,18.9018,18.9987,13119410,300207
2021-03-26,19.1634,20.0354,19.0859,19.6285,21236426,300207
2021-03-29,19.8513,20.1226,18.9697,18.989,20594986,300207
2021-03-30,18.989,19.1731,18.6984,18.805,16565396,300207
2021-03-31,18.9406,18.96,18.369,18.8243,15597603,300207
2021-04-01,18.8921,19.0568,18.5627,18.6887,12848879,300207
2021-04-02,18.7565,18.8243,18.3109,18.6693,21893883,300207
2021-04-06,18.6015,18.8534,18.1365,18.6887,21064071,300207
2021-04-07,18.9503,19.0472,18.1752,18.6015,30459897,300207
2021-04-08,18.7565,19.5316,18.6015,18.9406,48099679,300207
2021-04-09,18.7468,18.7468,18.0202,18.1074,35823524,300207
2021-04-12,18.6984,19.8416,18.6984,19.1731,63487728,300207
2021-04-13,18.8534,20.8104,18.5531,20.5101,65052143,300207
2021-04-14,20.3454,21.508,20.2001,21.1689,48807804,300207
2021-04-15,21.1495,21.5564,20.7523,21.3142,29553421,300207
2021-04-16,21.3142,21.4595,20.6457,20.8879,21562391,300207
2021-04-19,20.8298,22.2637,20.5585,21.7696,37482480,300207
2021-04-20,21.7986,22.1765,21.4789,21.7502,23243391,300207
2021-04-21,21.7018,21.973,21.2367,21.8083,13385119,300207
2021-04-22,21.8374,21.9246,21.3433,21.4595,15147552,300207
2021-04-23,21.382,21.4886,20.8395,21.1883,16733375,300207
2021-04-26,21.1883,21.7405,20.9073,21.1301,17867196,300207
2021-04-27,21.0914,21.3142,20.3454,20.7426,18737878,300207
2021-04-28,20.7426,21.4692,20.3454,21.3723,21193307,300207
2021-04-29,21.6146,21.6146,20.5682,20.6845,18294068,300207
2021-04-30,20.6845,21.198,20.3745,20.8492,17413552,300207
2021-05-06,20.8104,20.8201,19.735,20.4229,25668325,300207
2021-05-07,20.4617,20.5004,19.3766,19.6091,24483213,300207
2021-05-10,19.861,21.5952,19.7835,21.4983,41533751,300207
2021-05-11,21.1883,22.5834,20.9945,22.2637,39615117,300207
2021-05-12,22.3799,22.5156,21.7599,21.8374,19539599,300207
2021-05-13,21.5467,21.6242,20.1613,20.2098,34259546,300207
2021-05-14,20.2582,20.5392,19.8125,20.2098,27069777,300207
2021-05-17,20.4423,21.7696,20.4229,21.3723,33032930,300207
2021-05-18,21.2658,21.4402,20.171,20.4229,29012309,300207
2021-05-19,20.2485,21.7889,19.9966,21.5177,37326109,300207
2021-05-20,21.4595,23.2034,21.4595,22.4768,42373312,300207
2021-05-21,22.6609,25.0733,22.6609,24.957,71406406,300207
2021-05-24,25.7127,27.2241,25.6739,26.1099,88552910,300207
2021-05-25,26.1099,27.5632,25.674,27.2144,63418825,300207
2021-05-26,27.6116,27.7279,26.5459,26.8947,34671674,300207
2021-05-27,27.0981,27.4372,26.4199,27.0788,34162596,300207
2021-05-28,27.0497,30.1306,26.8656,29.1811,65351420,300207
2021-05-31,29.1424,30.5762,28.7548,28.8711,59620156,300207
2021-06-01,29.5493,29.5493,28.0766,28.6967,34954967,300207
2021-06-02,29.2199,30.1209,28.5707,28.9486,35339882,300207
2021-06-03,28.7839,30.3825,28.5804,29.4233,36390472,300207
2021-06-04,29.132,35.0556,29.132,33.7446,65984387,300207
2021-06-07,33.3562,33.7058,31.8122,33.5019,67622805,300207
2021-06-08,34.1233,34.1233,31.8025,32.0452,40385037,300207
2021-06-09,32.2395,32.6959,31.1713,32.1909,30779757,300207
2021-06-10,31.9481,33.8029,31.7442,33.0552,45097259,300207
2021-06-11,32.8998,35.5023,32.8998,33.4047,44916538,300207
2021-06-15,33.4047,33.7932,31.6374,32.3269,33555065,300207
2021-06-16,33.1814,33.2591,28.3552,29.0252,72023017,300207
2021-06-17,29.8409,29.938,28.5785,28.9184,37677740,300207
2021-06-18,28.831,30.2099,28.6271,29.5884,41012650,300207
2021-06-21,29.9477,31.5306,29.2777,30.2488,42171029,300207
2021-06-22,31.0742,32.3366,29.9575,30.7149,45037253,300207
2021-06-23,30.3944,32.1521,29.9089,31.5209,41510193,300207
2021-06-24,31.4529,31.4626,29.3845,30.0351,38539731,300207
2021-06-25,29.8506,30.4333,29.0544,29.5884,29784927,300207
2021-06-28,29.5787,30.7149,29.2486,30.3459,33726333,300207
2021-06-29,30.4236,31.2587,30.142,30.4139,31580726,300207
2021-06-30,30.307,31.7151,29.9672,31.618,32668893,300207
2021-07-01,31.8899,31.919,29.6176,29.9769,34205525,300207
2021-07-02,29.6856,29.8992,28.2095,28.899,33820718,300207
2021-07-05,29.0349,29.9477,28.5494,29.637,33232722,300207
2021-07-06,29.4234,30.9674,28.8407,29.7147,32619518,300207
2021-07-07,28.967,31.9773,28.3552,30.5692,51840089,300207
2021-07-08,32.1812,36.687,32.1812,36.687,96831133,300207
2021-07-09,35.9295,36.0946,33.5892,34.0651,92492549,300207
2021-07-12,34.2787,36.1043,33.5698,34.8419,81396027,300207
2021-07-13,34.4826,34.6283,32.7541,34.5506,50174503,300207
2021-07-14,33.9874,35.2498,32.6085,33.7349,50448828,300207
2021-07-15,33.0163,34.1136,32.0453,32.8804,53647643,300207
2021-07-16,32.6182,33.3076,31.5306,31.6568,43144684,300207
2021-07-19,31.2781,33.1231,30.9382,31.3655,43233402,300207
2021-07-20,30.9188,32.2977,30.9188,31.9578,26409616,300207
2021-07-21,32.0453,33.2008,30.7829,33.0649,83393029,300207
2021-07-22,34.3758,34.9585,30.443,32.4143,99293912,300207
2021-07-23,31.3752,32.0355,30.2391,30.3265,66669591,300207
2021-07-26,30.0351,32.0452,29.7924,31.0645,62798883,300207
2021-07-27,31.0159,31.5597,28.7145,29.0738,48402206,300207
2021-07-28,29.0155,30.6663,28.6077,30.0254,46756154,300207
2021-07-29,32.6862,34.7545,31.0839,34.0748,92420910,300207
2021-07-30,34.0748,34.1913,31.9093,32.7444,69508946,300207
2021-08-02,32.7735,33.5892,31.3169,32.4045,50084961,300207
2021-08-03,32.0258,32.6376,30.307,30.676,45922966,300207
2021-08-04,30.3944,33.7737,30.3944,33.4047,70550225,300207
2021-08-05,34.0651,35.9295,32.5696,35.2206,74074804,300207
2021-08-06,35.8324,36.3568,33.5407,34.0457,60264008,300207
2021-08-09,33.8417,33.9874,31.2004,33.1426,63302674,300207
2021-08-10,34.4729,38.3669,33.6281,35.7062,103238880,300207
2021-08-11,36.7064,41.4743,34.8711,40.4935,100217442,300207
2021-08-12,39.7652,44.0088,38.8719,41.552,92472949,300207
2021-08-13,40.7946,44.4846,40.6683,41.2704,86044946,300207
2021-08-16,40.9111,41.7559,37.5803,37.9688,78720467,300207
2021-08-17,38.3184,41.1344,37.2113,39.2117,70155263,300207
2021-08-18,39.8235,40.7849,37.9688,38.7456,52879323,300207
2021-08-19,38.4446,40.7752,38.163,40.0954,53020732,300207
2021-08-20,39.4448,40.1051,38.2698,38.8816,38821606,300207
2021-08-23,39.4351,39.5031,36.687,38.2795,54779263,300207
2021-08-24,37.8522,41.3675,36.9006,41.0665,60142730,300207
2021-08-25,40.7849,41.7171,39.639,40.6878,40578153,300207
2021-08-26,42.727,44.3584,40.309,40.6586,55559784,300207
2021-08-27,39.7944,40.746,38.6388,39.7167,42318370,300207
2021-08-30,36.9006,40.2993,36.9006,37.7357,61465246,300207
2021-08-31,37.8619,39.5225,37.1045,38.1727,40768825,300207
2021-09-01,37.8037,38.5417,35.9295,36.318,48128351,300207
2021-09-02,36.2208,37.2599,35.7256,36.0752,33586187,300207
2021-09-03,35.7353,36.4151,33.7543,34.3758,46468276,300207
2021-09-06,34.1622,34.6283,33.0066,34.57,38010449,300207
2021-09-07,34.7351,35.9392,34.2301,35.745,40205208,300207
2021-09-08,35.3178,36.2888,34.269,34.5603,38861208,300207
2021-09-09,34.8516,36.0655,34.3564,35.0556,33101530,300207
2021-09-10,35.0459,35.8421,33.8223,35.444,35118979,300207
2021-09-13,35.5411,35.5411,28.3649,33.3076,50679259,300207
2021-09-14,34.2593,36.4442,32.8221,35.9295,68606389,300207
2021-09-15,35.444,36.3082,34.1816,35.745,41619919,300207
2021-09-16,35.745,35.745,33.6766,33.8903,31414362,300207
2021-09-17,33.9,33.968,31.1519,32.0355,42197686,300207
2021-09-22,31.5597,32.2103,31.1033,31.1324,30671572,300207
2021-09-23,31.7054,33.3562,30.7829,32.5405,40844656,300207
2021-09-24,32.5308,33.1717,31.618,32.5405,28857111,300207
2021-09-27,34.0942,36.5704,34.0942,34.4729,61758447,300207
2021-09-28,34.0165,36.0072,33.5116,34.9585,36688559,300207
2021-09-29,34.9585,36.1237,34.0845,35.5994,36414308,300207
2021-09-30,35.1624,36.9491,34.9779,36.318,41160527,300207
2021-10-08,37.4832,38.7845,35.7936,36.2985,53357056,300207
2021-10-11,35.9295,38.0173,35.6965,37.3084,51378304,300207
2021-10-12,37.2308,37.6872,35.5023,36.6772,42699064,300207
2021-10-13,36.3082,39.2311,36.1237,38.8913,57593592,300207
2021-10-14,38.8427,39.7264,38.1436,38.8136,34438451,300207
2021-10-15,38.6874,41.4549,38.1436,40.5518,42266545,300207
2021-10-18,41.0762,42.8047,40.7072,42.3871,55928601,300207
2021-10-19,45.9315,48.3398,44.1253,44.4749,97224411,300207
2021-10-20,44.7857,48.0679,44.2613,46.0481,80195807,300207
2021-10-21,46.7278,48.1456,45.446,46.4073,62203878,300207
2021-10-22,46.5724,46.9317,43.2125,43.8243,62634095,300207
2021-10-25,44.2613,45.9801,44.1642,45.2324,52713817,300207
2021-10-26,46.6307,46.9997,45.2129,45.4363,52060112,300207
2021-10-27,46.6501,48.2135,46.3588,47.6503,57242337,300207
2021-10-28,46.6695,51.7871,46.6113,47.6794,65579445,300207
2021-10-29,47.8057,50.1071,46.8346,47.864,58246402,300207
2021-11-01,46.9026,47.4658,45.1547,45.9024,49361281,300207
2021-11-02,46.1452,48.0776,45.1547,46.2131,46862403,300207
2021-11-03,46.2423,46.9026,44.1545,44.8731,40479065,300207
2021-11-04,45.6402,46.7181,44.9702,45.5043,31856414,300207
2021-11-05,46.2034,46.4171,44.2516,45.31,27616316,300207
2021-11-08,44.5817,47.5435,44.5817,46.6016,53038347,300207
2021-11-09,46.6987,48.3689,46.1452,48.1067,48324213,300207
2021-11-10,47.5823,53.4087,47.4658,51.7288,68204907,300207
2021-11-11,51.4666,53.399,50.1168,51.2336,42134818,300207
2021-11-12,51.7385,52.1172,49.4274,51.0588,38303214,300207
2021-11-15,51.3695,51.622,49.6216,49.7187,34932507,300207
2021-11-16,50.2042,50.2042,48.0679,48.4854,28850626,300207
2021-11-17,49.0778,51.2238,48.6894,50.6606,32491676,300207
2021-11-18,50.1071,50.5829,48.398,49.4274,28385210,300207
2021-11-19,50.3013,52.1075,49.0389,49.6313,25312423,300207
2021-11-22,49.136,50.9325,48.5534,50.5053,39548839,300207
2021-11-23,50.2916,50.2916,46.2714,48.0582,59660654,300207
2021-11-24,48.0776,49.136,47.2716,47.3687,37305169,300207
2021-11-25,47.3396,47.6794,45.6402,45.9995,33660493,300207
2021-11-26,46.6016,48.2621,46.0189,46.6598,30391887,300207
2021-11-29,46.2228,50.4276,45.9801,50.2042,47039240,300207
2021-11-30,50.1751,52.7678,49.2817,51.4181,42774282,300207
2021-12-01,51.0393,52.1269,49.204,49.6799,25094299,300207
2021-12-02,49.2137,50.1654,48.7185,49.6993,18511272,300207
2021-12-03,49.4274,49.9517,48.8059,49.7381,16999379,300207
2021-12-06,49.4468,49.9517,46.5627,46.7375,34875675,300207
2021-12-07,46.7861,47.058,44.4069,45.7276,39094415,300207
2021-12-08,46.4073,46.9803,45.3489,45.9898,24945893,300207
2021-12-09,45.9995,46.1452,44.3681,44.8633,39371227,300207
2021-12-10,44.8633,46.4073,43.834,46.4073,44574070,300207
2021-12-13,45.6985,46.0578,44.5526,45.0187,34416492,300207
2021-12-14,45.0187,46.6113,43.4165,44.4264,47292893,300207
2021-12-15,44.0768,45.009,43.6981,44.6594,23690497,300207
2021-12-16,44.7662,44.8342,43.4941,44.203,22341801,300207
2021-12-17,43.8631,44.1739,42.1638,42.5813,32752999,300207
2021-12-20,42.1929,42.7173,41.0762,41.4452,24205660,300207
2021-12-21,41.7559,42.8727,41.5617,41.853,23693305,300207
2021-12-22,42.6687,44.0379,42.2415,43.1154,33297516,300207
2021-12-23,41.5811,42.7853,41.0276,42.29,37476107,300207
2021-12-24,42.4842,42.6299,40.0954,40.8334,34413805,300207
2021-12-27,40.309,42.4648,40.309,41.5035,21272517,300207
2021-12-28,41.6588,42.5328,40.7849,41.4646,19613808,300207
2021-12-29,40.9597,41.853,40.4935,40.6392,24244091,300207
2021-12-30,40.4061,41.0665,39.8138,40.144,25990581,300207
2021-12-31,40.309,41.251,40.0857,40.9402,22807731,300207
2022-01-04,41.7559,42.0375,39.134,39.5031,38525219,300207
2022-01-05,39.4254,39.7361,36.9006,37.2405,42125560,300207
2022-01-06,36.6093,37.3667,35.7839,36.3859,35701243,300207
2022-01-07,36.5704,36.9006,35.512,35.9004,32930657,300207
2022-01-10,35.813,36.7064,35.3566,36.4053,34095296,300207
2022-01-11,36.3956,37.221,35.7256,35.8324,22326394,300207
2022-01-12,36.5122,38.095,36.4151,37.8717,38009880,300207
2022-01-13,37.8814,37.9493,35.9587,36.4442,28308307,300207
2022-01-14,36.114,37.6774,35.9781,36.6967,33955078,300207
2022-01-17,35.5994,37.9008,35.5994,36.6967,45311689,300207
2022-01-18,36.5704,37.0948,35.7353,36.2597,22870879,300207
2022-01-19,36.1432,36.4053,34.8225,35.512,40635814,300207
2022-01-20,36.0752,36.1237,33.9874,34.7157,29950318,300207
2022-01-21,34.9487,36.8229,34.3758,35.7839,31129949,300207
2022-01-24,35.745,38.4349,35.6382,37.8231,46083263,300207
2022-01-25,37.6872,37.9688,36.483,36.483,27188814,300207
2022-01-26,36.8909,37.6677,35.4731,36.6675,23810315,300207
2022-01-27,36.6967,37.1822,34.8128,34.8905,24548393,300207
2022-01-28,35.0264,35.6965,33.2979,34.1525,26366638,300207
2022-02-07,35.5411,37.9688,35.444,35.9489,36991363,300207
2022-02-08,35.7547,36.0946,33.4533,35.0847,43888030,300207
2022-02-09,35.0264,36.0266,34.3078,35.7547,23473023,300207
2022-02-10,35.8324,36.7549,33.5116,33.9194,36017742,300207
2022-02-11,33.6766,34.8225,32.3366,32.6182,32477538,300207
2022-02-14,32.2977,34.5312,31.6083,33.23,28475907,300207
2022-02-15,33.2882,34.7642,33.1911,34.4632,28342873,300207
2022-02-16,34.5603,35.0944,34.2496,34.3952,19036500,300207
2022-02-17,34.4632,36.5316,33.9874,35.8518,39573259,300207
2022-02-18,35.1624,35.7741,33.9874,34.1816,32789330,300207
2022-02-21,33.9874,34.1719,33.1523,33.7737,20628507,300207
2022-02-22,33.3076,33.4921,32.424,32.8707,34362806,300207
2022-02-23,33.0163,34.8225,32.8415,34.7545,43526385,300207
2022-02-24,34.7448,34.9099,32.9483,33.7835,41783313,300207
2022-02-25,35.881,37.4347,34.9099,35.1527,75641998,300207
2022-02-28,35.2983,36.1432,34.9099,35.6576,47588854,300207
2022-03-01,35.9295,36.5607,35.1721,35.2886,43446122,300207
2022-03-02,35.6382,35.7644,33.9,34.1428,46401054,300207
2022-03-03,34.1816,34.2496,32.7541,32.8318,39644540,300207
2022-03-04,32.2686,32.8707,30.2876,30.3944,69260648,300207
2022-03-07,29.9963,30.0351,27.8502,28.2581,73787096,300207
2022-03-08,28.0736,28.7048,27.4133,27.7726,48600946,300207
2022-03-09,28.0542,28.1901,26.4228,27.724,38534811,300207
2022-03-10,29.132,29.3554,28.0639,28.5009,50092009,300207
2022-03-11,27.6949,28.3358,26.9471,27.7726,43858605,300207
2022-03-14,27.0928,27.1608,26.481,26.5393,30476951,300207
2022-03-15,26.2091,27.3356,25.9372,25.9567,43760628,300207
2022-03-16,26.7141,28.7727,26.044,28.2387,66642713,300207
2022-03-17,29.4137,30.1711,28.6562,29.3457,68469540,300207
2022-03-18,29.6758,30.2779,28.2775,30.2293,54331246,300207
2022-03-21,30.3944,31.6374,30.1322,30.744,76620359,300207
2022-03-22,30.4041,30.6469,29.3554,29.5399,38667652,300207
2022-03-23,30.006,30.074,29.0738,29.4816,34389708,300207
2022-03-24,29.3554,29.3554,28.5494,28.831,40106799,300207
2022-03-25,28.831,29.0349,27.8502,27.8599,30629547,300207
2022-03-28,27.8308,28.1416,26.3159,26.7529,49836135,300207
2022-03-29,26.9471,27.0928,26.2188,26.2771,29156678,300207
2022-03-30,26.5684,27.6463,26.4228,27.6366,38957459,300207
2022-03-31,27.5783,27.6075,26.5393,26.7044,33321650,300207
2022-04-01,26.4519,26.8986,25.9761,26.2188,41454072,300207
2022-04-06,26.4713,26.4713,25.1021,25.3837,31909779,300207
2022-04-07,25.1895,25.3352,24.2282,24.2961,42996159,300207
2022-04-08,24.4903,24.7331,23.7135,24.335,29800537,300207
2022-04-11,24.0534,24.0922,22.8881,22.9269,35143941,300207
2022-04-12,23.0337,23.4416,22.4317,23.1697,27498745,300207
2022-04-13,23.1114,23.1114,21.9947,22.1695,28070476,300207
2022-04-14,22.6065,22.6939,22.0238,22.422,23425075,300207
2022-04-15,22.2375,22.3831,21.7713,22.0627,21085341,300207
2022-04-18,21.9267,22.8881,21.5674,22.6162,21466186,300207
2022-04-19,22.8784,23.7523,22.4996,22.6647,32732141,300207
2022-04-20,23.1017,23.1114,21.9267,21.9559,23961667,300207
2022-04-21,21.849,22.2957,21.0333,21.2081,22597853,300207
2022-04-22,21.2081,21.4509,20.7809,21.3829,21891910,300207
2022-04-25,20.5672,20.5672,18.7416,18.761,39120283,300207
2022-04-26,18.8484,19.0329,18.0522,18.1493,31432276,300207
2022-04-27,17.79,20.4992,17.79,20.4216,50999741,300207
2022-04-28,20.1982,21.0333,19.936,20.373,40313785,300207
2022-04-29,21.6548,21.7713,20.2759,21.6063,37031782,300207
2022-05-05,21.3052,22.6065,21.0819,21.9559,43888550,300207
2022-05-06,21.1693,22.3637,21.0819,21.9656,23266508,300207
2022-05-09,21.616,22.3151,21.616,22.2666,22763780,300207
2022-05-10,22.2666,23.4319,21.9753,22.9949,52037296,300207
2022-05-11,23.5193,25.7333,23.3056,25.0633,81552910,300207
2022-05-12,24.6166,25.3546,24.4709,24.6943,33716993,300207
2022-05-13,24.7622,25.005,24.3738,24.8205,26473344,300207
2022-05-16,25.2963,26.3159,25.2769,25.675,44815047,300207
2022-05-17,25.4614,26.7821,25.4614,26.6558,33847103,300207
2022-05-18,26.4033,26.7918,26.1217,26.2868,28964275,300207
2022-05-19,25.7333,26.2577,25.2089,26.248,36537963,300207
2022-05-20,26.3354,27.9376,26.0246,26.8889,40720899,300207
2022-05-23,26.7626,26.9957,26.0149,26.4616,26769857,300207
2022-05-24,26.3645,26.4131,24.9565,25.0536,33504315,300207
2022-05-25,25.1021,25.3157,24.2281,24.6554,36649706,300207
2022-05-26,24.8205,25.7333,24.3835,25.1798,28629764,300207
2022-05-27,25.2575,25.9664,24.4321,24.7719,34172749,300207
2022-05-30,25.1021,25.6265,24.7137,25.4323,45316612,300207
2022-05-31,25.4323,26.0926,24.7428,25.9567,40746276,300207
2022-06-01,25.9567,28.4717,25.7527,27.9765,75789788,300207
2022-06-02,27.6463,28.8407,27.4909,27.9376,58644189,300207
2022-06-06,27.9376,31.0742,27.9376,30.3944,69242651,300207
2022-06-07,30.5595,30.5886,29.6467,30.2391,41007821,300207
2022-06-08,30.2488,31.0742,29.0349,30.006,44416976,300207
2022-06-09,29.8021,29.9866,28.53,28.7922,40536538,300207
2022-06-10,28.5203,29.8118,28.462,29.5108,45937246,300207
2022-06-13,29.0641,30.2585,29.0058,29.7244,35624908,300207
2022-06-14,29.132,29.4816,28.0639,29.3068,35591076,300207
2022-06-15,29.569,30.5886,28.8699,29.0252,43583656,300207
2022-06-16,28.8796,29.4622,28.8213,29.0738,23791104,300207
2022-06-17,28.8116,30.5886,28.6465,29.9672,51872051,300207
2022-06-20,30.1517,31.5791,29.8603,30.3944,63772013,300207
2022-06-21,30.375,30.8508,29.4234,29.9283,45265859,300207
2022-06-22,29.569,32.3657,29.5205,31.6374,83679349,300207
2022-06-23,31.987,33.9777,30.9771,33.9777,86233109,300207
2022-06-24,33.8709,33.9874,33.0843,33.4436,50437085,300207
2022-06-27,33.3076,33.5019,31.9481,32.0355,64074802,300207
2022-06-28,32.0161,32.8221,31.8316,32.6279,45876229,300207
2022-06-29,32.2395,32.3657,30.6469,30.7634,48126361,300207
2022-06-30,30.5401,31.1324,29.9186,30.6858,42043436,300207
2022-07-01,30.4915,30.5595,28.2581,28.4232,84728703,300207
2022-07-04,28.4523,30.0643,28.4329,29.9672,56985920,300207
2022-07-05,29.9283,30.88,29.0544,29.5205,43067507,300207
2022-07-06,29.7341,30.6566,29.0446,29.705,43142632,300207
2022-07-07,29.4428,32.1521,29.4234,32.1132,84986303,300207
2022-07-08,32.2105,32.5511,29.9724,30.0599,68011307,300207
2022-07-11,29.4858,29.6512,28.3083,28.9603,45271279,300207
2022-07-12,28.8046,29.4858,28.1721,28.3083,39478037,300207
2022-07-13,28.4737,30.274,28.1721,29.7972,53870866,300207
2022-07-14,29.8361,31.9186,29.4955,31.2861,66126493,300207
2022-07-15,31.3931,31.6851,30.5854,30.6341,48774530,300207
2022-07-18,30.9358,31.6267,30.1767,31.3347,47072371,300207
2022-07-19,31.1401,31.3445,29.9529,30.0307,48630317,300207
2022-07-20,30.4978,30.5465,29.5928,29.7291,30146088,300207
2022-07-21,29.6804,30.4686,29.2036,29.6999,29541959,300207
2022-07-22,30.167,31.1401,29.6901,30.0113,40781585,300207
2022-07-25,29.7096,30.021,28.717,29.0382,31063779,300207
2022-07-26,29.0771,29.4858,28.5905,28.9506,28719931,300207
2022-07-27,28.9019,29.3885,28.3278,29.3398,25706054,300207
2022-07-28,29.4955,29.914,28.61,29.0771,35538065,300207
2022-07-29,29.0284,29.3204,27.6077,27.9482,46892937,300207
2022-08-01,27.6174,29.6318,27.2379,29.622,50204544,300207
2022-08-02,28.9992,29.2912,28.0066,28.3278,37964407,300207
2022-08-03,28.9116,29.1939,27.1405,27.2768,36432253,300207
2022-08-04,27.5882,27.8412,27.2963,27.7342,19534550,300207
2022-08-05,27.8315,29.0382,27.8315,28.4445,26740344,300207
2022-08-08,28.2207,28.3959,27.6466,28.1915,20627976,300207
2022-08-09,28.1234,29.1647,28.0358,28.717,27054829,300207
2022-08-10,28.4153,28.6878,27.6758,27.8996,25498319,300207
2022-08-11,27.9191,30.0697,27.4422,29.7875,60119432,300207
2022-08-12,29.6318,29.7485,28.8046,29.1063,33596630,300207
2022-08-15,29.1939,30.9941,29.1939,30.3032,72889260,300207
2022-08-16,30.3616,30.8968,29.9724,30.0599,47812180,300207
2022-08-17,30.5465,31.471,29.4761,31.2861,73220507,300207
2022-08-18,31.1304,33.4075,30.9455,32.1619,73041718,300207
2022-08-19,32.1619,32.4733,31.2958,31.3737,34094785,300207
2022-08-22,31.6267,32.1327,30.6146,31.9575,39416826,300207
2022-08-23,31.9575,32.6971,31.6656,32.1619,42748746,300207
2022-08-24,32.8625,33.0669,29.7291,29.875,59979899,300207
2022-08-25,29.7485,29.9237,28.3472,28.8046,42838001,300207
2022-08-26,28.7754,30.167,28.5127,29.3496,40874288,300207
2022-08-29,28.9895,29.0673,27.9774,28.3959,37762496,300207
2022-08-30,28.5029,28.6002,27.3449,27.6855,32155460,300207
2022-08-31,27.2963,27.7342,26.3329,26.5664,33266211,300207
2022-09-01,26.5761,26.7902,25.9825,25.9825,23491444,300207
2022-09-02,26.2355,26.5956,25.5154,26.5275,23296530,300207
2022-09-05,26.3134,26.8875,26.0701,26.8583,16981078,300207
2022-09-06,27.0432,27.5006,26.3231,27.4033,30970097,300207
2022-09-07,27.3254,27.9774,27.0627,27.2768,26778124,300207
2022-09-08,27.0822,27.2281,25.7976,25.9728,38006754,300207
2022-09-09,25.9923,26.3523,25.603,26.2453,18215160,300207
2022-09-13,26.4691,26.6345,25.9923,26.2939,17172137,300207
2022-09-14,25.4668,26.0312,25.0094,25.3889,24941785,300207
2022-09-15,25.3305,25.496,23.8611,24.1239,31402594,300207
2022-09-16,24.3282,24.6201,23.7054,23.7346,22659091,300207
2022-09-19,23.4816,24.299,23.4816,23.9195,16485202,300207
2022-09-20,24.0655,24.9121,23.9682,24.4742,21074153,300207
2022-09-21,24.7758,25.1456,24.5228,24.8634,24985458,300207
2022-09-22,24.5618,25.496,24.2796,25.097,23107717,300207
2022-09-23,24.8634,25.2138,24.1433,24.7077,18781833,300207
2022-09-26,24.5228,25.0581,24.3379,24.3769,17864383,300207
2022-09-27,24.4255,24.6785,23.939,24.5423,15724572,300207
2022-09-28,24.3477,24.4061,23.3356,23.3551,17185726,300207
2022-09-29,23.5594,23.7346,23.1215,23.3648,13493938,300207
2022-09-30,23.1702,23.5011,22.6544,22.6544,15958058,300207
2022-10-10,22.7225,22.9366,21.9732,22.1095,12603079,300207
2022-10-11,22.4014,22.9658,22.3333,22.6739,15927417,300207
2022-10-12,22.7225,23.9876,22.2457,23.9876,22693459,300207
2022-10-13,23.6081,24.1628,23.501,23.6762,15349426,300207
2022-10-14,24.1336,24.7953,23.647,24.4255,23166106,300207
2022-10-17,24.2309,24.4936,23.9,24.3866,14761448,300207
2022-10-18,24.6299,24.9802,24.3087,24.4353,18092338,300207
2022-10-19,24.6201,26.1577,24.4353,25.4376,42885520,300207
2022-10-20,25.0094,25.1846,24.1822,24.4255,26024798,300207
2022-10-21,24.3087,24.6883,24.0363,24.2504,14729096,300207
2022-10-24,24.3282,24.7467,23.4329,23.647,19911488,300207
2022-10-25,23.5886,24.2114,23.0048,23.8514,20617105,300207
2022-10-26,23.9098,24.844,23.5692,24.4547,19845108,300207
2022-10-27,24.9607,25.1067,24.0168,24.0363,22357332,300207
2022-10-28,23.7443,23.8514,22.4111,22.5377,31617844,300207
2022-10-31,22.4111,23.0534,22.2846,22.6739,19836014,300207
2022-11-01,22.8588,24.5228,22.7031,24.4255,36520809,300207
2022-11-02,24.4255,24.9024,24.2893,24.4061,25345229,300207
2022-11-03,24.1239,24.805,24.0557,24.6201,25580550,300207
2022-11-04,24.7661,25.5835,24.7175,25.35,34856387,300207
2022-11-07,26.4983,26.9459,25.4181,25.7587,56277216,300207
2022-11-08,25.3597,25.9728,24.9121,25.1359,38161460,300207
2022-11-09,24.9121,25.2624,24.6883,24.7758,19077862,300207
2022-11-10,24.5228,24.7758,24.0168,24.1044,23633395,300207
2022-11-11,24.9121,25.9631,24.6201,25.2624,45786235,300207
2022-11-14,25.2138,25.7879,24.4353,24.552,26035634,300207
2022-11-15,24.3379,25.3889,24.2698,25.1359,27378199,300207
2022-11-16,25.1067,25.1067,24.2796,24.3282,26431201,300207
2022-11-17,24.2406,24.2601,23.5108,23.8806,25625523,300207
2022-11-18,23.7833,24.153,23.4816,23.5011,20060183,300207
2022-11-21,23.3551,24.046,23.1507,24.0265,20675979,300207
2022-11-22,24.1044,24.1239,23.4524,23.5886,14533103,300207
2022-11-23,23.3648,23.9,23.1896,23.6178,13654213,300207
2022-11-24,23.6276,23.9876,23.3356,23.7346,18114431,300207
2022-11-25,23.6665,23.7346,23.2675,23.2675,13557561,300207
2022-11-28,22.7809,23.2578,22.6836,23.0534,10867880,300207
2022-11-29,23.1605,23.5886,22.9658,23.4232,14570858,300207
2022-11-30,23.5205,23.6762,23.1799,23.5497,16010388,300207
2022-12-01,23.8125,24.1044,23.5594,23.5692,19188621,300207
2022-12-02,23.3745,23.7735,23.287,23.4135,13769418,300207
2022-12-05,23.5984,23.6762,23.1215,23.2772,22032243,300207
2022-12-06,23.2772,23.8125,23.0534,23.5594,22309033,300207
2022-12-07,23.4524,24.4255,23.4037,24.0071,34622110,300207
2022-12-08,24.0168,24.2504,23.647,23.8903,23412996,300207
2022-12-09,23.6373,23.8806,23.5497,23.6859,17309830,300207
2022-12-12,23.7346,23.8806,23.248,23.4621,15881883,300207
2022-12-13,23.5692,23.6665,23.1605,23.1896,14105251,300207
2022-12-14,23.1799,23.3745,22.6058,22.6544,17820744,300207
2022-12-15,22.6836,23.248,22.4598,23.1118,21053564,300207
2022-12-16,22.8101,23.1605,22.4695,22.6739,17113456,300207
2022-12-19,22.7031,23.248,22.6642,22.6934,16388440,300207
2022-12-20,22.5766,22.6155,22.1581,22.1581,15478633,300207
2022-12-21,22.1776,22.2554,21.3602,21.7008,17187542,300207
2022-12-22,21.9927,21.9927,21.3212,21.331,13585276,300207
2022-12-23,21.1947,21.5159,21.0585,21.3602,10631126,300207
2022-12-26,21.3115,22.0316,21.2142,21.8565,20551249,300207
2022-12-27,21.7883,22.1095,20.3676,21.292,36654326,300207
2022-12-28,21.185,21.2045,20.5622,21.039,22608138,300207
2022-12-29,20.9612,21.1461,20.7374,20.7374,15436071,300207
2022-12-30,20.932,21.0682,20.5817,20.5817,14173638,300207
2023-01-03,20.5817,21.2823,20.2605,21.1655,19499849,300207
2023-01-04,21.1753,21.2434,20.2313,20.3189,32188815,300207
2023-01-05,20.426,21.1655,20.2703,20.9612,27060476,300207
2023-01-06,20.8444,21.4964,20.8055,21.1266,25337534,300207
2023-01-09,21.3991,21.7689,21.292,21.3212,24903247,300207
2023-01-10,21.3018,22.2846,21.0682,22.0803,35696105,300207
2023-01-11,21.8857,21.9927,21.5256,21.5743,21107108,300207
2023-01-12,21.4964,21.9343,21.3115,21.5548,19151422,300207
2023-01-13,21.8467,22.0219,21.2337,21.9927,22959288,300207
2023-01-16,21.7008,22.09,21.0001,21.7689,29995820,300207
2023-01-17,21.7786,22.1095,21.7689,21.8954,15445738,300207
2023-01-18,21.9051,22.2554,21.8954,21.9343,15139966,300207
2023-01-19,21.8954,22.09,21.6424,22.0122,14218239,300207
2023-01-20,22.0219,22.4598,22.0219,22.2846,18947570,300207
2023-01-30,23.1605,23.4913,22.7031,22.7712,38993815,300207
2023-01-31,22.7712,23.0145,22.6739,22.8685,18772912,300207
2023-02-01,22.9756,23.2772,22.8685,23.2091,21768866,300207
2023-02-02,23.2188,23.3064,22.9172,22.9366,24072281,300207
2023-02-03,22.9366,23.0145,22.3236,22.6739,21967619,300207
2023-02-06,22.6739,22.8199,22.4598,22.7031,15727829,300207
2023-02-07,22.742,22.8491,22.5668,22.635,11994820,300207
2023-02-08,22.7031,22.9172,22.4793,22.5085,17505461,300207
2023-02-09,22.5571,23.0242,22.4501,22.742,21621823,300207
2023-02-10,22.7323,22.8296,22.3138,22.4306,21519734,300207
2023-02-13,22.4403,23.0048,22.4403,22.7225,21942436,300207
2023-02-14,22.7323,22.8685,22.4598,22.5279,14352838,300207
2023-02-15,22.6058,22.9658,22.5766,22.6934,23980584,300207
2023-02-16,22.6544,22.6934,21.7008,21.8954,30968761,300207
2023-02-17,21.837,22.09,21.4477,21.4575,18587492,300207
2023-02-20,21.331,21.4088,20.7276,21.1655,32617766,300207
2023-02-21,21.1655,21.5743,21.0974,21.4575,17841821,300207
2023-02-22,21.3991,21.3991,21.1169,21.2239,12880743,300207
2023-02-23,21.2142,21.3504,21.1266,21.2045,12443295,300207
2023-02-24,21.2142,21.2531,20.9709,21.1072,12062702,300207
2023-02-27,21.0974,21.0974,20.7374,20.8152,16477925,300207
2023-02-28,21.0001,21.1753,20.786,21.039,12062769,300207
2023-03-01,21.039,21.2045,20.9223,21.1753,13925266,300207
2023-03-02,21.1753,21.3212,21.039,21.1461,16093570,300207
2023-03-03,21.1947,21.2045,20.8444,21.0098,13019384,300207
2023-03-06,20.9515,21.0585,20.6692,20.9028,15350763,300207
2023-03-07,20.8931,20.8931,20.533,20.5525,16684536,300207
2023-03-08,20.4844,21.0877,20.3968,21.039,20298770,300207
2023-03-09,20.9904,21.0098,20.2605,20.3676,31609748,300207
2023-03-10,20.3578,20.3968,19.9491,19.9978,17402790,300207
2023-03-13,19.9491,20.0367,19.5404,19.8226,15212501,300207
2023-03-14,19.7934,19.8518,19.1512,19.6085,19924610,300207
2023-03-15,19.6475,19.9394,19.5793,19.6183,10088091,300207
2023-03-16,19.3653,19.4626,18.5673,18.6159,50811514,300207
2023-03-17,18.7814,18.8106,18.178,18.3045,57721984,300207
2023-03-20,18.3045,18.9955,18.0223,18.6938,42586564,300207
2023-03-21,18.7619,19.3263,18.5186,19.2193,35511906,300207
2023-03-22,19.2193,19.5015,19.083,19.2387,30273332,300207
2023-03-23,19.1122,19.3263,19.0539,19.2485,22441843,300207
2023-03-24,19.2485,19.8324,19.1317,19.6669,36347566,300207
2023-03-27,19.6767,20.0075,19.5501,19.8324,27371605,300207
2023-03-28,19.8324,19.9394,19.5599,19.5988,19199820,300207
2023-03-29,19.5891,19.8421,19.4626,19.5599,19148573,300207
2023-03-30,19.521,19.6572,19.3653,19.5404,15851382,300207
2023-03-31,19.6085,19.8129,19.5112,19.6183,17661904,300207
2023-04-03,19.5404,19.6377,19.2679,19.375,26116135,300207
2023-04-04,19.3847,19.4042,18.83,19.1609,27137827,300207
2023-04-06,19.1317,19.4042,18.8787,19.2777,19960171,300207
2023-04-07,19.2485,19.521,19.1804,19.3166,14503052,300207
2023-04-10,19.4723,19.8129,19.4042,19.5404,32335802,300207
2023-04-11,19.4626,19.5793,19.0733,19.3555,17444714,300207
2023-04-12,19.2485,19.3847,19.0052,19.1025,16359943,300207
2023-04-13,18.9857,19.1317,18.6938,18.7425,21022960,300207
2023-04-14,18.7425,19.4334,18.7425,19.083,25633454,300207
2023-04-17,19.0733,19.2096,18.8592,18.9273,16341582,300207
2023-04-18,19.0539,19.1998,18.7035,18.7716,22426517,300207
2023-04-19,18.9565,19.0344,18.6062,18.6354,21998239,300207
2023-04-20,18.6354,18.6354,18.1099,18.2364,23467554,300207
2023-04-21,18.2948,18.5284,17.526,17.5358,32452648,300207
2023-04-24,17.565,17.7304,17.312,17.3898,19551962,300207
2023-04-25,17.3995,17.4968,16.5043,16.767,30939499,300207
2023-04-26,16.7378,17.7985,16.621,17.3898,28876084,300207
2023-04-27,16.6892,16.6892,15.8425,16.2512,47941418,300207
2023-04-28,16.2415,16.5237,16.0566,16.368,26113601,300207
2023-05-04,16.3486,16.6502,16.2026,16.3388,19956197,300207
2023-05-05,16.2999,16.3291,15.716,15.7744,26730335,300207
2023-05-08,15.8912,16.1734,15.8231,16.0566,21168641,300207
2023-05-09,16.0372,16.1053,15.7063,15.7258,16409160,300207
2023-05-10,15.6674,16.1539,15.5895,15.8815,23616794,300207
2023-05-11,15.9009,16.2512,15.8133,15.9982,22899974,300207
2023-05-12,15.9788,16.0858,15.6479,15.6576,17389611,300207
2023-05-15,15.6674,16.261,15.6479,16.2512,29401263,300207
2023-05-16,16.3194,16.368,16.1345,16.261,17466730,300207
2023-05-17,16.2512,16.3096,15.9982,16.1345,14233590,300207
2023-05-18,16.1831,16.2026,15.8133,15.9204,17240819,300207
2023-05-19,15.7939,16.1247,15.7939,16.0372,13466912,300207
2023-05-22,16.0274,16.1831,15.862,16.0761,11232825,300207
2023-05-23,16.0566,16.2415,15.9204,15.9593,13606914,300207
2023-05-24,15.8912,16.0955,15.7744,15.8912,11574498,300207
2023-05-25,15.8912,16.0761,15.7452,15.8425,14676700,300207
2023-05-26,15.862,15.9009,15.4241,15.5992,19406002,300207
2023-05-29,15.6674,15.6868,15.2781,15.4046,16832616,300207
2023-05-30,15.3268,15.6576,15.0543,15.5019,22640490,300207
2023-05-31,15.5019,15.5311,15.2587,15.4922,15739293,300207
2023-06-01,15.463,15.7452,15.3268,15.4922,13890478,300207
2023-06-02,15.5603,16.4069,15.5117,16.2415,40393755,300207
2023-06-05,16.2026,16.2123,15.9398,15.9593,19568120,300207
2023-06-06,15.969,16.0469,15.4922,15.5603,18028832,300207
2023-06-07,15.4922,15.5311,15.1613,15.2295,17732182,300207
2023-06-08,15.2781,15.4533,14.9667,15.0154,19888442,300207
2023-06-09,15.0251,15.356,15.0251,15.2489,18040654,300207
2023-06-12,15.2684,15.5506,15.1321,15.4435,16790333,300207
2023-06-13,15.4825,15.5798,15.2976,15.4533,11743933,300207
2023-06-14,15.5217,15.6391,15.199,15.2088,14940071,300207
2023-06-15,15.1794,15.8347,15.111,15.8054,30482886,300207
2023-06-16,15.8445,15.8836,15.6587,15.8738,21526334,300207
2023-06-19,15.8738,16.2553,15.8347,15.8738,26245422,300207
2023-06-20,15.8934,15.9325,15.6489,15.7467,16546713,300207
2023-06-21,15.7663,15.9227,15.4533,15.4533,15142103,300207
2023-06-26,15.3457,15.6391,15.2381,15.3164,16470575,300207
2023-06-27,15.3261,15.5413,15.2675,15.4631,11972216,300207
2023-06-28,15.4728,15.5609,15.1696,15.5217,13592493,300207
2023-06-29,15.4826,15.776,15.3653,15.6098,13594961,300207
2023-06-30,15.6098,16.1379,15.5609,15.9619,26608294,300207
2023-07-03,16.0401,16.3531,15.9814,16.0206,24550588,300207
2023-07-04,16.0206,16.2944,15.9521,16.1868,17465310,300207
2023-07-05,16.2846,16.4998,16.089,16.1184,23067480,300207
2023-07-06,16.0695,16.1184,15.8445,15.9423,14262625,300207
2023-07-07,15.9325,15.9325,15.7076,15.7369,10987157,300207
2023-07-10,15.7565,16.2455,15.7565,16.089,17437161,300207
2023-07-11,16.1379,16.2651,15.9814,16.2064,14087725,300207
2023-07-12,16.1575,16.5585,16.0499,16.3531,27655266,300207
2023-07-13,16.314,16.6172,16.2846,16.3922,21302610,300207
2023-07-14,16.2455,16.2944,15.9325,16.0401,27485555,300207
2023-07-17,15.9423,15.9423,15.6098,15.7467,14350850,300207
2023-07-18,15.7565,15.9423,15.512,15.7858,15021158,300207
2023-07-19,15.7076,15.8738,15.5315,15.5511,12087915,300207
2023-07-20,15.6391,15.7174,15.3261,15.3261,17338798,300207
2023-07-21,15.3359,15.688,15.2185,15.4142,14004773,300207
2023-07-24,15.4337,15.4435,15.1794,15.1892,11555111,300207
2023-07-25,15.3457,15.7467,15.3164,15.7174,19511175,300207
2023-07-26,15.7956,15.8249,15.5315,15.5511,8976387,300207
2023-07-27,15.776,15.9912,15.5315,15.5609,21318192,300207
2023-07-28,15.6098,16.001,15.3946,15.9423,23129981,300207
2023-07-31,15.9423,16.2064,15.9423,16.0792,18152283,300207
2023-08-01,16.0401,16.1477,15.8738,16.001,12051024,300207
2023-08-02,15.9423,16.0988,15.9032,15.9325,9247896,300207
2023-08-03,15.8641,16.1281,15.8445,16.089,13526463,300207
2023-08-04,16.2357,16.3824,16.0597,16.1379,18388099,300207
2023-08-07,16.0597,16.1966,15.8934,15.9912,10416403,300207
2023-08-08,15.9325,16.001,15.8152,15.8836,7007716,300207
2023-08-09,15.8934,15.9423,15.7174,15.7565,7924337,300207
2023-08-10,15.7565,16.0108,15.7467,15.8249,7822288,300207
2023-08-11,15.8543,15.8543,15.375,15.375,13233989,300207
2023-08-14,15.2772,15.3261,14.9643,15.1599,14903096,300207
2023-08-15,15.1599,15.2185,14.6708,14.7589,18872938,300207
2023-08-16,14.7589,14.9936,14.6611,14.7491,10509314,300207
2023-08-17,14.7589,14.8371,14.6317,14.7882,11518222,300207
2023-08-18,14.7882,14.9056,14.3481,14.3579,18075568,300207
2023-08-21,14.3285,14.397,14.1329,14.1329,12874716,300207
2023-08-22,14.1916,14.2992,13.7417,14.0449,15790898,300207
2023-08-23,13.9862,14.0253,13.5167,13.5461,14586692,300207
2023-08-24,13.595,13.7612,13.4776,13.5167,11104251,300207
2023-08-25,13.3798,13.5363,13.1744,13.2429,12817321,300207
2023-08-28,14.2405,14.2601,13.2722,13.2722,20662965,300207
2023-08-29,13.8884,15.0523,13.7123,15.0034,62927046,300207
2023-08-30,14.9936,15.776,14.8175,15.6293,60641362,300207
2023-08-31,15.6391,15.7271,15.3555,15.4924,33550311,300207
2023-09-01,15.6489,15.8347,15.4239,15.8152,29524843,300207
2023-09-04,15.7271,15.8738,15.6293,15.7858,21599762,300207
2023-09-05,15.7858,16.0988,15.7076,16.001,30653854,300207
2023-09-06,15.9032,16.089,15.8543,16.0108,21958350,300207
2023-09-07,15.9423,16.0108,15.6293,15.6587,23044806,300207
2023-09-08,15.6196,15.776,15.4533,15.6685,16033582,300207
2023-09-11,15.7956,15.8543,15.5217,15.5413,19254447,300207
2023-09-12,15.4826,15.7663,15.4239,15.5609,15167332,300207
2023-09-13,15.4924,15.5511,15.1207,15.2577,16479100,300207
2023-09-14,15.1599,15.2088,14.9251,15.0034,13387857,300207
2023-09-15,15.0718,15.2283,14.8664,15.0229,13106400,300207
2023-09-18,14.9643,15.3946,14.8273,15.1696,17676972,300207
2023-09-19,15.1599,15.2088,14.9056,14.9838,11160411,300207
2023-09-20,14.974,15.0523,14.8273,14.8664,11444276,300207
2023-09-21,14.7784,14.886,14.6513,14.7393,13801534,300207
2023-09-22,14.7589,15.3653,14.6415,15.3164,19844301,300207
2023-09-25,15.2968,15.3164,14.9056,15.0718,18537787,300207
2023-09-26,15.0034,15.0425,14.7197,14.7197,13895212,300207
2023-09-27,14.7393,15.1599,14.6611,14.8664,13231018,300207
2023-09-28,15.1501,16.9497,14.9251,16.5291,71438543,300207
2023-10-09,17.0671,17.4094,16.5878,16.6954,109342981,300207
2023-10-10,16.7345,16.8226,16.3629,16.4607,59550107,300207
2023-10-11,16.5389,17.429,16.4313,17.0573,100588211,300207
2023-10-12,17.0573,17.292,16.7248,17.1258,69472248,300207
2023-10-13,16.9301,17.4876,16.7834,17.0084,72873610,300207
2023-10-16,17.0964,17.2627,16.4802,16.6172,57726218,300207
2023-10-17,16.6661,17.0475,16.5389,16.6759,45896935,300207
2023-10-18,16.3433,16.49,15.9325,15.9717,60517898,300207
2023-10-19,16.0206,16.1281,15.3653,15.4239,47503723,300207
2023-10-20,15.1892,15.8347,15.1599,15.4435,45679457,300207
2023-10-23,15.2185,15.3359,14.5241,14.6415,43433977,300207
2023-10-24,14.6708,14.7686,14.2405,14.6122,32208277,300207
2023-10-25,14.6708,15.0523,14.6219,14.7882,30509276,300207
2023-10-26,14.5828,14.8469,14.2894,14.8371,33074772,300207
2023-10-27,14.8469,15.4142,14.2796,15.3359,60760914,300207
2023-10-30,15.3066,15.8934,15.1696,15.6196,50777344,300207
2023-10-31,15.4826,15.7467,15.1696,15.7467,41978957,300207
2023-11-01,15.6293,15.6293,15.1599,15.2088,37659552,300207
2023-11-02,15.2088,15.5022,14.9936,15.0034,28005277,300207
2023-11-03,14.9936,15.3555,14.9936,15.2675,24526301,300207
2023-11-06,15.3359,16.8128,15.3359,16.5291,75317337,300207
2023-11-07,16.578,16.578,16.1184,16.2259,45355310,300207
2023-11-08,16.177,16.4998,16.1281,16.314,39829865,300207
2023-11-09,16.2846,16.5683,16.1868,16.2651,41059293,300207
2023-11-10,16.2651,16.2944,16.0401,16.1868,27873045,300207
2023-11-13,16.2455,16.3629,15.9912,16.0988,26999620,300207
2023-11-14,16.1281,16.2846,15.9912,16.1281,24757038,300207
2023-11-15,16.3629,16.5487,16.2357,16.3238,43350003,300207
2023-11-16,16.2748,16.2944,15.8934,15.9032,32876716,300207
2023-11-17,15.8054,16.0597,15.7956,15.9619,19743302,300207
2023-11-20,15.9619,16.0695,15.7858,15.9814,20964086,300207
2023-11-21,16.0401,16.177,15.7956,15.8152,27231660,300207
2023-11-22,15.7663,15.7956,15.3359,15.3457,31571618,300207
2023-11-23,15.3359,15.5217,15.2772,15.5022,17096176,300207
2023-11-24,15.4728,15.4728,15.1207,15.1599,19077085,300207
2023-11-27,15.111,15.199,14.8664,15.1599,21919888,300207
2023-11-28,15.2968,15.5022,15.1207,15.4337,24063821,300207
2023-11-29,15.3555,15.4435,15.0425,15.0621,21425744,300207
2023-11-30,15.0229,15.1403,14.8175,14.8762,18233909,300207
2023-12-01,14.8664,15.0132,14.7295,14.974,15770555,300207
2023-12-04,14.8664,14.9838,14.6904,14.7002,19880745,300207
2023-12-05,14.6317,14.8078,14.4263,14.4654,20747644,300207
2023-12-06,14.3774,15.0132,14.3481,14.7393,29591911,300207
2023-12-07,14.6708,14.6806,14.3774,14.4263,29269378,300207
2023-12-08,14.5437,14.8273,14.3579,14.7197,51737371,300207
2023-12-11,14.6611,14.6708,14.1916,14.5828,36924278,300207
2023-12-12,14.6024,14.6024,14.3481,14.4459,20807659,300207
2023-12-13,14.3872,14.4165,14.1622,14.1622,20216234,300207
2023-12-14,14.2405,14.4752,14.0253,14.0253,23520256,300207
2023-12-15,14.1036,14.3187,14.0547,14.0644,18692473,300207
2023-12-18,13.9764,14.0547,13.7515,13.8004,17265743,300207
2023-12-19,13.8004,13.8688,13.6243,13.7417,15614778,300207
2023-12-20,13.8688,13.8884,13.5461,13.5559,13847403,300207
2023-12-21,13.4972,13.9569,13.458,13.8688,23240719,300207
2023-12-22,13.7906,14.2307,13.683,13.9764,25092122,300207
2023-12-25,13.9862,14.1329,13.9471,14.0351,13207426,300207
2023-12-26,13.9862,14.0253,13.6537,13.7026,14995664,300207
2023-12-27,13.7417,13.8101,13.6145,13.6928,13562012,300207
2023-12-28,13.6928,14.3872,13.6243,14.2894,38252239,300207
2023-12-29,14.2601,14.5633,14.2601,14.4361,28682085,300207
2024-01-02,14.4263,14.4263,14.1427,14.1427,20592254,300207
2024-01-03,14.084,14.2601,13.9862,14.1231,16201859,300207
2024-01-04,14.1036,14.1133,13.6928,13.7612,18450080,300207
2024-01-05,13.8395,14.1525,13.5265,13.6145,26257435,300207
2024-01-08,13.5265,13.7612,13.1744,13.1842,22781571,300207
2024-01-09,13.2135,13.4874,13.0766,13.2331,19771402,300207
2024-01-10,13.1549,13.4874,12.9397,13.1842,19381224,300207
2024-01-11,13.2135,13.9373,13.0864,13.7612,32022601,300207
2024-01-12,13.6928,13.8786,13.6048,13.6243,18394607,300207
2024-01-15,13.6145,13.6634,13.3016,13.4385,15314875,300207
2024-01-16,13.4678,13.7123,13.3309,13.5265,19329535,300207
2024-01-17,13.4776,13.4874,13.0179,13.0179,17169207,300207
2024-01-18,12.9984,13.1646,12.6952,13.1059,26286928,300207
2024-01-19,13.0668,13.4776,12.9886,13.1744,27101948,300207
2024-01-22,13.1842,13.194,12.2844,12.3724,30270631,300207
2024-01-23,12.3333,12.6463,12.1768,12.4702,22645892,300207
2024-01-24,12.5289,12.6365,11.991,12.4702,24949143,300207
2024-01-25,12.4702,12.8517,12.2942,12.8028,23618997,300207
2024-01-26,12.7245,12.9006,12.5387,12.5387,19460468,300207
2024-01-29,12.5485,12.6854,12.1279,12.1279,20917573,300207
2024-01-30,12.0301,12.2257,11.7562,11.7954,17810849,300207
2024-01-31,11.7367,12.0888,11.4139,11.4139,26098465,300207
2024-02-01,11.4628,11.9323,11.4041,11.7073,25662191,300207
2024-02-02,11.7171,11.8834,10.9249,11.3259,25703362,300207
2024-02-05,11.2476,11.6486,10.338,11.1694,37464353,300207
2024-02-06,10.9347,12.1866,10.876,12.0986,35200946,300207
2024-02-07,12.1083,13.0668,12.0692,13.0081,49169628,300207
2024-02-08,13.0375,13.8688,13.0375,13.2624,46877916,300207
2024-02-19,13.5852,13.5852,13.1646,13.3309,31355466,300207
2024-02-20,13.1842,13.2527,13.0179,13.1549,17771093,300207
2024-02-21,13.0473,13.5461,12.9397,13.1646,27388564,300207
2024-02-22,13.0962,13.2918,13.0277,13.2038,20859032,300207
2024-02-23,13.2722,13.4678,13.0864,13.3505,29969794,300207
2024-02-26,13.6439,14.0742,13.4874,13.5754,40565784,300207
2024-02-27,13.5754,13.8591,13.4091,13.8395,31384209,300207
2024-02-28,13.9373,14.2992,13.4483,13.4483,48004319,300207
2024-02-29,13.3994,13.9177,13.37,13.908,33714056,300207
2024-03-01,14.084,14.1329,13.8493,14.0449,31803843,300207
2024-03-04,14.0547,14.2112,13.8004,13.8786,27464016,300207
2024-03-05,13.7221,13.771,13.4874,13.6439,29117141,300207
2024-03-06,13.4972,13.9177,13.4189,13.6928,23099300,300207
2024-03-07,13.7026,13.7906,13.3309,13.3407,20530491,300207
2024-03-08,13.3896,13.5363,13.2429,13.4385,16937466,300207
2024-03-11,13.6145,14.4752,13.5754,14.2894,60858866,300207
2024-03-12,14.2796,14.309,13.9862,14.1036,41553496,300207
2024-03-13,14.0449,14.172,13.9177,14.0742,24679516,300207
2024-03-14,14.0644,14.2307,13.7906,13.8982,22903601,300207
2024-03-15,13.8199,13.8982,13.6634,13.8688,19751561,300207
2024-03-18,14.0742,14.2209,13.9569,14.084,31150277,300207
2024-03-19,14.0253,14.7882,13.9177,14.309,61358101,300207
2024-03-20,14.2014,14.5633,14.1622,14.3383,42356130,300207
2024-03-21,14.2796,14.4459,14.1133,14.172,28398539,300207
2024-03-22,14.084,14.172,13.7515,13.771,29416494,300207
2024-03-25,13.6928,13.8297,13.4189,13.4385,23496152,300207
2024-03-26,13.4483,13.9764,13.4385,13.8101,32336710,300207
2024-03-27,13.8004,13.8101,13.0962,13.0962,26283259,300207
2024-03-28,13.0473,13.5167,13.0277,13.3798,22079778,300207
2024-03-29,13.3798,13.7612,13.3505,13.5559,12296124,300207
2024-04-01,13.6048,14.1036,13.6048,14.0253,29871783,300207
2024-04-02,14.0742,14.3676,13.8884,14.2209,39328719,300207
2024-04-03,14.2112,14.4361,14.0351,14.0644,32566416,300207
2024-04-08,13.996,14.3579,13.7612,13.7808,28066903,300207
2024-04-09,13.7221,14.4361,13.7221,14.3676,50048070,300207
2024-04-10,14.3481,14.3481,13.8493,14.0351,38998550,300207
2024-04-11,13.8982,14.2014,13.8591,13.8982,26759862,300207
2024-04-12,13.9373,14.0547,13.5167,13.5461,26457152,300207
2024-04-15,13.5559,14.3285,13.5559,13.8493,41756276,300207
2024-04-16,13.8493,13.8493,13.194,13.2135,29309946,300207
2024-04-17,13.4091,13.8884,13.4091,13.8786,30583492,300207
2024-04-18,13.8493,14.0155,13.5559,13.8199,23162726,300207
2024-04-19,13.6928,13.7808,13.3602,13.4091,23871364,300207
2024-04-22,13.3016,13.5167,13.1157,13.3211,15689946,300207
2024-04-23,13.3407,13.5656,13.1059,13.1451,16121600,300207
2024-04-24,13.1059,13.2135,12.5485,13.1157,24481115,300207
2024-04-25,13.1157,13.5656,12.9592,13.3896,22556137,300207
2024-04-26,13.8493,14.7491,13.8297,14.6219,86038017,300207
2024-04-29,14.6317,14.9838,14.5339,14.886,64985276,300207
2024-04-30,14.9154,15.0229,14.6513,14.8762,39587871,300207
2024-05-06,15.1892,15.2577,15.0132,15.0816,39511921,300207
2024-05-07,15.0621,15.1794,14.9643,15.0914,24055141,300207
2024-05-08,15.0132,15.0229,14.71,14.7197,27971464,300207
2024-05-09,15.2088,15.4924,15.1207,15.1305,56493256,300207
2024-05-10,15.2088,15.2772,14.7882,14.8958,30017404,300207
2024-05-13,14.6708,14.8664,14.4948,14.71,23031403,300207
2024-05-14,14.6904,14.9154,14.6415,14.6611,18480177,300207
2024-05-15,14.6611,14.8078,14.4361,14.4557,16696900,300207
2024-05-16,14.6219,14.6708,14.4361,14.485,17911700,300207
2024-05-17,14.5143,14.8175,14.4263,14.798,23677445,300207
2024-05-20,14.8762,14.9643,14.6611,14.7882,21569744,300207
2024-05-21,14.6904,14.886,14.5926,14.8175,18633648,300207
2024-05-22,14.8078,14.974,14.6513,14.9056,29079699,300207
2024-05-23,14.9647,14.9647,14.4422,14.5014,30998777,300207
2024-05-24,14.4718,14.6295,14.2944,14.2944,17649683,300207
2024-05-27,14.3437,14.5507,14.2549,14.531,15956876,300207
2024-05-28,14.462,14.6295,14.3338,14.3732,16454966,300207
2024-05-29,14.3634,14.669,14.3338,14.4817,20374948,300207
2024-05-30,14.6197,14.9549,14.5014,14.9056,48265785,300207
2024-05-31,14.9351,15.7041,14.8661,15.2999,59671491,300207
2024-06-03,15.221,15.6548,15.1126,15.3985,42629842,300207
2024-06-04,15.3393,15.4675,15.1816,15.4182,31012500,300207
2024-06-05,15.3788,15.5858,15.0732,15.1027,37279764,300207
2024-06-06,15.1816,15.2309,14.7281,14.8366,37810336,300207
2024-06-07,14.9253,14.9844,14.2944,14.4028,30990347,300207
2024-06-11,14.4028,14.5704,14.2155,14.5605,20661048,300207
2024-06-12,14.5408,14.9056,14.4915,14.5704,20513186,300207
2024-06-13,14.6394,14.876,14.5605,14.5901,21440596,300207
2024-06-14,14.6197,15.1323,14.3929,15.0633,33205255,300207
2024-06-17,14.9746,15.8618,14.9154,15.6548,54376496,300207
2024-06-18,15.6351,15.6942,15.4773,15.5562,34616892,300207
2024-06-19,15.5661,15.6252,15.2999,15.4182,22483910,300207
2024-06-20,15.4379,15.5562,15.0337,15.0732,20915443,300207
2024-06-21,15.083,15.3295,14.9943,15.1323,19363836,300207
2024-06-24,15.1323,15.1816,14.7478,14.7873,23664632,300207
2024-06-25,14.7478,14.9253,14.4324,14.6098,20376123,300207
2024-06-26,14.6197,14.876,14.2845,14.8366,25303437,300207
2024-06-27,14.7281,14.8267,14.4915,14.5408,22076936,300207
2024-06-28,14.4915,15.2802,14.4422,14.9549,39093625,300207
2024-07-01,14.9647,14.9844,13.6043,14.1563,57874694,300207
2024-07-02,14.1169,14.3831,13.8902,13.9493,27628527,300207
2024-07-03,13.9986,14.3929,13.8803,13.9592,21532700,300207
2024-07-04,13.9493,14.0282,13.6634,13.693,18668182,300207
2024-07-05,13.693,13.8015,13.5057,13.6536,17833000,300207
2024-07-08,13.6437,13.6536,13.3776,13.417,13929616,300207
2024-07-09,13.4663,13.9198,13.3381,13.9099,23147580,300207
2024-07-10,13.8803,14.1859,13.7817,14.0085,21320439,300207
2024-07-11,14.2746,14.9549,14.1662,14.8957,48690439,300207
2024-07-12,14.7873,15.1323,14.6591,15.0633,36115310,300207
2024-07-15,14.9647,15.29,14.9253,15.1717,28954896,300207
2024-07-16,15.9703,18.2081,15.9604,18.2081,206707762,300207
2024-07-17,18.5925,18.8094,17.9715,17.9912,192889516,300207
2024-07-18,17.6461,18.2376,17.3504,17.9813,120906284,300207
2024-07-19,17.9715,18.0799,17.5476,17.7546,77117045,300207
2024-07-22,17.7152,17.7349,17.242,17.4391,62512606,300207
2024-07-23,17.4588,17.5278,16.8871,16.9265,48764367,300207
2024-07-24,17.0547,17.518,16.7885,16.8575,69472968,300207
2024-07-25,16.8181,17.0054,16.5815,16.7392,41055292,300207
2024-07-26,16.7786,17.1631,16.7688,16.8575,55287366,300207
2024-07-29,16.7983,16.8969,16.4139,16.473,42949778,300207
2024-07-30,16.3547,16.4927,16.266,16.3547,25938056,300207
2024-07-31,16.3744,16.9758,16.2167,16.9364,63456601,300207
2024-08-01,16.9068,16.9364,16.5617,16.6012,45319511,300207
2024-08-02,16.4434,16.611,16.266,16.3054,29374203,300207
2024-08-05,15.9801,16.2561,15.6745,15.6745,41298875,300207
2024-08-06,15.921,16.0491,15.6745,15.8618,24751686,300207
2024-08-07,15.8717,16.0393,15.7731,15.8421,21102817,300207
2024-08-08,15.7731,16.1181,15.6351,15.852,27917153,300207
2024-08-09,15.9407,16.0688,15.7337,15.7337,20095100,300207
2024-08-12,15.6647,15.9308,15.6647,15.8027,16785878,300207
2024-08-13,15.7337,15.9012,15.6942,15.8914,18869496,300207
2024-08-14,15.8421,15.8815,15.6548,15.7041,16765216,300207
2024-08-15,15.6449,15.9703,15.6154,15.7731,24288902,300207
2024-08-16,15.7731,15.8618,15.5365,15.5661,24750037,300207
2024-08-19,15.5661,15.9703,15.5365,15.6252,21873486,300207
2024-08-20,15.6252,15.7139,15.3492,15.3985,17193664,300207
2024-08-21,15.2999,16.059,15.2309,15.8027,35439242,300207
2024-08-22,15.7337,15.9012,15.5266,15.5759,24437179,300207
2024-08-23,15.4872,15.6647,15.2999,15.5858,16506200,300207
2024-08-26,15.6548,15.9505,15.6252,15.7534,30064468,300207
2024-08-27,15.8717,15.9012,15.2605,15.29,27800368,300207
2024-08-28,15.221,15.4379,15.1126,15.2309,19799108,300207
2024-08-29,15.2407,15.8618,15.1422,15.6647,41686025,300207
2024-08-30,15.8322,16.9166,15.6745,16.5519,80209801,300207
2024-09-02,16.4237,16.6308,16.0984,16.1083,41633313,300207
2024-09-03,16.0294,16.6209,16.0294,16.5125,44462171,300207
2024-09-04,16.3942,16.5815,16.2167,16.3744,40303310,300207
2024-09-05,16.3449,16.4829,16.0984,16.2561,30886107,300207
2024-09-06,16.2561,16.2561,15.6844,15.7337,31608065,300207
2024-09-09,15.5759,15.9012,15.5266,15.7731,21110430,300207
2024-09-10,15.8125,15.852,15.359,15.7139,23909259,300207
2024-09-11,15.7928,16.1181,15.7139,16.0886,40023472,300207
2024-09-12,16.0688,16.0688,15.6647,15.6844,31897920,300207
2024-09-13,15.6745,15.7238,15.3098,15.3196,27490656,300207
2024-09-18,15.2802,15.29,14.738,15.0436,28572729,300207
2024-09-19,15.221,15.5464,14.9351,15.2605,26737920,300207
2024-09-20,15.2802,15.4478,15.0337,15.221,18736119,300207
2024-09-23,15.2999,15.5266,15.1323,15.2802,18861648,300207
2024-09-24,15.3393,15.852,14.9844,15.8224,41438617,300207
2024-09-25,16.0294,17.0448,15.9801,16.2759,62705073,300207
2024-09-26,16.3054,16.6603,16.1378,16.6505,46893062,300207
2024-09-27,17.0349,18.5235,16.8969,18.1095,86715136,300207
2024-09-30,19.2727,21.688,18.8587,21.6486,136721765,300207
2024-10-08,25.9763,25.9763,23.4625,25.9172,178363687,300207
2024-10-09,24.5272,24.537,21.7373,21.7471,147549157,300207
2024-10-10,22.3781,23.3146,21.9837,21.9936,92060082,300207
2024-10-11,21.7669,22.0626,20.0811,20.3966,84437539,300207
2024-10-14,20.781,21.3134,20.3966,21.2148,71970869,300207
2024-10-15,21.1951,22.102,20.8796,21.3134,83681035,300207
2024-10-16,20.781,21.3725,20.6726,20.8895,46374059,300207
2024-10-17,20.9979,21.3627,20.8106,20.8205,46210120,300207
2024-10-18,20.7712,22.9498,20.6825,22.0922,90709623,300207
2024-10-21,22.4964,23.1372,22.1316,22.3978,90618921,300207
2024-10-22,22.3485,22.9696,22.0626,22.6048,69335576,300207
2024-10-23,22.4767,23.0977,22.0922,22.7625,71343078,300207
2024-10-24,22.7625,22.7625,21.8852,22.0528,51789497,300207
2024-10-25,22.3386,23.4625,22.1612,23.0681,101758434,300207
2024-10-28,23.1667,23.1667,22.4964,22.9301,58075780,300207
2024-10-29,23.0287,23.5413,22.7724,23.009,69324800,300207
2024-10-30,23.0189,23.0287,22.1119,22.2302,72470656,300207
2024-10-31,22.1809,22.6738,21.9345,22.2992,60152004,300207
2024-11-01,22.2302,22.3091,21.2641,21.3923,59239823,300207
2024-11-04,21.4021,22.3091,21.4021,21.9147,39747013,300207
2024-11-05,21.9837,22.9301,21.7471,22.7231,68151380,300207
2024-11-06,22.9794,24.1033,22.8808,23.0681,100610079,300207
2024-11-07,23.2949,23.4625,22.6837,23.4329,68041108,300207
2024-11-08,23.9159,24.6455,23.1667,23.2653,90953659,300207
2024-11-11,23.0386,24.9018,22.5555,24.6652,108751004,300207
2024-11-12,25.375,25.9073,24.3201,24.6849,124991814,300207
2024-11-13,24.4286,24.9511,23.6005,24.261,71922299,300207
2024-11-14,24.6553,24.8229,23.8469,23.9159,67143334,300207
2024-11-15,23.9554,24.744,23.6498,23.6498,73129791,300207
2024-11-18,23.7484,23.8371,22.6738,23.0977,65139503,300207
2024-11-19,23.2653,24.0835,22.6738,23.8962,58971650,300207
2024-11-20,23.7582,24.0047,23.4723,23.8075,45682296,300207
2024-11-21,23.5611,23.7286,23.0879,23.4329,36236025,300207
2024-11-22,23.4132,23.8075,22.3879,22.4372,44646573,300207
2024-11-25,22.664,23.2062,22.3879,22.94,43686950,300207
2024-11-26,22.9696,22.9696,22.0133,22.0823,42060179,300207
2024-11-27,22.0133,22.871,21.5894,22.8513,42353510,300207
2024-11-28,22.8315,22.9893,22.3978,22.4767,26497444,300207
2024-11-29,22.3386,22.9696,22.1218,22.5358,38956378,300207
2024-12-02,22.4865,23.6596,22.1908,23.5512,60074995,300207
2024-12-03,23.6695,23.8075,22.8315,23.3146,44996779,300207
2024-12-04,23.0879,23.2456,22.7823,22.9104,26178488,300207
2024-12-05,22.8315,23.0386,22.733,22.9006,20012304,300207
2024-12-06,22.871,23.5512,22.7034,23.3146,39179816,300207
2024-12-09,23.3146,23.7681,22.9006,23.1372,28632695,300207
2024-12-10,23.9357,24.1525,23.078,23.1076,40716503,300207
2024-12-11,23.078,23.4625,22.871,23.1766,25919817,300207
2024-12-12,23.0977,23.3737,22.7724,23.2949,27658694,300207
2024-12-13,23.2555,23.2555,22.7133,22.8414,29155061,300207
2024-12-16,22.8808,22.9301,22.1415,22.3288,28529339,300207
2024-12-17,22.4076,22.8513,22.2105,22.4175,27321584,300207
2024-12-18,22.4175,22.6738,22.3781,22.6245,18223401,300207
2024-12-19,22.4175,22.9104,22.3288,22.8217,27711845,300207
2024-12-20,22.8217,23.5118,22.8217,22.9203,29498670,300207
2024-12-23,22.8217,23.2653,22.5161,22.5161,23418480,300207
2024-12-24,22.6738,22.8907,22.5161,22.6738,18117200,300207
2024-12-25,23.0583,23.0681,22.0528,22.2696,27929417,300207
2024-12-26,22.0922,22.8217,22.0823,22.7133,23081948,300207
2024-12-27,22.7231,23.147,22.4767,22.5555,27825714,300207
2024-12-30,22.4767,23.1569,22.4175,22.8907,26839548,300207
2024-12-31,22.8907,22.9991,21.9837,21.9936,29978700,300207
2025-01-02,22.5259,22.7921,20.7515,21.0768,37922680,300207
2025-01-03,20.9486,20.9782,20.2191,20.229,35763847,300207
2025-01-06,20.229,20.6529,20.0417,20.367,24000640,300207
2025-01-07,20.367,20.8796,20.2093,20.8402,21643600,300207
2025-01-08,20.712,20.8008,19.7854,20.3867,26700176,300207
2025-01-09,20.2684,20.8402,20.2093,20.5346,18297759,300207
2025-01-10,20.6036,20.8796,20.3177,20.3374,18026800,300207
2025-01-13,20.0614,20.5937,20.0515,20.3867,15671958,300207
2025-01-14,20.4064,21.1557,20.1698,21.0176,31125692,300207
2025-01-15,20.8993,20.9388,20.6135,20.7219,18360400,300207
2025-01-16,21.0078,21.0275,20.6233,20.8008,20801335,300207
2025-01-17,20.7712,21.1359,20.6726,20.9881,17514127,300207
2025-01-20,21.1359,21.757,21.1064,21.5993,28314537,300207
2025-01-21,21.6979,21.964,21.343,21.8359,21139268,300207
2025-01-22,21.8753,22.0133,21.5697,21.688,19195290,300207
2025-01-23,22.033,22.0823,21.205,21.2444,25670810,300207
2025-01-24,21.1064,21.7471,21.1064,21.6091,19957030,300207
2025-01-27,21.688,21.8753,21.1261,21.1261,16452006,300207
2025-02-05,21.1261,21.9739,21.0078,21.7077,35572621,300207
2025-02-06,21.688,23.8667,21.6683,23.6596,94884691,300207
2025-02-07,23.6596,23.6596,22.871,23.1667,56066506,300207
2025-02-10,23.3442,23.3442,22.5752,22.9794,42079807,300207
2025-02-11,22.94,22.9991,22.5752,22.7724,26700969,300207
2025-02-12,22.7133,23.5216,22.6245,23.3836,46340680,300207
2025-02-13,23.4526,23.8568,23.3836,23.4132,56623077,300207
2025-02-14,23.3245,23.8765,23.216,23.3836,30859626,300207
2025-02-17,23.3836,23.5118,22.802,23.1076,32008194,300207
2025-02-18,23.216,23.6596,22.8315,22.9794,46361233,300207
2025-02-19,22.6837,23.2259,22.6245,23.2062,32779599,300207
2025-02-20,23.1273,24.33,22.7921,23.8469,65358867,300207
2025-02-21,23.8371,24.7835,23.8371,24.5469,79423781,300207
2025-02-24,24.7933,24.8623,23.9751,24.2511,45650174,300207
2025-02-25,23.8568,24.7736,23.7779,24.2413,48636386,300207
2025-02-26,24.33,24.9905,24.2216,24.7342,56363698,300207
2025-02-27,24.813,25.6214,24.4976,24.9708,73875843,300207
2025-02-28,24.6553,24.9412,23.7582,23.9554,56583432,300207
2025-03-03,24.1525,25.4243,23.8371,24.3399,82102564,300207
2025-03-04,24.1033,24.1033,23.285,23.6005,63303058,300207
2025-03-05,23.5413,23.6794,23.0977,23.492,37450720,300207
2025-03-06,23.6005,24.0441,23.5808,23.7977,41728845,300207
2025-03-07,23.6596,23.6892,23.1864,23.3245,34756600,300207
2025-03-10,23.3146,23.4822,22.9104,23.1076,28756210,300207
2025-03-11,22.7724,23.2949,22.6935,22.9893,27290663,300207
2025-03-12,23.1667,23.2949,22.8808,23.009,29352607,300207
2025-03-13,22.9991,23.7582,22.6935,22.8907,38758725,300207
2025-03-14,22.7724,23.4723,22.7034,23.4329,37857775,300207
2025-03-17,23.4723,23.5611,23.1667,23.285,25298513,300207
2025-03-18,23.3639,23.6892,23.1667,23.3442,30630994,300207
2025-03-19,23.216,23.2653,22.8611,22.94,23731816,300207
2025-03-20,22.9203,23.0583,22.7724,22.7921,17608961,300207
2025-03-21,22.7133,22.9301,22.2401,22.3091,25516070,300207
2025-03-24,22.2992,22.4668,21.8556,22.2499,22176200,300207
2025-03-25,22.2795,22.871,22.0922,22.4767,24999202,300207
2025-03-26,22.4865,22.6245,22.1809,22.1908,17283720,300207
2025-03-27,22.102,22.4175,21.8556,22.2203,14729504,300207
2025-03-28,22.2203,22.3682,21.9246,21.9837,12055705,300207
2025-03-31,21.8852,22.0725,21.481,21.8457,16901782,300207
2025-04-01,21.8556,21.9936,21.5303,21.5697,17685122,300207
2025-04-02,21.6091,21.8556,21.5007,21.7176,11897351,300207
2025-04-03,21.5106,21.619,20.4163,20.5839,43038977,300207
2025-04-07,18.77,19.0756,16.4632,16.4632,77347448,300207
2025-04-08,16.7392,17.3405,16.3942,16.7195,53798320,300207
2025-04-09,16.4632,17.0744,15.6351,16.9561,47331112,300207
2025-04-10,17.9419,18.3855,17.6166,17.6166,47858751,300207
2025-04-11,17.3701,18.1883,17.311,18.001,33627779,300207
2025-04-14,18.8981,19.0263,18.1292,18.1785,32713957,300207
2025-04-15,18.2179,18.3855,17.9419,18.07,22389703,300207
2025-04-16,17.9517,18.1391,17.5278,17.7842,21494124,300207
2025-04-17,17.725,18.0109,17.6461,17.6856,14718377,300207
2025-04-18,17.7349,18.0306,17.5969,17.9616,15730259,300207
2025-04-21,18.0503,18.6024,17.9517,18.5728,23520396,300207
2025-04-22,18.4447,18.4742,18.0405,18.1292,27319292,300207
2025-04-23,18.3165,18.8094,18.1785,18.4447,29309647,300207
2025-04-24,18.5334,18.7108,18.2672,18.4052,24846715,300207
2025-04-25,18.4447,18.701,18.2869,18.5827,22631855,300207
2025-04-28,19.0263,19.0263,18.4742,18.5334,18994812,300207
2025-04-29,18.4348,18.7897,18.3461,18.6221,20056204,300207
2025-04-30,18.5827,18.8784,18.5235,18.7503,21392790,300207
2025-05-06,18.9277,19.1347,18.8094,19.1347,24400030,300207
2025-05-07,19.4798,19.5981,18.9474,19.115,24038929,300207
2025-05-08,19.0263,19.5685,18.9869,19.4108,24689073,300207
2025-05-09,19.3615,19.4699,19.0361,19.2826,19387255,300207
2025-05-12,19.5882,19.7854,19.4206,19.6868,32563739,300207
2025-05-13,20.16,20.1994,19.6375,19.7164,31859314,300207
2025-05-14,19.6474,19.9037,19.5586,19.7459,27042009,300207
2025-05-15,19.6769,19.6769,19.2037,19.2727,25408289,300207
2025-05-16,19.1643,19.4699,19.1446,19.1446,16584000,300207
2025-05-19,19.1643,19.1643,18.8784,19.1446,17101200,300207
2025-05-20,19.2136,19.5291,19.1052,19.3122,21366151,300207
2025-05-21,19.3516,19.9727,19.2333,19.6079,47117595,300207
2025-05-22,19.4305,19.4502,18.9573,18.9869,31410665,300207
2025-05-23,19.0361,19.0361,18.6418,18.6418,21129735,300207
2025-05-26,18.6221,18.8488,18.5432,18.6911,15461659,300207
2025-05-27,18.7305,18.8488,18.4151,18.6024,15320576,300207
2025-05-28,18.6221,18.7108,18.3362,18.3855,12891660,300207
2025-05-29,18.3756,18.6517,18.3658,18.4939,17085904,300207
2025-05-30,18.4742,18.4742,18.1292,18.2574,15724946,300207
2025-06-03,18.0996,18.3165,18.0405,18.1588,15764900,300207
2025-06-04,18.2383,18.5166,18.2383,18.3874,16452936,300207
2025-06-05,18.3874,18.5166,18.1687,18.4669,18562878,300207
2025-06-06,18.4371,18.4768,18.1886,18.278,22859858,300207
2025-06-09,18.2979,18.5365,18.2979,18.447,22031049,300207
2025-06-10,18.4271,18.606,17.9898,18.129,27204012,300207
2025-06-11,18.1389,19.0533,18.1389,18.4371,40226422,300207
2025-06-12,18.3675,18.5166,18.1985,18.3675,21571643,300207
2025-06-13,18.2383,18.3377,17.9103,18.0196,26801951,300207
2025-06-16,17.9401,18.1687,17.8904,18.1588,16221434,300207
2025-06-17,18.1488,18.4569,18.119,18.3178,20422264,300207
2025-06-18,18.3874,18.5265,18.0991,18.447,20101650,300207
2025-06-19,18.3178,18.7551,18.1687,18.2383,27094892,300207
2025-06-20,18.1886,18.7352,18.1687,18.288,30466758,300207
2025-06-23,18.1886,18.9539,18.1488,18.9042,48608472,300207
2025-06-24,19.0434,19.7292,18.8744,19.6894,62221114,300207
2025-06-25,19.6298,20.1068,19.5801,19.9478,68758037,300207
2025-06-26,19.9776,20.4746,19.7788,19.8285,56791043,300207
2025-06-27,19.9975,20.3553,19.6496,19.7292,46416692,300207
2025-06-30,19.9975,20.0571,19.6397,19.9379,33464718,300207
2025-07-01,19.8285,19.8484,19.4111,19.7788,35447037,300207
2025-07-02,19.6795,19.6894,19.4509,19.5304,23737080,300207
2025-07-03,19.6099,20.1267,19.4608,20.0273,37605992,300207
2025-07-04,20.0273,20.0373,19.5204,19.5502,29570626,300207
2025-07-07,19.4906,19.6198,19.2024,19.262,24425010,300207
2025-07-08,19.262,19.6099,19.2223,19.5701,22097540,300207
2025-07-09,19.5502,19.8385,19.3415,19.3912,27309172,300207
2025-07-10,19.3515,19.4707,19.1527,19.272,24728756,300207
2025-07-11,19.6894,21.0709,19.5105,20.4646,116359533,300207
2025-07-14,20.5044,20.8225,20.1267,20.1565,58866808,300207
2025-07-15,20.2758,21.1107,20.1565,20.733,88413309,300207
2025-07-16,20.733,21.2498,20.4945,20.9517,78353407,300207
2025-07-17,21.0411,21.1206,20.6932,20.9517,54156905,300207
2025-07-18,20.9815,21.4685,20.892,21.0709,62827834,300207
2025-07-21,21.0709,21.1206,20.7827,21.0709,45099063,300207
2025-07-22,20.9914,21.7468,20.8026,21.5381,73421808,300207
2025-07-23,21.379,21.4983,21.0113,21.0809,50046339,300207
2025-07-24,21.22,21.6872,21.22,21.5083,49225191,300207
2025-07-25,21.3293,21.5778,21.1902,21.2598,33372001,300207
2025-07-28,21.6971,22.6413,21.6971,22.3034,81732024,300207
2025-07-29,22.0251,22.8401,21.8661,22.6612,73368396,300207
2025-07-30,22.4922,22.6314,21.7667,21.9456,57170603,300207
2025-07-31,21.9655,22.0648,21.3492,21.4486,47974404,300207
2025-08-01,21.3293,21.5977,21.1306,21.22,30296195,300207
2025-08-04,21.0809,21.3989,21.0014,21.3492,27417500,300207
2025-08-05,21.3592,21.6176,21.3393,21.4387,25304749,300207
2025-08-06,21.3592,21.6375,20.9715,21.5977,37625196,300207
2025-08-07,21.5778,21.6673,21.0312,21.2697,37397669,300207
2025-08-08,21.1902,21.2797,21.0113,21.0113,26435994,300207
2025-08-11,21.0113,21.8661,21.0113,21.8561,53046653,300207
2025-08-12,21.9257,21.9555,21.379,21.5579,34036529,300207
2025-08-13,21.5778,21.8362,21.4983,21.6971,36806223,300207
2025-08-14,21.7965,21.7965,21.0809,21.2598,43822288,300207
2025-08-15,21.1306,21.8263,21.1306,21.6573,44904882,300207
2025-08-18,21.6375,22.2139,21.5381,21.9356,57718459,300207
2025-08-19,22.045,22.3928,21.7865,22.1543,61061280,300207
2025-08-20,22.0151,22.4127,21.7766,22.3332,47368928,300207
2025-08-21,22.3928,22.4624,21.8661,22.035,49012833,300207
2025-08-22,21.876,22.4624,21.876,22.4624,54777798,300207
2025-08-25,22.4624,22.9196,22.3332,22.6612,63914797,300207
2025-08-26,22.6016,23.2377,22.3928,22.9295,74239855,300207
2025-08-27,23.1681,25.3944,23.0588,23.9533,155329758,300207
2025-08-28,23.0488,23.5855,22.7009,23.4861,121551825,300207
2025-08-29,23.3669,25.3348,22.9991,24.4005,174389019,300207
2025-09-01,25.1261,25.1857,23.9334,24.659,135118100,300207
2025-09-02,24.4204,24.9074,23.6849,23.8539,96119203,300207
2025-09-03,23.8936,25.9411,23.7644,24.7484,152037669,300207
2025-09-04,25.2652,26.8157,24.5198,25.1559,214133969,300207
2025-09-05,24.8379,30.1155,24.7484,29.221,309066524,300207
2025-09-08,29.2409,30.6622,27.8594,30.2348,281822440,300207
2025-09-09,28.8234,29.708,28.5849,28.7042,163304475,300207
2025-09-10,28.0283,28.4855,26.9648,27.3127,154089391,300207
2025-09-11,27.3127,28.1277,26.7959,27.8892,111369250,300207
2025-09-12,27.9488,29.2011,27.3425,28.3861,133669841,300207
2025-09-15,28.8632,30.4137,28.3464,28.5054,166568999,300207
2025-09-16,29.0421,29.1713,27.6606,28.5849,112504072,300207
2025-09-17,28.4159,30.8113,28.3066,30.7516,203154163,300207
2025-09-18,30.6423,30.6423,29.1017,29.39,148571053,300207
2025-09-19,29.0719,30.5131,28.8234,29.0023,101811735,300207
2025-09-22,29.4198,30.2646,29.1713,29.9167,96765060,300207
2025-09-23,29.5987,32.8985,29.5888,31.8549,158503507,300207
2025-09-24,31.8748,33.3159,30.9007,32.9482,140172061,300207
2025-09-25,32.5109,34.2701,32.3121,33.3457,126377987,300207
2025-09-26,33.3457,35.761,33.1072,33.6539,124131627,300207
2025-09-29,33.9222,35.7212,33.8725,34.3297,133037035,300207
2025-09-30,34.0614,35.2143,33.465,33.5843,118229887,300207
2025-10-09,34.0514,35.1646,33.8029,34.0216,95947232,300207
2025-10-10,33.7831,33.8526,30.8908,31.189,124954660,300207
2025-10-13,29.3204,31.676,29.2111,31.5169,81865722,300207
2025-10-14,31.7952,31.8648,29.3204,29.5192,77314324,300207
2025-10-15,29.4993,30.4038,28.9129,30.3143,58963742,300207
2025-10-16,30.0857,31.2387,29.8969,30.4733,57708085,300207
2025-10-17,30.2149,30.8113,28.6744,28.6843,60771801,300207
2025-10-20,29.221,30.3541,29.1415,29.6683,56771087,300207
2025-10-21,29.9664,30.2944,29.5589,30.0161,45018515,300207
2025-10-22,29.6285,29.8372,29.1216,29.5689,30296368,300207
2025-10-23,29.2806,30.1652,28.734,30.0758,55369038,300207
2025-10-24,30.4741,31.4102,30.0359,31.1712,65122857,300207
2025-10-27,31.5496,31.7588,30.5239,30.8724,76267109,300207
2025-10-28,30.7529,31.7488,30.2749,31.0517,61637455,300207
2025-10-29,31.0616,33.1928,30.9621,33.0933,99462096,300207
2025-10-30,33.4717,37.744,33.2725,36.4494,184649245,300207
2025-10-31,36.4295,37.0469,35.7025,35.7025,116992241,300207
2025-11-03,35.3738,36.3697,34.7564,35.6826,84512498,300207
2025-11-04,35.4137,35.8021,33.2825,33.6709,80341927,300207
2025-11-05,32.8642,36.6486,32.7148,36.0211,121011731,300207
2025-11-06,36.0211,36.9174,35.4336,36.5291,81418019,300207
2025-11-07,36.5091,37.1963,35.9913,36.3797,81049686,300207
2025-11-10,36.3896,37.0469,33.641,33.8302,101906993,300207
2025-11-11,34.8361,34.8361,33.5812,33.7306,60613095,300207
2025-11-12,33.3621,33.5016,31.6891,32.1671,79259558,300207
2025-11-13,32.1671,34.8261,32.0177,33.8601,102069821,300207
2025-11-14,32.8642,33.2626,31.948,31.9679,72615516,300207
2025-11-17,31.8683,32.2965,30.9023,31.7388,78344237,300207
2025-11-18,31.5496,32.2468,30.5338,31.0716,70524446,300207
2025-11-19,30.8824,31.5596,30.5637,30.7529,50652579,300207
2025-11-20,30.972,31.1214,29.7172,29.8865,64987057,300207
2025-11-21,29.1794,29.5778,27.9744,27.9844,70079813,300207
2025-11-24,28.2732,28.4823,27.7653,28.1238,44831068,300207
2025-11-25,28.3827,29.1595,28.2333,28.5221,50991897,300207
2025-11-26,28.5122,29.03,28.084,28.6715,47111991,300207
2025-11-27,28.6616,30.3147,28.552,29.1595,74647988,300207
2025-11-28,29.0201,29.6475,28.7313,29.3686,51973182,300207
2025-12-01,29.6574,29.8467,29.1495,29.5081,47315700,300207
2025-12-02,29.3587,29.4284,28.8707,29.0699,35841285,300207
2025-12-03,29.1296,29.6276,28.7114,28.8109,41237618,300207
2025-12-04,28.8807,29.1097,28.3528,28.9902,31338841,300207
2025-12-05,28.9603,29.1296,28.4226,28.9305,33671821,300207
2025-12-08,29.0898,29.5977,28.791,29.279,45717763,300207
2025-12-09,29.1794,29.6873,28.7412,29.0002,47426674,300207
2025-12-10,28.8807,29.05,28.323,28.8906,39121077,300207
2025-12-11,28.9603,29.6276,28.6815,28.6815,51035405,300207
2025-12-12,28.7313,29.6574,28.3329,29.4782,61431293,300207
2025-12-15,29.1894,29.3288,28.3329,28.4624,47143613,300207
2025-12-16,28.2831,28.5122,27.3968,27.7752,41452448,300207
2025-12-17,27.825,29.1296,27.825,28.9504,48529856,300207
2025-12-18,28.6516,28.9504,28.3329,28.3628,28228443,300207
2025-12-19,28.4923,28.7512,28.2134,28.3827,25792170,300207
2025-12-22,28.6516,29.3288,28.4823,29.1495,41708689,300207
2025-12-23,29.2392,30.1355,29.1396,29.7172,55366323,300207
2025-12-24,29.5081,29.7969,29.2591,29.6276,48330374,300207
2025-12-25,29.4881,29.5379,29.1197,29.4085,35883249,300207
2025-12-26,29.7969,30.255,29.4085,29.6276,59855275,300207
2025-12-29,24.8971,27.098,24.8971,26.2515,158417369,300207
2025-12-30,25.893,27.3072,25.883,27.0781,96744293,300207
2025-12-31,27.1677,27.2374,25.893,26.0424,62405068,300207
2026-01-05,26.0424,26.3013,25.5146,25.8133,78249600,300207
2026-01-06,25.8731,26.5304,25.8731,26.3212,56714510,300207
2026-01-07,26.2714,26.5105,25.405,25.7536,73443929,300207
2026-01-08,25.4947,25.8233,25.2058,25.3951,50890474,300207
2026-01-09,25.405,25.7934,25.1361,25.5146,53003883,300207
2026-01-12,25.1959,25.3751,24.0905,25.3253,108684867,300207
2026-01-13,25.2855,25.5544,24.3095,24.3992,82137307,300207
2026-01-14,24.2996,25.1361,24.21,24.5286,77293936,300207
2026-01-15,24.4988,25.3453,24.3992,24.8374,66073128,300207
2026-01-16,25.1361,25.2756,24.7079,24.937,58923325,300207
2026-01-19,24.9569,25.0764,24.5585,24.8075,51016739,300207
2026-01-20,24.8473,24.8872,23.712,24.0506,73659072,300207
2026-01-21,23.8913,24.4589,23.8016,24.3593,38677474,300207
2026-01-22,24.4191,24.7677,24.0705,24.1701,38383389,300207
2026-01-23,24.2,25.3353,24.1402,25.2556,79045409,300207
2026-01-26,25.3951,25.5146,24.4091,24.6083,66063647,300207
2026-01-27,24.7378,24.7378,23.4232,24.3494,58773668,300207
2026-01-28,24.1402,24.3892,23.8614,24.1004,37380869,300207
2026-01-29,23.9909,24.0805,23.5029,23.5626,45723508,300207
2026-01-30,23.5328,23.7021,22.7858,23.3336,47660308,300207
2026-02-02,23.2041,23.4531,22.6165,22.6165,43776396,300207
2026-02-03,22.9253,23.2539,22.6165,23.234,39321964,300207
2026-02-04,23.0946,23.722,22.9352,23.6622,41604314,300207
2026-02-05,23.5029,23.6423,23.0149,23.2439,40349939,300207
2026-02-06,23.0846,24.3793,22.9153,24.0008,68013503,300207
2026-02-09,24.6979,25.893,24.4689,25.0863,99695805,300207
2026-02-10,25.0863,25.654,24.9071,25.2457,61961295,300207
2026-02-11,25.166,25.7337,25.0565,25.4349,54542141,300207
2026-02-12,25.3054,25.8532,25.156,25.6739,49813746,300207
2026-02-13,25.5942,25.8532,25.405,25.4747,44146810,300207
2026-02-24,25.883,25.9229,25.2955,25.4349,41994227,300207
2026-02-25,25.4947,26.2416,25.176,25.9826,62295358,300207
2026-02-26,26.1818,26.2914,25.156,25.2955,65510846,300207
2026-02-27,25.2457,26.5802,25.1162,26.0424,82005804,300207
2026-03-02,25.5644,25.9926,25.0963,25.7835,66844824,300207
2026-03-03,25.7934,26.3412,25.1461,25.1959,73814271,300207
2026-03-04,24.8971,25.4548,24.6979,24.9469,45962552,300207
2026-03-05,25.3851,25.4548,24.7975,24.9967,40643197,300207
2026-03-06,24.8971,25.0465,24.5585,24.8971,35831301,300207
2026-03-09,24.4988,25.0365,23.6025,24.9469,52784116,300207
2026-03-10,25.1162,25.5743,25.1162,25.3552,41558071,300207
2026-03-11,25.2756,27.2673,25.1959,26.63,125411029,300207
2026-03-12,26.6499,27.3868,26.3412,27.2972,113562854,300207
2026-03-13,27.576,27.8848,26.8889,26.9686,99852553,300207
2026-03-16,27.0582,27.6856,26.6598,27.1578,73039861,300207
2026-03-17,27.1976,27.4864,26.2814,26.3013,69849902,300207
2026-03-18,26.4706,26.5702,25.5544,25.8631,55501612,300207
2026-03-19,25.5743,26.9885,25.5046,26.5105,83111491,300207
2026-03-20,26.3909,28.1835,26.3212,27.2872,124913231,300207
2026-03-23,27.1578,28.3827,27.0681,27.8848,137693706,300207
2026-03-24,27.9346,28.1039,26.2914,27.6258,109181381,300207
2026-03-25,27.5761,27.9545,27.0582,27.596,98402336,300207
2026-03-26,27.3271,28.3429,26.6698,27.6557,108139169,300207
2026-03-27,27.1677,28.1437,27.0283,27.5661,99629033,300207
2026-03-30,27.1976,27.4366,26.3511,26.62,85067843,300207
2026-03-31,26.4905,26.4905,25.1063,25.1063,92037031,300207
2026-04-01,25.5444,26.1221,24.9768,25.2955,66652236,300207
2026-04-02,25.0465,25.893,24.2598,24.6481,75313405,300207
2026-04-03,24.6481,24.7876,23.4133,23.4232,66791719,300207
2026-04-07,23.5826,24.2199,23.4929,23.6523,46679125,300207
2026-04-08,24.21,24.5087,24.1602,24.4291,60554817,300207
2026-04-09,24.1502,25.1461,24.0008,24.8573,61154870,300207
2026-04-10,25.7436,29.8267,25.654,28.5122,289080755,300207
2026-04-13,28.6018,29.3587,28.064,28.8209,202612855,300207
2026-04-14,28.8309,29.9761,28.4026,29.8865,170674294,300207
2026-04-15,29.8367,29.9263,28.8408,28.9802,119187427,300207
2026-04-16,29.4782,29.9463,29.0002,29.2093,138984212,300207
2026-04-17,29.05,29.4085,28.8508,29.2691,94113349,300207
2026-04-20,29.1595,29.3686,28.6914,28.9205,73445005,300207
2026-04-21,28.9205,29.7172,28.3927,29.528,113940534,300207
2026-04-22,29.4682,30.4741,29.2491,29.6574,115301485,300207
2026-04-23,29.5678,29.767,28.4823,29.0101,81881919,300207
2026-04-24,26.4905,28.2732,25.7934,27.6358,159539847,300207
2026-04-27,27.3669,27.7653,26.8491,26.9586,80519750,300207
2026-04-28,26.7694,26.8391,26.132,26.3412,59943102,300207
2026-04-29,26.2914,27.8051,25.9926,27.6358,87931369,300207
2026-04-30,27.596,27.6856,26.7893,27.3171,68571773,300207
2026-05-06,27.3868,28.1636,27.3868,27.835,76875151,300207
2026-05-07,27.8151,27.9147,26.8789,27.0781,77935123,300207
2026-05-08,26.8889,27.4267,26.5005,26.62,73489891,300207
2026-05-11,26.6001,27.337,26.4009,26.8988,73434985,300207
2026-05-12,27.0881,27.0881,26.0424,26.2017,61523038,300207
2026-05-13,26.0324,26.6897,25.893,26.381,52674479,300207
2026-05-14,26.5503,26.869,25.405,25.405,64128360,300207
2026-05-15,25.3951,25.9428,24.9071,25.0963,67678240,300207
2026-05-18,24.927,25.405,24.6282,24.9967,53537768,300207
2026-05-19,24.9967,25.1859,24.3992,24.8473,48121178,300207
2026-05-20,24.7079,25.3951,24.3793,25.0565,53644040,300207
2026-05-21,25.1959,25.8631,24.2398,24.2498,66497226,300207
2026-05-22,24.4589,24.6183,24.1402,24.3892,54197157,300207
2026-05-25,24.4788,24.4888,23.6025,23.8813,55824568,300207
2026-05-26,23.6025,23.9909,23.3037,23.6821,50317878,300207
2026-05-27,23.8415,24.6979,23.722,23.9909,75973451,300207
2026-05-28,24.0506,24.2398,23.3037,23.7718,51462458,300207
2026-05-29,23.6821,23.8714,22.5966,22.6962,62993133,300207
2026-06-01,22.6962,23.3834,22.6365,22.7161,44225464,300207
2026-06-02,22.756,22.7759,21.7501,22.3775,48559976,300207
2026-06-03,22.3477,22.3875,21.6207,21.78,45683927,300207
2026-06-04,21.69,21.77,21.09,21.23,45159064,300207
2026-06-05,21.23,21.43,20.52,20.77,53944816,300207
2026-06-08,20.3,20.48,19.35,19.61,59290720,300207
2026-06-09,19.95,20.19,19.43,20.11,44433271,300207
2026-06-10,19.88,20.15,19.32,19.58,39402511,300207
2026-06-11,19.55,19.57,19.0,19.13,39593506,300207
2026-06-12,19.39,20.7,19.26,20.22,79389547,300207
2026-06-15,20.47,20.63,20.12,20.58,57378805,300207
2026-06-16,21.08,21.49,20.65,21.2,80276507,300207
2026-06-17,20.88,21.2,20.81,21.03,43951706,300207
2026-06-18,20.96,21.2,20.6,20.8,44415967,300207
2026-06-22,20.52,21.29,20.17,21.26,61471871,300207
2026-06-23,21.16,21.32,20.05,20.22,49107840,300207
2026-06-24,20.3,20.35,19.82,20.1,40924460,300207
2026-06-25,20.02,20.09,19.65,19.8,38985107,300207
2026-06-26,19.94,19.94,18.4,18.4,57512731,300207
2026-06-29,18.52,18.69,18.01,18.48,44389445,300207
2026-06-30,18.48,19.22,18.43,18.99,43424343,300207
2026-07-01,19.01,19.13,18.33,18.75,47054478,300207
2026-07-02,18.6,18.83,18.15,18.18,47380147,300207
2026-07-03,18.31,18.8,18.16,18.55,44018150,300207
2026-07-06,18.58,18.97,18.13,18.19,47846789,300207
2026-07-07,18.24,18.41,17.68,17.74,38058643,300207
2026-07-08,17.77,17.8,17.21,17.24,35788796,300207
2026-07-09,17.23,17.41,16.63,17.34,40567904,300207
2026-07-10,17.3,17.68,17.01,17.31,41952025,300207
2026-07-13,17.15,17.37,16.49,16.62,46052804,300207
2026-07-14,16.62,16.7,16.26,16.68,38803114,300207
2026-07-15,16.63,17.09,16.55,16.75,33547973,300207
2026-07-16,16.65,17.16,16.4,16.91,40567736,300207
2026-07-17,16.85,17.16,16.5,16.58,47270519,300207
2026-07-20,16.21,16.68,16.01,16.61,49922060,300207
2026-07-21,16.62,17.66,16.53,17.31,74206129,300207
2026-07-22,17.22,17.31,16.84,16.97,42884509,300207
2026-07-23,16.9,17.42,16.85,17.4,51380821,300207
2026-07-24,17.3,17.56,16.91,16.92,44343400,300207
2026-07-27,17.7,18.58,17.63,18.08,89679059,300207
2026-07-28,17.68,18.17,17.67,17.98,59986987,300207
2026-07-29,18.01,19.33,17.9,19.11,104809668,300207
2026-07-30,18.8,19.2,18.6,18.99,77227288,300207
2026-07-31,18.96,19.31,18.67,19.05,75596215,300207
2026-08-03,19.06,19.25,18.6,18.81,63702434,300207
2026-08-04,18.85,19.08,18.58,18.65,55107334,300207
2026-08-05,18.56,19.05,18.56,18.93,60769959,300207
2026-08-06,18.94,19.08,18.31,18.51,64789889,300207
2026-08-07,18.4,18.57,18.13,18.48,47359545,300207
2026-08-10,18.53,19.08,18.53,18.79,52155977,300207
2026-08-11,18.65,18.84,18.48,18.64,36465959,300207
2026-08-12,18.55,19.1,18.51,18.98,53749356,300207
2026-08-13,18.97,19.02,18.5,18.52,43306952,300207
2026-08-14,18.5,18.8,18.28,18.38,34335104,300207
2026-08-17,18.4,18.58,18.23,18.57,33459171,300207
2026-08-18,18.45,18.56,18.03,18.22,38432794,300207
2026-08-19,18.04,18.15,17.7,17.72,36187218,300207
2026-08-20,17.85,18.14,17.77,17.87,24347982,300207
2026-08-21,17.78,18.29,17.7,18.01,30484216,300207
2026-08-24,17.99,18.45,17.79,17.9,35373016,300207
2026-08-25,17.99,17.94,17.56,17.78,27114968,300207
