timestamps,open,high,low,close,volume,stock_code
2016-01-04,39.7086,39.9513,35.7377,35.7377,19012813,300418
2016-01-05,32.1649,34.8348,32.1649,33.6407,29706242,300418
2016-01-06,33.495,37.0096,33.0193,37.0096,42856934,300418
2016-01-07,35.9707,36.6309,33.3106,33.3106,12277159,300418
2016-01-08,34.5144,36.4076,32.4659,35.4368,42279209,300418
2016-01-11,33.6892,34.5144,32.0387,32.1843,29191653,300418
2016-01-12,34.5533,35.4076,34.5533,35.4076,14743568,300418
2016-01-13,37.1746,38.0581,34.0581,34.1067,52378357,300418
2016-01-14,30.7766,36.9902,30.7766,36.9125,44632424,300418
2016-01-15,35.9222,37.2426,35.2232,35.5339,34096219,300418
2016-01-18,34.5921,37.4756,34.5921,36.1067,36720478,300418
2016-01-19,35.8057,36.8542,34.3688,36.6018,42148056,300418
2016-01-20,35.4368,36.1164,34.7572,34.8542,30849570,300418
2016-01-21,34.8445,35.8542,31.9028,32.0387,41869330,300418
2016-01-22,32.2329,32.7766,30.8543,32.0387,29208946,300418
2016-01-25,32.3688,34.9222,32.3688,33.6892,29762493,300418
2016-01-26,33.1746,34.4562,31.0776,31.5533,32449720,300418
2016-01-27,31.8931,32.5242,29.6698,32.0387,28293746,300418
2016-01-28,31.4562,31.631,28.8349,28.8349,25136609,300418
2016-01-29,28.8446,30.0679,27.1844,29.2426,27929694,300418
2016-02-01,29.1261,29.1261,27.1844,27.9125,18475433,300418
2016-02-02,28.3591,29.631,28.3591,29.1164,22610262,300418
2016-02-03,28.2717,30.1747,27.9611,29.8446,25501027,300418
2016-02-04,29.9028,31.1067,29.6698,30.1747,23405983,300418
2016-02-05,30.4853,30.7378,29.1552,29.33,16203238,300418
2016-02-15,31.0873,32.0387,30.5824,30.9902,37641427,300418
2016-02-16,30.5824,33.6601,30.5824,33.0387,42918774,300418
2016-02-17,32.9028,33.2523,31.8737,32.6407,48816322,300418
2016-02-18,32.6698,34.2717,32.6698,32.9611,37364320,300418
2016-02-19,33.3106,35.7086,33.2814,33.9513,42788484,300418
2016-02-22,34.4465,34.8445,33.0096,34.5339,34323918,300418
2016-02-23,34.7086,35.5144,33.6698,34.3203,33893271,300418
2016-02-24,33.7863,34.0678,31.631,32.9611,32871527,300418
2016-02-25,32.6212,32.6698,29.6698,29.6698,26938014,300418
2016-02-26,30.0776,30.2717,27.6698,28.7669,21257365,300418
2016-02-29,28.3009,28.7669,25.8931,25.9222,21959348,300418
2016-03-01,25.9222,26.6795,24.3786,26.3494,22485064,300418
2016-03-02,26.165,28.9805,25.3786,28.9805,28996062,300418
2016-03-03,29.2232,29.5921,28.0582,28.2523,26446710,300418
2016-03-04,27.9125,28.1358,25.8252,26.1261,20459943,300418
2016-03-07,27.2717,28.7378,27.1844,28.7378,51376992,300418
2016-03-08,28.5436,29.2912,26.9902,29.1261,50732758,300418
2016-03-09,28.1358,29.0096,27.2329,27.4271,30340491,300418
2016-03-10,28.4368,28.9805,27.0387,27.3009,28292804,300418
2016-03-11,26.3106,27.1261,26.0387,26.9514,18919987,300418
2016-03-14,27.6504,29.4174,27.3591,28.4659,39003444,300418
2016-03-15,28.3106,28.5339,27.5727,27.7086,21529699,300418
2016-03-16,28.1552,28.3688,27.0873,27.3785,17833443,300418
2016-03-17,27.6018,29.398,27.4756,29.0581,40802213,300418
2016-03-18,29.3688,31.3688,29.0581,31.3106,44231026,300418
2016-03-21,32.5144,32.7863,31.5533,32.7766,43113487,300418
2016-03-22,32.1358,33.7572,31.6504,32.0484,36220992,300418
2016-03-23,31.6504,32.9028,31.5533,32.7572,31894660,300418
2016-03-24,32.4271,35.8542,31.7669,33.8251,50223547,300418
2016-03-25,33.9805,35.3397,32.9611,33.5727,46545033,300418
2016-03-28,33.9708,35.1455,32.6795,32.9125,34883166,300418
2016-03-29,32.5436,32.7475,30.4756,30.9222,35475858,300418
2016-03-30,31.6018,32.5242,31.097,32.5242,30514077,300418
2016-03-31,33.0096,35.728,33.0096,34.2426,53378963,300418
2016-04-01,33.796,34.0776,32.5339,33.495,30407508,300418
2016-04-05,32.5339,34.4174,31.8445,33.9222,42228714,300418
2016-04-06,33.3979,33.6795,32.9611,33.2814,27685202,300418
2016-04-07,33.495,33.7863,32.0387,32.0387,26775527,300418
2016-04-08,31.6407,32.0193,30.8737,31.4465,20916057,300418
2016-04-11,32.5241,33.8542,32.0387,33.0775,38154305,300418
2016-04-12,33.0193,33.0581,31.728,32.2329,24568473,300418
2016-04-13,32.4659,34.4659,32.4562,33.7863,51430506,300418
2016-04-14,34.8542,34.864,33.2814,34.2232,38747725,300418
2016-04-15,34.3688,34.7572,33.6795,34.1067,25160519,300418
2016-04-18,33.5921,33.7086,32.5242,32.9708,24375796,300418
2016-04-19,33.3203,33.4465,32.5436,32.9125,19406449,300418
2016-04-20,32.9125,33.2038,29.6601,29.9805,35384982,300418
2016-04-21,29.6989,29.8057,28.4659,29.1261,20423372,300418
2016-04-22,28.8349,29.5921,28.5436,29.5242,13373929,300418
2016-04-25,29.1747,29.3106,28.2329,28.9319,11833457,300418
2016-04-26,28.9805,29.5921,28.8349,29.4853,12572292,300418
2016-04-27,29.5145,29.6892,28.9319,28.9805,11361417,300418
2016-04-28,29.1844,29.3106,28.262,29.1358,12247297,300418
2016-04-29,29.0096,29.3009,28.7378,28.8349,7986555,300418
2016-05-03,28.9319,30.097,28.3494,30.029,15519353,300418
2016-05-04,29.8931,30.6504,29.7086,29.8251,15409992,300418
2016-05-05,29.8057,30.1941,29.6213,30.1358,11332315,300418
2016-05-06,30.631,30.8737,28.1552,28.3009,22383880,300418
2016-05-09,28.1552,28.1552,26.1941,26.4465,15911056,300418
2016-05-10,26.2232,26.8446,26.165,26.398,9353296,300418
2016-05-11,26.4077,26.6698,25.7475,25.8057,11561140,300418
2016-05-12,25.2912,26.4951,24.5727,26.3591,15766539,300418
2016-05-13,26.2135,26.6795,25.7281,25.8737,8834509,300418
2016-05-16,25.8931,26.3009,25.4368,26.2912,7582902,300418
2016-05-17,26.3397,27.6116,25.8543,26.7475,14155332,300418
2016-05-18,26.3235,26.3235,25.3392,25.5926,10174744,300418
2016-05-19,25.7193,27.2494,25.6803,26.2553,18505382,300418
2016-05-20,25.8362,26.7913,25.6803,26.5185,11844131,300418
2016-05-23,26.6062,27.0837,26.5282,26.9278,12343083,300418
2016-05-24,26.8011,26.8011,25.8947,26.421,9794324,300418
2016-05-25,26.6257,27.1324,26.3333,26.6841,13088316,300418
2016-05-26,26.5867,26.7524,25.729,26.6646,11918288,300418
2016-05-27,26.7426,26.7718,26.2066,26.304,8690419,300418
2016-05-30,25.8265,26.3235,25.6413,25.8655,6407745,300418
2016-05-31,25.924,27.6295,25.924,27.5808,22590757,300418
2016-06-01,27.5808,27.8244,27.3274,27.4736,17055119,300418
2016-06-02,27.571,28.2435,27.1909,28.2435,17925922,300418
2016-06-03,28.1558,29.7151,28.0583,29.0231,29543778,300418
2016-06-06,29.2376,29.4325,28.263,28.5651,16371894,300418
2016-06-07,28.6723,28.6723,27.9803,28.185,12041373,300418
2016-06-08,28.2435,28.5261,27.5808,28.1168,12875809,300418
2016-06-13,27.4151,27.9511,25.6413,25.6608,14514395,300418
2016-06-14,25.4854,26.0896,25.4074,25.8265,9180184,300418
2016-06-15,25.4854,26.8791,25.3392,26.5282,11997566,300418
2016-06-16,26.4795,28.107,26.1968,26.8498,17046910,300418
2016-06-17,26.7231,27.4638,26.3528,26.6062,12400748,300418
2016-06-20,26.7036,26.7036,25.9727,26.3625,8026296,300418
2016-06-21,26.6841,26.8791,25.8557,26.0799,10556917,300418
2016-06-22,25.9142,26.5964,25.807,26.499,8866437,300418
2016-06-23,26.5087,26.9765,26.1384,26.6354,13416048,300418
2016-06-24,26.4307,26.8888,25.3392,26.1871,14665334,300418
2016-06-27,25.9142,26.9765,25.8752,26.8985,13595254,300418
2016-06-28,26.7816,28.7113,26.7134,27.9998,30285003,300418
2016-06-29,28.3117,28.3604,27.4735,27.649,17522496,300418
2016-06-30,27.6685,28.1655,27.4638,27.5515,16915332,300418
2016-07-01,27.61,27.9316,27.3761,27.6002,11911371,300418
2016-07-04,27.3858,28.0875,27.2007,27.8341,13913928,300418
2016-07-05,27.8731,28.3214,27.4833,27.7269,12523732,300418
2016-07-06,27.6295,27.6782,27.3566,27.6295,10315464,300418
2016-07-07,27.6197,27.7562,27.0837,27.3663,11375723,300418
2016-07-08,27.4833,27.8536,27.2007,27.6002,13693986,300418
2016-07-11,27.6002,28.263,27.2299,27.2884,15307312,300418
2016-07-12,27.2104,27.4638,26.5964,27.4248,12700601,300418
2016-07-13,27.4833,29.7053,27.3371,28.9744,39395968,300418
2016-07-14,28.7503,29.5202,28.2825,29.1109,28736003,300418
2016-07-15,28.9354,28.9452,28.4579,28.4579,14118519,300418
2016-07-18,28.4481,29.2083,28.4286,28.7698,15716840,300418
2016-07-19,29.1888,30.1342,28.9939,29.6956,27282957,300418
2016-07-20,29.3837,29.5981,29.0426,29.0914,16091409,300418
2016-07-21,29.0914,29.335,28.7503,28.8282,12010169,300418
2016-07-22,28.8282,28.9159,28.3604,28.3799,10154968,300418
2016-07-25,28.4286,29.1888,28.4092,28.6625,11593626,300418
2016-07-26,28.5066,28.9939,28.5066,28.8867,8231752,300418
2016-07-27,28.9354,29.1206,26.3625,26.9863,18690473,300418
2016-07-28,26.9765,27.1714,26.0214,26.4795,11853398,300418
2016-07-29,26.304,26.6939,26.0214,26.1871,7677373,300418
2016-08-01,26.1384,26.2163,25.2418,25.8265,7336273,300418
2016-08-02,26.0019,26.1091,25.729,25.924,4970410,300418
2016-08-03,25.9337,26.0701,25.7778,26.0701,5397673,300418
2016-08-04,26.0604,26.2846,25.7875,26.1676,5867164,300418
2016-08-05,26.1579,26.1579,25.6121,25.6316,6116481,300418
2016-08-08,25.5341,25.9922,25.271,25.846,5562722,300418
2016-08-09,25.9727,26.4113,25.8752,26.3723,7428031,300418
2016-08-10,26.4502,26.46,26.0604,26.0604,5423217,300418
2016-08-11,26.3333,26.4795,25.8655,25.8655,5348045,300418
2016-08-12,25.6901,26.1384,25.5829,26.1189,4778014,300418
2016-08-15,25.8362,27.074,25.8168,26.8206,11253107,300418
2016-08-16,27.0057,27.8536,27.0057,27.0837,13857207,300418
2016-08-17,26.8596,27.1812,26.7524,26.918,7099111,300418
2016-08-18,26.9765,27.2299,26.7036,26.7718,5932256,300418
2016-08-19,26.7524,26.8498,26.4405,26.5574,5590442,300418
2016-08-22,26.5574,26.7718,26.0312,26.0701,5628974,300418
2016-08-23,26.1091,26.304,25.8265,26.1091,4543568,300418
2016-08-24,26.1676,26.6841,26.0994,26.382,5842231,300418
2016-08-25,26.382,26.382,25.8265,26.0312,6007240,300418
2016-08-26,25.846,26.3918,25.846,26.0214,5184997,300418
2016-08-29,26.0019,26.3138,25.8363,26.1189,3935415,300418
2016-08-30,26.2943,26.4795,26.1384,26.1871,4036699,300418
2016-08-31,26.2163,26.304,25.9337,26.0409,3726116,300418
2016-09-01,26.1676,26.1676,25.8265,25.8265,4045609,300418
2016-09-02,25.8265,25.8557,25.4367,25.6803,4874592,300418
2016-09-05,25.8655,26.0896,25.6998,25.7583,3934752,300418
2016-09-06,25.7778,26.1579,25.3587,26.1091,6730485,300418
2016-09-07,26.0701,26.1384,25.8655,25.885,5285909,300418
2016-09-08,25.8752,26.0994,25.7583,25.9435,3860088,300418
2016-09-09,25.885,26.0896,25.6803,25.6901,4773150,300418
2016-09-12,25.2905,25.2905,24.657,24.6862,7854597,300418
2016-09-13,24.657,25.0956,24.657,25.0176,7563394,300418
2016-09-14,24.6667,26.2163,24.6667,25.768,11641151,300418
2016-09-19,25.924,25.9727,25.4367,25.5634,5758045,300418
2016-09-20,25.5536,25.7875,25.193,25.271,4654090,300418
2016-09-21,25.3392,25.6023,25.3197,25.5926,3686511,300418
2016-09-22,26.1189,26.304,25.729,25.8655,7358407,300418
2016-09-23,25.8752,25.9824,25.1443,25.1443,5662465,300418
2016-09-26,25.807,25.8265,25.0468,25.0468,7867844,300418
2016-09-27,24.9689,25.2125,24.7739,25.1151,6300522,300418
2016-09-28,25.1735,25.2905,24.774,24.8422,4425826,300418
2016-09-29,24.9006,25.1345,24.7934,24.8032,3947448,300418
2016-09-30,24.8227,25.0663,24.7642,25.0176,3327482,300418
2016-10-10,25.2807,25.8655,25.0468,25.6706,7692978,300418
2016-10-11,25.6803,25.8265,25.3684,25.5146,6773366,300418
2016-10-12,25.729,26.0604,25.5244,25.6218,6946560,300418
2016-10-13,25.4562,25.5926,25.349,25.4756,6845202,300418
2016-10-14,25.3392,25.3392,24.9201,25.0761,9047120,300418
2016-10-17,25.0858,25.1638,24.7545,24.8129,6371114,300418
2016-10-18,24.6083,25.0761,24.5985,25.0468,8083998,300418
2016-10-19,25.0858,25.193,24.8519,25.0078,6540535,300418
2016-10-20,24.9104,25.1345,24.7545,24.9884,10343979,300418
2016-10-21,24.9884,25.0371,24.657,24.7447,9472149,300418
2016-10-24,24.7642,25.0566,24.6667,24.9494,9996524,300418
2016-10-25,25.0468,25.1053,24.8714,24.9201,7485690,300418
2016-10-26,24.9786,25.2807,24.8519,25.232,13891687,300418
2016-10-27,25.2418,25.4367,24.9689,25.0858,8701941,300418
2016-10-28,25.0956,25.193,24.8227,24.8519,7553633,300418
2016-10-31,24.6667,24.9006,24.5888,24.7934,6126806,300418
2016-11-01,24.8617,25.1443,24.7642,25.0858,7511032,300418
2016-11-02,24.8812,24.9884,24.696,24.7155,7864583,300418
2016-11-03,24.7057,25.0956,24.6375,24.8617,8238069,300418
2016-11-04,25.0273,27.3469,24.9104,26.3918,41802562,300418
2016-11-07,25.9142,26.2651,25.5341,25.5536,20054870,300418
2016-11-08,25.5634,25.729,25.3879,25.5731,13438859,300418
2016-11-09,25.5926,25.7875,24.7252,24.9494,18094917,300418
2016-11-10,25.2223,25.4757,25.0956,25.232,9698879,300418
2016-11-11,25.1248,25.31,24.9006,25.3002,14806089,300418
2016-11-14,25.2905,25.7388,25.154,25.5829,15499908,300418
2016-11-15,25.6511,26.1774,25.349,26.0117,16974582,300418
2016-11-16,26.1774,26.4307,25.7388,25.7973,17425119,300418
2016-11-17,25.6608,25.8265,25.4074,25.4854,10051267,300418
2016-11-18,25.4659,25.6121,25.3392,25.4659,6405307,300418
2016-11-21,25.4854,25.6023,25.3392,25.5146,7250663,300418
2016-11-22,25.5731,25.8752,25.4172,25.8265,11224046,300418
2016-11-23,25.9142,26.2066,25.6023,25.6316,15879944,300418
2016-11-24,25.4464,25.7193,25.3587,25.3782,8744225,300418
2016-11-25,25.3684,25.6316,24.9494,25.6121,11791192,300418
2016-11-28,25.6803,25.6998,25.3977,25.3977,8183153,300418
2016-11-29,25.3392,25.768,25.2223,25.4756,12961728,300418
2016-11-30,25.3392,26.0019,25.2028,25.9922,23975522,300418
2016-12-01,26.0701,26.1871,25.6901,25.8168,13661450,300418
2016-12-02,25.8168,26.0214,25.1443,25.1443,16686301,300418
2016-12-05,25.0273,25.4854,24.8617,25.1151,7838794,300418
2016-12-06,25.2028,25.3392,24.735,24.8422,8943810,300418
2016-12-07,24.8422,24.9396,24.7057,24.8909,7723314,300418
2016-12-08,24.9494,24.9494,24.2672,24.3061,11986193,300418
2016-12-09,24.16,24.16,22.5421,22.7663,28278556,300418
2016-12-12,22.4739,22.6006,20.8464,20.8756,23421290,300418
2016-12-13,20.6807,21.168,20.4468,20.9731,12835787,300418
2016-12-14,20.8561,21.051,20.5248,20.8561,11643946,300418
2016-12-15,20.9341,21.7527,20.8756,21.4701,18313360,300418
2016-12-16,22.1231,22.1913,21.7625,21.8794,18379812,300418
2016-12-19,21.4409,21.626,20.9633,21.0315,12137997,300418
2016-12-20,21.1777,21.4116,21.051,21.2265,7252201,300418
2016-12-21,21.2265,21.4116,21.0608,21.2947,6795423,300418
2016-12-22,21.1972,21.207,20.7782,20.9828,7581727,300418
2016-12-23,20.9048,21.2167,20.7976,20.8171,6043043,300418
2016-12-26,20.5832,20.9146,20.1837,20.9048,6876405,300418
2016-12-27,20.8659,20.9243,20.6807,20.7392,4598535,300418
2016-12-28,20.8366,20.9926,20.7879,20.9048,5294042,300418
2016-12-29,20.9341,21.5383,20.8561,21.2265,9491291,300418
2016-12-30,21.1972,21.2752,20.9633,21.051,5463924,300418
2017-01-03,21.246,21.3239,21.0218,21.0998,4526901,300418
2017-01-04,21.0413,21.1875,20.5832,21.09,8924157,300418
2017-01-05,21.09,21.129,20.8951,20.9146,5656280,300418
2017-01-06,20.8561,20.9731,20.4858,20.5248,6514624,300418
2017-01-09,20.4663,20.6027,20.2909,20.5443,4696973,300418
2017-01-10,20.6027,20.6612,20.437,20.515,4081308,300418
2017-01-11,20.5248,20.5735,20.2226,20.2519,5186359,300418
2017-01-12,20.2714,20.4078,19.7841,19.8133,6133079,300418
2017-01-13,19.5989,19.8718,19.3163,19.326,6901991,300418
2017-01-16,19.2578,19.6866,17.4938,18.137,11452870,300418
2017-01-17,18.0591,19.0629,17.7667,18.8192,9665377,300418
2017-01-18,18.712,18.8777,18.4197,18.6536,5089036,300418
2017-01-19,18.5561,18.9557,18.293,18.6633,4883124,300418
2017-01-20,18.5561,19.2481,18.5269,19.0044,6228577,300418
2017-01-23,19.0044,19.4235,18.9557,19.1701,5131827,300418
2017-01-24,19.1506,19.2773,18.7705,18.829,4165966,300418
2017-01-25,18.9459,19.443,18.8485,19.3845,7127660,300418
2017-01-26,19.3455,19.4722,19.2675,19.4137,3791669,300418
2017-02-03,19.4527,19.5697,19.1019,19.2968,3807801,300418
2017-02-06,19.3747,19.9303,19.2578,19.6671,5771511,300418
2017-02-07,19.5892,19.7256,19.2968,19.4332,4336260,300418
2017-02-08,19.3942,19.7646,19.2968,19.7548,6757100,300418
2017-02-09,19.6964,19.9205,19.6086,19.7548,4510145,300418
2017-02-10,19.7353,20.3591,19.5404,20.1057,8896186,300418
2017-02-13,19.979,20.3981,19.94,20.1739,7552445,300418
2017-02-14,20.2519,20.2519,20.0862,20.1447,3716514,300418
2017-02-15,20.1447,20.1447,20.1447,20.1447,0,300418
2017-02-16,20.1447,20.1447,20.1447,20.1447,0,300418
2017-02-17,20.1447,20.1447,20.1447,20.1447,0,300418
2017-02-20,20.1447,20.1447,20.1447,20.1447,0,300418
2017-02-21,20.1447,20.1447,20.1447,20.1447,0,300418
2017-02-22,21.0413,21.6358,20.7587,20.7587,18152790,300418
2017-02-23,20.7684,21.5188,20.6612,21.2167,13852808,300418
2017-02-24,21.3142,23.1074,21.0218,22.279,23241360,300418
2017-02-27,22.201,22.7858,21.9477,22.4057,12701161,300418
2017-02-28,22.318,22.4934,21.7138,22.0256,9833861,300418
2017-03-01,22.0256,22.1718,21.7527,21.8697,8120140,300418
2017-03-02,21.8794,21.9866,21.2459,21.3044,10282522,300418
2017-03-03,21.3726,21.3726,20.8756,21.3142,9786757,300418
2017-03-06,21.3824,21.7625,21.3629,21.5286,9595498,300418
2017-03-07,21.6358,22.6688,21.5578,22.6688,16216460,300418
2017-03-08,22.6688,23.0294,22.24,22.3667,14166436,300418
2017-03-09,22.0841,22.6104,22.0841,22.4642,10335271,300418
2017-03-10,22.4155,22.8735,22.1718,22.5129,11497769,300418
2017-03-13,22.5519,22.7371,22.1036,22.4739,8269274,300418
2017-03-14,22.7176,23.1269,22.5519,22.6396,11306415,300418
2017-03-15,22.6396,22.6396,21.9379,22.0354,9555896,300418
2017-03-16,21.9282,22.4057,21.9184,22.318,8522320,300418
2017-03-17,22.3277,22.3472,21.5383,21.5773,9804595,300418
2017-03-20,21.4409,22.0256,21.3921,21.7527,7638193,300418
2017-03-21,21.8307,21.9087,21.5383,21.704,5506939,300418
2017-03-22,21.5578,21.7722,21.4409,21.4604,5874505,300418
2017-03-23,21.4214,21.8112,21.3044,21.4604,5325470,300418
2017-03-24,21.6065,22.2498,21.3921,22.0938,10751914,300418
2017-03-27,22.0938,22.3375,21.821,22.0646,6177570,300418
2017-03-28,22.0743,22.0743,21.7625,21.8112,3803909,300418
2017-03-29,21.7527,21.8794,20.9926,20.9926,8931527,300418
2017-03-30,20.9243,21.0315,20.3201,20.4565,6593993,300418
2017-03-31,20.3688,20.7489,20.3688,20.5345,3462584,300418
2017-04-05,20.476,21.821,20.4663,21.5773,8445149,300418
2017-04-06,21.5383,21.9184,21.4409,21.4993,6078555,300418
2017-04-07,21.5091,21.5383,21.051,21.129,5550115,300418
2017-04-10,20.8756,21.4896,20.5735,20.6222,6737788,300418
2017-04-11,20.4663,20.8366,19.9303,20.6612,8303654,300418
2017-04-12,20.5443,20.8171,20.3493,20.5248,4597238,300418
2017-04-13,20.4663,20.9243,20.4176,20.7294,4380129,300418
2017-04-14,20.7294,20.7587,20.0277,20.0765,5232518,300418
2017-04-17,20.0667,20.0667,19.287,19.3942,8083457,300418
2017-04-18,19.4917,19.6866,19.2773,19.3455,4084234,300418
2017-04-19,19.3553,19.7548,18.6341,19.6574,7006252,300418
2017-04-20,19.6866,20.1739,19.4137,19.9595,5938500,300418
2017-04-21,19.9595,20.0765,19.3747,19.5014,5174726,300418
2017-04-24,19.5404,19.7938,19.1506,19.6769,6895406,300418
2017-04-25,19.4917,19.9595,19.3553,19.7841,4538156,300418
2017-04-26,20.0667,20.4565,19.8815,19.9108,9585248,300418
2017-04-27,19.8815,20.9828,19.6184,20.7392,12483048,300418
2017-04-28,20.7587,21.7722,20.632,21.3921,16261170,300418
2017-05-02,21.4701,22.7078,21.4409,21.8404,19959226,300418
2017-05-03,21.6553,22.0061,21.4506,21.7332,9205470,300418
2017-05-04,21.7332,22.4642,21.5188,21.7235,12528738,300418
2017-05-05,21.5676,22.2205,21.4799,21.5383,9390019,300418
2017-05-08,21.7138,22.396,21.4896,21.782,10910494,300418
2017-05-09,21.8015,22.4155,21.2362,22.4155,17690616,300418
2017-05-10,22.5422,24.1989,22.5422,22.6299,25632929,300418
2017-05-11,22.3862,23.0684,21.8307,23.0294,19171373,300418
2017-05-12,22.9905,23.3803,22.2205,23.2341,16740277,300418
2017-05-15,22.854,23.2439,22.4447,22.5909,13437197,300418
2017-05-16,22.4155,22.971,21.8989,22.893,15862414,300418
2017-05-17,22.9027,23.8773,22.8248,23.2926,22086845,300418
2017-05-18,23.0977,23.6337,22.9027,23.3023,12526840,300418
2017-05-19,23.3023,23.4193,21.4409,21.8307,18895423,300418
2017-05-22,21.8307,22.201,21.5871,22.0841,14268706,300418
2017-05-23,21.8307,21.9184,20.7684,21.3921,16382982,300418
2017-05-24,21.246,21.9282,20.7587,21.8892,9724533,300418
2017-05-25,21.7332,22.2498,21.5578,22.0938,9679917,300418
2017-05-26,22.0159,22.0841,21.3434,21.9087,10542317,300418
2017-05-31,22.0256,22.279,21.5773,22.201,10373468,300418
2017-06-01,21.9574,22.0159,20.9536,20.9536,11880234,300418
2017-06-02,20.6125,21.5481,20.3201,21.207,8208651,300418
2017-06-05,21.168,21.9866,21.012,21.8307,8036194,300418
2017-06-06,21.8307,21.9574,21.5968,21.8599,4486648,300418
2017-06-07,21.8794,23.3803,21.8794,22.7663,19021524,300418
2017-06-08,22.7663,23.3218,22.6494,22.7468,11992820,300418
2017-06-09,22.7955,22.9905,22.4349,22.9905,9892648,300418
2017-06-12,22.8877,22.9072,22.3982,22.6625,7430386,300418
2017-06-13,22.6723,23.2009,22.5842,22.966,9853155,300418
2017-06-14,22.9366,22.9562,22.3493,22.3688,9072185,300418
2017-06-15,22.3786,23.6415,22.3786,23.2988,21074954,300418
2017-06-16,23.2499,23.7393,22.9562,23.524,15472383,300418
2017-06-19,23.475,23.9156,23.152,23.6317,15718618,300418
2017-06-20,23.7393,23.7785,23.1618,23.2303,12072395,300418
2017-06-21,23.2009,23.4163,22.6723,23.1911,10844624,300418
2017-06-22,23.0541,23.3771,22.5255,22.5548,11328392,300418
2017-06-23,22.5059,22.8877,22.1437,22.8289,14530509,300418
2017-06-26,22.7996,22.966,22.6429,22.9072,8347986,300418
2017-06-27,22.917,22.9954,22.5255,22.731,10276987,300418
2017-06-28,22.6038,22.7702,21.987,22.1926,9710652,300418
2017-06-29,22.1828,22.5548,22.0556,22.3982,8225095,300418
2017-06-30,22.222,22.5059,22.0066,22.3884,7963969,300418
2017-07-03,22.3982,23.2499,22.1143,23.1324,15869174,300418
2017-07-04,23.0835,23.152,22.3786,22.4667,12945997,300418
2017-07-05,22.2416,22.2709,21.7423,22.173,13928887,300418
2017-07-06,22.0751,22.1045,21.4388,21.5269,15559021,300418
2017-07-07,21.5367,21.7913,21.3507,21.5465,8406951,300418
2017-07-10,21.5759,21.7227,21.0962,21.1354,8076058,300418
2017-07-11,21.1452,21.2333,20.362,20.3914,10904429,300418
2017-07-12,20.4109,20.7438,20.2739,20.7144,7751437,300418
2017-07-13,20.8025,20.8025,20.1662,20.3131,7068687,300418
2017-07-14,20.2739,20.5382,20.0683,20.2543,5818131,300418
2017-07-17,20.0683,20.0683,18.6782,18.9915,12036101,300418
2017-07-18,18.9621,19.4222,18.5607,19.3243,8857895,300418
2017-07-19,19.1285,20.0194,18.9034,19.9998,10831843,300418
2017-07-20,19.8823,20.5186,19.6865,19.7355,11269517,300418
2017-07-21,19.99,20.2347,19.7551,19.9998,7105429,300418
2017-07-24,19.9606,20.3228,19.5201,20.2935,9315060,300418
2017-07-25,21.0179,21.478,20.6557,20.8515,27165528,300418
2017-07-26,22.9366,22.9366,22.0262,22.6429,79166344,300418
2017-07-27,22.0262,24.9043,21.5367,24.9043,85381893,300418
2017-07-28,25.756,26.7741,25.4036,26.2846,127407865,300418
2017-07-31,25.2567,25.9028,24.9434,25.7951,81834950,300418
2017-08-01,25.7951,26.5293,25.384,25.7462,86088817,300418
2017-08-02,25.3938,25.5504,24.777,24.8847,61630582,300418
2017-08-03,25.012,25.6483,24.405,24.405,61643577,300418
2017-08-04,24.2876,24.9043,24.2484,24.6987,41123477,300418
2017-08-07,24.8358,25.6483,24.6693,24.7672,52640602,300418
2017-08-08,24.4246,25.6679,23.8568,25.6581,70948993,300418
2017-08-09,25.335,25.7658,24.9728,25.2567,45732675,300418
2017-08-10,25.1882,25.6189,24.2778,24.6106,37521312,300418
2017-08-11,24.2288,25.0511,24.0624,24.3757,34525881,300418
2017-08-14,24.2973,25.149,24.2973,25.0511,34951159,300418
2017-08-15,25.2078,25.6483,24.7966,25.1784,32150486,300418
2017-08-16,25.2078,26.3531,25.0805,25.707,63356797,300418
2017-08-17,25.5112,26.1671,25.2176,25.6091,45985038,300418
2017-08-18,25.2567,25.3057,24.6008,24.6791,34411508,300418
2017-08-21,24.6889,25.0413,24.4736,25.012,20409652,300418
2017-08-22,24.8651,24.8749,23.9547,24.0037,28830446,300418
2017-08-23,23.9058,24.4246,23.8177,24.0722,17925865,300418
2017-08-24,23.9939,24.3952,23.896,24.1603,15285963,300418
2017-08-25,24.082,24.6498,24.0135,24.5323,19739821,300418
2017-08-28,24.6987,26.2846,24.6889,25.7462,51942025,300418
2017-08-29,25.6091,26.0007,25.3546,25.6874,26210825,300418
2017-08-30,25.6874,26.265,25.4623,25.7364,31672551,300418
2017-08-31,25.6777,27.3908,25.5993,27.0482,53349117,300418
2017-09-01,26.823,27.5964,26.5979,27.3516,40669625,300418
2017-09-04,27.3419,27.5964,26.5979,26.6077,33272329,300418
2017-09-05,26.823,27.2635,26.0986,26.3531,27944540,300418
2017-09-06,26.4314,27.3027,26.1573,27.2733,29268238,300418
2017-09-07,27.1852,27.3712,25.7756,25.8147,36950136,300418
2017-09-08,25.893,26.0007,25.2567,25.6972,23980349,300418
2017-09-11,25.707,25.7951,25.0805,25.5895,17261566,300418
2017-09-12,25.6287,26.2357,25.4721,25.8245,24116211,300418
2017-09-13,25.6581,25.7951,25.1882,25.4917,15111946,300418
2017-09-14,25.4427,26.0888,25.2567,25.7364,18195091,300418
2017-09-15,25.6385,25.7462,25.2273,25.3252,12941010,300418
2017-09-18,25.0805,25.0903,24.4638,24.8358,17472053,300418
2017-09-19,25.0609,26.5783,25.0609,26.0888,36056803,300418
2017-09-20,25.9224,26.4608,25.6581,26.3825,20730922,300418
2017-09-21,26.3335,26.3335,25.5504,25.5504,15079130,300418
2017-09-22,25.3546,25.4036,24.9826,25.1784,11086181,300418
2017-09-25,25.1686,25.5504,24.7379,25.1882,11519134,300418
2017-09-26,25.1784,25.5308,24.4833,24.8651,11481860,300418
2017-09-27,24.6889,25.1294,24.6889,24.963,6782700,300418
2017-09-28,24.826,25.9224,24.826,25.6972,17044109,300418
2017-09-29,25.6189,25.893,25.4525,25.8734,11584417,300418
2017-10-09,26.2259,27.2635,26.0497,27.0384,31040518,300418
2017-10-10,26.9992,27.8999,26.8524,27.058,25431698,300418
2017-10-11,27.3125,27.5866,26.6174,27.4202,20248441,300418
2017-10-12,27.2929,27.5083,26.265,26.4412,20935497,300418
2017-10-13,26.3727,26.7153,26.314,26.6762,10750261,300418
2017-10-16,26.9405,27.3712,25.9322,25.942,19121597,300418
2017-10-17,25.7462,26.2357,25.1588,25.9909,14392815,300418
2017-10-18,26.3531,27.1559,26.0497,26.4412,27346514,300418
2017-10-19,27.4104,27.939,26.0888,26.0888,38575516,300418
2017-10-20,26.0888,28.7026,26.0888,28.7026,89478098,300418
2017-10-23,27.8901,27.9684,27.2733,27.5083,52743747,300418
2017-10-24,26.5391,26.7643,25.707,26.2161,49260061,300418
2017-10-25,25.5602,25.9811,25.5602,25.8832,29083165,300418
2017-10-26,25.7266,25.7951,25.2469,25.6385,26389664,300418
2017-10-27,25.6385,25.6385,24.5715,24.6106,32839122,300418
2017-10-30,24.4736,24.5225,23.0835,23.2107,29703092,300418
2017-10-31,23.1814,23.5827,23.0835,23.3771,14006702,300418
2017-11-01,23.661,23.8764,23.4065,23.4946,16648766,300418
2017-11-02,23.6415,23.7296,23.2205,23.5044,11925889,300418
2017-11-03,23.4065,23.4652,22.1045,22.3493,20796316,300418
2017-11-06,22.222,22.6821,22.2024,22.6527,12863910,300418
2017-11-07,22.6527,22.8387,22.359,22.545,13657184,300418
2017-11-08,22.7115,23.4848,22.6038,23.2499,20602259,300418
2017-11-09,23.1226,23.5044,23.0541,23.2597,12247519,300418
2017-11-10,23.1814,23.4848,23.1128,23.3576,12314260,300418
2017-11-13,23.7296,23.8177,23.0639,23.2988,13216296,300418
2017-11-14,23.2988,23.3967,22.2024,22.3395,19257973,300418
2017-11-15,22.2024,22.8485,21.6934,22.731,17740568,300418
2017-11-16,22.5744,22.8681,22.3297,22.359,10086640,300418
2017-11-17,22.2122,22.4374,20.5382,20.8613,17816263,300418
2017-11-20,21.2333,21.3409,20.9494,21.2626,10636586,300418
2017-11-21,21.1452,21.4878,20.7829,20.9004,10838369,300418
2017-11-22,20.734,21.292,20.362,20.8319,14022479,300418
2017-11-23,20.6361,20.6459,19.5299,19.804,19183148,300418
2017-11-24,19.6376,20.1271,19.618,19.8627,8979959,300418
2017-11-27,19.5788,20.3424,19.4809,19.8432,8453279,300418
2017-11-28,19.9508,20.7046,19.9019,20.6361,13375516,300418
2017-11-29,20.7242,20.7438,20.1466,20.4012,8499265,300418
2017-11-30,20.3228,20.6361,20.2249,20.4697,7450541,300418
2017-12-01,20.5088,20.9885,20.3914,20.7829,8897340,300418
2017-12-04,20.8515,20.9004,19.8529,19.8823,12279579,300418
2017-12-05,19.7257,20.0292,19.3341,19.5397,8911460,300418
2017-12-06,19.432,20.0585,19.3831,20.0292,10591249,300418
2017-12-07,20.0585,20.4501,19.8529,20.0879,8352468,300418
2017-12-08,20.1075,20.5284,19.9802,20.3816,8512286,300418
2017-12-11,21.85,22.4178,21.2724,22.4178,19270745,300418
2017-12-12,23.2205,23.3771,22.5255,22.5842,40886099,300418
2017-12-13,22.5157,22.8289,21.9675,22.3688,24710586,300418
2017-12-14,22.4961,22.5646,21.9577,22.2416,18053722,300418
2017-12-15,22.0458,22.1535,21.5563,21.9087,15176575,300418
2017-12-18,21.6836,22.1633,21.5759,21.7129,10858626,300418
2017-12-19,21.8304,22.359,21.7032,21.9773,15795699,300418
2017-12-20,21.8206,21.9087,21.0081,21.1256,18033055,300418
2017-12-21,21.0962,21.4095,20.7536,21.2039,10426753,300418
2017-12-22,21.1843,21.292,20.6557,20.6557,9647606,300418
2017-12-25,20.5578,20.9592,20.4109,20.6459,9994390,300418
2017-12-26,20.6655,20.8515,20.4599,20.7732,8875919,300418
2017-12-27,20.6753,21.2626,20.4991,20.92,14337769,300418
2017-12-28,20.8123,21.3018,20.7634,20.8221,10842200,300418
2017-12-29,20.6361,20.6361,19.8334,20.1368,15586225,300418
2018-01-02,20.1466,20.4109,19.9019,20.3228,8050741,300418
2018-01-03,20.4599,21.5367,20.1858,21.4193,23981038,300418
2018-01-04,21.1452,21.5172,21.0473,21.1745,11579574,300418
2018-01-05,21.1158,21.5172,21.0668,21.1354,8343217,300418
2018-01-08,20.7438,20.7438,19.6767,20.2249,22424322,300418
2018-01-09,20.2152,20.8123,20.1271,20.4795,13469591,300418
2018-01-10,20.5186,20.871,20.2347,20.8319,12640424,300418
2018-01-11,20.8319,21.7227,20.4795,21.5367,18378105,300418
2018-01-12,21.6248,21.8402,21.0473,21.1941,13223095,300418
2018-01-15,20.8613,21.9968,20.8319,21.2822,16177170,300418
2018-01-16,21.1549,21.9283,21.1452,21.8696,15409391,300418
2018-01-17,21.8108,22.6821,21.3605,22.5548,22014112,300418
2018-01-18,22.3199,22.6625,22.036,22.3101,14328966,300418
2018-01-19,22.5744,22.9464,21.664,21.7423,13932740,300418
2018-01-22,21.5661,23.4555,21.106,22.6038,29183117,300418
2018-01-23,22.4276,22.9072,22.3395,22.4863,12741619,300418
2018-01-24,22.4178,24.2484,22.222,24.082,40807582,300418
2018-01-25,24.1016,25.0022,23.4946,23.6023,37281138,300418
2018-01-26,23.6023,24.5519,23.6023,23.8372,19231216,300418
2018-01-29,24.0722,24.8162,23.6415,24.3267,23407745,300418
2018-01-30,24.268,24.5617,23.7883,24.3071,17745597,300418
2018-01-31,24.082,24.2582,22.966,23.0541,23558448,300418
2018-02-01,23.1814,23.2695,22.3786,22.6331,21444183,300418
2018-02-02,21.85,22.9562,21.0473,21.1452,31370068,300418
2018-02-05,20.5872,21.8304,20.2935,21.5661,22554450,300418
2018-02-06,21.1745,21.5367,19.99,20.0096,21658897,300418
2018-02-07,20.6263,21.5857,19.99,21.2235,25329419,300418
2018-02-08,21.1941,21.6248,21.0179,21.3997,18818192,300418
2018-02-09,20.7536,21.6248,20.4403,20.7829,24768265,300418
2018-02-12,21.2039,22.408,20.9885,22.1437,22404758,300418
2018-02-13,22.2905,22.5744,21.9968,22.3493,15841579,300418
2018-02-14,22.222,22.222,21.6444,21.987,10096417,300418
2018-02-22,22.3395,22.7212,22.1241,22.222,14445310,300418
2018-02-23,22.359,22.7996,21.7129,21.9283,15134300,300418
2018-02-26,22.0751,23.7296,21.9479,23.3576,29119255,300418
2018-02-27,23.3576,24.033,23.2107,23.7394,25602543,300418
2018-02-28,23.3967,24.5519,23.2107,23.9449,30320867,300418
2018-03-01,23.7883,24.4931,23.475,24.3267,24137749,300418
2018-03-02,24.1799,25.2959,24.1701,24.2484,33363970,300418
2018-03-05,24.3561,24.64,23.8079,24.5421,22057117,300418
2018-03-06,24.6889,26.5293,24.4931,25.707,49113738,300418
2018-03-07,25.4917,26.0888,25.3057,25.6287,20959871,300418
2018-03-08,25.6483,25.7951,24.8553,25.1784,21468538,300418
2018-03-09,25.4623,26.6077,25.3448,26.5293,36043484,300418
2018-03-12,27.0971,27.2929,26.2161,26.7251,31405897,300418
2018-03-13,26.451,28.4872,26.4314,27.244,37793309,300418
2018-03-14,27.0971,27.6062,26.6272,26.7055,21887719,300418
2018-03-15,26.4119,26.5881,25.57,26.3433,26865796,300418
2018-03-16,26.1867,27.1167,26.0399,26.1671,24995009,300418
2018-03-19,26.2063,27.802,25.9518,27.4887,30398190,300418
2018-03-20,27.0188,27.4789,26.5098,27.1852,18909832,300418
2018-03-21,27.244,27.4593,25.57,25.5895,23124581,300418
2018-03-22,25.7756,26.5,25.4721,25.942,24158093,300418
2018-03-23,24.963,25.4525,23.4261,24.0624,33537549,300418
2018-03-26,23.8862,24.7672,23.5534,24.7379,32292352,300418
2018-03-27,25.012,25.9126,24.454,25.6581,42047560,300418
2018-03-28,25.1882,25.6189,24.8553,25.3546,27627353,300418
2018-03-29,25.4329,25.4525,24.2778,24.7575,26214436,300418
2018-03-30,24.7672,25.8832,24.7477,25.8734,28511922,300418
2018-04-02,26.0888,26.3727,25.2959,25.4525,27771760,300418
2018-04-03,24.8651,24.8651,23.6904,24.268,31344908,300418
2018-04-04,23.8372,23.8862,22.2709,22.3199,54259640,300418
2018-04-09,22.3003,22.731,21.8989,22.4863,21210863,300418
2018-04-10,22.1437,22.6429,21.9087,22.5255,18753576,300418
2018-04-11,22.5548,23.1422,22.5548,22.8094,19677741,300418
2018-04-12,22.5842,23.0443,22.5353,22.545,11497984,300418
2018-04-13,22.7996,23.0051,22.6331,22.7604,12301175,300418
2018-04-16,22.7702,23.0149,22.4667,22.7115,14268804,300418
2018-04-17,22.8191,22.9073,21.0571,21.243,27394810,300418
2018-04-18,21.429,22.173,21.2528,22.1045,19376091,300418
2018-04-19,21.9675,22.1241,21.6346,21.801,12319928,300418
2018-04-20,21.9087,21.9968,21.4193,21.4878,11448834,300418
2018-04-23,21.4878,21.7325,21.243,21.615,10534156,300418
2018-04-24,21.5465,22.359,21.4682,22.3297,13754545,300418
2018-04-25,22.1241,22.4765,22.0751,22.3199,12418644,300418
2018-04-26,22.3688,22.6331,21.7619,21.7815,11563055,300418
2018-04-27,21.85,21.9773,20.6753,21.3312,19542128,300418
2018-05-02,21.2235,21.5367,20.8025,21.0081,10330746,300418
2018-05-03,21.0375,21.6836,20.9102,21.6738,12905954,300418
2018-05-04,21.7423,21.8696,21.057,21.1745,13333623,300418
2018-05-07,21.2626,21.8891,21.2528,21.8891,14958581,300418
2018-05-08,21.9087,22.3982,21.7227,22.2709,15831968,300418
2018-05-09,22.2318,22.2611,21.85,21.9968,10757454,300418
2018-05-10,22.1143,22.1828,21.7325,22.1045,9698334,300418
2018-05-11,22.1143,22.222,21.6248,21.664,9753500,300418
2018-05-14,21.6346,21.7619,21.2626,21.3703,7842745,300418
2018-05-15,21.4388,22.2709,21.4388,22.2024,13502759,300418
2018-05-16,22.0751,22.1339,21.7717,21.7815,9877304,300418
2018-05-17,21.8892,21.9773,21.4388,21.5367,8961618,300418
2018-05-18,21.5857,21.987,21.3507,21.9185,10553837,300418
2018-05-21,22.0164,22.3982,21.9577,22.1535,14856377,300418
2018-05-22,22.1045,22.1045,21.8304,22.0458,11550635,300418
2018-05-23,21.9773,21.9773,21.3409,21.3409,14458580,300418
2018-05-24,21.4878,21.6542,21.3997,21.4095,7347080,300418
2018-05-25,21.4388,21.5857,21.057,21.0962,8779490,300418
2018-05-28,20.8906,21.0962,20.548,20.6263,10706660,300418
2018-05-29,20.734,20.8808,20.1662,20.2641,12012880,300418
2018-05-30,19.8725,20.6361,19.6572,20.0096,11746057,300418
2018-05-31,20.1662,20.3522,19.9606,20.1075,8982752,300418
2018-06-01,19.9508,20.0879,19.6767,19.8627,7821974,300418
2018-06-04,19.99,20.0389,19.6082,19.8334,8181592,300418
2018-06-05,19.9411,20.4109,19.8921,20.3326,8823703,300418
2018-06-06,20.4109,20.5186,20.1662,20.3326,5796410,300418
2018-06-07,20.4795,20.8417,20.3522,20.3718,9319133,300418
2018-06-08,20.2249,20.3522,19.9411,19.9998,6696902,300418
2018-06-11,19.9704,20.4501,19.6767,20.3131,7845248,300418
2018-06-12,20.3228,20.5088,20.0487,20.4012,6916792,300418
2018-06-13,20.4207,20.4991,19.9313,19.9704,5148795,300418
2018-06-14,19.9411,20.2739,19.8725,20.0977,5258119,300418
2018-06-15,20.1734,20.3307,19.7605,19.849,6947121,300418
2018-06-19,19.4852,19.7801,17.8631,18.1285,15002230,300418
2018-06-20,18.1384,18.3251,17.6271,18.0204,9744179,300418
2018-06-21,18.0499,18.2858,16.8505,17.0668,12656828,300418
2018-06-22,16.7915,17.637,16.7128,17.4403,9984742,300418
2018-06-25,17.7451,17.7844,17.2142,17.2929,8993110,300418
2018-06-26,16.8112,17.8729,16.7423,17.7943,9668171,300418
2018-06-27,17.8827,17.9122,17.5681,17.7648,6159405,300418
2018-06-28,17.8827,18.6496,17.7451,18.158,12297400,300418
2018-06-29,18.1383,18.6299,18.1285,18.5611,9817559,300418
2018-07-02,19.9079,19.9079,18.7282,18.8462,16382667,300418
2018-07-03,18.6791,19.3476,18.5906,19.2493,10887997,300418
2018-07-04,19.1411,19.2493,18.3841,18.4431,7898067,300418
2018-07-05,18.335,19.0526,18.2956,18.5807,9412011,300418
2018-07-06,18.6791,19.2198,18.2858,18.4824,12495291,300418
2018-07-09,18.5513,18.974,18.5414,18.9248,7939386,300418
2018-07-10,18.9347,19.0526,18.6397,18.974,8234826,300418
2018-07-11,18.6201,18.6594,17.6566,18.0597,12646161,300418
2018-07-12,18.1089,18.8069,18.0695,18.6299,11076053,300418
2018-07-13,18.6889,19.1411,18.3743,19.0625,12327163,300418
2018-07-16,19.3476,19.3476,18.7086,18.856,8400091,300418
2018-07-17,19.0035,19.2099,18.6987,18.9052,6985218,300418
2018-07-18,19.0428,19.151,18.5316,18.5513,8588222,300418
2018-07-19,18.5414,18.6692,17.9909,18.04,8398416,300418
2018-07-20,17.9909,18.5119,17.9122,18.4529,6218417,300418
2018-07-23,18.5021,18.9838,18.4628,18.9543,10816737,300418
2018-07-24,18.9642,19.2689,18.6987,19.0821,10467098,300418
2018-07-25,19.1706,19.6228,19.0231,19.5049,13662240,300418
2018-07-26,19.2689,19.3672,18.8659,18.915,9575650,300418
2018-07-27,19.0133,19.79,18.9248,19.6818,16845339,300418
2018-07-30,19.6622,19.6622,18.4038,18.6594,20585808,300418
2018-07-31,18.2956,18.5807,18.099,18.1285,10766130,300418
2018-08-01,18.1285,18.5218,17.9712,17.9811,7690016,300418
2018-08-02,18.0105,18.1678,16.7522,17.2044,14605530,300418
2018-08-03,17.1257,17.3715,16.8603,16.8701,7617931,300418
2018-08-06,16.7128,17.0668,16.6145,16.8603,6716683,300418
2018-08-07,17.0274,17.283,16.8603,17.2339,7276080,300418
2018-08-08,17.2634,17.2634,16.7423,16.88,6327039,300418
2018-08-09,16.7128,17.4993,16.7128,17.2634,9586714,300418
2018-08-10,17.2732,17.4993,17.1356,17.4403,6175863,300418
2018-08-13,17.2044,17.5878,17.0373,17.4502,7891122,300418
2018-08-14,17.4305,17.4305,17.0569,17.1651,6270908,300418
2018-08-15,17.1749,17.1847,16.7128,16.7522,6549950,300418
2018-08-16,16.4179,16.5457,16.0738,16.1033,9997759,300418
2018-08-17,16.3098,16.4179,15.3365,15.4151,9187515,300418
2018-08-20,15.1989,15.7297,15.1989,15.7199,7427994,300418
2018-08-21,15.7002,16.1426,15.6413,15.9952,6316174,300418
2018-08-22,16.064,16.064,15.7396,15.7396,5101761,300418
2018-08-23,15.828,16.2606,15.8182,16.1721,7655465,300418
2018-08-24,15.828,15.828,14.5598,14.5598,34652161,300418
2018-08-27,14.4517,15.0022,14.2747,14.8646,22435124,300418
2018-08-28,14.8941,15.6118,14.8941,15.307,17841491,300418
2018-08-29,15.3758,15.5921,15.1989,15.2775,10573177,300418
2018-08-30,15.5331,15.7002,15.1005,15.1104,11011940,300418
2018-08-31,14.8548,15.3562,14.8056,15.1595,8696901,300418
2018-09-03,15.0809,15.0809,13.7439,14.1568,17621513,300418
2018-09-04,14.1174,14.491,14.0781,14.3927,11506421,300418
2018-09-05,14.2846,14.609,14.1863,14.2059,8979170,300418
2018-09-06,14.2551,14.55,14.1666,14.3141,6898831,300418
2018-09-07,14.4812,14.5697,14.0388,14.2354,7760064,300418
2018-09-10,14.1469,14.5008,14.1076,14.2059,6933359,300418
2018-09-11,14.2059,14.3239,13.7635,14.0191,7744274,300418
2018-09-12,14.0093,14.2944,13.7832,14.1076,7875824,300418
2018-09-13,14.3337,14.4025,13.793,14.0879,8861247,300418
2018-09-14,14.1371,14.2059,13.8618,13.8815,5207401,300418
2018-09-17,13.6652,13.6652,12.6624,12.8591,15410795,300418
2018-09-18,12.6821,13.2326,12.6624,13.154,10932575,300418
2018-09-19,13.3015,13.7242,13.1737,13.5964,12119435,300418
2018-09-20,14.1764,14.8449,14.1371,14.1764,18775602,300418
2018-09-21,14.4812,14.55,14.0191,14.2649,11039824,300418
2018-09-25,14.2452,14.2649,14.0191,14.029,7431542,300418
2018-09-26,14.029,14.4714,14.029,14.4025,11249002,300418
2018-09-27,14.3141,14.3436,13.8815,13.9405,10416570,300418
2018-09-28,14.0093,14.1174,13.675,13.8913,9524955,300418
2018-10-08,13.4686,13.8127,13.3703,13.4391,7975927,300418
2018-10-09,13.6259,13.7144,13.154,13.2326,7899886,300418
2018-10-10,13.2621,13.4784,13.0262,13.4194,6906210,300418
2018-10-11,12.7313,12.9082,12.0824,12.0824,14500744,300418
2018-10-12,11.9939,12.4167,11.5122,12.22,14076412,300418
2018-10-15,12.1709,12.22,11.3746,11.4237,11554984,300418
2018-10-16,11.4925,11.6597,11.3254,11.4532,7022770,300418
2018-10-17,11.5908,11.8858,11.3844,11.758,8892643,300418
2018-10-18,11.6892,11.7383,11.2173,11.3746,8428539,300418
2018-10-19,11.119,11.8858,11.0501,11.7875,13666657,300418
2018-10-22,11.8563,12.5543,11.7285,12.3478,16654510,300418
2018-10-23,12.338,12.338,11.8268,11.9054,10052030,300418
2018-10-24,11.9153,12.1512,11.8661,11.9054,6857619,300418
2018-10-25,11.4729,11.8268,11.3057,11.7187,9014167,300418
2018-10-26,11.8071,12.0529,11.7481,11.9644,7655335,300418
2018-10-29,11.817,12.0234,11.6498,11.7088,8013238,300418
2018-10-30,11.7088,12.1905,11.5024,11.9743,10379696,300418
2018-10-31,11.9939,12.2397,11.9054,12.1119,10879291,300418
2018-11-01,12.3872,13.3211,12.3183,12.9377,30956028,300418
2018-11-02,13.2523,13.3408,12.8787,13.3211,24754794,300418
2018-11-05,13.272,13.9012,13.0164,13.6259,23576797,300418
2018-11-06,13.5177,13.5964,13.0852,13.3506,13585340,300418
2018-11-07,13.3801,13.5571,13.1048,13.1048,11429646,300418
2018-11-08,13.2916,13.3211,12.8984,12.9475,10221300,300418
2018-11-09,12.9475,13.2425,12.8787,13.0458,9484176,300418
2018-11-12,12.9672,13.5669,12.9672,13.5177,11769548,300418
2018-11-13,13.3703,14.1764,13.2916,14.0191,26217816,300418
2018-11-14,14.0093,15.2873,14.0093,14.6876,30361269,300418
2018-11-15,14.7073,15.0317,14.4222,14.7073,19736852,300418
2018-11-16,14.727,15.0907,14.609,14.8253,20366588,300418
2018-11-19,14.6581,14.8056,14.0191,14.3436,22911241,300418
2018-11-20,14.1568,14.491,13.9601,13.97,14911395,300418
2018-11-21,13.8618,14.2256,13.7144,14.0978,11286708,300418
2018-11-22,14.2649,14.6188,14.0486,14.1273,20065198,300418
2018-11-23,14.1568,14.2157,13.3211,13.3801,16693000,300418
2018-11-26,13.272,13.4784,12.9475,13.0852,13487457,300418
2018-11-27,13.272,13.7242,13.1933,13.6455,16337714,300418
2018-11-28,13.6161,13.9306,13.3506,13.911,13443462,300418
2018-11-29,14.0093,14.3239,13.4882,13.5177,13952022,300418
2018-11-30,13.5964,13.8618,13.2326,13.793,12199269,300418
2018-12-03,14.2452,14.3239,13.9995,14.0388,17179538,300418
2018-12-04,13.9405,14.2256,13.911,14.1961,11705945,300418
2018-12-05,13.8717,14.1666,13.793,13.9995,11185680,300418
2018-12-06,13.9012,13.9405,13.4686,13.6062,8858458,300418
2018-12-07,13.6455,13.734,13.4391,13.6062,5195959,300418
2018-12-10,13.6062,13.7144,13.3801,13.5374,5983779,300418
2018-12-11,13.5767,13.8127,13.4096,13.6652,5478004,300418
2018-12-12,13.6259,13.6849,13.3015,13.4588,6950340,300418
2018-12-13,13.4588,13.6455,13.331,13.4489,7853395,300418
2018-12-14,13.4489,13.6849,12.9377,12.9377,8692470,300418
2018-12-17,12.8394,12.9082,12.4462,12.6821,7514638,300418
2018-12-18,12.515,13.0164,12.515,12.977,7763082,300418
2018-12-19,12.977,13.213,12.8591,12.9279,6636217,300418
2018-12-20,12.9869,13.2425,12.9475,13.1737,5644766,300418
2018-12-21,13.1442,13.6947,13.0262,13.5472,11840721,300418
2018-12-24,13.3506,13.4588,13.095,13.272,8103354,300418
2018-12-25,13.0262,13.0262,12.5346,12.8099,9278996,300418
2018-12-26,12.8197,12.977,12.6821,12.8689,5426886,300418
2018-12-27,13.0557,13.1245,12.6821,12.6821,6642275,300418
2018-12-28,12.6821,12.9082,12.5838,12.6428,5329841,300418
2019-01-02,12.7018,12.8787,12.5936,12.6821,3820629,300418
2019-01-03,12.7607,12.8492,12.4658,12.4855,4538251,300418
2019-01-04,12.2889,12.9279,12.2594,12.9082,6777303,300418
2019-01-07,12.977,13.1245,12.9279,13.0557,6303120,300418
2019-01-08,12.918,13.036,12.8197,12.9082,3895326,300418
2019-01-09,13.0065,13.2523,12.8984,12.9082,8062489,300418
2019-01-10,12.9967,13.1933,12.918,12.977,5299704,300418
2019-01-11,12.9967,13.1245,12.918,13.1245,5585927,300418
2019-01-14,13.1638,13.1638,12.8296,12.8394,4375318,300418
2019-01-15,12.9377,13.6849,12.8886,13.6652,15680439,300418
2019-01-16,13.7045,13.7045,13.4194,13.4588,9317438,300418
2019-01-17,13.4194,13.5472,13.2425,13.2621,7451521,300418
2019-01-18,13.2621,13.4489,13.1638,13.4293,6950971,300418
2019-01-21,13.4686,13.6357,13.331,13.4784,6459409,300418
2019-01-22,13.3703,13.4194,12.9967,13.0655,6374417,300418
2019-01-23,13.0065,13.154,12.977,13.1245,3116973,300418
2019-01-24,13.1048,13.6161,13.0262,13.5866,9561948,300418
2019-01-25,13.5472,13.7242,13.2326,13.3604,10170993,300418
2019-01-28,13.4489,13.6259,13.0458,13.1933,7556706,300418
2019-01-29,13.272,13.272,12.397,12.6133,9501265,300418
2019-01-30,12.6723,12.8689,12.456,12.515,3973415,300418
2019-01-31,12.4953,12.7607,12.397,12.5346,5008528,300418
2019-02-01,11.2861,12.2987,11.2861,11.7875,20174577,300418
2019-02-11,11.8366,12.3773,11.7383,12.3183,9518536,300418
2019-02-12,12.2692,12.515,12.1512,12.397,7308742,300418
2019-02-13,12.5051,13.154,12.4462,12.9967,14408591,300418
2019-02-14,12.977,13.1737,12.8591,13.0753,8997428,300418
2019-02-15,12.9574,13.0262,12.7313,12.7509,10372754,300418
2019-02-18,12.7509,13.4293,12.7509,13.4194,17768560,300418
2019-02-19,13.4391,14.2157,13.4391,13.8913,23270218,300418
2019-02-20,13.7635,13.852,13.5472,13.7537,9361850,300418
2019-02-21,13.7242,14.0978,13.6357,13.734,16915712,300418
2019-02-22,13.5767,14.0388,13.5767,13.9601,17141322,300418
2019-02-25,13.911,15.3463,13.911,15.3365,31331641,300418
2019-02-26,15.3365,15.7002,14.8941,15.0612,29179111,300418
2019-02-27,15.0514,15.425,14.7958,14.9236,19330005,300418
2019-02-28,14.9727,15.4643,14.7958,15.0317,14292673,300418
2019-03-01,15.0317,15.189,14.5992,14.8253,15751991,300418
2019-03-04,14.9531,15.3955,14.8253,15.0317,24719445,300418
2019-03-05,15.0219,16.3688,14.8449,16.2803,38793038,300418
2019-03-06,16.5162,16.5949,15.5331,16.0542,36771284,300418
2019-03-07,15.9067,16.9193,15.7789,16.4376,34828748,300418
2019-03-08,15.887,16.6637,15.3365,15.4348,32161938,300418
2019-03-11,15.4643,16.5654,15.2087,16.5457,31493230,300418
2019-03-12,16.6145,17.2929,16.3982,16.9979,42421026,300418
2019-03-13,16.9881,16.9881,15.8084,16.1131,32956760,300418
2019-03-14,16.0148,16.123,14.9432,15.248,26010617,300418
2019-03-15,15.1792,15.5921,15.0121,15.2185,16985140,300418
2019-03-18,15.3168,15.5134,14.8548,15.4151,19455535,300418
2019-03-19,15.4053,15.7986,15.189,15.3365,21725788,300418
2019-03-20,15.3856,15.4643,14.7761,15.1202,20145014,300418
2019-03-21,15.1399,15.484,15.0711,15.3758,23008510,300418
2019-03-22,15.307,15.366,14.8646,15.2185,15687038,300418
2019-03-25,14.8744,15.0907,14.7663,14.7761,14230295,300418
2019-03-26,14.8941,14.9826,14.1568,14.2354,18513422,300418
2019-03-27,14.3239,14.3927,14.029,14.3534,12569850,300418
2019-03-28,14.1568,14.5205,14.1174,14.2157,11961900,300418
2019-03-29,14.2059,14.6975,13.7733,14.6385,19691084,300418
2019-04-01,14.6483,15.189,14.5697,15.189,23188803,300418
2019-04-02,15.2283,15.5921,15.1497,15.307,20591552,300418
2019-04-03,15.3267,15.7101,15.1497,15.5823,19898696,300418
2019-04-04,15.7297,15.7789,15.3365,15.4151,16386675,300418
2019-04-08,15.5626,15.7101,14.8449,15.0416,19638675,300418
2019-04-09,15.0416,15.5036,15.0416,15.307,15402393,300418
2019-04-10,15.425,16.1525,15.1694,15.9067,33116050,300418
2019-04-11,16.1623,16.1623,15.4348,15.484,21367856,300418
2019-04-12,15.4053,16.4671,15.3856,16.0542,30171534,300418
2019-04-15,16.3786,16.5162,15.4348,15.4348,28452566,300418
2019-04-16,15.2382,15.6413,14.8449,15.6413,22567773,300418
2019-04-17,15.4348,15.7592,15.3463,15.5331,16103599,300418
2019-04-18,15.5233,15.5233,15.0907,15.13,14289790,300418
2019-04-19,15.1399,15.3365,14.9039,15.3365,12810024,300418
2019-04-22,15.4348,15.5036,14.9039,14.9924,12315665,300418
2019-04-23,14.8449,15.0416,14.6581,14.8253,10536162,300418
2019-04-24,14.8941,15.307,14.668,15.2775,13111513,300418
2019-04-25,15.2677,15.2677,14.5107,14.5205,12492200,300418
2019-04-26,14.4517,14.8843,14.373,14.6876,10485747,300418
2019-05-06,15.2087,15.2087,14.1568,14.5205,27685924,300418
2019-05-07,14.5992,15.9755,14.5008,15.9755,47681789,300418
2019-05-08,15.484,16.4867,15.3365,15.7396,46613443,300418
2019-05-09,15.5331,16.4671,15.4446,16.182,50188239,300418
2019-05-10,16.241,16.7915,15.8084,16.7325,57114892,300418
2019-05-13,16.3982,16.5359,15.8575,16.123,35827480,300418
2019-05-14,15.8084,16.0837,15.6314,15.887,25757966,300418
2019-05-15,16.005,17.4797,15.8674,17.1454,73033381,300418
2019-05-16,16.88,17.0766,16.6342,16.8505,43922375,300418
2019-05-17,16.8013,17.0471,15.8379,16.0837,40824591,300418
2019-05-20,16.0148,16.8701,15.7297,16.7325,36187327,300418
2019-05-21,16.5162,16.7718,15.6118,16.1328,37795892,300418
2019-05-22,15.9264,16.2999,15.7002,15.9264,25424763,300418
2019-05-23,15.7789,15.8772,14.3337,14.3337,46255839,300418
2019-05-24,14.0388,14.2059,13.4882,13.7144,25924952,300418
2019-05-27,13.7635,14.1076,13.5669,14.0191,15919119,300418
2019-05-28,13.9208,14.0683,13.5177,13.5374,18751566,300418
2019-05-29,13.3801,13.3998,12.7018,13.2228,29657156,300418
2019-05-30,13.0852,13.2031,12.8787,12.9574,13234085,300418
2019-05-31,12.9672,13.213,12.8591,12.9279,11509190,300418
2019-06-03,12.9279,13.0458,12.6428,12.7607,10794721,300418
2019-06-04,12.8099,13.0852,12.6526,13.0164,10068197,300418
2019-06-05,13.1442,13.1638,12.7018,12.7214,11115524,300418
2019-06-06,12.6821,12.8591,12.5838,12.7116,8787783,300418
2019-06-10,12.7706,12.8984,12.5936,12.8001,7217172,300418
2019-06-11,12.7607,13.2031,12.6428,13.1737,16379994,300418
2019-06-12,13.0753,13.1933,12.9082,12.918,11426700,300418
2019-06-13,12.918,13.1835,12.8296,13.0557,11662639,300418
2019-06-14,13.0557,13.1442,12.6428,12.6821,11662534,300418
2019-06-17,12.6428,12.8591,12.397,12.4855,9455689,300418
2019-06-18,12.4855,12.7018,12.4658,12.5445,6683016,300418
2019-06-19,12.8787,13.0262,12.7804,12.8197,12158073,300418
2019-06-20,12.7313,13.213,12.6624,13.1343,14850250,300418
2019-06-21,13.3998,13.9601,13.3015,13.675,27255765,300418
2019-06-24,13.6259,13.852,13.4686,13.6062,16651974,300418
2019-06-25,13.4686,13.5571,13.0852,13.2228,12407239,300418
2019-06-26,13.1147,13.3604,13.0557,13.1737,8659673,300418
2019-06-27,13.2228,13.4391,13.1147,13.2326,10819642,300418
2019-06-28,13.1638,13.1638,12.574,12.6526,15844018,300418
2019-07-01,12.9279,13.4489,12.8296,13.3899,21042929,300418
2019-07-02,13.3211,13.4391,13.1442,13.2523,10732891,300418
2019-07-03,13.0557,13.4293,12.9869,13.0557,14241644,300418
2019-07-04,13.1442,13.1933,12.8394,12.9574,8797382,300418
2019-07-05,12.9574,13.0753,12.8197,13.0065,6263491,300418
2019-07-08,13.0164,13.0164,12.4756,12.5346,10762550,300418
2019-07-09,12.5838,12.6034,12.3478,12.456,7605910,300418
2019-07-10,12.5051,12.5543,12.3872,12.4068,4428682,300418
2019-07-11,12.4658,12.6133,12.2889,12.338,5813467,300418
2019-07-12,12.338,12.5051,12.2397,12.456,5348240,300418
2019-07-15,12.4462,12.8591,12.2495,12.7804,11127438,300418
2019-07-16,12.6821,12.8984,12.6624,12.7804,5921968,300418
2019-07-17,12.7411,12.8296,12.6624,12.7018,8041280,300418
2019-07-18,12.6428,12.6428,12.3183,12.4363,7704762,300418
2019-07-19,12.3872,12.6428,12.3773,12.4265,7227311,300418
2019-07-22,12.4658,12.4658,11.9743,12.0038,6633525,300418
2019-07-23,12.1512,12.5346,12.1119,12.4953,8977831,300418
2019-07-24,12.5543,12.9279,12.5051,12.7214,12246475,300418
2019-07-25,12.7411,12.8296,12.6133,12.7313,7955596,300418
2019-07-26,12.6428,12.7706,12.5641,12.6821,5608370,300418
2019-07-29,12.6624,12.8394,12.4462,12.4855,7232918,300418
2019-07-30,12.6919,13.4981,12.6919,13.1048,27389264,300418
2019-07-31,13.0557,13.272,12.9574,12.977,15162953,300418
2019-08-01,12.8591,13.1442,12.8591,13.0262,10196857,300418
2019-08-02,12.5346,12.7607,12.3478,12.6133,15666615,300418
2019-08-05,12.5248,12.6821,12.1905,12.2102,11533692,300418
2019-08-06,11.9644,11.9644,11.4139,11.7383,13990038,300418
2019-08-07,11.7973,11.8661,11.5024,11.5122,9213999,300418
2019-08-08,11.5024,11.6793,11.5024,11.581,5621434,300418
2019-08-09,12.0431,12.0529,11.6203,11.6793,8566618,300418
2019-08-12,11.7383,11.8759,11.5515,11.8759,6802353,300418
2019-08-13,11.7285,11.7875,11.5319,11.5908,5409800,300418
2019-08-14,11.7973,11.9153,11.6597,11.699,8154078,300418
2019-08-15,11.4041,11.8268,11.3254,11.7875,9271906,300418
2019-08-16,11.6892,12.0431,11.6892,11.8268,10002057,300418
2019-08-19,11.9349,12.4068,11.9153,12.4068,16011238,300418
2019-08-20,12.338,12.5641,12.2397,12.3577,12891406,300418
2019-08-21,12.3085,12.456,12.1709,12.22,8997690,300418
2019-08-22,12.2397,12.338,12.0726,12.2594,7223102,300418
2019-08-23,12.3183,12.3675,12.0726,12.1709,8435880,300418
2019-08-26,11.8661,12.0431,11.7973,11.9841,7663335,300418
2019-08-27,12.0431,12.5051,12.0234,12.397,15403745,300418
2019-08-28,12.3085,12.4363,12.2495,12.279,9358572,300418
2019-08-29,12.338,12.515,12.2004,12.2987,11955573,300418
2019-08-30,12.3773,12.5346,11.9939,12.0824,13720322,300418
2019-09-02,12.0332,12.5838,12.0332,12.5051,15186491,300418
2019-09-03,12.6034,12.6231,12.4167,12.574,12892431,300418
2019-09-04,12.515,12.7902,12.4363,12.6624,13310316,300418
2019-09-05,12.7706,13.2228,12.7706,13.0458,29279450,300418
2019-09-06,13.0557,13.1835,12.8787,13.0262,16469282,300418
2019-09-09,13.2031,13.5177,13.0753,13.5079,24060870,300418
2019-09-10,13.4686,13.4686,13.154,13.331,17306288,300418
2019-09-11,13.4293,13.4686,13.1245,13.1442,14132548,300418
2019-09-12,13.154,13.4293,13.1442,13.2031,13047050,300418
2019-09-16,13.2425,13.5374,13.1737,13.3113,17356964,300418
2019-09-17,13.2916,13.3113,12.8001,12.8689,16147762,300418
2019-09-18,12.8984,14.0486,12.8886,13.675,46743558,300418
2019-09-19,13.6259,13.8618,13.4588,13.793,31679599,300418
2019-09-20,13.7733,13.7733,13.3211,13.3899,28712065,300418
2019-09-23,13.3899,13.4096,12.8591,13.0655,23388862,300418
2019-09-24,13.095,13.2425,12.9672,13.0262,22022859,300418
2019-09-25,12.8886,12.8886,12.5346,12.5445,22163535,300418
2019-09-26,12.5641,12.6624,12.1709,12.1709,15296773,300418
2019-09-27,12.2004,12.4265,12.1905,12.3675,10006695,300418
2019-09-30,12.3183,12.3872,12.0431,12.0431,9752453,300418
2019-10-08,12.0922,12.2299,12.0234,12.0824,6740436,300418
2019-10-09,11.8858,12.1905,11.8858,12.1807,6973718,300418
2019-10-10,12.22,12.3183,12.1316,12.279,9407274,300418
2019-10-11,12.2692,12.5346,12.0726,12.338,11838525,300418
2019-10-14,12.5051,12.6526,12.397,12.5445,12223477,300418
2019-10-15,12.7313,13.095,12.5838,13.0262,26682707,300418
2019-10-16,12.9967,13.0262,12.8394,12.9279,13335131,300418
2019-10-17,12.8984,13.5177,12.8984,13.2916,29375810,300418
2019-10-18,13.2621,13.5276,13.0852,13.0852,21838020,300418
2019-10-21,13.2228,13.4194,13.0164,13.331,19536129,300418
2019-10-22,13.3309,13.3309,12.8296,13.1048,20227469,300418
2019-10-23,13.036,13.7242,12.9574,13.4588,29612735,300418
2019-10-24,13.4293,13.4293,13.036,13.2425,17505131,300418
2019-10-25,13.1442,13.3899,12.9279,13.331,18003578,300418
2019-10-28,13.6652,14.2354,13.3506,14.0879,45990604,300418
2019-10-29,13.8815,13.9601,13.3506,13.3703,29253540,300418
2019-10-30,13.3211,13.3211,13.0164,13.1442,15151056,300418
2019-10-31,13.1442,13.4293,13.1048,13.1245,12604429,300418
2019-11-01,13.095,13.9798,13.0458,13.9012,32769549,300418
2019-11-04,13.8422,14.1666,13.7439,13.9208,34053811,300418
2019-11-05,13.9995,14.2354,13.9012,13.9896,31908983,300418
2019-11-06,13.9208,14.0978,13.6849,13.793,23072996,300418
2019-11-07,13.7635,14.6876,13.6455,14.3337,47023530,300418
2019-11-08,14.4419,14.8941,14.2747,14.4812,44305716,300418
2019-11-11,14.3534,14.668,14.0486,14.0585,31744111,300418
2019-11-12,14.1174,14.7466,14.0093,14.7466,40355214,300418
2019-11-13,14.5992,14.6778,14.373,14.5697,28621820,300418
2019-11-14,14.55,14.6975,14.3042,14.4812,27678965,300418
2019-11-15,14.4124,14.8449,13.8618,13.8717,44045634,300418
2019-11-18,13.8913,13.9995,13.4194,13.6062,34198304,300418
2019-11-19,13.5276,14.9629,13.4686,14.9629,59704544,300418
2019-11-20,15.2677,15.6118,14.8351,14.9432,84995258,300418
2019-11-21,14.8351,15.1792,14.6876,14.9432,38590659,300418
2019-11-22,14.9236,15.1694,14.2551,14.3436,48440910,300418
2019-11-25,14.4124,14.5697,13.9995,14.1076,28962713,300418
2019-11-26,14.1568,14.2944,13.7045,13.8815,27883769,300418
2019-11-27,13.8815,14.1469,13.675,13.9896,21072246,300418
2019-11-28,13.8618,13.9995,13.7242,13.911,17917577,300418
2019-11-29,13.9012,14.1469,13.7537,14.1469,21324607,300418
2019-12-02,14.1568,14.2649,13.9995,14.2157,19090115,300418
2019-12-03,14.0388,14.0879,13.675,13.9601,21001120,300418
2019-12-04,13.8913,14.0781,13.8028,13.852,14792778,300418
2019-12-05,13.9306,14.1863,13.8913,14.1469,21702883,300418
2019-12-06,14.1469,14.8351,14.0781,14.6287,41976619,300418
2019-12-09,14.5992,15.0317,14.55,14.8253,35868018,300418
2019-12-10,14.8351,15.0022,14.5992,14.9432,26480693,300418
2019-12-11,14.9039,15.0809,14.5893,14.6483,25389327,300418
2019-12-12,14.6483,15.1399,14.5107,15.0022,30851385,300418
2019-12-13,15.1399,15.1989,14.7958,14.9826,28949691,300418
2019-12-16,14.9826,15.7789,14.9334,15.6314,43619740,300418
2019-12-17,15.6216,16.0345,15.5233,15.7297,45357414,300418
2019-12-18,15.6413,16.8603,15.6314,16.3491,52320753,300418
2019-12-19,16.3983,16.8898,16.1328,16.6047,42570820,300418
2019-12-20,16.5064,16.8898,15.9657,15.9657,40858668,300418
2019-12-23,15.8772,16.6735,15.6511,16.064,39792729,300418
2019-12-24,16.2016,17.1356,16.064,17.0274,43938098,300418
2019-12-25,16.9193,17.5878,16.821,17.0864,47555616,300418
2019-12-26,17.0373,17.4502,16.6932,17.1061,34643380,300418
2019-12-27,17.1061,17.2634,16.6637,16.7128,31337233,300418
2019-12-30,16.585,16.8308,16.1328,16.6637,26882824,300418
2019-12-31,16.6047,16.8112,16.2508,16.4671,26242982,300418
2020-01-02,16.5654,17.9516,16.4277,17.4502,43535962,300418
2020-01-03,17.4502,18.0302,17.3814,17.6271,39780516,300418
2020-01-06,17.2732,18.1777,17.2044,17.696,43346270,300418
2020-01-07,17.7254,19.4655,17.5878,19.2394,60032053,300418
2020-01-08,18.797,19.1215,18.5709,18.6397,41643521,300418
2020-01-09,18.9642,19.2591,18.3841,18.8757,39393353,300418
2020-01-10,18.7774,18.974,18.3546,18.6889,25803607,300418
2020-01-13,18.5119,19.0133,18.1973,19.0133,30769665,300418
2020-01-14,18.9937,19.5147,18.6397,18.738,33644511,300418
2020-01-15,18.6397,19.0428,18.4136,18.6496,26973411,300418
2020-01-16,18.6987,19.3082,18.5611,19.2591,39596683,300418
2020-01-17,18.7872,18.7872,17.3322,17.3322,61762451,300418
2020-01-20,17.0471,18.2563,17.0471,17.8926,52139727,300418
2020-01-21,18.0892,18.5611,17.8041,17.9811,31141074,300418
2020-01-22,17.9614,18.5513,17.6173,18.4628,28829464,300418
2020-01-23,18.335,19.3181,17.9122,18.4628,44340630,300418
2020-02-03,18.3448,20.311,17.578,19.4164,100528830,300418
2020-02-04,19.5049,21.3629,19.1706,21.3629,70873692,300418
2020-02-05,22.6115,23.4963,22.4247,23.4963,81862872,300418
2020-02-06,24.4597,25.6198,23.4766,24.8431,99321081,300418
2020-02-07,24.4204,26.4161,24.1845,25.2855,97700527,300418
2020-02-10,24.5286,27.2321,24.4401,25.1774,108341576,300418
2020-02-11,25.0103,25.3544,23.2997,24.4302,69472240,300418
2020-02-12,24.5777,25.3052,24.0862,25.1774,60314942,300418
2020-02-13,24.8726,24.9611,23.9977,24.3909,53850178,300418
2020-02-14,24.3614,24.8628,23.4963,23.6438,49344755,300418
2020-02-17,24.1156,24.2729,23.6143,23.8502,49375227,300418
2020-02-18,23.8895,25.315,23.8109,24.6072,59944708,300418
2020-02-19,24.2828,24.5482,23.4963,23.4963,49573131,300418
2020-02-20,23.5848,24.037,23.2898,23.9387,38606171,300418
2020-02-21,24.1845,24.8923,23.8895,24.0075,52624308,300418
2020-02-24,23.6044,24.5777,23.4176,24.3811,48361706,300418
2020-02-25,24.0862,24.6662,22.4935,23.7027,58091861,300418
2020-02-26,23.3095,24.0862,22.4935,22.9359,44360288,300418
2020-02-27,23.1522,24.7252,22.5132,24.617,73914761,300418
2020-02-28,24.7743,26.3178,22.6017,22.9556,126492719,300418
2020-03-02,23.398,23.6929,20.6649,22.1396,98380402,300418
2020-03-03,22.2772,22.9556,21.5301,21.9037,64243349,300418
2020-03-04,21.6284,22.3559,21.4514,22.1003,39804681,300418
2020-03-05,22.3166,22.4444,21.648,21.884,35755340,300418
2020-03-06,21.6284,22.2674,21.4416,21.9233,33849760,300418
2020-03-09,22.464,22.8868,20.9894,21.0483,53645498,300418
2020-03-10,20.8222,22.4149,20.7829,22.2674,45280585,300418
2020-03-11,22.2182,22.3461,21.186,21.2351,35031824,300418
2020-03-12,21.2351,21.5596,20.8026,20.9795,31253599,300418
2020-03-13,19.8588,20.9205,19.2886,20.4585,40518515,300418
2020-03-16,20.6354,21.0582,19.3574,19.613,39819087,300418
2020-03-17,19.8588,20.1537,19.2984,19.9964,30239961,300418
2020-03-18,20.1439,20.193,19.0526,19.1215,42848110,300418
2020-03-19,19.1018,19.3967,18.4529,19.1706,34532150,300418
2020-03-20,19.2788,19.613,18.856,19.0723,26851406,300418
2020-03-23,18.4333,18.6692,17.7254,18.0597,28549916,300418
2020-03-24,18.4824,18.738,17.5976,18.276,27955993,300418
2020-03-25,18.6889,18.9347,18.4136,18.7282,29420011,300418
2020-03-26,18.6102,18.9248,18.3153,18.3743,22617379,300418
2020-03-27,18.6889,18.8069,17.8041,18.099,22209281,300418
2020-03-30,17.7943,17.8336,16.7227,17.342,35564554,300418
2020-03-31,17.637,17.9122,17.4305,17.4895,19263950,300418
2020-04-01,17.6173,18.0302,17.3814,17.6173,18724342,300418
2020-04-02,17.7844,18.3448,17.7254,18.335,24842006,300418
2020-04-03,18.2367,18.3448,17.6271,17.7451,22462263,300418
2020-04-07,18.1875,18.8364,18.1384,18.6201,37527931,300418
2020-04-08,18.4824,19.1018,18.4529,18.856,29157861,300418
2020-04-09,18.9248,19.2198,18.8069,19.0428,23580993,300418
2020-04-10,19.0526,19.1018,18.04,18.3546,27284730,300418
2020-04-13,18.2858,18.5807,17.8926,18.4726,17546540,300418
2020-04-14,18.5611,19.8588,18.5119,19.6032,39079307,300418
2020-04-15,19.5147,19.731,19.1018,19.1215,29061899,300418
2020-04-16,19.151,19.849,19.092,19.8096,37433362,300418
2020-04-17,19.9571,20.0554,19.3181,19.4557,37479851,300418
2020-04-20,19.4754,19.7801,19.151,19.7015,27527555,300418
2020-04-21,19.5147,19.5344,19.1706,19.3574,19741519,300418
2020-04-22,19.3181,19.5344,19.1804,19.4655,19542168,300418
2020-04-23,19.5049,19.5344,18.9838,19.0723,25265311,300418
2020-04-24,19.092,19.2689,18.4726,18.5709,19148027,300418
2020-04-27,18.6791,19.2099,18.5709,18.9347,16802070,300418
2020-04-28,19.1215,19.5147,18.1973,19.4655,26988269,300418
2020-04-29,19.5835,19.9964,19.2198,19.7015,32528353,300418
2020-04-30,19.9178,20.4192,19.9079,20.1439,33766468,300418
2020-05-06,19.849,20.37,19.6032,20.2815,33912672,300418
2020-05-07,20.2324,20.2324,19.7801,19.8785,26652468,300418
2020-05-08,19.9768,20.3602,19.9276,20.0554,24770934,300418
2020-05-11,20.0652,20.311,19.7605,19.9276,26303230,300418
2020-05-12,19.9079,19.9374,19.3279,19.5737,27343594,300418
2020-05-13,19.4655,19.8195,19.4262,19.672,20758737,300418
2020-05-14,19.613,21.6284,19.5245,21.6186,92231730,300418
2020-05-15,21.3236,21.6972,21.2351,21.2745,60484917,300418
2020-05-18,21.3433,21.4711,20.37,20.6649,42725575,300418
2020-05-19,21.0287,22.3657,20.8222,22.1003,58802150,300418
2020-05-20,21.825,22.5722,21.7365,21.8447,42728654,300418
2020-05-21,22.0315,22.2084,21.3138,21.4907,31010192,300418
2020-05-22,21.5301,22.0216,21.0877,21.2351,32867243,300418
2020-05-25,21.2351,21.4416,20.7436,21.1073,25460630,300418
2020-05-26,21.2155,21.7562,21.0189,21.648,36956560,300418
2020-05-27,21.6579,21.766,20.6551,20.7633,34191886,300418
2020-05-28,20.7338,20.95,20.2324,20.8419,28247137,300418
2020-05-29,20.6649,22.2084,20.5076,21.7759,46926229,300418
2020-06-01,21.884,22.6705,21.6874,22.5132,44314847,300418
2020-06-02,22.405,22.4345,22.0216,22.2183,28841179,300418
2020-06-03,22.2576,22.6115,21.8545,21.9331,29422948,300418
2020-06-04,22.0216,22.4149,21.6775,22.405,29127192,300418
2020-06-05,22.2576,22.3362,21.9725,22.0904,18997208,300418
2020-06-08,22.2183,22.4345,21.5006,21.5497,28961753,300418
2020-06-09,21.766,22.6606,21.648,22.582,46276088,300418
2020-06-10,22.6171,22.9616,22.312,22.7155,34871546,300418
2020-06-11,22.7844,23.4438,22.3514,22.3612,47947468,300418
2020-06-12,21.8691,22.8927,21.7805,22.6762,44175992,300418
2020-06-15,23.5324,23.7785,22.6565,23.0206,57526185,300418
2020-06-16,22.4892,22.5088,21.2687,21.3376,91733030,300418
2020-06-17,21.1802,21.4459,20.7668,21.2097,40889425,300418
2020-06-18,21.19,21.4164,21.0621,21.3475,25179807,300418
2020-06-19,21.1998,21.3278,20.8849,21.2097,28419217,300418
2020-06-22,21.5049,21.8002,21.3672,21.6526,31213546,300418
2020-06-23,21.7412,23.7489,21.6034,23.247,73010030,300418
2020-06-24,23.3159,24.3591,23.1781,23.9359,67211982,300418
2020-06-29,24.1229,24.4871,23.6604,23.9261,43547496,300418
2020-06-30,24.369,24.7824,24.0048,24.5757,37789989,300418
2020-07-01,24.5757,25.0875,23.9655,24.5363,37382042,300418
2020-07-02,24.5265,24.9792,24.2607,24.4871,37813645,300418
2020-07-03,24.4969,24.9497,24.0639,24.6347,36419445,300418
2020-07-06,24.7824,25.5205,24.3788,25.3532,59634793,300418
2020-07-07,25.1957,26.4555,24.9989,25.6485,59887106,300418
2020-07-08,25.678,27.7547,25.6681,27.4889,59267486,300418
2020-07-09,27.9515,28.7684,27.4496,27.9909,61342048,300418
2020-07-10,27.8925,30.1758,27.7842,29.5853,64512860,300418
2020-07-13,30.0676,30.6384,29.2408,30.353,54680295,300418
2020-07-14,30.0183,30.2939,27.9023,28.729,70499164,300418
2020-07-15,28.0499,28.5223,26.4949,26.6917,84585798,300418
2020-07-16,27.1641,27.42,25.0973,25.3335,56422200,300418
2020-07-17,25.3237,26.1012,25.2056,25.6977,39588879,300418
2020-07-20,25.9831,26.1996,24.9792,26.1307,43345578,300418
2020-07-21,26.2291,27.1346,25.9929,26.6228,44796175,300418
2020-07-22,26.6228,26.9279,26.2784,26.3866,38529861,300418
2020-07-23,25.8847,26.3276,25.0186,25.9437,39285119,300418
2020-07-24,25.7075,26.0914,23.8572,23.9655,44280704,300418
2020-07-27,24.2017,24.6839,23.9163,24.1426,25673395,300418
2020-07-28,24.5068,25.0186,24.241,24.615,29260860,300418
2020-07-29,25.0973,27.0952,24.8512,27.0952,64331907,300418
2020-07-30,27.1641,27.1641,26.2193,26.4457,45611101,300418
2020-07-31,26.5736,26.9181,26.111,26.5342,41189582,300418
2020-08-03,26.5342,27.0067,26.4752,26.9673,39780931,300418
2020-08-04,27.2626,27.4299,26.0323,26.1701,45967249,300418
2020-08-05,26.2095,26.8197,25.9044,26.4457,30456648,300418
2020-08-06,26.5244,26.613,25.6189,25.9831,29456251,300418
2020-08-07,25.8847,26.052,24.6446,25.0087,31849823,300418
2020-08-10,24.9792,25.4516,24.7233,25.2056,18838777,300418
2020-08-11,25.2941,25.363,24.3788,24.4182,23593050,300418
2020-08-12,24.3591,24.5461,23.1387,23.7194,29860874,300418
2020-08-13,23.8178,24.0639,23.621,23.808,15622447,300418
2020-08-14,23.8178,24.5265,23.6505,24.5068,23735174,300418
2020-08-17,24.6938,25.0875,24.4576,25.0579,25885979,300418
2020-08-18,25.0875,25.1465,24.7725,25.0087,18259199,300418
2020-08-19,25.0087,25.0087,24.0442,24.1131,22323054,300418
2020-08-20,24.0442,25.2449,23.7391,24.7135,27208277,300418
2020-08-21,24.7627,26.1406,24.7627,26.0717,52153930,300418
2020-08-24,26.5638,26.7409,25.3138,26.2587,47310591,300418
2020-08-25,26.5638,29.7034,25.9831,28.1976,84671383,300418
2020-08-26,28.3944,29.4573,27.1641,27.6169,68007084,300418
2020-08-27,27.4988,28.4239,27.0559,27.6661,52438002,300418
2020-08-28,27.5775,27.6169,26.3571,27.2035,48696135,300418
2020-08-31,27.174,28.4633,27.174,27.4003,48140713,300418
2020-09-01,27.4299,27.9318,26.9968,27.5677,29089911,300418
2020-09-02,27.548,29.3392,27.3708,28.7684,62673915,300418
2020-09-03,28.6405,28.7192,27.5086,27.6169,42689110,300418
2020-09-04,26.7705,27.4791,26.5835,27.3807,28567624,300418
2020-09-07,27.2921,28.0204,26.7901,26.9476,32946835,300418
2020-09-08,26.9771,27.2724,26.5441,27.1248,27011811,300418
2020-09-09,26.7508,26.8295,24.743,24.9989,47725591,300418
2020-09-10,25.5107,28.2566,25.3434,27.0362,81840033,300418
2020-09-11,26.5736,28.8668,26.4752,27.8334,76555228,300418
2020-09-14,28.355,30.3628,27.7448,30.2053,108892538,300418
2020-09-15,30.2152,30.2152,28.4239,28.5125,75109625,300418
2020-09-16,28.2566,29.2999,28.0499,28.6601,49280922,300418
2020-09-17,28.3255,28.5125,27.5381,27.9712,45363891,300418
2020-09-18,27.9515,28.0795,27.0756,27.9909,39082960,300418
2020-09-21,27.9613,28.5716,27.1346,27.2035,34764641,300418
2020-09-22,26.8,27.7055,26.7016,26.9771,27773056,300418
2020-09-23,27.0263,27.7153,26.9181,27.4692,25828944,300418
2020-09-24,27.174,27.3315,26.3768,26.4063,29079162,300418
2020-09-25,26.6228,26.8492,26.239,26.4555,17119950,300418
2020-09-28,26.5638,26.9673,25.9634,26.0028,17693533,300418
2020-09-29,26.2882,26.4358,25.8945,26.298,15258100,300418
2020-09-30,26.3669,26.4555,25.491,25.6977,18394954,300418
2020-10-09,26.1799,26.6917,26.111,26.4358,22505200,300418
2020-10-12,26.6917,27.233,26.4949,27.0952,36104744,300418
2020-10-13,26.8689,26.8689,25.3827,25.7666,51221174,300418
2020-10-14,26.239,26.9378,26.111,26.1701,36974229,300418
2020-10-15,25.8847,25.8847,25.0678,25.2646,28823743,300418
2020-10-16,25.3434,25.5697,25.117,25.5008,15378687,300418
2020-10-19,25.6091,25.7567,24.7528,24.8512,22305621,300418
2020-10-20,25.117,25.6386,24.9497,25.4713,18349071,300418
2020-10-21,25.5402,25.6583,24.9989,25.3729,14344081,300418
2020-10-22,25.1859,25.4516,24.9595,25.4122,11869814,300418
2020-10-23,25.3138,25.6288,24.6642,24.7627,17749802,300418
2020-10-26,25.2941,26.0028,25.2941,25.5697,30153391,300418
2020-10-27,25.1465,25.5205,24.7331,25.3926,17558290,300418
2020-10-28,25.3926,26.0323,25.0678,25.8748,26007918,300418
2020-10-29,25.5402,26.0815,25.4122,25.9142,20045697,300418
2020-10-30,25.9437,26.0618,24.054,24.1131,39463452,300418
2020-11-02,24.1131,24.8808,24.0934,24.1918,20361405,300418
2020-11-03,24.182,24.6839,24.0639,24.4379,15397143,300418
2020-11-04,24.5757,24.6446,23.306,23.6308,32370664,300418
2020-11-05,23.7981,23.9359,23.2667,23.621,27110442,300418
2020-11-06,23.7883,23.8572,22.1939,22.5384,40641632,300418
2020-11-09,22.7155,23.5226,22.5384,23.2273,31109211,300418
2020-11-10,23.5423,23.5718,22.9025,23.306,22892214,300418
2020-11-11,23.0305,23.0797,22.4498,22.4892,19008807,300418
2020-11-12,22.558,22.7943,22.4203,22.6073,11529938,300418
2020-11-13,22.4399,22.499,22.0758,22.371,11903227,300418
2020-11-16,22.371,22.4301,21.9577,22.3907,12433520,300418
2020-11-17,22.2431,22.312,21.1802,21.5935,25497864,300418
2020-11-18,21.6329,22.1053,21.5345,21.6723,15843805,300418
2020-11-19,21.6821,22.0364,21.2884,22.0364,14367196,300418
2020-11-20,21.9774,22.2431,21.8199,22.0364,12381799,300418
2020-11-23,22.0659,22.3218,21.7805,22.184,14907980,300418
2020-11-24,22.2923,22.4793,21.9085,22.0463,14942106,300418
2020-11-25,22.0955,22.4104,21.623,21.8691,18722714,300418
2020-11-26,21.8789,22.0955,21.5542,21.623,11881106,300418
2020-11-27,21.751,21.8789,21.3868,21.5148,11351687,300418
2020-11-30,21.3672,21.9675,20.2255,21.6919,31242174,300418
2020-12-01,21.6526,23.2076,21.4656,22.5384,40227942,300418
2020-12-02,22.7057,22.7057,22.1447,22.3907,21200255,300418
2020-12-03,22.2923,22.6762,22.184,22.4203,18104265,300418
2020-12-04,22.4104,22.5285,22.0856,22.4695,12716425,300418
2020-12-07,22.7254,22.7844,22.2529,22.2726,10679437,300418
2020-12-08,22.1742,22.7352,22.1644,22.2234,14551208,300418
2020-12-09,22.2037,22.2037,21.6034,21.6034,15797960,300418
2020-12-10,21.5246,21.8002,21.2786,21.5443,9637192,300418
2020-12-11,21.5443,21.5738,20.3239,20.4814,25669252,300418
2020-12-14,20.3731,20.9439,19.6349,20.875,19026302,300418
2020-12-15,20.8554,21.1802,20.5601,20.6782,12969401,300418
2020-12-16,20.9046,20.9636,20.4026,20.5109,10161356,300418
2020-12-17,20.6979,21.0424,20.3928,20.9932,14584717,300418
2020-12-18,21.0325,21.0522,20.4518,20.4617,13153988,300418
2020-12-21,20.2747,20.7373,20.1566,20.4715,14728596,300418
2020-12-22,20.4814,20.4814,19.5267,19.5956,24844408,300418
2020-12-23,19.694,19.8712,19.0739,19.7629,20507604,300418
2020-12-24,19.6842,19.7038,19.133,19.133,13397848,300418
2020-12-25,19.0247,19.32,18.946,18.9657,11669761,300418
2020-12-28,18.9657,19.0641,18.2078,18.326,24070251,300418
2020-12-29,18.4047,19.4479,18.4047,18.9263,31636854,300418
2020-12-30,18.7984,19.2806,18.5523,19.1232,21531634,300418
2020-12-31,19.0444,19.8023,18.9263,19.6349,22056588,300418
2021-01-04,19.6645,19.8515,19.4479,19.694,23482497,300418
2021-01-05,19.5365,19.9597,19.4184,19.6349,19577364,300418
2021-01-06,19.6546,19.7334,19.2019,19.448,17023752,300418
2021-01-07,19.2609,19.4381,18.4539,18.6507,23362019,300418
2021-01-08,18.7098,21.5148,18.6507,20.8357,59274870,300418
2021-01-11,20.6684,21.7608,20.3731,21.5738,63788387,300418
2021-01-12,21.4459,21.4557,20.875,21.1113,35933362,300418
2021-01-13,21.2392,22.3809,20.7274,21.3376,52527444,300418
2021-01-14,21.623,22.4006,21.4656,21.6427,44802651,300418
2021-01-15,21.751,21.7707,20.9735,21.1605,31851739,300418
2021-01-18,21.0325,21.4164,20.6979,21.19,25496096,300418
2021-01-19,21.1113,21.3672,20.7865,20.816,29317164,300418
2021-01-20,20.9046,21.1113,20.3239,20.9243,22371862,300418
2021-01-21,21.997,22.7746,21.4754,22.4892,69951080,300418
2021-01-22,22.184,22.7254,21.8297,22.5384,50552285,300418
2021-01-25,22.6171,22.6171,21.6821,21.8002,36283022,300418
2021-01-26,22.0069,23.306,21.751,22.686,51370092,300418
2021-01-27,23.2273,25.363,23.2273,24.3887,82775831,300418
2021-01-28,24.3591,24.9595,23.6702,23.7883,63203050,300418
2021-01-29,24.1131,24.4674,22.9616,23.6013,46994801,300418
2021-02-01,23.621,23.7588,23.0108,23.4241,31888790,300418
2021-02-02,23.3356,23.3356,22.1447,22.4695,39090921,300418
2021-02-03,22.1742,22.9419,21.8199,21.8297,38275293,300418
2021-02-04,21.8888,21.938,20.0188,20.3633,50255328,300418
2021-02-05,20.7668,20.9538,19.7826,19.8023,26147426,300418
2021-02-08,20.0483,20.7668,19.5562,20.5503,25656485,300418
2021-02-09,20.4518,21.1408,20.4026,20.9341,25819927,300418
2021-02-10,21.0227,21.2589,20.5699,20.7865,21264418,300418
2021-02-18,21.5049,22.8828,21.5049,22.5482,42141996,300418
2021-02-19,22.6368,23.4537,22.5285,23.2076,38464009,300418
2021-02-22,23.1683,24.1623,22.7844,22.8533,49199063,300418
2021-02-23,22.2037,22.7352,22.0856,22.2333,31538065,300418
2021-02-24,22.1545,23.3159,22.0561,23.0305,40896022,300418
2021-02-25,23.1289,23.2765,22.3809,22.8139,25568313,300418
2021-02-26,22.5679,23.2175,22.3809,22.8435,27187770,300418
2021-03-01,23.6702,27.1543,23.6702,26.1996,104562371,300418
2021-03-02,26.3965,27.233,25.6681,25.8158,83358841,300418
2021-03-03,25.9732,26.1701,24.6643,25.2252,62945372,300418
2021-03-04,25.2941,26.1504,24.5363,24.7036,56275908,300418
2021-03-05,24.2115,25.363,24.1131,24.802,41824231,300418
2021-03-08,24.7627,25.4319,24.2903,24.369,41949520,300418
2021-03-09,24.1328,24.2706,22.932,23.3848,41582100,300418
2021-03-10,23.8277,23.9261,22.9911,23.1289,25399682,300418
2021-03-11,23.6111,25.0186,23.434,24.4674,42574883,300418
2021-03-12,24.4871,24.5658,23.4241,23.6997,31209221,300418
2021-03-15,23.6997,23.6997,22.5384,23.0206,26921222,300418
2021-03-16,23.1387,23.5226,22.8927,23.2667,20989600,300418
2021-03-17,23.1584,23.1683,22.6466,23.1289,17500514,300418
2021-03-18,23.06,23.3848,22.7844,23.1683,20198152,300418
2021-03-19,22.8336,22.9813,22.0955,22.1447,32573793,300418
2021-03-22,22.2037,23.434,21.9675,23.1387,30390630,300418
2021-03-23,23.0797,23.7686,22.7057,23.5226,35196821,300418
2021-03-24,23.2273,23.4734,22.745,22.9517,22814518,300418
2021-03-25,22.7155,24.3591,22.3514,24.0836,44934926,300418
2021-03-26,24.0147,24.2903,23.7096,24.1426,31388852,300418
2021-03-29,24.2115,24.7233,23.808,23.9163,28663530,300418
2021-03-30,23.7686,23.7686,23.0994,23.3356,23865057,300418
2021-03-31,23.1486,23.9458,23.1486,23.3356,20974053,300418
2021-04-01,23.2273,23.3749,22.8533,23.119,17665000,300418
2021-04-02,23.2175,23.9064,23.1092,23.6407,23532317,300418
2021-04-06,23.8178,24.0048,23.5324,23.9064,20235646,300418
2021-04-07,23.8277,23.8474,23.2962,23.3356,21730423,300418
2021-04-08,23.0895,23.0994,22.2529,22.3809,35762546,300418
2021-04-09,22.3809,22.6466,22.1152,22.4596,17794790,300418
2021-04-12,21.7313,21.7313,19.6842,19.8515,51820091,300418
2021-04-13,20.1172,20.2058,19.6645,19.8023,17748626,300418
2021-04-14,19.6349,19.9302,19.3791,19.8515,13743476,300418
2021-04-15,19.7531,19.8318,19.507,19.6448,11026460,300418
2021-04-16,19.5759,20.1074,19.4873,19.9991,16010545,300418
2021-04-19,19.8712,20.255,19.6842,20.1566,18807088,300418
2021-04-20,19.9991,20.4322,19.8416,19.8712,17592464,300418
2021-04-21,19.6842,19.9696,19.5365,19.7727,14119052,300418
2021-04-22,19.7924,19.8908,19.4381,19.4873,16144896,300418
2021-04-23,19.5267,19.9302,18.9165,19.8908,20491142,300418
2021-04-26,19.8908,20.0778,19.6054,19.6054,15750825,300418
2021-04-27,19.5267,19.7629,19.2905,19.3102,11647034,300418
2021-04-28,19.0444,19.4086,18.9165,19.0739,15451444,300418
2021-04-29,18.9165,19.1724,18.4342,18.7885,18818856,300418
2021-04-30,18.7393,18.8673,18.2275,18.2571,22952059,300418
2021-05-06,18.2866,18.6311,18.2767,18.3358,12811058,300418
2021-05-07,18.326,18.5523,18.0701,18.0897,13137327,300418
2021-05-10,18.1094,18.1882,17.6862,17.7846,15818820,300418
2021-05-11,17.7059,18.0405,17.5091,17.8142,15365904,300418
2021-05-12,17.7157,18.198,17.5681,18.1586,15337828,300418
2021-05-13,17.9913,18.2866,17.8929,17.9323,11110717,300418
2021-05-14,17.9716,18.2964,17.8929,18.2866,14323212,300418
2021-05-17,18.1882,18.4933,17.8929,17.9126,17255707,300418
2021-05-18,17.8831,18.2767,17.6173,18.1586,14995407,300418
2021-05-19,18.1586,18.1586,17.9126,17.9323,10038823,300418
2021-05-20,17.8929,18.0405,17.5484,17.9421,16020382,300418
2021-05-21,17.9126,18.2374,17.7157,17.7256,13876110,300418
2021-05-24,17.7157,17.8437,17.5091,17.7256,13433042,300418
2021-05-25,17.7157,17.9716,17.6272,17.952,15056997,300418
2021-05-26,18.0602,18.9952,18.0307,18.6015,30966645,300418
2021-05-27,18.5031,18.7885,18.4244,18.6015,15525093,300418
2021-05-28,18.6015,18.7787,18.2571,18.3555,14809378,300418
2021-05-31,18.4244,18.8279,18.2472,18.8082,16927007,300418
2021-06-01,18.7885,18.7984,18.5228,18.7196,14697086,300418
2021-06-02,18.6901,18.7393,18.2669,18.2767,12724910,300418
2021-06-03,18.2571,18.6507,18.2177,18.2571,10127461,300418
2021-06-04,18.2571,18.5622,18.2571,18.2964,10745754,300418
2021-06-07,18.3161,18.385,17.8929,17.9913,15126140,300418
2021-06-08,17.9716,18.7196,17.7846,18.6212,26568427,300418
2021-06-09,18.4244,18.5917,18.2767,18.4145,12823546,300418
2021-06-10,18.4539,18.8673,18.4145,18.8574,22666194,300418
2021-06-11,18.887,18.9558,18.3948,18.4145,18694087,300418
2021-06-15,18.3358,18.3555,17.8437,17.8831,14797933,300418
2021-06-16,17.824,17.9913,17.578,17.6468,11265652,300418
2021-06-17,17.6173,17.7748,17.3516,17.5287,12591124,300418
2021-06-18,17.6075,17.765,17.4008,17.765,10972324,300418
2021-06-21,17.6173,17.8535,17.578,17.6862,9646340,300418
2021-06-22,17.6764,18.0897,17.5386,17.8929,12314676,300418
2021-06-23,17.824,17.8437,17.4697,17.5976,14416763,300418
2021-06-24,17.5484,17.5976,16.7414,16.7807,28606139,300418
2021-06-25,16.8004,16.9776,16.7119,16.8595,11469304,300418
2021-06-28,16.9185,17.0662,16.7512,16.9481,9862103,300418
2021-06-29,16.9973,16.9973,16.6036,16.643,12138035,300418
2021-06-30,16.6134,16.7217,16.0229,16.1213,22423176,300418
2021-07-01,16.2001,16.5249,16.0918,16.141,14018026,300418
2021-07-02,16.9087,18.4834,16.9087,17.5189,51971523,300418
2021-07-05,16.456,16.9973,16.1705,16.8201,30916564,300418
2021-07-06,16.5839,17.8535,16.4855,17.5386,35190809,300418
2021-07-07,17.3221,17.8142,17.2827,17.4697,20645403,300418
2021-07-08,17.4402,17.6075,17.076,17.3024,19058142,300418
2021-07-09,17.246,18.2897,17.1069,17.9319,32647001,300418
2021-07-12,18.0909,18.6873,17.7132,18.2897,28233134,300418
2021-07-13,18.2699,19.413,18.2699,18.8762,36182010,300418
2021-07-14,18.8762,19.0352,18.4885,18.8961,24721553,300418
2021-07-15,18.9855,19.0452,18.2102,18.4985,18598526,300418
2021-07-16,18.3693,18.7669,18.2301,18.5184,15167654,300418
2021-07-19,18.3394,18.3494,17.7232,17.8822,16168677,300418
2021-07-20,17.7232,18.1307,17.6735,18.1108,13091530,300418
2021-07-21,18.1108,18.2897,17.9418,17.9816,13053473,300418
2021-07-22,17.9021,18.1406,17.7132,18.0512,15214746,300418
2021-07-23,17.9319,17.9816,17.0075,17.0472,25811330,300418
2021-07-26,16.9578,17.3653,16.6993,16.9975,15196197,300418
2021-07-27,16.8981,17.1466,16.4906,16.59,15488170,300418
2021-07-28,16.5701,16.7689,16.262,16.4508,12216750,300418
2021-07-29,16.6894,17.0969,16.5005,16.8484,13989070,300418
2021-07-30,16.8782,17.0075,16.5502,16.8286,11987469,300418
2021-08-02,16.8882,17.2957,16.6496,17.1864,13587735,300418
2021-08-03,17.0969,17.2759,16.5303,16.6596,19332677,300418
2021-08-04,16.4806,16.5403,16.1526,16.3315,18799814,300418
2021-08-05,16.262,16.262,15.427,15.4369,29389896,300418
2021-08-06,15.4071,15.7749,15.2083,15.7153,14509658,300418
2021-08-09,15.6854,15.9638,15.5264,15.8842,11110376,300418
2021-08-10,15.8842,15.9638,15.7153,15.9041,10680908,300418
2021-08-11,15.8842,16.083,15.7749,15.8047,10741801,300418
2021-08-12,15.7351,15.9339,15.586,15.596,11289548,300418
2021-08-13,15.5662,15.7351,15.427,15.6656,10232479,300418
2021-08-16,15.596,15.9836,15.5562,15.7848,11800887,300418
2021-08-17,15.8544,16.0333,15.7351,15.8644,14176555,300418
2021-08-18,15.8842,15.9339,15.596,15.8942,10608264,300418
2021-08-19,15.8942,16.2719,15.8246,16.1924,16451274,300418
2021-08-20,16.1129,16.1129,15.5662,15.6954,13026947,300418
2021-08-23,15.7053,15.7848,15.5562,15.7252,10739039,300418
2021-08-24,15.7252,15.7351,15.4171,15.5165,11804918,300418
2021-08-25,15.7252,16.8385,15.7153,16.2222,27582980,300418
2021-08-26,15.9737,16.5005,15.9141,16.3117,17441987,300418
2021-08-27,16.2123,16.3117,15.9737,16.1327,13816344,300418
2021-08-30,16.2023,16.8385,16.0632,16.7391,23603137,300418
2021-08-31,16.4806,16.8087,16.4111,16.7292,16911932,300418
2021-09-01,16.7192,17.5343,16.6795,17.1963,27826162,300418
2021-09-02,17.1963,17.2262,16.8782,16.9876,16555755,300418
2021-09-03,17.4747,17.9617,17.0174,17.0472,20491168,300418
2021-09-06,16.8981,17.1168,16.6794,16.9677,15737265,300418
2021-09-07,16.9677,17.743,16.8981,17.584,24836616,300418
2021-09-08,18.4885,20.8742,18.25,20.3871,101781942,300418
2021-09-09,19.3931,19.4726,18.3891,18.4985,73291516,300418
2021-09-10,18.409,18.9557,18.3196,18.4289,37570919,300418
2021-09-13,18.4388,20.3772,18.1009,19.8106,69455878,300418
2021-09-14,19.9398,20.0591,18.8464,18.9657,43741907,300418
2021-09-15,18.9259,19.3434,18.7072,19.0054,24246657,300418
2021-09-16,19.0452,19.5223,18.6774,18.6774,28333994,300418
2021-09-17,18.6675,18.6675,17.922,18.25,20027706,300418
2021-09-22,17.9717,18.1208,17.8126,17.9518,14205828,300418
2021-09-23,18.0909,18.4388,17.9816,18.1009,17047659,300418
2021-09-24,18.0909,18.5482,17.8921,17.8921,21151266,300418
2021-09-27,17.6635,17.8126,16.9578,17.0472,21797416,300418
2021-09-28,17.0472,17.256,16.7987,16.9975,10730703,300418
2021-09-29,16.8882,17.0572,16.5602,16.5602,11880091,300418
2021-09-30,16.5999,17.0969,16.59,16.8484,9404838,300418
2021-10-08,16.9478,17.1864,16.8882,16.9578,9835670,300418
2021-10-11,17.7927,18.9855,17.5442,18.6873,45975005,300418
2021-10-12,18.3891,18.6376,18.2599,18.5382,22381285,300418
2021-10-13,18.6774,18.6873,18.0214,18.2301,15926142,300418
2021-10-14,18.0909,18.4488,17.9915,18.0711,14639091,300418
2021-10-15,17.9518,18.0512,17.6536,17.8325,13770587,300418
2021-10-18,17.753,17.8524,17.4647,17.5343,14789627,300418
2021-10-19,17.5542,18.1705,17.5045,18.1108,18610093,300418
2021-10-20,18.081,18.3394,17.8126,17.8921,15268349,300418
2021-10-21,17.8921,18.0611,17.5442,17.5442,11610638,300418
2021-10-22,17.7033,18.1705,17.7033,17.9717,21560335,300418
2021-10-25,17.8723,18.5879,17.5741,18.1903,21747548,300418
2021-10-26,17.912,18.0711,17.743,17.7629,15770161,300418
2021-10-27,17.6933,17.8623,17.3554,17.425,13408424,300418
2021-10-28,17.3256,17.7033,17.1963,17.4448,11097332,300418
2021-10-29,17.5542,18.9657,17.4747,18.578,39296991,300418
2021-11-01,19.1744,21.9676,18.9855,21.2419,111398313,300418
2021-11-02,21.3115,22.057,21.0233,21.3215,81778222,300418
2021-11-03,21.6694,22.7926,21.5401,21.729,70192411,300418
2021-11-04,21.8185,22.0471,21.3215,21.5401,58756392,300418
2021-11-05,20.9736,22.5242,20.7549,21.7588,77722438,300418
2021-11-08,21.5799,22.7727,21.4209,22.4646,77935202,300418
2021-11-09,23.3691,23.7071,22.395,22.4646,75505255,300418
2021-11-10,22.9715,24.5321,22.7727,23.3294,88294973,300418
2021-11-11,22.5242,24.1246,22.3652,23.4884,74404033,300418
2021-11-12,23.0312,24.1146,22.9616,23.4188,56261826,300418
2021-11-15,23.8462,23.9854,23.1803,23.5878,49687826,300418
2021-11-16,23.4486,24.3532,23.061,23.1107,61270974,300418
2021-11-17,23.1604,24.9496,22.9715,24.1643,81254228,300418
2021-11-18,24.1047,24.1842,22.0769,22.6236,78805683,300418
2021-11-19,23.1405,23.22,22.4646,22.6534,42934241,300418
2021-11-22,22.6733,23.7369,22.3155,23.3592,46021765,300418
2021-11-23,23.1206,23.2101,22.3155,22.6336,42967859,300418
2021-11-24,22.892,23.1604,22.4646,22.8423,37665429,300418
2021-11-25,22.7131,22.9516,21.5799,21.6296,48335732,300418
2021-11-26,21.6296,21.7489,21.1922,21.3016,27242535,300418
2021-11-29,20.9437,21.4209,20.9338,21.073,22484364,300418
2021-11-30,21.5103,21.56,20.7052,20.9835,27908409,300418
2021-12-01,20.904,21.2022,20.8245,21.1028,22447573,300418
2021-12-02,20.9636,20.9636,20.3871,20.4666,28626109,300418
2021-12-03,20.6257,20.7549,20.407,20.4766,16288351,300418
2021-12-06,20.3275,20.6853,20.0889,20.1784,31164332,300418
2021-12-07,20.3772,20.5561,20.1088,20.2877,28382656,300418
2021-12-08,20.2678,20.9239,20.1684,20.6455,36029992,300418
2021-12-09,20.6455,21.0332,20.4269,20.6455,35165976,300418
2021-12-10,20.5263,21.4209,20.3374,21.1525,49494229,300418
2021-12-13,21.3016,22.4646,21.073,22.3652,58768822,300418
2021-12-14,22.0968,22.6435,21.8781,22.3652,51829961,300418
2021-12-15,22.2161,22.7031,22.0868,22.2558,38479199,300418
2021-12-16,22.1564,22.9914,21.888,22.6733,45511236,300418
2021-12-17,22.564,23.1405,22.1465,22.5938,42100438,300418
2021-12-20,22.2956,22.9616,21.9576,22.0471,41259014,300418
2021-12-21,22.3055,23.23,22.226,22.564,39666807,300418
2021-12-22,22.564,23.6673,22.3851,23.0908,51120881,300418
2021-12-23,23.6574,23.6773,22.8324,22.9616,40661053,300418
2021-12-24,23.0908,23.2399,21.9676,22.2658,32590158,300418
2021-12-27,22.1763,22.2558,21.3513,21.4606,28536316,300418
2021-12-28,21.4606,22.9616,21.2718,22.3354,37158427,300418
2021-12-29,22.1266,22.4546,21.4706,21.5401,24109688,300418
2021-12-30,21.5998,23.6077,21.3712,23.1504,64209070,300418
2021-12-31,23.2797,23.3592,22.7429,23.0113,36556154,300418
2022-01-04,23.1405,23.717,22.8324,23.3989,55772240,300418
2022-01-05,23.1604,25.0092,23.0908,24.711,102205156,300418
2022-01-06,25.8442,27.9614,25.8442,26.371,135481092,300418
2022-01-07,26.8382,27.7328,25.2975,25.4168,93410855,300418
2022-01-10,24.9496,25.2379,23.7767,24.1544,61223841,300418
2022-01-11,24.2538,24.3432,22.236,22.5043,84048053,300418
2022-01-12,22.564,22.7131,22.0968,22.5043,50288499,300418
2022-01-13,22.4546,22.6435,21.9378,21.9676,39966176,300418
2022-01-14,21.7787,22.554,21.6197,22.2956,38478901,300418
2022-01-17,22.0868,23.4387,21.9775,23.1902,56510339,300418
2022-01-18,23.1803,23.3791,22.1763,22.4149,49668164,300418
2022-01-19,22.5242,23.3691,22.3254,22.8622,53005252,300418
2022-01-20,22.5143,22.5143,21.4209,21.5799,49606871,300418
2022-01-21,21.5004,21.7688,20.8443,20.9736,27353065,300418
2022-01-24,20.7648,21.3215,20.6257,21.0531,19861594,300418
2022-01-25,21.1028,21.1127,19.8305,19.8603,35621930,300418
2022-01-26,19.9796,20.069,19.5422,19.741,23592805,300418
2022-01-27,19.7211,19.8603,18.9657,18.9955,20539706,300418
2022-01-28,19.5124,19.5124,18.5681,18.6376,21347272,300418
2022-02-07,18.5681,18.5681,17.9717,18.1406,39069344,300418
2022-02-08,18.1903,18.6376,18.0214,18.6078,27485415,300418
2022-02-09,18.5879,19.1744,18.5184,18.9756,26672477,300418
2022-02-10,18.9657,19.2241,18.737,19.0253,21730075,300418
2022-02-11,18.8961,19.0551,18.2897,18.3792,26466286,300418
2022-02-14,18.3693,18.6774,18.081,18.3792,16811041,300418
2022-02-15,18.3891,18.8762,18.3693,18.5382,17185201,300418
2022-02-16,18.7172,18.9557,18.6178,18.737,19394620,300418
2022-02-17,18.6774,18.7072,18.1804,18.3394,21426056,300418
2022-02-18,18.0214,18.5184,17.9717,18.4985,18327722,300418
2022-02-21,18.3792,18.737,18.3494,18.7072,17504110,300418
2022-02-22,18.5283,18.5283,17.246,17.4548,42338904,300418
2022-02-23,17.4548,17.9915,17.415,17.8424,24434515,300418
2022-02-24,17.6138,17.753,16.749,17.1268,32168779,300418
2022-02-25,17.246,17.7927,17.246,17.4448,19318458,300418
2022-02-28,17.4747,17.5741,17.0969,17.4647,14239570,300418
2022-03-01,17.3256,17.8424,17.0969,17.6238,17913077,300418
2022-03-02,17.4945,17.7132,17.3951,17.5939,12513894,300418
2022-03-03,17.6735,17.7232,17.3554,17.415,12855082,300418
2022-03-04,17.246,17.743,17.1765,17.5244,18856013,300418
2022-03-07,17.2957,17.2957,16.7292,17.0075,18891387,300418
2022-03-08,17.1765,17.4945,16.3812,16.5005,19922289,300418
2022-03-09,16.5502,16.6297,15.4071,16.1626,21620075,300418
2022-03-10,16.5005,16.7987,16.3812,16.4409,17194553,300418
2022-03-11,16.1129,16.9777,15.9836,16.9081,18463653,300418
2022-03-14,16.6496,17.0969,16.5204,16.5204,16523365,300418
2022-03-15,16.4508,16.4508,15.4071,15.4071,22794029,300418
2022-03-16,15.7153,15.8147,14.8902,15.765,23356643,300418
2022-03-17,15.9836,16.9975,15.9737,16.6198,33925251,300418
2022-03-18,16.4011,16.6794,16.3514,16.6297,16436122,300418
2022-03-21,16.7987,16.7987,16.2222,16.4508,19651784,300418
2022-03-22,16.3614,16.6198,16.0632,16.5502,16283841,300418
2022-03-23,16.59,17.0472,16.4608,16.6397,21392221,300418
2022-03-24,16.4409,16.58,16.2023,16.3713,14123233,300418
2022-03-25,16.4409,16.8584,16.2421,16.5403,20254432,300418
2022-03-28,16.5005,17.0472,16.421,16.8981,26302952,300418
2022-03-29,17.0472,17.0572,16.3912,16.4906,23042931,300418
2022-03-30,16.5105,16.8484,16.3514,16.7292,17390756,300418
2022-03-31,16.6297,16.8584,16.5701,16.7391,16861196,300418
2022-04-01,16.7987,17.8325,16.6993,17.415,57358211,300418
2022-04-06,17.2858,17.5939,17.1963,17.3156,28157297,300418
2022-04-07,17.2162,17.6933,16.8484,16.8484,28771336,300418
2022-04-08,16.7788,16.8683,15.9638,16.2421,26417095,300418
2022-04-11,15.9936,16.1427,15.5264,15.7948,18857789,300418
2022-04-12,16.4608,16.6894,15.8743,16.3713,28606048,300418
2022-04-13,16.1029,16.252,15.6357,15.6854,18840595,300418
2022-04-14,15.8047,15.8644,15.5562,15.6357,14324075,300418
2022-04-15,15.4469,15.4469,15.0493,15.1089,14620659,300418
2022-04-18,15.0592,15.0592,14.5324,14.9896,14255897,300418
2022-04-19,14.9201,15.1686,14.8306,15.0791,11760723,300418
2022-04-20,15.1487,15.4369,14.9399,14.9399,13995701,300418
2022-04-21,14.8306,15.1487,14.4231,14.4529,16010053,300418
2022-04-22,14.4628,14.5523,14.0652,14.264,11388871,300418
2022-04-25,14.0553,14.0553,12.9122,12.9221,20700528,300418
2022-04-26,13.0712,13.4787,12.8823,12.942,19472185,300418
2022-04-27,12.8923,13.3893,12.5841,13.3296,16906742,300418
2022-04-28,13.1308,13.2203,12.6835,13.0116,15986779,300418
2022-04-29,13.5384,14.3137,13.439,14.2441,31962177,300418
2022-05-05,14.0155,14.6119,13.9757,14.4827,20970536,300418
2022-05-06,13.9956,14.3336,13.936,14.1547,15104618,300418
2022-05-09,14.1547,14.5125,14.095,14.2342,11770808,300418
2022-05-10,14.0056,14.4429,13.926,14.4131,16088640,300418
2022-05-11,14.6914,14.8803,14.4429,14.4926,25172999,300418
2022-05-12,14.3137,14.5622,14.1447,14.3435,14554380,300418
2022-05-13,14.433,14.5423,14.1944,14.4032,10000374,300418
2022-05-16,14.6914,14.7809,14.4032,14.4926,16354534,300418
2022-05-17,14.5026,14.6318,14.2143,14.4926,12121574,300418
2022-05-18,14.5722,14.761,14.4628,14.5026,12424546,300418
2022-05-19,14.2143,14.6616,14.1447,14.6318,12946148,300418
2022-05-20,14.8604,14.8902,14.6119,14.8306,17258277,300418
2022-05-23,14.8704,15.1586,14.8306,14.9101,14916009,300418
2022-05-24,14.8207,14.9101,13.9658,13.9857,19056260,300418
2022-05-25,13.9062,14.3237,13.7372,14.2143,17449200,300418
2022-05-26,14.2342,14.5324,14.1248,14.4628,17186716,300418
2022-05-27,14.5722,14.6318,14.264,14.4429,13110744,300418
2022-05-30,14.5225,14.6119,14.3038,14.4628,11209394,300418
2022-05-31,14.4231,14.7113,14.1646,14.6716,16807850,300418
2022-06-01,14.592,14.7908,14.4728,14.7411,15985522,300418
2022-06-02,14.6119,14.8604,14.4529,14.8405,15656383,300418
2022-06-06,14.8107,15.2282,14.7411,15.1189,19127078,300418
2022-06-07,15.2083,15.2183,14.8803,15.0294,13777766,300418
2022-06-08,15.2083,15.3276,14.7511,15.1785,18841415,300418
2022-06-09,14.9996,15.0592,14.7411,14.8008,12620538,300418
2022-06-10,14.7014,15.1387,14.592,15.0791,16049321,300418
2022-06-13,14.9002,14.9399,14.6815,14.8505,15222865,300418
2022-06-14,14.6517,14.9101,14.2441,14.9002,17165673,300418
2022-06-15,14.8704,15.5562,14.8207,15.3574,33020982,300418
2022-06-16,15.3674,15.9737,15.3177,15.7948,37248847,300418
2022-06-17,15.6059,15.6457,15.1487,15.5065,24922366,300418
2022-06-20,15.5065,15.7053,15.3972,15.7053,19782478,300418
2022-06-21,15.7153,15.8842,15.4568,15.8544,23646227,300418
2022-06-22,15.8047,15.8047,15.1487,15.1785,20740895,300418
2022-06-23,15.2381,15.4668,15.0095,15.427,13064266,300418
2022-06-24,15.427,15.7252,15.3674,15.4866,15123223,300418
2022-06-27,15.4866,15.9339,15.4668,15.586,17725351,300418
2022-06-28,15.586,15.8942,15.3773,15.8147,17040400,300418
2022-06-29,15.7053,16.0532,15.5065,15.5562,18275441,300418
2022-06-30,15.6854,15.9538,15.6059,15.9041,20032807,300418
2022-07-01,15.9836,15.9836,15.5463,15.596,16490307,300418
2022-07-04,15.5562,15.6656,15.3574,15.6457,12310349,300418
2022-07-05,15.6457,15.7252,15.1288,15.3276,17856633,300418
2022-07-06,15.3475,15.4071,14.8704,15.0393,13053772,300418
2022-07-07,15.099,15.1387,14.9698,14.9698,10782207,300418
2022-07-08,14.9201,15.3972,14.9201,15.0791,14549384,300418
2022-07-11,15.0095,15.0195,14.7312,14.7908,10820017,300418
2022-07-12,14.8008,14.8604,14.5324,14.5423,9404235,300418
2022-07-13,14.6914,14.9499,14.5324,14.602,11003541,300418
2022-07-14,14.6578,14.7576,14.3682,14.7077,10419998,300418
2022-07-15,14.538,14.5679,13.829,13.8889,21323509,300418
2022-07-18,14.0387,14.6977,14.0187,14.6478,19726367,300418
2022-07-19,14.5579,14.9074,14.4481,14.8874,14376564,300418
2022-07-20,14.8874,15.0672,14.8275,14.9374,10149915,300418
2022-07-21,14.9374,15.2868,14.8874,15.0472,16690506,300418
2022-07-22,15.0172,15.1271,14.6278,14.7576,13328234,300418
2022-07-25,14.8375,14.9074,14.488,14.5479,8406737,300418
2022-07-26,14.6578,14.7876,14.508,14.6977,6534038,300418
2022-07-27,14.5779,14.7277,14.4481,14.4781,8074471,300418
2022-07-28,14.5579,14.8175,14.5479,14.6079,10776995,300418
2022-07-29,14.6478,14.7377,14.2584,14.3183,11046940,300418
2022-08-01,14.3183,14.4581,14.1585,14.3782,7423693,300418
2022-08-02,14.2284,14.2284,13.4796,13.7092,18139112,300418
2022-08-03,13.7092,14.0387,13.5095,13.5694,11240167,300418
2022-08-04,13.6992,13.7691,13.4796,13.7192,8579392,300418
2022-08-05,13.7691,14.1086,13.7492,14.1086,11209671,300418
2022-08-08,13.9988,14.1985,13.9888,14.1286,8059610,300418
2022-08-09,14.1785,14.2184,13.9588,14.0787,7837067,300418
2022-08-10,14.0587,14.0587,13.839,13.9289,7067172,300418
2022-08-11,13.9988,14.518,13.9988,14.4781,17247764,300418
2022-08-12,14.3882,15.2768,14.3183,15.147,29898583,300418
2022-08-15,14.9473,14.9773,14.7277,14.8675,18916835,300418
2022-08-16,14.9174,14.9473,14.6977,14.8974,14561713,300418
2022-08-17,14.9773,15.3368,14.6777,15.177,26598520,300418
2022-08-18,15.0372,15.1271,14.8375,14.9074,15365686,300418
2022-08-19,14.9074,15.4166,14.8275,14.9573,25235737,300418
2022-08-22,14.9773,15.3767,14.6877,15.3567,23612849,300418
2022-08-23,15.3467,15.3567,15.0272,15.1371,14186883,300418
2022-08-24,15.1171,15.2868,14.7177,14.7476,18878895,300418
2022-08-25,15.0572,15.0572,14.4581,14.9673,13766720,300418
2022-08-26,14.9573,14.9673,14.6178,14.6777,10475600,300418
2022-08-29,14.4381,14.5979,14.2784,14.488,10304678,300418
2022-08-30,14.4781,15.0172,14.4281,14.7676,13625855,300418
2022-08-31,14.7177,15.0771,14.538,14.6478,17889630,300418
2022-09-01,14.5679,14.7576,14.2284,14.2883,12783170,300418
2022-09-02,14.3782,14.8175,14.2684,14.7077,16455783,300418
2022-09-05,14.7177,14.7476,14.0487,14.1585,21413758,300418
2022-09-06,14.2883,14.3283,14.0787,14.2284,10993210,300418
2022-09-07,14.1286,14.1685,13.9389,13.9888,13036157,300418
2022-09-08,14.0587,14.1685,13.8889,13.9089,12081067,300418
2022-09-09,13.9189,14.0487,13.7691,13.9788,10070186,300418
2022-09-13,13.9988,14.1585,13.9389,13.9788,9998328,300418
2022-09-14,13.839,13.9289,13.6593,13.9189,8945358,300418
2022-09-15,13.9289,14.1286,13.5794,13.7392,14231113,300418
2022-09-16,13.6992,13.849,13.4496,13.4496,9259916,300418
2022-09-19,13.4596,13.4796,13.0003,13.0802,9678269,300418
2022-09-20,13.1601,13.2299,13.0502,13.1001,6497250,300418
2022-09-21,13.0402,13.2899,12.7706,13.22,8640060,300418
2022-09-22,13.1301,13.2799,13.0003,13.0502,7720169,300418
2022-09-23,13.0502,13.0802,12.6708,12.7607,8501290,300418
2022-09-26,12.6808,12.7806,12.4312,12.4611,9056102,300418
2022-09-27,12.531,12.7906,12.4511,12.7806,7919790,300418
2022-09-28,12.7107,12.7307,12.3812,12.3912,7488446,300418
2022-09-29,12.6708,12.6908,12.2614,12.4012,7934041,300418
2022-09-30,12.3613,12.521,12.3014,12.3613,5965089,300418
2022-10-10,12.3912,12.501,12.0417,12.1116,7171214,300418
2022-10-11,12.1316,12.2315,11.9219,12.1416,5925579,300418
2022-10-12,12.1116,12.4911,12.0318,12.4911,7790297,300418
2022-10-13,12.4012,12.6408,12.3712,12.561,8097353,300418
2022-10-14,12.6608,12.8905,12.6209,12.8006,8907956,300418
2022-10-17,12.7706,13.0602,12.7307,13.0103,7854778,300418
2022-10-18,13.0702,13.0802,12.8605,12.9104,6192253,300418
2022-10-19,12.8905,12.8905,12.7507,12.7607,6087938,300418
2022-10-20,12.6808,12.9703,12.6608,12.8206,7259309,300418
2022-10-21,12.8405,12.9104,12.7107,12.7407,5003661,300418
2022-10-24,12.7407,13.18,12.551,12.7107,10791433,300418
2022-10-25,12.5909,12.8106,12.4511,12.6608,6710516,300418
2022-10-26,12.6608,13.1001,12.6608,13.0203,8519762,300418
2022-10-27,13.0602,13.4396,13.0203,13.3298,12575016,300418
2022-10-28,13.2699,13.2899,12.8605,12.8605,10380193,300418
2022-10-31,12.3912,13.1301,12.3613,12.9903,9105486,300418
2022-11-01,13.0702,13.3198,13.0103,13.3198,10580606,300418
2022-11-02,13.7092,13.7791,13.4896,13.5095,15702326,300418
2022-11-03,13.3897,13.5195,13.2299,13.3198,9512349,300418
2022-11-04,13.3398,13.5894,13.2799,13.4696,8732521,300418
2022-11-07,13.4396,13.8989,13.3797,13.6992,13601100,300418
2022-11-08,13.6992,13.6992,13.5395,13.6493,6945692,300418
2022-11-09,13.5594,13.6393,13.4296,13.4396,7357865,300418
2022-11-10,13.4296,14.2983,13.3897,14.2085,33383944,300418
2022-11-11,14.4781,14.7277,13.879,13.9489,32471699,300418
2022-11-14,14.0187,14.2883,13.859,14.1386,19558308,300418
2022-11-15,14.1785,14.8375,14.1286,14.6578,30819905,300418
2022-11-16,15.4765,15.7461,14.9374,14.9573,45343807,300418
2022-11-17,15.5265,15.6663,14.7976,15.2469,44189190,300418
2022-11-18,15.0272,16.0557,15.0272,15.0971,46224777,300418
2022-11-21,15.0871,15.3368,14.5779,14.8675,24731127,300418
2022-11-22,14.8076,14.8774,14.2983,14.4481,19179657,300418
2022-11-23,14.4481,14.518,14.0187,14.1685,14324595,300418
2022-11-24,14.2284,14.3183,13.9688,14.1086,11309317,300418
2022-11-25,14.1086,14.2184,13.8989,13.9489,9941768,300418
2022-11-28,13.7691,13.8091,13.6094,13.7292,9692879,300418
2022-11-29,13.6892,14.3782,13.6593,14.2284,17506229,300418
2022-11-30,14.1585,14.4082,14.0986,14.0986,16846993,300418
2022-12-01,14.2883,14.498,14.1486,14.2184,12326737,300418
2022-12-02,14.1785,14.5479,14.1186,14.4581,13411429,300418
2022-12-05,14.7776,14.9274,14.4581,14.5679,17575746,300418
2022-12-06,14.4681,14.6478,14.3083,14.3582,12546862,300418
2022-12-07,14.3083,14.5579,14.2384,14.3782,9811622,300418
2022-12-08,14.2684,14.4082,14.0787,14.2284,11662576,300418
2022-12-09,14.2784,14.3083,13.9289,14.0187,15286614,300418
2022-12-12,13.9788,14.0587,13.829,13.9489,8039653,300418
2022-12-13,13.9189,14.1086,13.7991,13.9389,9080090,300418
2022-12-14,13.9089,14.2784,13.869,14.1386,10090506,300418
2022-12-15,14.0787,14.2684,13.9489,13.9788,9357876,300418
2022-12-16,14.0787,14.2184,13.9788,14.0986,13196672,300418
2022-12-19,14.2284,14.3183,13.5495,13.6194,16103824,300418
2022-12-20,13.6194,13.7791,13.5594,13.6293,7876100,300418
2022-12-21,13.6293,14.2284,13.5694,13.8989,14090645,300418
2022-12-22,14.0387,14.4681,13.9389,14.3482,21872328,300418
2022-12-23,14.2184,14.3482,13.869,13.9788,14624620,300418
2022-12-26,13.8889,14.0487,13.7591,14.0287,10081847,300418
2022-12-27,14.0687,14.0986,13.7791,13.9489,9259511,300418
2022-12-28,13.9489,14.2983,13.6992,14.0487,14230579,300418
2022-12-29,14.1486,14.3582,13.849,13.879,13458127,300418
2022-12-30,13.849,14.3882,13.8091,14.3882,21507752,300418
2023-01-03,14.3682,14.6678,14.1585,14.5979,20312706,300418
2023-01-04,14.6678,14.9473,14.5779,14.6977,23777430,300418
2023-01-05,14.7277,15.0272,14.5779,14.6178,19248461,300418
2023-01-06,14.5679,14.6079,14.3383,14.4082,12927432,300418
2023-01-09,14.3882,14.6178,14.3882,14.5879,12745643,300418
2023-01-10,14.5779,14.7676,14.3682,14.6578,14730321,300418
2023-01-11,14.6378,14.6578,14.2983,14.3482,10274963,300418
2023-01-12,14.3782,14.4681,14.2284,14.3083,7331486,300418
2023-01-13,14.4181,14.528,14.3183,14.528,7954796,300418
2023-01-16,14.4781,14.6977,14.4381,14.5679,9794939,300418
2023-01-17,14.7976,14.8475,14.5479,14.5579,9676403,300418
2023-01-18,14.5879,14.9074,14.5879,14.7077,12126212,300418
2023-01-19,14.6678,14.8974,14.5879,14.8575,10057241,300418
2023-01-20,14.8375,14.9973,14.7576,14.8275,10580316,300418
2023-01-30,15.4765,16.2254,15.4266,15.4366,48064590,300418
2023-01-31,15.6762,16.6448,15.6363,16.3951,58606447,300418
2023-02-01,16.2853,16.9443,16.2454,16.8345,43331437,300418
2023-02-02,17.174,19.141,17.174,18.2024,107121096,300418
2023-02-03,18.0826,18.6318,17.9528,18.472,56602264,300418
2023-02-06,18.8215,19.82,18.3522,19.5803,97997080,300418
2023-02-07,18.9712,22.1165,18.7715,20.9482,120862287,300418
2023-02-08,20.8484,21.4575,20.0197,20.8284,90694874,300418
2023-02-09,20.2793,22.0466,19.5903,21.5773,116780533,300418
2023-02-10,23.1649,24.9622,21.747,21.747,177496774,300418
2023-02-13,21.777,25.1219,21.5673,24.9023,182545342,300418
2023-02-14,24.4629,25.1019,23.8838,24.6626,110316621,300418
2023-02-15,24.2632,25.751,23.2248,25.1619,167879961,300418
2023-02-16,24.4629,26.5098,24.1134,24.8124,163213529,300418
2023-02-17,24.7625,24.7625,22.8653,22.9452,126113958,300418
2023-02-20,23.4345,24.1634,23.0551,23.9637,113377292,300418
2023-02-21,23.5643,24.2832,23.1549,23.5743,86617882,300418
2023-02-22,23.3047,23.5443,22.1265,22.8454,86127527,300418
2023-02-23,22.6656,22.7855,20.9982,21.2877,120808923,300418
2023-02-24,21.4675,22.2163,21.2178,21.9268,96365102,300418
2023-02-27,21.6672,22.4659,20.9682,21.128,75796386,300418
2023-02-28,21.6472,22.446,21.138,22.1664,97847578,300418
2023-03-01,22.7156,25.9107,22.6457,25.1718,175131088,300418
2023-03-02,25.2118,26.0006,24.433,25.3416,140736480,300418
2023-03-03,24.5727,25.9207,24.5029,25.092,115377962,300418
2023-03-06,25.0121,25.3516,24.0635,24.6227,80304659,300418
2023-03-07,24.8423,25.3616,24.3631,24.7525,74695764,300418
2023-03-08,24.2033,24.6327,23.8638,24.433,62534147,300418
2023-03-09,23.8638,24.1035,23.1649,23.734,71400897,300418
2023-03-10,23.2747,24.0635,23.095,23.1449,54989766,300418
2023-03-13,23.6242,25.2917,22.9652,25.042,100860721,300418
2023-03-14,24.7924,25.2118,24.393,24.5728,74712598,300418
2023-03-15,25.1619,25.5013,23.8239,24.5827,75484710,300418
2023-03-16,24.2233,27.3885,23.2647,26.6097,158938888,300418
2023-03-17,26.6696,27.9476,26.6696,27.2487,144150251,300418
2023-03-20,27.9676,29.3355,27.2587,27.7579,121931755,300418
2023-03-21,27.6581,31.2526,27.6581,30.0544,131081669,300418
2023-03-22,29.4454,33.659,29.006,33.1497,139966870,300418
2023-03-23,32.6904,34.7873,32.5307,33.7389,111870189,300418
2023-03-24,33.649,40.4886,33.4493,40.4886,135618290,300418
2023-03-27,39.9395,43.5839,38.3419,42.3857,152482510,300418
2023-03-28,40.918,40.918,37.8027,38.1921,127547524,300418
2023-03-29,38.0523,40.0493,37.2935,37.5231,129793406,300418
2023-03-30,37.0938,38.941,35.7458,38.941,131678520,300418
2023-03-31,37.7028,46.7292,37.0738,46.7092,168568113,300418
2023-04-03,45.3812,50.803,45.3812,50.5733,135746494,300418
2023-04-04,49.9243,51.3721,48.2668,49.4251,100178219,300418
2023-04-06,48.0771,52.8199,46.9289,52.8,123643661,300418
2023-04-07,51.7515,53.1195,47.6578,50.4236,107311810,300418
2023-04-10,49.3252,49.8644,40.3389,41.7267,172086055,300418
2023-04-11,44.3328,48.3467,43.8835,45.6907,170137817,300418
2023-04-12,44.3028,53.1494,44.3028,51.2024,166159715,300418
2023-04-13,50.4835,54.9167,50.0242,50.0242,145095854,300418
2023-04-14,50.7231,53.0196,47.2284,48.6762,129922927,300418
2023-04-17,47.9773,48.5564,44.7422,47.3382,90220753,300418
2023-04-18,46.9289,51.7016,42.6154,50.9727,168842276,300418
2023-04-19,50.783,51.3322,48.9258,49.1255,115777914,300418
2023-04-20,48.1171,52.2508,48.1171,51.3022,136140632,300418
2023-04-21,52.8898,55.8653,48.8659,48.8659,159978801,300418
2023-04-24,49.1155,57.2432,49.1056,55.7155,162702990,300418
2023-04-25,55.9152,59.5697,54.7171,58.9207,144669597,300418
2023-04-26,58.4115,63.0145,54.6971,59.4,156770163,300418
2023-04-27,58.0021,58.5912,51.7615,54.2178,130825370,300418
2023-04-28,55.0366,65.0614,55.0366,65.0614,155437819,300418
2023-05-04,66.1597,67.4178,63.7633,66.2995,121926606,300418
2023-05-05,64.8118,70.553,63.0045,63.8832,118539841,300418
2023-05-08,63.8033,66.5591,62.6051,64.5422,88320287,300418
2023-05-09,62.8747,65.8502,60.7878,60.9077,100193806,300418
2023-05-10,61.4169,62.4853,55.6357,58.2317,121493219,300418
2023-05-11,60.9176,61.4069,57.9322,58.1019,91918675,300418
2023-05-12,56.9137,59.7894,56.6641,57.2133,77914688,300418
2023-05-15,58.9107,60.5981,57.0136,60.2586,89737841,300418
2023-05-16,59.8593,62.4853,54.0281,54.6971,127383645,300418
2023-05-17,53.1195,56.2148,51.8714,53.9682,129887464,300418
2023-05-18,54.078,60.3885,53.6986,58.6111,124257849,300418
2023-05-19,57.5128,58.5113,52.8,53.3691,116692957,300418
2023-05-22,53.4889,54.1579,51.6617,52.78,78520631,300418
2023-05-23,52.78,53.2193,50.7231,51.1624,82182272,300418
2023-05-24,51.2223,53.1095,50.7031,52.2807,94287179,300418
2023-05-25,52.5004,53.3391,47.6178,50.7231,130782634,300418
2023-05-26,50.7131,53.419,49.9842,52.0211,111020346,300418
2023-05-29,52.5004,52.9997,49.5349,50.1939,106820307,300418
2023-05-30,49.5848,58.4714,48.7561,56.6441,155245049,300418
2023-05-31,55.8953,57.2832,54.4175,57.2832,104958724,300418
2023-06-01,55.7255,62.4054,55.2163,57.3131,129685382,300418
2023-06-02,58.1618,60.5083,56.4444,57.9821,96058012,300418
2023-06-05,56.9936,59.7694,54.717,59.6096,100860352,300418
2023-06-06,58.4913,59.5098,56.085,56.8139,74468471,300418
2023-06-07,56.1748,59.1304,55.6956,56.8139,69948539,300418
2023-06-08,55.5658,55.6556,52.4105,53.6187,81437909,300418
2023-06-09,53.6287,55.0565,51.5718,54.4874,96859776,300418
2023-06-12,53.419,55.416,53.0396,53.3292,70761775,300418
2023-06-13,53.1794,56.9037,52.5603,54.8269,104774038,300418
2023-06-14,53.8484,56.7939,53.0795,55.5458,93902034,300418
2023-06-15,59.4099,60.2087,55.4659,55.5957,141034896,300418
2023-06-16,54.1779,63.5037,54.1779,62.0659,175829247,300418
2023-06-19,61.3969,62.3055,59.0804,62.3055,140550309,300418
2023-06-20,61.9062,64.6021,60.8478,62.8347,127627741,300418
2023-06-21,56.4145,58.8208,50.2638,50.2638,194647196,300418
2023-06-26,47.3283,48.3168,43.4042,43.8435,145502376,300418
2023-06-27,44.4326,44.8221,42.845,43.0348,89318762,300418
2023-06-28,42.9349,43.3643,39.9395,40.7582,128161995,300418
2023-06-29,40.918,41.3773,40.4387,40.4387,81206966,300418
2023-06-30,39.9694,40.918,39.3204,40.219,86459334,300418
2023-07-03,40.4487,41.0578,39.4202,40.6484,77738771,300418
2023-07-04,40.4487,41.3873,40.239,41.0178,70714706,300418
2023-07-05,40.7382,41.5071,40.0293,40.0293,62096153,300418
2023-07-06,39.9395,42.0263,39.8396,40.7283,80484850,300418
2023-07-07,40.4187,40.7782,38.5416,39.3204,68925608,300418
2023-07-10,39.3703,39.8096,38.2221,38.3019,53146050,300418
2023-07-11,38.3419,39.1407,37.9525,38.6115,40443919,300418
2023-07-12,38.5416,38.7213,37.1936,37.2036,56509735,300418
2023-07-13,37.8227,37.9724,36.4947,37.5231,70572782,300418
2023-07-14,37.7927,39.8696,37.6429,39.0408,100330171,300418
2023-07-17,39.0408,40.3189,38.5016,39.1207,60272191,300418
2023-07-18,38.931,40.888,38.3618,39.2405,79858443,300418
2023-07-19,39.7398,40.239,38.1522,38.4717,62463210,300418
2023-07-20,38.0224,38.4717,36.7343,36.8941,63183039,300418
2023-07-21,37.4432,39.2305,37.1437,38.3718,80475473,300418
2023-07-24,37.7228,39.2505,37.6529,38.2121,53003826,300418
2023-07-25,38.7513,40.4886,37.623,38.911,88200109,300418
2023-07-26,38.921,38.941,36.914,37.1437,68941502,300418
2023-07-27,36.5746,37.4432,36.275,36.3449,49167297,300418
2023-07-28,36.2351,36.5446,35.646,35.7558,47652238,300418
2023-07-31,35.3764,37.7428,35.2266,36.9939,61286890,300418
2023-08-01,36.7942,36.8941,35.6659,36.5845,39817217,300418
2023-08-02,35.9455,36.4248,35.8257,36.1652,28008582,300418
2023-08-03,35.8257,36.5346,35.606,35.8357,29566219,300418
2023-08-04,35.8756,36.8242,35.6859,36.4048,44956117,300418
2023-08-07,36.7343,37.4932,36.5546,36.6744,60041785,300418
2023-08-08,36.8841,37.603,36.1752,36.1752,50816828,300418
2023-08-09,35.9655,36.5446,34.7773,34.9271,55096989,300418
2023-08-10,34.7573,37.1637,34.5476,35.7358,74905244,300418
2023-08-11,36.934,38.7812,36.3449,37.1137,125513481,300418
2023-08-14,35.9655,40.0093,35.646,39.7997,143856716,300418
2023-08-15,39.7298,39.7298,37.2236,37.5031,97435912,300418
2023-08-16,37.4732,38.272,36.305,36.7143,74149463,300418
2023-08-17,36.2051,39.4302,36.1452,39.1806,125280704,300418
2023-08-18,38.8611,38.9809,35.4962,35.5761,116239570,300418
2023-08-21,35.2266,37.4333,34.947,35.7358,75443686,300418
2023-08-22,36.8441,37.2136,35.3264,37.0339,79468038,300418
2023-08-23,36.5246,37.1437,35.0269,35.4163,86962342,300418
2023-08-24,35.6659,36.305,32.2511,32.8103,95442075,300418
2023-08-25,32.351,33.7988,31.4623,32.5706,85092080,300418
2023-08-28,34.947,35.9255,32.4608,34.9969,129900097,300418
2023-08-29,34.4977,36.3149,34.4478,35.6559,104367370,300418
2023-08-30,35.7758,37.613,35.4662,36.7443,112494226,300418
2023-08-31,36.0254,37.2435,35.5461,36.1252,74424922,300418
2023-09-01,36.2451,37.1437,35.626,36.924,80011468,300418
2023-09-04,36.964,37.0938,35.8556,36.6245,59144479,300418
2023-09-05,36.1152,36.4348,35.3664,35.5261,53617056,300418
2023-09-06,34.947,35.3963,33.7488,34.5177,59207098,300418
2023-09-07,35.636,35.8457,33.659,33.7488,55852183,300418
2023-09-08,33.4792,33.6789,32.301,32.3709,55981472,300418
2023-09-11,32.4109,34.1782,32.331,33.4992,62916257,300418
2023-09-12,33.0699,33.5392,32.8302,32.8802,37328177,300418
2023-09-13,32.6605,32.8202,31.4324,31.9016,39602984,300418
2023-09-14,31.9516,33.0799,31.4024,32.6505,52294398,300418
2023-09-15,32.351,32.5407,31.1028,31.1528,48923790,300418
2023-09-18,31.0929,32.2711,30.8632,31.1028,35331370,300418
2023-09-19,31.1927,31.4523,30.4838,30.5537,33764137,300418
2023-09-20,30.5137,31.0529,30.1243,30.2042,30807535,300418
2023-09-21,30.6635,31.1028,30.2641,30.4239,45685953,300418
2023-09-22,30.9032,36.5047,30.7733,36.5047,177768807,300418
2023-09-25,36.2451,37.1936,35.8956,36.6245,131296009,300418
2023-09-26,37.0738,40.0892,36.944,38.6115,167074284,300418
2023-09-27,38.4118,39.5401,37.9325,38.2221,105996052,300418
2023-09-28,39.2205,39.4103,38.0423,38.282,74312751,300418
2023-10-09,37.7128,38.3319,36.6744,37.1137,64277176,300418
2023-10-10,37.2435,37.2435,36.2251,36.5646,61802071,300418
2023-10-11,36.6844,38.5915,36.0254,37.3933,94187793,300418
2023-10-12,37.4832,38.3618,36.305,36.7343,61943458,300418
2023-10-13,36.3549,36.6444,33.8687,34.0684,99819566,300418
2023-10-16,34.1083,34.2481,32.6006,32.8602,57598287,300418
2023-10-17,32.8702,32.97,31.8917,32.6006,51235031,300418
2023-10-18,31.9815,32.0314,30.8532,31.5022,53033923,300418
2023-10-19,31.4523,32.2411,31.2526,31.4523,56471731,300418
2023-10-20,31.1628,31.7519,30.2941,30.3041,48102327,300418
2023-10-23,30.1543,30.1842,28.347,28.6665,57083790,300418
2023-10-24,28.9561,30.2941,28.5567,29.2856,63191605,300418
2023-10-25,29.6351,29.7948,28.367,28.4469,57922925,300418
2023-10-26,27.9476,29.2157,27.4085,28.996,77767240,300418
2023-10-27,30.1842,32.2711,29.7549,30.9531,118211814,300418
2023-10-30,30.6935,31.7918,30.0644,31.1827,65709906,300418
2023-10-31,31.8517,32.5407,31.1528,31.4723,69784873,300418
2023-11-01,31.033,32.6106,30.6635,30.6835,65318999,300418
2023-11-02,30.9631,32.2112,30.8033,31.4024,78237399,300418
2023-11-03,30.9631,32.8802,30.2242,32.311,81259183,300418
2023-11-06,32.7504,35.3864,32.5507,34.8472,102835679,300418
2023-11-07,34.8472,34.8472,33.8487,34.308,79369095,300418
2023-11-08,34.328,36.1951,34.1283,35.6759,100508645,300418
2023-11-09,35.1767,36.3349,34.967,34.987,65391246,300418
2023-11-10,34.4478,35.0469,33.5491,33.7289,62461327,300418
2023-11-13,34.2481,36.2151,33.8687,35.7358,80192189,300418
2023-11-14,35.6959,35.7957,34.6974,35.4463,55572579,300418
2023-11-15,36.1452,36.2251,34.5277,35.0668,45845150,300418
2023-11-16,34.7473,35.4762,34.3379,34.3479,37257291,300418
2023-11-17,34.4478,36.934,34.3479,35.9755,84626487,300418
2023-11-20,35.6559,36.8042,34.3979,35.8956,71914860,300418
2023-11-21,36.2151,37.4432,35.7059,35.7957,71690448,300418
2023-11-22,35.4962,35.9455,34.6575,34.6575,46624175,300418
2023-11-23,34.7573,34.8272,33.4094,34.4278,43491517,300418
2023-11-24,34.2481,34.328,33.0,33.1597,41192121,300418
2023-11-27,32.9001,33.2995,32.3809,32.5507,31575609,300418
2023-11-28,32.7404,33.3295,31.9815,33.0799,37354187,300418
2023-11-29,32.6605,33.2796,32.301,32.4408,27717450,300418
2023-11-30,32.331,32.5806,31.8317,32.301,25823223,300418
2023-12-01,32.4508,38.7612,32.4508,38.7612,138697688,300418
2023-12-04,39.9295,40.8181,39.0708,39.3204,159898740,300418
2023-12-05,38.911,38.941,36.8142,36.8841,103651111,300418
2023-12-06,37.1437,38.5915,36.5546,37.6929,109792947,300418
2023-12-07,38.3918,40.3788,38.292,38.5615,116772538,300418
2023-12-08,38.5216,42.4057,38.0923,40.5885,132208022,300418
2023-12-11,40.0992,42.0862,39.8795,41.4172,96878803,300418
2023-12-12,41.7068,42.9249,40.6184,41.3373,88221551,300418
2023-12-13,40.898,41.8865,40.2789,40.6184,57138034,300418
2023-12-14,40.9379,41.1376,39.4802,39.7497,55586785,300418
2023-12-15,39.9594,40.1392,37.8227,39.0907,60208808,300418
2023-12-18,38.941,39.9295,38.3319,38.7013,46418246,300418
2023-12-19,38.8411,40.8181,37.9425,39.8795,74036116,300418
2023-12-20,39.6998,40.0992,37.5631,37.6729,58249715,300418
2023-12-21,37.4432,41.9364,37.2036,40.6384,103092706,300418
2023-12-22,40.239,41.0877,34.947,35.7458,132507000,300418
2023-12-25,36.4448,38.0923,34.947,36.7243,85802296,300418
2023-12-26,36.7044,37.0838,34.3579,35.8956,64390442,300418
2023-12-27,36.2451,37.1736,35.646,36.0953,53879901,300418
2023-12-28,35.8457,36.9939,34.967,36.5646,53943495,300418
2023-12-29,36.1851,38.1322,36.0553,37.3434,69485295,300418
2024-01-02,37.2236,38.242,36.4448,36.5146,48342630,300418
2024-01-03,36.0553,37.0139,34.6375,35.2665,63134869,300418
2024-01-04,34.8172,34.9271,32.8402,34.3479,51028803,300418
2024-01-05,33.9485,34.2481,32.7703,33.1298,45915837,300418
2024-01-08,33.2596,35.2865,32.7404,34.0684,66015723,300418
2024-01-09,34.4977,35.1467,33.7389,34.4678,50530215,300418
2024-01-10,34.0584,34.2081,32.8103,33.1298,38801342,300418
2024-01-11,33.0998,35.7957,32.8502,35.3963,70358841,300418
2024-01-12,35.0469,35.4463,33.8287,33.9286,44820025,300418
2024-01-15,33.5491,35.2066,33.3794,34.1183,45984804,300418
2024-01-16,33.9386,34.0484,32.8302,33.649,39040720,300418
2024-01-17,33.3494,34.4278,32.9501,32.97,38535862,300418
2024-01-18,32.4508,35.5461,32.1513,35.1367,84215109,300418
2024-01-19,34.6575,35.606,33.8786,33.8886,59357859,300418
2024-01-22,34.2281,34.6774,31.3325,31.9316,66481246,300418
2024-01-23,31.5622,37.4432,30.8632,35.8556,129387566,300418
2024-01-24,35.9555,36.3948,34.4578,35.4762,74164116,300418
2024-01-25,35.1767,37.1237,34.5476,36.5446,113325331,300418
2024-01-26,36.1053,39.0907,35.616,36.7343,113700883,300418
2024-01-29,35.8556,36.4448,33.8087,33.9186,78611406,300418
2024-01-30,33.3994,35.3464,33.3494,33.8687,54078410,300418
2024-01-31,33.3794,34.8472,29.2057,29.6151,109477920,300418
2024-02-01,28.8263,31.9516,28.4569,30.8432,91049100,300418
2024-02-02,30.7035,31.7119,28.9861,29.8448,74551948,300418
2024-02-05,29.4553,29.8547,26.1803,27.3985,83829621,300418
2024-02-06,26.8193,32.0314,26.8193,31.2027,107337548,300418
2024-02-07,30.9331,32.2012,30.5038,31.3724,75823287,300418
2024-02-08,32.1013,33.9685,32.1013,32.8302,72679545,300418
2024-02-19,36.4448,39.3204,34.977,38.4417,124387976,300418
2024-02-20,37.8626,41.1376,37.4432,37.8426,127455535,300418
2024-02-21,36.7543,38.5416,36.7543,37.3833,89266976,300418
2024-02-22,38.242,39.0408,37.5431,38.1522,75908031,300418
2024-02-23,38.8112,40.3688,37.4233,39.6299,97206153,300418
2024-02-26,38.7213,40.7083,38.3818,39.0408,85596647,300418
2024-02-27,38.7413,41.2674,38.5216,40.5485,92450780,300418
2024-02-28,40.4387,43.4841,38.4517,38.7413,127326186,300418
2024-02-29,38.6414,40.4187,38.3419,40.3089,84024560,300418
2024-03-01,40.3888,43.4242,39.9894,42.3159,111045700,300418
2024-03-04,42.6054,45.3612,41.4472,43.534,108528950,300418
2024-03-05,42.865,45.531,42.4457,42.9449,110806792,300418
2024-03-06,42.1361,43.2744,41.4572,41.9864,74447962,300418
2024-03-07,42.1461,42.6054,39.7298,39.7597,81103711,300418
2024-03-08,40.229,41.1277,39.4302,40.7982,54388481,300418
2024-03-11,39.8296,41.2075,39.6199,41.0877,56219230,300418
2024-03-12,41.1776,42.3059,40.6384,40.888,60077349,300418
2024-03-13,41.3873,43.1646,40.918,42.0562,86695544,300418
2024-03-14,41.3972,41.537,40.0493,40.8381,57483330,300418
2024-03-15,40.6384,42.0662,40.0493,41.9264,61927317,300418
2024-03-18,42.2659,42.7851,41.567,42.4157,68651788,300418
2024-03-19,42.4257,44.1131,41.537,41.537,80752447,300418
2024-03-20,41.2375,43.5839,41.1476,43.4342,98886576,300418
2024-03-21,43.4142,44.2329,42.5255,42.8251,79037970,300418
2024-03-22,42.3358,42.9649,40.7083,41.8865,76423021,300418
2024-03-25,43.3643,43.564,40.6384,40.7882,67078810,300418
2024-03-26,40.4387,41.0178,38.5815,38.8012,73354590,300418
2024-03-27,38.8012,38.8012,36.1452,36.3848,50984850,300418
2024-03-28,36.8441,42.0862,36.7443,40.5785,110904215,300418
2024-03-29,39.9395,40.1891,38.1422,39.7897,46272939,300418
2024-04-01,41.4172,45.3013,40.5186,44.6323,130070567,300418
2024-04-02,44.2329,45.3612,43.1146,44.1331,88399203,300418
2024-04-03,44.3727,44.6124,41.6569,42.5655,64868066,300418
2024-04-08,42.4656,43.3942,40.908,41.6369,60382224,300418
2024-04-09,41.547,41.7867,39.5101,40.4886,57229068,300418
2024-04-10,39.9395,41.4372,39.0508,40.249,55787282,300418
2024-04-11,40.908,43.9334,40.908,42.3059,90821926,300418
2024-04-12,42.3458,43.0148,41.7867,42.4357,61789597,300418
2024-04-15,42.0363,43.9634,41.5171,42.1162,63774059,300418
2024-04-16,41.2674,41.8066,39.3404,39.6798,59885917,300418
2024-04-17,40.3488,42.0163,40.259,40.878,57663125,300418
2024-04-18,40.0393,40.1092,38.5416,38.8811,66144702,300418
2024-04-19,38.941,39.1906,36.7443,37.0838,67132251,300418
2024-04-22,35.1667,38.7612,34.7573,37.4632,63093166,300418
2024-04-23,37.5031,38.4417,35.9455,36.7343,53572555,300418
2024-04-24,38.4317,39.6699,37.8227,39.1207,59717422,300418
2024-04-25,38.4916,39.0808,38.1921,38.6115,37394380,300418
2024-04-26,38.931,40.4387,38.901,39.7597,66417590,300418
2024-04-29,39.5401,41.7068,39.4502,40.918,57444868,300418
2024-04-30,40.928,41.5071,39.7398,39.9195,37450958,300418
2024-05-06,41.3373,42.3258,40.9479,41.0777,61907051,300418
2024-05-07,41.1376,42.8251,40.269,40.5286,73159357,300418
2024-05-08,39.4402,40.0493,38.232,38.292,66690620,300418
2024-05-09,38.5915,39.0907,38.1422,38.8112,47612958,300418
2024-05-10,39.5401,40.3888,38.7612,38.9909,63215975,300418
2024-05-13,38.3319,39.1007,37.573,38.0024,49489185,300418
2024-05-14,38.6814,38.9709,36.8441,37.8426,57817491,300418
2024-05-15,37.7827,38.4018,36.8242,36.9739,42839364,300418
2024-05-16,37.3634,37.4932,36.4448,36.6544,42566678,300418
2024-05-17,36.4348,37.2136,35.8157,37.0339,36687263,300418
2024-05-20,36.6145,37.8326,35.7957,37.3434,53072364,300418
2024-05-21,37.1736,37.7228,36.944,36.954,32143414,300418
2024-05-22,36.8641,36.954,36.4148,36.6345,26116391,300418
2024-05-23,36.7942,36.8941,35.4163,35.5661,38284966,300418
2024-05-24,35.7858,35.8357,34.5476,34.5476,36449593,300418
2024-05-27,34.8472,36.3349,34.5576,36.2151,45334729,300418
2024-05-28,35.8257,35.8956,34.7473,34.8372,32184922,300418
2024-05-29,35.2466,35.8257,34.7473,34.987,27356087,300418
2024-05-30,34.8472,35.2765,34.4578,34.7573,21267134,300418
2024-05-31,34.8472,35.4263,34.7773,34.8372,30109068,300418
2024-06-03,34.7473,35.1767,34.5576,34.9271,26112563,300418
2024-06-04,34.947,35.9755,34.4777,35.4962,37126279,300418
2024-06-05,35.1467,35.3963,34.7274,34.8172,25093904,300418
2024-06-06,35.0569,35.3864,33.9485,34.1882,33455735,300418
2024-06-07,34.2581,34.6275,32.291,32.96,57028752,300418
2024-06-11,32.8103,33.5292,32.4009,33.3794,31456775,300418
2024-06-12,33.2995,35.0469,33.2496,34.4678,43073076,300418
2024-06-13,34.3479,34.8072,34.0484,34.4678,30151516,300418
2024-06-14,34.1482,34.947,34.0484,34.0484,57310369,300418
2024-06-17,34.1682,34.2481,33.0998,33.6091,31135552,300418
2024-06-18,33.5991,34.4478,33.4693,33.7389,29644670,300418
2024-06-19,33.9685,33.9685,32.99,33.1098,26195137,300418
2024-06-20,33.0998,33.0998,31.6121,31.7718,39584005,300418
2024-06-21,31.9416,32.0914,31.4423,31.9116,20303856,300418
2024-06-24,31.5921,31.8517,30.4538,30.5537,31726638,300418
2024-06-25,30.9531,31.3325,29.4553,29.9146,34438025,300418
2024-06-26,30.8033,34.4478,30.5437,34.2081,98843196,300418
2024-06-27,33.1897,33.7389,32.341,32.5407,67749704,300418
2024-06-28,32.93,33.2,32.02,32.24,47265809,300418
2024-07-01,31.74,32.24,31.09,31.78,33420597,300418
2024-07-02,32.31,33.25,32.07,32.16,52416881,300418
2024-07-03,31.95,32.09,31.15,31.43,33521200,300418
2024-07-04,31.7,31.78,30.63,30.73,27744984,300418
2024-07-05,30.74,31.25,30.36,30.66,32107666,300418
2024-07-08,30.43,30.45,29.55,29.68,28312327,300418
2024-07-09,29.8,30.68,29.5,30.52,33793798,300418
2024-07-10,30.19,30.84,29.95,29.97,29883180,300418
2024-07-11,30.78,30.82,30.26,30.4,31507579,300418
2024-07-12,30.32,30.46,29.51,29.51,30273391,300418
2024-07-15,29.51,29.88,29.2,29.61,19816035,300418
2024-07-16,29.32,30.56,29.1,30.2,32887912,300418
2024-07-17,30.02,31.8,29.98,31.14,54937234,300418
2024-07-18,30.41,30.66,29.73,30.58,34823465,300418
2024-07-19,30.31,31.2,30.21,30.75,27492982,300418
2024-07-22,30.65,30.97,30.37,30.7,21966371,300418
2024-07-23,30.79,30.88,29.15,29.23,32682709,300418
2024-07-24,29.1,29.57,28.36,28.58,27384501,300418
2024-07-25,28.29,28.99,28.14,28.45,19933489,300418
2024-07-26,28.74,29.8,28.51,29.16,28687699,300418
2024-07-29,29.2,29.41,28.76,28.92,18214945,300418
2024-07-30,28.9,29.16,28.47,28.82,18434800,300418
2024-07-31,28.85,30.22,28.8,30.14,36651628,300418
2024-08-01,30.18,30.46,29.63,29.71,26185620,300418
2024-08-02,29.4,30.6,29.06,29.07,30339049,300418
2024-08-05,28.77,29.98,28.28,28.3,33033215,300418
2024-08-06,28.82,29.17,28.24,28.9,26890680,300418
2024-08-07,28.76,28.91,27.9,27.95,33530560,300418
2024-08-08,27.88,27.89,27.07,27.64,25623685,300418
2024-08-09,27.97,27.99,26.9,27.0,23671968,300418
2024-08-12,26.96,27.06,26.38,26.55,22367061,300418
2024-08-13,26.58,26.75,26.25,26.71,17424411,300418
2024-08-14,26.74,29.45,26.61,28.01,68919336,300418
2024-08-15,27.62,29.24,27.62,28.34,48680467,300418
2024-08-16,28.31,28.47,27.69,27.75,26865900,300418
2024-08-19,27.72,29.96,27.5,29.18,60838894,300418
2024-08-20,28.89,29.3,27.9,28.05,47733426,300418
2024-08-21,27.95,28.56,27.16,27.2,34267463,300418
2024-08-22,27.2,28.05,26.59,26.62,29769100,300418
2024-08-23,26.76,27.1,25.88,26.14,33713094,300418
2024-08-26,26.13,27.48,26.0,26.74,36011936,300418
2024-08-27,26.82,27.01,25.76,25.93,25892398,300418
2024-08-28,25.76,26.36,25.25,26.12,25435176,300418
2024-08-29,25.84,26.66,25.73,26.17,26134872,300418
2024-08-30,26.24,27.65,26.2,27.16,43730774,300418
2024-09-02,27.0,27.25,25.83,25.83,35752771,300418
2024-09-03,25.81,26.33,25.59,26.1,23776348,300418
2024-09-04,25.69,26.14,25.63,25.7,19616639,300418
2024-09-05,25.71,27.79,25.71,26.86,56950923,300418
2024-09-06,26.86,27.85,26.52,27.16,51754064,300418
2024-09-09,26.84,27.66,26.6,27.26,33135064,300418
2024-09-10,27.3,27.58,26.35,27.39,34033563,300418
2024-09-11,27.5,28.28,27.16,27.57,38899696,300418
2024-09-12,27.95,28.84,27.31,27.31,43554911,300418
2024-09-13,28.05,28.23,27.4,27.6,37797479,300418
2024-09-18,27.2,27.28,26.09,26.5,34504350,300418
2024-09-19,26.6,27.66,26.4,27.24,31728154,300418
2024-09-20,27.03,27.27,26.75,27.2,22828788,300418
2024-09-23,27.02,27.37,26.67,26.71,22104058,300418
2024-09-24,27.0,28.2,26.55,28.19,53880117,300418
2024-09-25,28.5,29.89,28.33,28.55,64239461,300418
2024-09-26,28.4,29.64,28.27,29.64,53697809,300418
2024-09-27,30.39,32.44,29.8,31.84,79782082,300418
2024-09-30,32.99,37.96,32.9,37.55,116168016,300418
2024-10-08,44.73,45.06,39.0,45.04,152120750,300418
2024-10-09,43.0,43.54,38.0,39.12,120224963,300418
2024-10-10,39.3,40.69,36.82,37.27,73848121,300418
2024-10-11,37.25,37.25,34.06,34.65,64289373,300418
2024-10-14,34.88,36.5,33.93,36.2,56812361,300418
2024-10-15,35.4,38.32,35.27,35.73,72117738,300418
2024-10-16,35.0,37.47,35.0,36.4,59514656,300418
2024-10-17,36.69,43.68,36.08,41.45,187752236,300418
2024-10-18,41.4,43.0,38.79,41.45,173475210,300418
2024-10-21,40.2,44.0,40.16,42.28,145922131,300418
2024-10-22,42.4,45.67,42.4,42.88,155630477,300418
2024-10-23,42.88,42.88,40.0,40.23,109127737,300418
2024-10-24,39.9,40.53,39.06,39.63,60037057,300418
2024-10-25,40.3,42.39,39.63,42.11,98701032,300418
2024-10-28,42.9,44.37,42.0,43.28,103443592,300418
2024-10-29,43.57,44.25,41.44,41.67,86387798,300418
2024-10-30,41.22,42.49,40.54,41.02,60756216,300418
2024-10-31,41.0,42.45,39.83,40.75,79482847,300418
2024-11-01,40.68,41.97,38.17,38.19,78712368,300418
2024-11-04,37.6,39.15,37.49,38.67,39947728,300418
2024-11-05,38.5,41.75,38.03,41.08,85040328,300418
2024-11-06,40.79,44.15,40.5,41.92,106759886,300418
2024-11-07,40.9,42.8,40.01,42.45,69356896,300418
2024-11-08,43.0,44.6,42.15,42.47,84802143,300418
2024-11-11,42.47,50.33,42.42,48.37,173337908,300418
2024-11-12,48.2,48.87,45.87,46.66,108541986,300418
2024-11-13,46.48,50.31,46.48,49.8,137713766,300418
2024-11-14,49.33,51.98,45.62,45.65,112346270,300418
2024-11-15,47.01,50.66,46.25,46.46,135941191,300418
2024-11-18,48.0,48.0,39.8,40.8,136972261,300418
2024-11-19,40.03,41.16,39.03,40.97,79684943,300418
2024-11-20,41.0,45.08,40.76,43.33,103029798,300418
2024-11-21,43.01,45.58,42.57,43.87,93699574,300418
2024-11-22,43.12,46.19,42.61,42.76,104902819,300418
2024-11-25,43.6,44.41,42.0,44.41,84046928,300418
2024-11-26,43.4,45.66,42.8,43.11,71212737,300418
2024-11-27,42.3,45.0,40.96,44.89,75193307,300418
2024-11-28,44.45,46.45,43.33,44.05,80651023,300418
2024-11-29,44.1,47.5,43.12,46.11,102642708,300418
2024-12-02,45.63,48.65,45.6,47.29,97021580,300418
2024-12-03,46.98,47.87,45.88,46.4,63032182,300418
2024-12-04,46.45,47.2,44.35,44.68,59800072,300418
2024-12-05,45.97,48.19,45.93,47.7,99921294,300418
2024-12-06,48.7,50.55,47.22,48.92,124868300,300418
2024-12-09,49.35,50.0,48.02,49.94,92985765,300418
2024-12-10,51.99,52.55,48.16,48.22,117620664,300418
2024-12-11,47.7,48.15,46.55,47.25,67606948,300418
2024-12-12,46.88,47.89,45.87,47.05,60503792,300418
2024-12-13,46.51,47.49,45.42,45.43,64922200,300418
2024-12-16,45.52,45.79,43.28,43.78,56569069,300418
2024-12-17,43.5,43.88,42.5,42.7,42845537,300418
2024-12-18,42.7,43.96,42.16,43.01,36725774,300418
2024-12-19,42.26,43.98,42.04,43.61,35207511,300418
2024-12-20,43.4,44.67,43.22,43.92,40572012,300418
2024-12-23,43.87,43.87,41.38,41.48,43958691,300418
2024-12-24,41.46,41.89,40.42,41.21,37227764,300418
2024-12-25,41.04,41.43,40.22,40.32,28547806,300418
2024-12-26,40.6,41.58,40.4,41.03,30009890,300418
2024-12-27,41.04,41.54,40.12,40.22,36720313,300418
2024-12-30,40.23,40.95,39.51,40.41,28365913,300418
2024-12-31,40.66,40.66,38.48,38.48,34637800,300418
2025-01-02,38.47,38.57,36.48,37.17,41160091,300418
2025-01-03,37.05,37.37,35.4,35.47,37775700,300418
2025-01-06,35.47,36.35,35.3,35.54,29515370,300418
2025-01-07,35.66,36.58,35.5,36.56,34298902,300418
2025-01-08,36.29,36.77,35.03,36.21,33316726,300418
2025-01-09,36.0,36.85,35.92,36.23,27883176,300418
2025-01-10,36.0,36.73,34.95,34.95,27962600,300418
2025-01-13,34.21,35.31,34.0,35.09,24446796,300418
2025-01-14,35.42,37.22,35.1,37.1,43049687,300418
2025-01-15,37.1,37.59,36.62,36.75,39468310,300418
2025-01-16,37.06,37.26,36.5,36.82,31629000,300418
2025-01-17,36.6,37.08,36.27,36.46,24068387,300418
2025-01-20,36.84,37.07,36.22,36.3,31062600,300418
2025-01-21,36.5,36.9,35.75,36.35,29209614,300418
2025-01-22,36.3,36.31,35.25,35.28,32509943,300418
2025-01-23,35.72,36.79,35.14,35.14,44141922,300418
2025-01-24,33.9,36.8,33.52,36.4,72617202,300418
2025-01-27,38.49,38.85,36.61,36.89,74629332,300418
2025-02-05,39.0,43.51,38.8,43.51,137898197,300418
2025-02-06,42.3,44.04,41.01,42.8,118951458,300418
2025-02-07,42.11,44.65,41.72,42.93,123940967,300418
2025-02-10,43.65,43.98,42.6,43.28,88376863,300418
2025-02-11,42.79,42.79,41.39,41.4,84128018,300418
2025-02-12,41.65,42.5,41.44,42.11,61199628,300418
2025-02-13,42.17,42.4,40.9,41.15,66190140,300418
2025-02-14,40.96,44.56,39.5,43.21,137355595,300418
2025-02-17,43.46,44.19,42.55,43.24,97551837,300418
2025-02-18,43.11,44.54,42.31,42.47,105212763,300418
2025-02-19,41.88,43.19,41.65,42.7,69592426,300418
2025-02-20,42.55,42.58,41.06,41.44,64804366,300418
2025-02-21,41.82,42.8,40.96,42.38,69624035,300418
2025-02-24,42.2,43.17,41.92,42.25,57190899,300418
2025-02-25,40.99,41.78,40.82,41.07,51614116,300418
2025-02-26,41.45,42.16,40.41,40.82,55935046,300418
2025-02-27,40.53,41.1,39.3,39.91,49326303,300418
2025-02-28,39.65,39.82,36.87,37.01,57586893,300418
2025-03-03,37.25,38.16,36.82,37.2,35100876,300418
2025-03-04,36.8,37.58,36.7,37.5,24546685,300418
2025-03-05,37.4,37.81,37.04,37.53,26768558,300418
2025-03-06,38.21,40.12,38.2,39.46,63464042,300418
2025-03-07,40.1,42.0,39.48,39.92,91561759,300418
2025-03-10,39.1,39.49,38.3,38.66,46458802,300418
2025-03-11,38.04,38.4,37.88,38.33,27255576,300418
2025-03-12,38.69,38.82,38.03,38.07,30763790,300418
2025-03-13,37.98,38.44,37.19,37.43,27862896,300418
2025-03-14,37.5,38.78,37.22,38.35,33281017,300418
2025-03-17,38.6,38.65,38.0,38.05,23517603,300418
2025-03-18,38.31,38.55,37.92,38.03,22115430,300418
2025-03-19,38.12,38.2,37.5,37.59,20395246,300418
2025-03-20,37.56,37.88,37.14,37.16,18873600,300418
2025-03-21,37.15,37.4,36.33,36.34,22893502,300418
2025-03-24,36.3,36.5,34.62,35.86,29304032,300418
2025-03-25,35.57,35.85,34.89,35.08,17265900,300418
2025-03-26,35.22,35.63,35.08,35.09,13624815,300418
2025-03-27,35.57,36.61,35.35,35.71,29557229,300418
2025-03-28,36.0,36.05,35.02,35.02,17456948,300418
2025-03-31,34.66,34.7,33.82,34.46,21530369,300418
2025-04-01,34.63,34.86,34.15,34.2,15013038,300418
2025-04-02,34.2,34.63,34.11,34.24,11378544,300418
2025-04-03,33.71,34.48,33.55,34.04,15265174,300418
2025-04-07,31.88,32.22,27.23,27.23,52581269,300418
2025-04-08,27.8,29.56,27.79,28.69,44555974,300418
2025-04-09,27.97,29.75,27.13,29.53,39239973,300418
2025-04-10,30.52,31.15,30.12,30.12,33487444,300418
2025-04-11,29.81,30.73,29.69,30.3,23369061,300418
2025-04-14,30.95,31.4,30.71,30.8,22758176,300418
2025-04-15,30.76,31.17,30.44,30.64,15089883,300418
2025-04-16,30.77,30.82,29.82,30.39,16152800,300418
2025-04-17,29.99,30.65,29.99,30.1,13073100,300418
2025-04-18,30.1,30.35,29.88,30.3,11582069,300418
2025-04-21,30.28,31.14,29.92,31.0,20115400,300418
2025-04-22,30.85,31.3,30.68,30.7,15604640,300418
2025-04-23,31.03,31.15,30.6,30.68,16415754,300418
2025-04-24,30.8,31.1,30.04,30.06,18884246,300418
2025-04-25,30.1,30.56,29.95,30.07,17300836,300418
2025-04-28,30.7,31.8,30.52,30.8,42163266,300418
2025-04-29,30.9,32.21,30.51,31.4,35486632,300418
2025-04-30,31.73,32.5,31.4,31.9,36113772,300418
2025-05-06,32.28,32.84,31.41,32.79,32668451,300418
2025-05-07,33.36,33.44,32.28,32.51,28149280,300418
2025-05-08,32.31,33.38,32.31,32.87,34755946,300418
2025-05-09,32.7,32.82,31.97,31.99,21250013,300418
2025-05-12,32.43,32.7,32.13,32.69,20481141,300418
2025-05-13,33.15,33.35,32.46,32.5,23328451,300418
2025-05-14,32.5,32.88,32.11,32.63,19281000,300418
2025-05-15,32.65,32.65,31.62,31.68,17454468,300418
2025-05-16,31.5,31.95,31.49,31.62,11496925,300418
2025-05-19,31.5,31.51,30.57,31.13,18244192,300418
2025-05-20,31.1,31.9,30.8,31.67,18025085,300418
2025-05-21,31.56,31.68,31.14,31.19,12580457,300418
2025-05-22,32.51,37.43,32.0,37.43,151677834,300418
2025-05-23,37.33,37.88,36.46,36.57,139751670,300418
2025-05-26,37.88,39.5,37.41,37.45,129475210,300418
2025-05-27,37.47,37.75,36.56,36.93,81575568,300418
2025-05-28,36.33,36.41,34.55,34.76,78054834,300418
2025-05-29,34.4,35.86,34.4,35.0,63502506,300418
2025-05-30,34.41,34.82,33.33,33.42,52965774,300418
2025-06-03,32.97,34.25,32.85,33.5,41154574,300418
2025-06-04,33.38,35.12,33.38,34.03,48316559,300418
2025-06-05,34.0,34.66,33.57,34.48,42558418,300418
2025-06-06,34.2,34.48,33.69,33.98,31051079,300418
2025-06-09,33.81,34.96,33.81,34.64,35141176,300418
2025-06-10,34.6,34.6,33.19,33.78,43423111,300418
2025-06-11,33.73,34.19,33.57,33.91,30883337,300418
2025-06-12,33.5,34.53,33.47,33.82,37824371,300418
2025-06-13,33.57,33.58,32.0,32.56,57166913,300418
2025-06-16,32.08,33.74,32.0,33.45,44170792,300418
2025-06-17,33.7,34.08,33.13,33.51,33767140,300418
2025-06-18,33.19,33.38,32.68,32.95,22274332,300418
2025-06-19,32.88,33.48,32.29,32.47,30855477,300418
2025-06-20,32.79,32.82,31.61,31.66,25450190,300418
2025-06-23,31.01,32.23,31.01,32.18,22208855,300418
2025-06-24,32.23,33.15,32.23,32.85,28096115,300418
2025-06-25,32.78,33.42,32.49,33.39,35058735,300418
2025-06-26,33.4,33.88,33.01,33.19,32292087,300418
2025-06-27,33.19,33.69,32.86,32.89,26045755,300418
2025-06-30,32.83,34.16,32.8,33.63,35143711,300418
2025-07-01,33.6,33.68,32.99,33.16,23873793,300418
2025-07-02,32.91,33.13,32.48,32.71,20078200,300418
2025-07-03,32.71,33.12,32.51,32.88,16245600,300418
2025-07-04,32.95,33.68,32.62,33.01,32681833,300418
2025-07-07,32.71,33.11,32.39,32.43,20861841,300418
2025-07-08,32.46,33.23,32.31,33.03,25264308,300418
2025-07-09,32.96,34.38,32.91,33.7,52195807,300418
2025-07-10,33.52,33.95,33.33,33.61,28211267,300418
2025-07-11,33.53,34.07,32.97,33.72,32972683,300418
2025-07-14,33.7,33.7,33.0,33.2,25952336,300418
2025-07-15,33.25,34.77,33.09,34.56,76608742,300418
2025-07-16,34.33,35.41,34.03,34.15,64312158,300418
2025-07-17,34.09,35.98,33.65,35.54,77521869,300418
2025-07-18,35.31,35.81,34.85,34.94,58235686,300418
2025-07-21,34.91,35.35,34.39,34.75,36408799,300418
2025-07-22,34.69,34.89,34.05,34.28,31666488,300418
2025-07-23,34.08,34.47,33.93,34.06,26955182,300418
2025-07-24,34.3,35.08,34.19,34.92,37861604,300418
2025-07-25,35.49,35.96,35.27,35.77,62648095,300418
2025-07-28,35.69,35.7,34.74,35.05,41725988,300418
2025-07-29,34.85,35.53,34.55,34.95,32187092,300418
2025-07-30,35.03,35.8,34.36,34.85,50320454,300418
2025-07-31,35.5,36.8,35.01,35.9,102725827,300418
2025-08-01,36.19,36.59,34.63,36.08,86743976,300418
2025-08-04,35.53,35.86,34.84,35.74,54831370,300418
2025-08-05,35.7,35.91,34.91,35.19,46815280,300418
2025-08-06,35.38,35.76,35.05,35.37,36173591,300418
2025-08-07,35.45,35.6,34.65,34.91,38675935,300418
2025-08-08,34.66,34.66,33.43,33.44,55930249,300418
2025-08-11,33.5,35.48,33.46,34.99,56436053,300418
2025-08-12,34.89,36.84,34.79,36.3,101920900,300418
2025-08-13,36.2,36.65,35.8,36.32,59610744,300418
2025-08-14,36.3,36.49,35.34,35.42,45249060,300418
2025-08-15,35.5,36.22,35.06,35.94,42691860,300418
2025-08-18,35.84,37.89,35.68,37.14,85078168,300418
2025-08-19,37.0,37.6,36.74,36.86,47405634,300418
2025-08-20,36.89,37.37,36.25,37.24,44138418,300418
2025-08-21,37.49,37.79,36.72,36.98,51183739,300418
2025-08-22,37.5,44.38,37.47,44.38,216876615,300418
2025-08-25,44.41,45.19,42.8,43.6,168298543,300418
2025-08-26,42.99,43.1,41.66,41.9,100106418,300418
2025-08-27,43.12,43.57,40.28,40.3,136760120,300418
2025-08-28,40.0,42.13,39.8,41.3,105545622,300418
2025-08-29,41.11,43.3,40.79,42.0,109934290,300418
2025-09-01,42.25,42.74,41.3,41.67,81124157,300418
2025-09-02,41.99,47.07,41.51,43.47,183729453,300418
2025-09-03,42.47,45.82,42.21,42.27,136981186,300418
2025-09-04,42.02,45.2,41.31,43.5,150450515,300418
2025-09-05,42.65,42.8,38.58,41.05,150669649,300418
2025-09-08,40.79,41.1,39.68,40.35,84852988,300418
2025-09-09,40.59,40.59,38.8,38.87,66820065,300418
2025-09-10,39.06,41.58,38.8,40.7,101385882,300418
2025-09-11,40.65,42.75,39.5,42.04,103283825,300418
2025-09-12,42.0,42.76,41.39,41.4,76771719,300418
2025-09-15,41.3,42.75,41.04,41.87,75928860,300418
2025-09-16,42.0,42.2,40.87,41.54,60466612,300418
2025-09-17,41.1,41.6,40.65,41.21,51102642,300418
2025-09-18,41.13,43.38,41.05,41.62,108759017,300418
2025-09-19,41.5,45.5,41.32,43.45,139928001,300418
2025-09-22,43.0,43.38,42.0,42.65,84946745,300418
2025-09-23,42.66,44.2,41.81,43.37,107279313,300418
2025-09-24,42.85,46.37,42.3,45.41,136248210,300418
2025-09-25,45.48,54.0,45.46,48.77,205781160,300418
2025-09-26,48.01,48.49,45.05,45.12,136132001,300418
2025-09-29,45.13,46.1,44.1,45.24,85916711,300418
2025-09-30,46.8,49.5,46.27,48.59,129627234,300418
2025-10-09,49.0,51.0,48.27,49.98,136564840,300418
2025-10-10,48.6,49.33,45.88,46.36,106684920,300418
2025-10-13,43.88,45.96,43.87,44.75,77483384,300418
2025-10-14,45.19,46.41,42.03,42.31,80850843,300418
2025-10-15,42.83,43.3,41.71,42.97,48335320,300418
2025-10-16,42.7,43.6,41.71,42.2,54462607,300418
2025-10-17,42.2,42.44,40.45,40.57,49591527,300418
2025-10-20,41.44,41.78,40.5,40.92,37216206,300418
2025-10-21,41.1,41.82,40.8,41.6,36495345,300418
2025-10-22,41.14,42.64,41.07,41.72,45154446,300418
2025-10-23,41.24,41.49,39.9,41.09,43113919,300418
2025-10-24,41.39,41.83,40.9,41.27,39748663,300418
2025-10-27,42.0,43.16,41.78,42.87,61513377,300418
2025-10-28,43.2,44.65,42.89,43.36,65385871,300418
2025-10-29,42.93,44.91,42.7,44.47,60891820,300418
2025-10-30,44.7,46.64,43.7,44.31,99958944,300418
2025-10-31,45.71,47.22,44.81,46.07,111407215,300418
2025-11-03,46.8,47.99,45.65,46.43,90727776,300418
2025-11-04,46.03,46.77,45.06,45.82,64829218,300418
2025-11-05,44.7,45.08,43.35,44.4,71303126,300418
2025-11-06,44.38,44.51,43.45,43.94,49454780,300418
2025-11-07,43.55,43.7,42.72,42.9,45417538,300418
2025-11-10,43.39,44.14,43.12,43.33,49815550,300418
2025-11-11,43.1,43.15,41.48,41.5,59656708,300418
2025-11-12,41.1,41.4,39.78,40.31,48121364,300418
2025-11-13,40.2,41.08,40.01,40.63,37798102,300418
2025-11-14,40.1,40.23,39.1,39.15,40264771,300418
2025-11-17,39.17,41.42,39.17,40.72,54169068,300418
2025-11-18,40.6,43.3,40.32,42.34,86610283,300418
2025-11-19,42.41,42.5,41.01,41.29,53497521,300418
2025-11-20,41.78,41.78,40.5,40.56,35109433,300418
2025-11-21,39.99,41.62,39.5,40.42,61841329,300418
2025-11-24,40.85,44.5,39.7,43.16,96442953,300418
2025-11-25,43.5,46.8,43.21,45.69,143327564,300418
2025-11-26,45.52,46.06,44.8,45.16,89377715,300418
2025-11-27,44.6,45.58,43.8,43.85,63394218,300418
2025-11-28,43.63,44.5,43.14,43.5,48586056,300418
2025-12-01,43.27,43.76,42.69,43.52,44040480,300418
2025-12-02,43.31,43.5,41.68,41.89,50844706,300418
2025-12-03,41.77,41.89,40.21,40.3,44466301,300418
2025-12-04,40.4,40.72,39.8,39.89,34557279,300418
2025-12-05,40.1,41.22,39.32,41.1,46424918,300418
2025-12-08,41.0,41.41,40.84,41.1,41459317,300418
2025-12-09,40.87,41.49,40.65,40.98,36793032,300418
2025-12-10,40.6,41.19,40.08,40.98,32353112,300418
2025-12-11,40.9,40.99,39.8,39.82,35127371,300418
2025-12-12,39.86,40.98,39.51,40.66,39142859,300418
2025-12-15,40.01,40.15,39.22,39.23,31800096,300418
2025-12-16,39.03,39.19,37.78,37.88,37102227,300418
2025-12-17,38.34,40.68,38.26,40.1,59329128,300418
2025-12-18,39.7,40.59,39.54,39.95,30924311,300418
2025-12-19,40.2,40.68,39.8,39.99,23333845,300418
2025-12-22,39.99,40.46,39.86,40.02,25386347,300418
2025-12-23,40.02,40.32,39.6,39.77,28740889,300418
2025-12-24,39.75,39.98,39.5,39.77,25775471,300418
2025-12-25,39.65,40.0,39.31,39.79,27817384,300418
2025-12-26,39.65,40.33,39.44,39.69,34433328,300418
2025-12-29,39.5,40.12,39.43,39.67,30963474,300418
2025-12-30,40.65,41.0,40.09,40.18,49546116,300418
2025-12-31,40.03,42.68,40.03,41.7,81149903,300418
2026-01-05,42.05,44.38,41.73,43.77,94547605,300418
2026-01-06,43.44,45.33,43.13,44.89,94968104,300418
2026-01-07,44.62,45.88,44.01,44.34,90477703,300418
2026-01-08,44.46,45.95,43.78,45.02,74375138,300418
2026-01-09,44.76,54.02,44.76,54.02,205324896,300418
2026-01-12,58.0,64.82,57.15,64.82,198459179,300418
2026-01-13,70.0,72.09,62.32,62.73,280956485,300418
2026-01-14,62.52,67.6,61.57,62.6,220662880,300418
2026-01-15,61.52,64.93,60.6,62.31,147994341,300418
2026-01-16,58.14,61.55,55.59,55.76,170488839,300418
2026-01-19,55.72,56.43,54.05,54.3,90578897,300418
2026-01-20,55.0,55.5,52.44,53.25,76905842,300418
2026-01-21,52.89,54.3,52.3,52.59,66969711,300418
2026-01-22,52.96,54.54,52.5,53.45,67890729,300418
2026-01-23,53.88,56.84,53.4,55.74,113092814,300418
2026-01-26,58.01,58.01,53.1,54.12,103404584,300418
2026-01-27,54.77,55.33,52.71,54.33,85118346,300418
2026-01-28,54.41,56.2,53.35,53.38,100401129,300418
2026-01-29,52.98,60.16,52.81,56.61,169474278,300418
2026-01-30,55.8,56.9,54.66,55.8,95639278,300418
2026-02-02,53.88,56.5,52.7,52.7,84765546,300418
2026-02-03,53.88,55.9,53.4,55.87,86377024,300418
2026-02-04,60.01,64.15,58.05,58.88,163978436,300418
2026-02-05,56.57,61.67,56.57,59.26,129470627,300418
2026-02-06,57.51,58.49,52.85,54.8,121840559,300418
2026-02-09,59.0,60.89,56.61,59.3,118065935,300418
2026-02-10,58.72,62.2,56.12,59.78,158246488,300418
2026-02-11,59.77,60.5,56.51,56.55,97162228,300418
2026-02-12,56.46,65.93,55.5,63.01,172783783,300418
2026-02-13,61.0,62.92,59.98,60.39,110463259,300418
2026-02-24,61.4,64.89,58.66,63.0,142266920,300418
2026-02-25,62.0,62.3,57.83,58.6,131660414,300418
2026-02-26,58.02,58.42,56.2,57.06,75556276,300418
2026-02-27,57.6,62.39,57.28,61.1,131900078,300418
2026-03-02,60.11,61.49,57.06,58.09,103145039,300418
2026-03-03,57.11,57.62,52.08,52.3,106784199,300418
2026-03-04,51.1,53.57,51.01,52.21,52737870,300418
2026-03-05,54.08,54.55,52.1,52.68,49895274,300418
2026-03-06,52.01,53.25,51.97,53.21,42009525,300418
2026-03-09,52.39,55.75,52.04,55.02,77540377,300418
2026-03-10,55.97,57.77,54.0,56.14,91070616,300418
2026-03-11,55.4,55.8,53.81,53.84,66131904,300418
2026-03-12,53.5,54.47,52.66,53.05,44207104,300418
2026-03-13,51.92,52.07,50.0,50.51,57239600,300418
2026-03-16,50.0,50.84,49.28,50.56,36737684,300418
2026-03-17,50.67,51.16,48.55,48.6,40292925,300418
2026-03-18,49.45,50.35,48.66,50.14,40139661,300418
2026-03-19,48.71,56.66,48.37,54.88,141110394,300418
2026-03-20,53.55,56.13,53.2,53.62,106140532,300418
2026-03-23,52.16,53.6,49.61,49.93,78496822,300418
2026-03-24,50.76,50.85,46.89,48.35,71839957,300418
2026-03-25,48.92,52.98,48.92,50.88,71543860,300418
2026-03-26,50.5,52.83,50.2,50.7,58823929,300418
2026-03-27,49.85,52.0,49.5,51.19,48433297,300418
2026-03-30,49.0,50.13,47.5,49.9,60775461,300418
2026-03-31,50.03,51.25,48.99,49.0,42110108,300418
2026-04-01,50.85,52.22,50.08,51.2,60403956,300418
2026-04-02,50.51,50.66,47.47,47.79,65184846,300418
2026-04-03,47.98,48.09,46.13,46.42,37832154,300418
2026-04-07,46.5,48.24,46.2,47.22,38174000,300418
2026-04-08,49.0,52.41,48.92,52.4,90074091,300418
2026-04-09,50.85,51.5,50.32,50.46,51291902,300418
2026-04-10,50.92,51.26,50.05,50.05,46888953,300418
2026-04-13,49.4,50.55,49.25,49.75,33026980,300418
2026-04-14,50.58,51.15,50.1,50.85,48511296,300418
2026-04-15,51.34,51.35,49.53,49.79,43926660,300418
2026-04-16,50.3,53.31,50.25,52.02,77869420,300418
2026-04-17,51.45,53.15,51.33,52.62,48834223,300418
2026-04-20,52.51,55.25,52.36,54.56,69223018,300418
2026-04-21,56.02,57.58,54.08,54.28,88974105,300418
2026-04-22,53.86,54.25,52.64,53.63,67404249,300418
2026-04-23,53.55,54.4,51.5,52.36,52632658,300418
2026-04-24,52.19,52.19,49.93,50.9,49394462,300418
2026-04-27,50.9,52.12,49.65,51.17,46674917,300418
2026-04-28,50.99,51.11,49.33,49.6,37868577,300418
2026-04-29,49.57,50.69,49.57,50.18,37759949,300418
2026-04-30,50.21,50.49,48.7,48.86,40744943,300418
2026-05-06,49.85,53.4,49.85,52.07,73457714,300418
2026-05-07,52.34,55.18,51.8,54.87,82239768,300418
2026-05-08,55.63,55.67,53.65,53.83,70663488,300418
2026-05-11,54.0,54.93,53.04,54.13,56011616,300418
2026-05-12,54.0,54.15,52.15,52.63,47546986,300418
2026-05-13,52.12,53.6,50.95,53.43,55945174,300418
2026-05-14,54.27,54.66,48.94,49.03,83323604,300418
2026-05-15,49.11,51.15,48.9,49.21,64607226,300418
2026-05-18,48.85,49.86,48.38,48.95,43303141,300418
2026-05-19,48.96,50.3,48.32,49.92,48292593,300418
2026-05-20,49.02,49.44,47.3,47.75,54485592,300418
2026-05-21,48.2,49.18,46.25,46.35,48919956,300418
2026-05-22,46.6,46.95,45.5,46.19,37494125,300418
2026-05-25,46.89,48.46,46.83,48.15,52482465,300418
2026-05-26,47.67,47.88,45.55,46.45,60863365,300418
2026-05-27,48.0,48.9,45.5,45.8,76162305,300418
2026-05-28,43.86,45.0,42.4,44.29,78405089,300418
2026-05-29,44.57,46.22,43.79,43.92,65520853,300418
2026-06-01,44.2,46.3,43.9,44.99,59384273,300418
2026-06-02,45.0,45.0,41.66,42.3,65535259,300418
2026-06-03,41.53,42.88,41.3,41.8,46646534,300418
2026-06-04,40.96,40.99,40.1,40.48,43774262,300418
2026-06-05,40.51,41.57,39.62,40.5,48056191,300418
2026-06-08,39.18,40.08,37.96,38.66,43665215,300418
2026-06-09,39.01,39.8,38.25,39.59,36950362,300418
2026-06-10,39.0,39.9,38.0,38.19,36089424,300418
2026-06-11,37.81,37.96,36.65,36.94,42684985,300418
2026-06-12,37.83,38.2,37.12,37.22,35600937,300418
2026-06-15,39.0,39.83,38.31,39.22,49663015,300418
2026-06-16,39.05,39.18,38.41,38.61,36216053,300418
2026-06-17,38.31,39.26,37.57,38.75,48033377,300418
2026-06-18,38.75,45.71,38.58,43.0,131360452,300418
2026-06-22,42.87,45.35,42.2,44.42,101354344,300418
2026-06-23,43.57,43.89,41.61,41.85,65250980,300418
2026-06-24,41.7,42.78,41.05,41.8,45399382,300418
2026-06-25,41.8,42.42,40.32,40.8,52132034,300418
2026-06-26,40.0,40.5,38.72,38.75,50777365,300418
2026-06-29,39.38,42.25,39.28,39.78,66422163,300418
2026-06-30,39.9,41.0,38.78,40.36,49601063,300418
2026-07-01,40.0,41.5,39.62,40.6,58392427,300418
2026-07-02,41.81,46.89,39.36,45.55,158286537,300418
2026-07-03,44.3,46.69,42.42,42.66,123212717,300418
2026-07-06,42.9,45.98,42.39,43.05,98156287,300418
2026-07-07,42.94,46.07,42.89,44.61,111429572,300418
2026-07-08,44.41,48.5,42.6,47.96,140454135,300418
2026-07-09,47.5,51.88,46.84,50.42,168141665,300418
2026-07-10,48.47,53.53,47.8,49.42,162146028,300418
2026-07-13,49.87,51.08,47.5,48.2,99766650,300418
2026-07-14,48.66,49.05,43.23,45.93,110767569,300418
2026-07-15,46.18,48.48,45.49,46.11,91501470,300418
2026-07-16,45.5,49.73,44.8,48.24,118508539,300418
2026-07-17,47.84,48.89,41.85,41.99,121922218,300418
2026-07-20,41.99,43.56,40.83,42.92,93604845,300418
2026-07-21,42.2,43.88,39.7,43.48,88483072,300418
2026-07-22,42.79,43.78,40.9,41.18,80894403,300418
2026-07-23,40.5,40.8,38.93,39.32,67209191,300418
2026-07-24,38.15,38.64,36.68,36.68,59837801,300418
2026-07-27,36.69,38.26,36.2,38.17,48355334,300418
2026-07-28,37.39,38.97,37.3,37.61,50666059,300418
2026-07-29,37.86,38.31,35.29,36.83,65457647,300418
2026-07-30,36.8,38.69,36.0,36.0,64395390,300418
2026-07-31,36.78,43.2,36.78,43.2,147705602,300418
2026-08-03,43.05,43.88,41.51,41.6,115470416,300418
2026-08-04,42.55,43.98,41.84,43.7,98697789,300418
2026-08-05,43.0,45.1,43.0,44.41,85919995,300418
2026-08-06,43.63,44.9,43.39,43.9,72042561,300418
2026-08-07,43.73,45.52,42.46,44.88,96254713,300418
2026-08-10,44.8,45.06,43.5,44.28,56523099,300418
2026-08-11,44.46,44.46,42.97,43.28,52955298,300418
2026-08-12,43.41,44.3,42.84,43.29,54037781,300418
2026-08-13,43.3,45.29,42.15,42.17,76745019,300418
2026-08-14,42.49,43.83,41.61,43.62,64354912,300418
2026-08-17,43.9,45.18,43.16,44.7,63815792,300418
2026-08-18,44.33,44.98,43.82,44.48,47527907,300418
2026-08-19,43.5,43.96,42.28,42.52,49544536,300418
2026-08-20,45.2,47.69,44.66,45.05,122625480,300418
2026-08-21,44.1,44.7,42.97,43.82,72837449,300418
2026-08-24,43.79,43.82,39.97,40.54,75312797,300418
2026-08-25,43.79,40.71,39.6,40.32,41420389,300418
