timestamps,open,high,low,close,volume,stock_code
2016-01-04,11.4503,11.6374,10.3876,10.3876,15240012,600580
2016-01-05,10.0209,10.5223,9.6617,9.8712,19820516,600580
2016-01-06,9.9985,10.2305,9.9536,10.1856,13250835,600580
2016-01-07,10.1332,10.1332,9.1678,9.2052,3800049,600580
2016-01-08,9.5794,9.7814,8.7038,9.4072,16915921,600580
2016-01-11,9.2276,9.527,8.4643,8.4718,15499605,600580
2016-01-12,8.4792,8.7412,8.4493,8.7038,12588937,600580
2016-01-13,8.7936,8.8759,8.5466,8.599,12840360,600580
2016-01-14,8.2772,9.0405,8.2622,9.0181,12230157,600580
2016-01-15,8.9058,9.0555,8.4792,8.599,10523842,600580
2016-01-18,8.2847,8.7936,8.2697,8.5316,19112364,600580
2016-01-19,8.4867,8.9657,8.4867,8.9133,13898506,600580
2016-01-20,8.831,8.8909,8.614,8.6738,13486608,600580
2016-01-21,8.5691,8.8534,8.3146,8.367,10449003,600580
2016-01-22,8.5092,8.6738,8.2622,8.614,13076853,600580
2016-01-25,8.7187,8.8235,8.5466,8.6813,7020955,600580
2016-01-26,8.5017,8.599,7.8132,7.8132,11358643,600580
2016-01-27,7.8132,7.903,7.0423,7.4839,17658475,600580
2016-01-28,7.4016,7.409,6.743,6.8178,17340487,600580
2016-01-29,6.6158,7.222,6.6158,7.1621,15311662,600580
2016-02-01,7.0498,7.207,6.8328,7.0124,8172511,600580
2016-02-02,7.0124,7.2968,6.9076,7.2444,8842910,600580
2016-02-03,7.1022,7.3941,7.0498,7.3118,10166749,600580
2016-02-04,7.3342,7.5512,7.3043,7.5138,13760882,600580
2016-02-05,7.5063,7.5737,7.409,7.4165,7170447,600580
2016-02-15,7.1696,7.4989,7.0947,7.424,5500530,600580
2016-02-16,7.4465,7.7758,7.4465,7.7533,9289676,600580
2016-02-17,7.7159,7.8207,7.5961,7.7758,13954017,600580
2016-02-18,7.8506,8.1275,7.8207,8.0078,20846828,600580
2016-02-19,8.0078,8.0078,7.7608,7.8656,14872555,600580
2016-02-22,7.9479,8.1051,7.903,8.0676,12620414,600580
2016-02-23,8.0601,8.0826,7.8656,7.9329,8608546,600580
2016-02-24,7.8581,8.0003,7.7832,7.9928,8005281,600580
2016-02-25,8.0452,8.1051,7.222,7.2669,18172915,600580
2016-02-26,7.3641,7.4315,7.0049,7.207,8894790,600580
2016-02-29,7.2369,7.2519,6.5858,6.6681,11600928,600580
2016-03-01,6.6831,7.0723,6.6831,6.9376,12784776,600580
2016-03-02,6.96,7.6336,6.8852,7.6111,15912249,600580
2016-03-03,7.4839,7.8356,7.454,7.5363,18748062,600580
2016-03-04,7.4914,7.5587,7.1471,7.2294,12581052,600580
2016-03-07,7.2743,7.4839,7.2743,7.3866,6699835,600580
2016-03-08,7.3866,7.439,7.0723,7.4315,7964859,600580
2016-03-09,7.2818,7.4839,7.177,7.2369,6451776,600580
2016-03-10,7.2369,7.3267,7.1247,7.1546,4542494,600580
2016-03-11,7.1172,7.2145,6.9974,7.1321,4848459,600580
2016-03-14,7.2145,7.5363,7.2145,7.4165,11616672,600580
2016-03-15,7.424,7.5512,7.3567,7.424,8761648,600580
2016-03-16,7.4614,7.5438,7.2294,7.2369,7919373,600580
2016-03-17,7.2519,7.8281,7.2519,7.8057,20174133,600580
2016-03-18,7.7234,8.1799,7.7084,8.1051,30065968,600580
2016-03-21,7.9928,8.382,7.9928,8.2921,28423088,600580
2016-03-22,8.1574,8.367,8.1051,8.1949,15406299,600580
2016-03-23,8.1275,8.2847,8.12,8.2472,10526568,600580
2016-03-24,8.2023,8.2772,8.12,8.1724,12862485,600580
2016-03-25,8.1275,8.5167,8.1125,8.3221,13523544,600580
2016-03-28,8.3894,8.6963,8.3221,8.382,15939750,600580
2016-03-29,8.3969,8.4792,8.0227,8.2697,12101475,600580
2016-03-30,8.3071,8.7861,8.2098,8.7562,16099665,600580
2016-03-31,8.7487,8.8759,8.6214,8.7262,15249963,600580
2016-04-01,8.6738,8.8235,8.5316,8.6963,9804805,600580
2016-04-05,8.6888,9.078,8.6514,8.9657,15213391,600580
2016-04-06,8.8534,9.1827,8.8534,8.9881,14496078,600580
2016-04-07,8.9807,9.078,8.7337,8.7487,12479296,600580
2016-04-08,8.7112,8.7337,8.5017,8.5691,7843084,600580
2016-04-11,8.7262,9.0705,8.7038,8.9432,14019924,600580
2016-04-12,8.9807,9.4671,8.7337,9.3249,28356126,600580
2016-04-13,9.2052,9.7066,9.2052,9.3399,35945095,600580
2016-04-14,9.3623,9.4522,9.1378,9.3025,14904534,600580
2016-04-15,9.4222,9.4297,9.2426,9.3249,9965006,600580
2016-04-18,9.2202,9.28,9.0854,9.2426,10354918,600580
2016-04-19,9.2501,9.4896,9.2501,9.3623,16122913,600580
2016-04-20,9.2875,9.5494,8.6214,8.9881,30985113,600580
2016-04-21,8.846,9.0929,8.6888,8.831,32190476,600580
2016-04-22,8.7561,8.9582,8.6289,8.8759,20907969,600580
2016-04-25,8.831,8.831,8.2921,8.4493,23383738,600580
2016-04-26,8.4493,8.4942,8.1574,8.4343,13467816,600580
2016-04-27,8.3445,8.4568,8.3071,8.367,10409779,600580
2016-04-28,8.3595,8.4194,8.0078,8.2023,11191376,600580
2016-04-29,8.1425,8.15,7.9928,8.0826,10786080,600580
2016-05-03,8.0826,8.367,8.0302,8.3445,10920351,600580
2016-05-04,8.3221,8.3969,8.2547,8.3071,12954664,600580
2016-05-05,8.367,8.4942,8.3071,8.4493,12090817,600580
2016-05-06,8.5316,8.5915,8.0078,8.0152,15547522,600580
2016-05-09,7.9404,7.9404,7.3567,7.5438,17421838,600580
2016-05-10,7.4989,7.5961,7.409,7.5512,6748237,600580
2016-05-11,7.5812,7.6261,7.4016,7.4165,7575578,600580
2016-05-12,7.3192,7.439,7.1321,7.424,7698612,600580
2016-05-13,7.3716,7.5213,7.3342,7.4689,6941414,600580
2016-05-16,7.4689,7.6934,7.3716,7.6635,8519660,600580
2016-05-17,7.7982,7.8581,7.5737,7.5961,9778957,600580
2016-05-18,7.6411,8.0676,7.6036,7.7234,20279032,600580
2016-05-19,7.6485,7.7234,7.4689,7.6635,14059305,600580
2016-05-20,7.5213,7.7458,7.4689,7.7309,11009730,600580
2016-05-23,7.7009,7.8731,7.6934,7.7982,11757222,600580
2016-05-24,7.7758,7.7758,7.5587,7.6036,8764017,600580
2016-05-25,7.686,7.7309,7.424,7.4839,9793562,600580
2016-05-26,7.4764,7.686,7.3267,7.6485,12750561,600580
2016-05-27,7.6485,7.7234,7.4764,7.5662,9537901,600580
2016-05-30,7.4989,7.5587,7.424,7.5138,5320021,600580
2016-05-31,7.5138,7.8581,7.5138,7.8581,14361331,600580
2016-06-01,7.8656,8.0901,7.8057,7.9329,14643638,600580
2016-06-02,7.9254,8.0751,7.8581,8.0078,14047106,600580
2016-06-03,7.9778,8.0452,7.9479,8.0078,10768995,600580
2016-06-06,8.0377,8.0901,7.9479,8.0078,7951480,600580
2016-06-07,8.0377,8.4942,7.8955,8.1574,41474175,600580
2016-06-08,8.1724,8.4867,8.12,8.4119,33417698,600580
2016-06-13,8.367,8.367,7.7758,7.8057,20940993,600580
2016-06-14,7.7458,7.8955,7.641,7.7608,13563213,600580
2016-06-15,7.671,8.3595,7.6336,8.2921,20769795,600580
2016-06-16,8.2622,8.8834,8.1724,8.5316,37595581,600580
2016-06-17,8.5167,8.8235,8.3595,8.5167,32736993,600580
2016-06-20,8.5616,8.8983,8.4418,8.8759,27010576,600580
2016-06-21,8.8909,8.9283,8.4568,8.5167,27010311,600580
2016-06-22,8.5242,8.6447,8.3585,8.6221,17044194,600580
2016-06-23,8.5091,8.5844,8.3962,8.4263,12985022,600580
2016-06-24,8.4037,8.5543,7.9895,8.2155,18448854,600580
2016-06-27,8.1552,8.464,8.1477,8.4564,14089590,600580
2016-06-28,8.3736,8.5167,8.3359,8.479,14949704,600580
2016-06-29,8.5844,8.6522,8.4112,8.5091,19024269,600580
2016-06-30,8.5393,8.5769,8.4112,8.4414,11610789,600580
2016-07-01,8.4715,8.6221,8.3435,8.5844,18831055,600580
2016-07-04,8.4941,8.8856,8.3887,8.848,80093360,600580
2016-07-05,8.735,8.8555,8.6823,8.7652,48356756,600580
2016-07-06,8.7576,8.7576,8.5844,8.6221,30098605,600580
2016-07-07,8.6371,8.7125,8.4941,8.5317,14184392,600580
2016-07-08,8.5317,8.5317,8.5317,8.5317,0,600580
2016-07-11,8.5317,8.5317,8.5317,8.5317,0,600580
2016-07-12,8.5317,8.5317,8.5317,8.5317,0,600580
2016-07-13,8.5317,8.5317,8.5317,8.5317,0,600580
2016-07-14,8.5317,8.5317,8.5317,8.5317,0,600580
2016-07-15,8.5317,8.5317,8.5317,8.5317,0,600580
2016-07-18,8.5317,8.5317,8.5317,8.5317,0,600580
2016-07-19,8.2757,8.2757,7.9444,8.0724,39264686,600580
2016-07-20,8.0724,8.1627,7.982,7.9971,22227052,600580
2016-07-21,8.0347,8.0498,7.8992,7.9519,18833041,600580
2016-07-22,7.8992,8.0121,7.8992,7.9293,13331066,600580
2016-07-25,7.9444,8.0423,7.9218,7.9971,11860087,600580
2016-07-26,7.9594,8.0197,7.9444,8.0197,14214588,600580
2016-07-27,8.0272,8.0272,7.5001,7.5829,30498526,600580
2016-07-28,7.5829,7.613,7.3947,7.5603,13694296,600580
2016-07-29,7.6055,7.6055,7.4926,7.5302,8630139,600580
2016-08-01,7.5151,7.5151,7.3947,7.4248,8833365,600580
2016-08-02,7.4323,7.5302,7.4323,7.5227,6214251,600580
2016-08-03,7.5227,7.5528,7.4549,7.485,6229578,600580
2016-08-04,7.47,7.5151,7.3645,7.5076,11259129,600580
2016-08-05,7.4775,7.5227,7.4398,7.4624,7333207,600580
2016-08-08,7.5076,7.6281,7.4549,7.6206,11114598,600580
2016-08-09,7.6206,7.6658,7.5904,7.6582,9809037,600580
2016-08-10,7.6658,7.6658,7.5453,7.5603,9396038,600580
2016-08-11,7.5603,7.5754,7.4248,7.4323,8676086,600580
2016-08-12,7.4323,7.5001,7.3947,7.4926,6019324,600580
2016-08-15,7.4926,7.7185,7.47,7.6582,17652488,600580
2016-08-16,7.6808,7.7636,7.6507,7.7109,11800851,600580
2016-08-17,7.7109,7.7335,7.6432,7.6959,7562294,600580
2016-08-18,7.6883,7.6883,7.598,7.6206,14019013,600580
2016-08-19,7.6356,7.6432,7.5076,7.5754,9829633,600580
2016-08-22,7.5679,7.6055,7.5151,7.5302,10155951,600580
2016-08-23,7.5151,7.5679,7.485,7.5603,7389718,600580
2016-08-24,7.5603,7.5904,7.5001,7.5453,6715764,600580
2016-08-25,7.5151,7.5227,7.4022,7.4549,8172800,600580
2016-08-26,7.5001,7.7185,7.4926,7.6883,23634154,600580
2016-08-29,7.6582,7.7486,7.6055,7.6582,12188169,600580
2016-08-30,7.6883,7.7109,7.6281,7.6658,8873950,600580
2016-08-31,7.6808,7.6808,7.598,7.6658,6220692,600580
2016-09-01,7.6658,7.6808,7.5829,7.5904,6148975,600580
2016-09-02,7.598,7.6055,7.4624,7.5227,10937347,600580
2016-09-05,7.5453,7.5904,7.5302,7.5528,5639023,600580
2016-09-06,7.5377,7.6507,7.4474,7.6281,10124245,600580
2016-09-07,7.6206,7.6959,7.5829,7.5904,10610648,600580
2016-09-08,7.613,7.726,7.5829,7.6883,12599373,600580
2016-09-09,7.6733,7.7034,7.598,7.613,7710344,600580
2016-09-12,7.485,7.5453,7.4549,7.4624,11108270,600580
2016-09-13,7.47,7.5227,7.4474,7.485,6669440,600580
2016-09-14,7.4549,7.5302,7.4248,7.4775,5028393,600580
2016-09-19,7.485,7.5904,7.4624,7.5603,6771422,600580
2016-09-20,7.5829,7.5829,7.4926,7.5302,5169654,600580
2016-09-21,7.5377,7.5603,7.5001,7.5227,3809638,600580
2016-09-22,7.5528,7.5754,7.5151,7.5377,6210949,600580
2016-09-23,7.5528,7.5528,7.5001,7.5227,4517984,600580
2016-09-26,7.5001,7.5151,7.3796,7.3796,7655484,600580
2016-09-27,7.3796,7.4173,7.2666,7.3871,7558218,600580
2016-09-28,7.4097,7.4549,7.3645,7.3871,3480495,600580
2016-09-29,7.4022,7.4248,7.3721,7.3796,3544815,600580
2016-09-30,7.4022,7.4398,7.3194,7.3796,4650874,600580
2016-10-10,7.4097,7.4926,7.342,7.485,9668552,600580
2016-10-11,7.5001,7.5151,7.4549,7.5001,8338384,600580
2016-10-12,7.485,7.6356,7.4474,7.5904,11148252,600580
2016-10-13,7.5829,7.598,7.5227,7.5453,6676261,600580
2016-10-14,7.5302,7.5679,7.4775,7.5227,5777340,600580
2016-10-17,7.5227,7.5453,7.4248,7.47,5807424,600580
2016-10-18,7.4398,7.6356,7.4398,7.613,13076973,600580
2016-10-19,7.6356,7.6658,7.5754,7.6206,14433964,600580
2016-10-20,7.6055,7.6432,7.5528,7.6206,8392234,600580
2016-10-21,7.613,7.613,7.485,7.5528,8513188,600580
2016-10-24,7.5904,7.6206,7.5151,7.598,9545118,600580
2016-10-25,7.6055,7.6432,7.5679,7.6432,8120343,600580
2016-10-26,7.6356,7.6356,7.5453,7.5904,7436641,600580
2016-10-27,7.5904,7.598,7.5151,7.5453,6700923,600580
2016-10-28,7.5076,7.5302,7.4173,7.4248,12774703,600580
2016-10-31,7.4173,7.4398,7.3344,7.4097,6418920,600580
2016-11-01,7.4323,7.5151,7.4173,7.4624,8919180,600580
2016-11-02,7.5076,7.5829,7.485,7.5302,18051697,600580
2016-11-03,7.4926,7.5453,7.4549,7.5151,11155479,600580
2016-11-04,7.5076,7.5227,7.4248,7.4323,8573373,600580
2016-11-07,7.4398,7.4549,7.3871,7.4398,6205281,600580
2016-11-08,7.4398,7.4775,7.4097,7.4398,6485043,600580
2016-11-09,7.4248,7.4549,7.2742,7.3796,9792860,600580
2016-11-10,7.4097,7.4323,7.3947,7.4248,7783257,600580
2016-11-11,7.4398,7.4474,7.3871,7.4323,10153593,600580
2016-11-14,7.4323,7.4926,7.4022,7.4926,10384003,600580
2016-11-15,7.4926,7.5151,7.4323,7.485,7740597,600580
2016-11-16,7.485,7.598,7.47,7.5227,14776960,600580
2016-11-17,7.5302,7.5453,7.4624,7.5151,7795786,600580
2016-11-18,7.5227,7.5377,7.4248,7.4398,8389741,600580
2016-11-21,7.4173,7.4775,7.4173,7.4474,6322069,600580
2016-11-22,7.4775,7.485,7.4173,7.485,8564166,600580
2016-11-23,7.5076,7.5528,7.4775,7.5227,14637760,600580
2016-11-24,7.5227,7.5377,7.4173,7.4398,9176494,600580
2016-11-25,7.4323,7.485,7.3645,7.4624,7728316,600580
2016-11-28,7.4549,7.5151,7.4248,7.5001,11523435,600580
2016-11-29,7.4926,7.5528,7.4474,7.4775,13968919,600580
2016-11-30,7.4549,7.47,7.3871,7.4248,9442576,600580
2016-12-01,7.4926,7.5679,7.4549,7.5001,16522911,600580
2016-12-02,7.4624,7.4926,7.3721,7.3871,11929242,600580
2016-12-05,7.357,7.3947,7.2968,7.3269,7995290,600580
2016-12-06,7.3269,7.3871,7.3269,7.3344,6121819,600580
2016-12-07,7.342,7.3871,7.3269,7.3796,5324626,600580
2016-12-08,7.4022,7.4022,7.2968,7.3118,7185651,600580
2016-12-09,7.3043,7.3495,7.2892,7.3194,6891399,600580
2016-12-12,7.3269,7.342,6.7847,6.8148,13837909,600580
2016-12-13,6.7772,7.0106,6.7471,7.0031,9299484,600580
2016-12-14,7.0332,7.0407,6.9429,7.0106,4932160,600580
2016-12-15,6.9429,7.0257,6.9278,6.9579,3791838,600580
2016-12-16,6.9579,7.0257,6.9278,6.973,3868666,600580
2016-12-19,6.988,6.9956,6.9127,6.9203,2908056,600580
2016-12-20,6.9203,6.9579,6.8826,6.8977,2644688,600580
2016-12-21,6.9127,6.9429,6.8977,6.9278,3291268,600580
2016-12-22,6.9353,6.9504,6.8977,6.9278,2863434,600580
2016-12-23,6.9278,6.9429,6.845,6.9052,3948472,600580
2016-12-26,6.8826,6.9052,6.7772,6.8675,5277940,600580
2016-12-27,6.8901,6.8977,6.8224,6.86,3708826,600580
2016-12-28,6.86,6.8675,6.8073,6.8224,2108895,600580
2016-12-29,6.8148,6.845,6.7998,6.8224,2357161,600580
2016-12-30,6.8224,6.8675,6.7922,6.8525,3114512,600580
2017-01-03,6.8374,6.8826,6.8374,6.8751,3805910,600580
2017-01-04,6.8675,6.9203,6.86,6.9127,3850635,600580
2017-01-05,6.9278,6.988,6.9127,6.9579,5041155,600580
2017-01-06,6.9579,6.973,6.8751,6.9052,3449540,600580
2017-01-09,6.8751,6.9504,6.8751,6.9203,2504731,600580
2017-01-10,6.9127,6.9278,6.8751,6.8901,3332379,600580
2017-01-11,6.8751,6.8901,6.8299,6.8299,2847931,600580
2017-01-12,6.8299,6.8525,6.8073,6.8224,2955613,600580
2017-01-13,6.8224,6.8299,6.604,6.6492,6350260,600580
2017-01-16,6.7169,6.7169,6.0995,6.3178,7752009,600580
2017-01-17,6.3178,6.3555,6.1597,6.3404,5042642,600580
2017-01-18,6.3329,6.3404,6.2275,6.3103,5788550,600580
2017-01-19,6.2727,6.348,6.2651,6.3254,2859616,600580
2017-01-20,6.2953,6.4082,6.2953,6.3856,4291813,600580
2017-01-23,6.3856,6.4835,6.363,6.4459,3715996,600580
2017-01-24,6.4308,6.476,6.4007,6.4082,2673906,600580
2017-01-25,6.4007,6.4986,6.3856,6.4609,2113730,600580
2017-01-26,6.4684,6.5362,6.4684,6.5136,1950698,600580
2017-02-03,6.5362,6.5889,6.4835,6.5513,2416862,600580
2017-02-06,6.5588,6.5814,6.476,6.5061,4098837,600580
2017-02-07,6.5061,6.5513,6.4835,6.5287,2754860,600580
2017-02-08,6.5212,6.5438,6.476,6.5362,3154136,600580
2017-02-09,6.5061,6.5739,6.4986,6.5513,4290087,600580
2017-02-10,6.5663,6.5663,6.5136,6.5287,3372218,600580
2017-02-13,6.5136,6.5663,6.476,6.5513,4838349,600580
2017-02-14,6.5287,6.5739,6.5061,6.5061,4724726,600580
2017-02-15,6.5136,6.5287,6.4233,6.4308,7487724,600580
2017-02-16,6.4308,6.4835,6.4007,6.476,3740678,600580
2017-02-17,6.5287,6.86,6.5212,6.6266,15483302,600580
2017-02-20,6.5663,6.6642,6.5588,6.6416,8817916,600580
2017-02-21,6.6492,6.6567,6.5739,6.6416,7739062,600580
2017-02-22,6.6492,6.6492,6.5814,6.6266,5863509,600580
2017-02-23,6.6266,6.6266,6.5739,6.5889,5086702,600580
2017-02-24,6.5889,6.6266,6.5739,6.6191,4953921,600580
2017-02-27,6.604,6.6642,6.5663,6.5739,5985014,600580
2017-02-28,6.5739,6.604,6.4986,6.5362,6488756,600580
2017-03-01,6.5362,6.5437,6.4835,6.5212,7620627,600580
2017-03-02,6.5136,6.5362,6.4459,6.4534,6499959,600580
2017-03-03,6.4383,6.4986,6.4308,6.491,4166748,600580
2017-03-06,6.491,6.5663,6.491,6.5588,6605827,600580
2017-03-07,6.5588,6.604,6.5287,6.5814,6089734,600580
2017-03-08,6.5814,6.6191,6.5513,6.5965,6258382,600580
2017-03-09,6.604,6.6115,6.5136,6.5212,6357795,600580
2017-03-10,6.5362,6.5438,6.491,6.5061,3318902,600580
2017-03-13,6.4986,6.5739,6.476,6.5663,4119519,600580
2017-03-14,6.5513,6.5965,6.5287,6.5889,4763744,600580
2017-03-15,6.5965,6.5965,6.5212,6.5362,4017354,600580
2017-03-16,6.5437,6.5889,6.5362,6.5889,4642992,600580
2017-03-17,6.5889,6.7094,6.5739,6.6115,12625431,600580
2017-03-20,6.5965,6.6642,6.5513,6.6115,6020178,600580
2017-03-21,6.6115,6.6115,6.5513,6.5739,4295061,600580
2017-03-22,6.5663,6.5663,6.4835,6.5061,4765041,600580
2017-03-23,6.4986,6.5513,6.476,6.4986,4816044,600580
2017-03-24,6.4835,6.5061,6.4459,6.4986,5111136,600580
2017-03-27,6.4835,6.5287,6.4383,6.4534,4324244,600580
2017-03-28,6.4609,6.4986,6.4007,6.4157,5171715,600580
2017-03-29,6.4308,6.4986,6.3706,6.4684,6929875,600580
2017-03-30,6.4459,6.4534,6.2651,6.2727,9508804,600580
2017-03-31,6.3103,6.3254,6.2576,6.3103,5729779,600580
2017-04-05,6.3028,6.4684,6.2651,6.4534,6842403,600580
2017-04-06,6.4534,6.9956,6.4082,6.6266,17450665,600580
2017-04-07,6.5513,6.604,6.5287,6.5513,9623454,600580
2017-04-10,6.5663,6.5814,6.4609,6.491,6902212,600580
2017-04-11,6.4835,6.5136,6.3706,6.4986,9071206,600580
2017-04-12,6.4986,6.4986,6.4082,6.476,4930308,600580
2017-04-13,6.4459,6.5739,6.4308,6.5212,8896338,600580
2017-04-14,6.5287,6.5287,6.3781,6.3856,6510793,600580
2017-04-17,6.3931,6.4383,6.3103,6.3329,5742558,600580
2017-04-18,6.3329,6.3931,6.2501,6.2576,5544312,600580
2017-04-19,6.2576,6.2802,6.0317,6.1221,9429015,600580
2017-04-20,6.1221,6.1672,6.0995,6.1597,6361714,600580
2017-04-21,6.1446,6.1823,6.107,6.1597,3247636,600580
2017-04-24,6.1748,6.1748,6.0091,6.0317,4983141,600580
2017-04-25,6.0392,6.0844,5.8736,5.8962,6121562,600580
2017-04-26,5.8736,5.8962,5.7832,5.8284,6821598,600580
2017-04-27,5.7832,5.9037,5.6326,5.866,12934957,600580
2017-04-28,5.8434,5.9639,5.8058,5.9489,4832680,600580
2017-05-02,5.9263,5.9263,5.8133,5.8434,3633166,600580
2017-05-03,5.851,5.8811,5.7832,5.8133,3635792,600580
2017-05-04,5.7832,5.9037,5.7832,5.8359,3823729,600580
2017-05-05,5.8284,5.851,5.7757,5.7983,2896564,600580
2017-05-08,5.7832,5.7907,5.6552,5.6627,3335716,600580
2017-05-09,5.6552,5.6928,5.6025,5.6928,3608265,600580
2017-05-10,5.6702,5.7079,5.6326,5.6401,3924960,600580
2017-05-11,5.6401,5.7154,5.4067,5.6853,8410782,600580
2017-05-12,5.6477,5.6552,5.5724,5.5799,2486937,600580
2017-05-15,5.5799,5.6326,5.5724,5.5874,2920072,600580
2017-05-16,5.5874,5.6552,5.4745,5.6477,4740471,600580
2017-05-17,5.6477,5.7004,5.6025,5.6175,4233336,600580
2017-05-18,5.5874,5.6326,5.5573,5.5724,3266282,600580
2017-05-19,5.5799,5.61,5.5648,5.5874,2129445,600580
2017-05-22,5.6251,5.6251,5.4519,5.4895,3769981,600580
2017-05-23,5.4895,5.5196,5.3389,5.3916,5705097,600580
2017-05-24,5.3314,5.3916,5.2561,5.369,5064963,600580
2017-05-25,5.3464,5.3766,5.2335,5.369,10493488,600580
2017-05-26,5.3615,5.3615,5.2862,5.3088,5050230,600580
2017-05-31,5.3766,5.3766,5.2937,5.3013,3941829,600580
2017-06-01,5.2862,5.2937,5.0829,5.1808,8977207,600580
2017-06-02,5.1582,5.1808,5.0076,5.1281,7576464,600580
2017-06-05,5.1281,5.1507,5.0904,5.1055,5351910,600580
2017-06-06,5.1055,5.1582,5.0829,5.1281,8941905,600580
2017-06-07,5.1205,5.2335,5.113,5.2184,23231581,600580
2017-06-08,5.2184,5.2335,5.1582,5.1808,10293712,600580
2017-06-09,5.1733,5.1883,5.0829,5.1507,9947815,600580
2017-06-12,5.1431,5.1431,5.0452,5.0603,8006932,600580
2017-06-13,5.0452,5.1281,5.0302,5.0979,12645118,600580
2017-06-14,5.0979,5.1431,5.0754,5.0904,10069268,600580
2017-06-15,5.0678,5.2184,5.0678,5.1958,18054388,600580
2017-06-16,5.1883,5.1958,5.1281,5.1657,9551356,600580
2017-06-19,5.1657,5.2184,5.1507,5.2109,13719387,600580
2017-06-20,5.2184,5.3088,5.1808,5.2486,17215075,600580
2017-06-21,5.2636,5.3314,5.2184,5.3013,17590668,600580
2017-06-22,5.3013,5.3239,5.1733,5.1808,12979959,600580
2017-06-23,5.1582,5.1808,5.0603,5.1507,8560987,600580
2017-06-26,5.1355,5.249,5.128,5.1885,13338306,600580
2017-06-27,5.2112,5.2187,5.1053,5.1431,16103660,600580
2017-06-28,5.1128,5.1734,5.0826,5.1658,9977452,600580
2017-06-29,5.1658,5.1885,5.1507,5.1809,6889148,600580
2017-06-30,5.1582,5.1658,5.1053,5.1582,8762538,600580
2017-07-03,5.1431,5.2112,5.1431,5.2112,8879247,600580
2017-07-04,5.2112,5.2339,5.1734,5.2036,6705315,600580
2017-07-05,5.2036,5.2641,5.1734,5.2641,10257876,600580
2017-07-06,5.2641,5.3473,5.2414,5.2868,17017670,600580
2017-07-07,5.2792,5.3095,5.2414,5.3019,10725836,600580
2017-07-10,5.3019,5.4381,5.3019,5.4003,18780614,600580
2017-07-11,5.4078,5.4154,5.3246,5.3322,11648742,600580
2017-07-12,5.3171,5.3322,5.2112,5.2944,10921974,600580
2017-07-13,5.2868,5.3851,5.2641,5.3322,9703380,600580
2017-07-14,5.3095,5.5137,5.3095,5.4683,20578344,600580
2017-07-17,5.4759,5.5213,5.1204,5.2565,20571267,600580
2017-07-18,5.2263,5.665,5.1582,5.5666,22657737,600580
2017-07-19,5.5288,5.665,5.5061,5.6272,22981981,600580
2017-07-20,5.6196,5.6725,5.5591,5.5818,17627054,600580
2017-07-21,5.5818,5.6423,5.544,5.5893,10624042,600580
2017-07-24,5.5969,5.8692,5.5288,5.8238,23071290,600580
2017-07-25,5.786,5.8011,5.7028,5.7482,14008803,600580
2017-07-26,5.7482,5.8011,5.665,5.786,10756219,600580
2017-07-27,5.7784,5.8541,5.6725,5.8162,12099160,600580
2017-07-28,5.7935,5.8238,5.7179,5.7255,8540395,600580
2017-07-31,5.6877,5.7255,5.6423,5.6801,11502008,600580
2017-08-01,5.6952,5.7104,5.6272,5.6347,7594936,600580
2017-08-02,5.6347,5.6725,5.5288,5.5666,10097487,600580
2017-08-03,5.5818,5.6877,5.5591,5.6272,7546452,600580
2017-08-04,5.612,5.6574,5.5742,5.6045,7896546,600580
2017-08-07,5.5893,5.6272,5.5666,5.6196,4923240,600580
2017-08-08,5.6196,5.665,5.5893,5.612,6093410,600580
2017-08-09,5.612,5.6423,5.544,5.5591,7046762,600580
2017-08-10,5.5591,5.5666,5.3851,5.4229,12047385,600580
2017-08-11,5.3927,5.4456,5.3019,5.3397,6780585,600580
2017-08-14,5.3549,5.4381,5.3019,5.4154,5324876,600580
2017-08-15,5.4229,5.4683,5.3927,5.4229,5126638,600580
2017-08-16,5.4683,5.5818,5.4381,5.5591,11902008,600580
2017-08-17,5.5591,5.5818,5.5137,5.5666,6862196,600580
2017-08-18,5.544,5.6574,5.5213,5.5742,5949013,600580
2017-08-21,5.5969,5.6196,5.5364,5.612,5878574,600580
2017-08-22,5.612,5.6498,5.5061,5.5288,6082863,600580
2017-08-23,5.5288,5.7179,5.5061,5.6725,14863224,600580
2017-08-24,5.665,5.6877,5.5591,5.612,8636342,600580
2017-08-25,5.612,5.7179,5.5818,5.6725,7477406,600580
2017-08-28,5.7104,5.7104,5.6574,5.6877,7450360,600580
2017-08-29,5.6877,5.7179,5.612,5.6574,6964444,600580
2017-08-30,5.6574,5.665,5.612,5.6347,4826929,600580
2017-08-31,5.6498,5.6574,5.5742,5.5893,5560134,600580
2017-09-01,5.5893,5.6801,5.5893,5.665,8408134,600580
2017-09-04,5.6423,5.665,5.6045,5.6272,7871811,600580
2017-09-05,5.6347,5.7104,5.5893,5.7028,9819108,600580
2017-09-06,5.7557,6.0205,5.7179,5.9373,35416411,600580
2017-09-07,5.9373,5.9826,5.8389,5.8843,19266482,600580
2017-09-08,5.8616,5.9524,5.8162,5.8767,11030676,600580
2017-09-11,5.9599,6.1793,5.9599,6.0885,24897025,600580
2017-09-12,6.081,6.323,6.0507,6.1036,35595574,600580
2017-09-13,6.0734,6.3079,6.0583,6.3079,28876441,600580
2017-09-14,6.3079,6.4591,6.202,6.2549,24726478,600580
2017-09-15,6.1944,6.3305,6.1717,6.2474,14306594,600580
2017-09-18,6.202,6.2852,6.1944,6.2322,12119913,600580
2017-09-19,6.2322,6.27,6.1112,6.1263,15461820,600580
2017-09-20,6.1339,6.2247,6.1263,6.1944,10430665,600580
2017-09-21,6.202,6.3305,6.1868,6.2095,16635621,600580
2017-09-22,6.1793,6.2398,6.0507,6.0734,10619870,600580
2017-09-25,6.1112,6.1339,5.9373,5.9599,10298164,600580
2017-09-26,5.9751,6.0658,5.9599,6.0431,8771338,600580
2017-09-27,6.0356,6.1566,6.028,6.1188,8891743,600580
2017-09-28,6.0885,6.1944,6.0885,6.1339,9522454,600580
2017-09-29,6.1642,6.27,6.1263,6.1944,11160673,600580
2017-10-09,6.323,6.3759,6.2171,6.3154,15180210,600580
2017-10-10,6.3154,6.3608,6.2776,6.323,10796188,600580
2017-10-11,6.3457,6.3457,6.2247,6.3003,11243239,600580
2017-10-12,6.2474,6.2852,6.1868,6.2322,7567616,600580
2017-10-13,6.2625,6.2852,6.202,6.27,6863031,600580
2017-10-16,6.2398,6.2625,6.0507,6.1415,12585546,600580
2017-10-17,6.1717,6.1868,6.0658,6.1415,5659926,600580
2017-10-18,6.1263,6.1717,5.9751,5.9978,7876801,600580
2017-10-19,6.0431,6.0583,5.9373,6.028,6488286,600580
2017-10-20,6.028,6.0885,5.9902,6.0658,5276470,600580
2017-10-23,6.0507,6.0658,6.0205,6.0431,4553084,600580
2017-10-24,6.0205,6.0507,5.8767,5.9978,8005054,600580
2017-10-25,5.9978,6.0129,5.8692,5.9448,7778557,600580
2017-10-26,5.9221,5.9524,5.8692,5.9448,7117839,600580
2017-10-27,5.9373,5.9675,5.907,5.9297,5532918,600580
2017-10-30,6.0507,6.5196,6.028,6.5196,64088576,600580
2017-10-31,6.3457,6.6255,6.3381,6.5801,53586783,600580
2017-11-01,6.5499,6.6709,6.4818,6.5726,39771434,600580
2017-11-02,6.5272,6.5726,6.4137,6.4969,24492555,600580
2017-11-03,6.444,6.4743,6.3532,6.4213,18956977,600580
2017-11-06,6.3911,6.7768,6.3684,6.7541,37911410,600580
2017-11-07,6.7238,6.7919,6.6255,6.7087,30346057,600580
2017-11-08,6.7087,6.9129,6.6633,6.6785,32807444,600580
2017-11-09,6.6785,6.7768,6.6331,6.7617,20661739,600580
2017-11-10,6.7617,6.7919,6.6558,6.7238,19713116,600580
2017-11-13,6.7692,6.9507,6.6785,6.9129,29452075,600580
2017-11-14,6.9356,6.9356,6.5726,6.6558,28352458,600580
2017-11-15,6.6255,6.7465,6.5877,6.6709,16383506,600580
2017-11-16,6.6406,6.6558,6.4969,6.5423,13883869,600580
2017-11-17,6.5877,6.6406,6.3532,6.4062,16070992,600580
2017-11-20,6.3911,6.5348,6.2171,6.4969,12399645,600580
2017-11-21,6.5196,6.6558,6.4667,6.6482,17526976,600580
2017-11-22,6.618,6.6936,6.4364,6.5121,16724065,600580
2017-11-23,6.5121,6.5196,6.202,6.2171,17949702,600580
2017-11-24,6.2171,6.3532,6.202,6.2776,9624136,600580
2017-11-27,6.2549,6.2852,5.9826,6.0356,14774445,600580
2017-11-28,6.0431,6.2247,6.0053,6.202,11549881,600580
2017-11-29,6.1868,6.2398,6.0129,6.1415,14396842,600580
2017-11-30,6.1415,6.1868,6.0356,6.081,12104215,600580
2017-12-01,6.0734,6.1566,6.0431,6.1415,12922641,600580
2017-12-04,6.1415,6.2247,6.0734,6.202,13262506,600580
2017-12-05,6.1339,6.149,5.8465,5.8843,17407500,600580
2017-12-06,5.7633,5.9599,5.7633,5.9524,13261596,600580
2017-12-07,5.9373,5.9675,5.8465,5.8919,8086005,600580
2017-12-08,5.8919,6.0507,5.8541,6.0431,12007814,600580
2017-12-11,5.9902,6.1036,5.9902,6.0734,8459138,600580
2017-12-12,6.0734,6.1263,6.0431,6.0431,8862146,600580
2017-12-13,6.0356,6.1112,5.9978,6.1036,6677492,600580
2017-12-14,6.0885,6.1263,6.0356,6.1112,7634803,600580
2017-12-15,6.0961,6.1188,5.907,5.9751,11225852,600580
2017-12-18,5.9751,5.9751,5.9751,5.9751,0,600580
2017-12-19,5.9751,5.9751,5.9751,5.9751,0,600580
2017-12-20,5.9751,5.9751,5.9751,5.9751,0,600580
2017-12-21,5.9751,5.9751,5.9751,5.9751,0,600580
2017-12-22,5.9751,5.9751,5.9751,5.9751,0,600580
2017-12-25,5.9751,5.9751,5.9751,5.9751,0,600580
2017-12-26,6.0507,6.2398,5.9978,6.081,19502846,600580
2017-12-27,6.0885,6.149,6.0129,6.149,13553312,600580
2017-12-28,6.1339,6.1717,6.0734,6.1263,10700142,600580
2017-12-29,6.1036,6.1566,6.0205,6.0583,11667222,600580
2018-01-02,6.0583,6.202,6.0507,6.1944,13349132,600580
2018-01-03,6.1793,6.3911,6.1566,6.3381,20048248,600580
2018-01-04,6.2852,6.4062,6.2852,6.3457,14091002,600580
2018-01-05,6.3381,6.5348,6.3003,6.4289,18366697,600580
2018-01-08,6.4137,6.6104,6.3986,6.5196,15640558,600580
2018-01-09,6.5121,6.5726,6.4364,6.5121,12406503,600580
2018-01-10,6.4894,6.5045,6.3381,6.4213,13823390,600580
2018-01-11,6.4667,6.7087,6.444,6.6331,21904218,600580
2018-01-12,6.5953,6.686,6.4516,6.4969,14096167,600580
2018-01-15,6.5348,6.6482,6.4364,6.4894,19601941,600580
2018-01-16,6.444,6.5045,6.3457,6.4969,15640890,600580
2018-01-17,6.4667,6.4743,6.3079,6.3759,14394196,600580
2018-01-18,6.3457,6.686,6.3457,6.6709,24486912,600580
2018-01-19,6.6331,6.6558,6.5196,6.5726,16045369,600580
2018-01-22,6.5953,6.6558,6.5499,6.5953,13376061,600580
2018-01-23,6.5877,6.6558,6.444,6.4969,16074307,600580
2018-01-24,6.4818,6.5953,6.3835,6.5348,16687242,600580
2018-01-25,6.5121,6.5196,6.3684,6.4137,20546912,600580
2018-01-26,6.4137,6.5045,6.3759,6.3835,12983023,600580
2018-01-29,6.3911,6.444,6.2171,6.2398,15087133,600580
2018-01-30,6.2927,6.3305,6.2398,6.3154,8339416,600580
2018-01-31,6.3154,6.3154,6.0129,6.081,20034644,600580
2018-02-01,6.081,6.1188,5.6801,5.7104,20636030,600580
2018-02-02,5.6801,5.7784,5.5288,5.7028,10388965,600580
2018-02-05,5.5969,5.7935,5.5666,5.7104,8444487,600580
2018-02-06,5.5742,5.7104,5.3549,5.4003,13507078,600580
2018-02-07,5.4759,5.544,5.3397,5.3851,11479740,600580
2018-02-08,5.4078,5.5893,5.4003,5.544,8949991,600580
2018-02-09,5.4456,5.5213,5.2792,5.4229,13167403,600580
2018-02-12,5.4834,5.6045,5.4532,5.544,8265831,600580
2018-02-13,5.5666,5.6272,5.5288,5.5818,7227558,600580
2018-02-14,5.5818,5.6574,5.5515,5.5818,5398726,600580
2018-02-22,5.6877,5.6952,5.5893,5.6574,6458293,600580
2018-02-23,5.6725,5.6801,5.612,5.6801,5351362,600580
2018-02-26,5.6952,5.7557,5.6196,5.7482,8627814,600580
2018-02-27,5.733,5.8087,5.7255,5.7406,9629967,600580
2018-02-28,5.733,5.8767,5.6801,5.8314,9760650,600580
2018-03-01,5.8767,5.9146,5.7709,5.8919,9771444,600580
2018-03-02,5.8843,6.1944,5.8541,6.1642,20984697,600580
2018-03-05,6.202,6.202,6.0734,6.1642,11030556,600580
2018-03-06,6.1188,6.1944,6.0885,6.149,10021474,600580
2018-03-07,6.1263,6.149,6.0205,6.0431,10173586,600580
2018-03-08,6.0356,6.1188,6.0053,6.0961,8829031,600580
2018-03-09,6.0961,6.202,6.0961,6.1793,12632349,600580
2018-03-12,6.2171,6.4137,6.1793,6.3457,17892374,600580
2018-03-13,6.3154,6.4667,6.2776,6.2927,13888683,600580
2018-03-14,6.2776,6.4969,6.2549,6.3759,15198723,600580
2018-03-15,6.3381,6.3911,6.1263,6.2171,13638974,600580
2018-03-16,6.2322,6.5423,6.2322,6.4213,22132911,600580
2018-03-19,6.4213,6.5045,6.2549,6.3305,16672520,600580
2018-03-20,6.2474,6.3986,6.2171,6.323,10302556,600580
2018-03-21,6.3608,6.6482,6.323,6.4894,28204428,600580
2018-03-22,6.5348,6.5423,6.3911,6.4137,14737268,600580
2018-03-23,6.2095,6.2852,5.8087,5.9675,23480206,600580
2018-03-26,5.8994,6.5272,5.7557,6.4213,22815556,600580
2018-03-27,6.4364,6.6104,6.4213,6.5121,23077053,600580
2018-03-28,6.444,6.6331,6.3911,6.565,19528075,600580
2018-03-29,6.618,6.6558,6.4743,6.5348,16605267,600580
2018-03-30,6.5423,6.6936,6.5196,6.6406,19153147,600580
2018-04-02,6.6558,6.6936,6.5575,6.6104,15127840,600580
2018-04-03,6.5121,6.565,6.4364,6.5045,12898075,600580
2018-04-04,6.5423,6.5953,6.3911,6.4213,11256824,600580
2018-04-09,6.4289,6.5348,6.3532,6.5121,12844876,600580
2018-04-10,6.5045,6.5423,6.3532,6.4364,15621927,600580
2018-04-11,6.4743,6.5348,6.3759,6.4516,12378501,600580
2018-04-12,6.4062,6.4516,6.2776,6.3532,11386371,600580
2018-04-13,6.3608,6.3759,6.2549,6.3154,8288600,600580
2018-04-16,6.3608,6.4213,6.2852,6.4062,13125114,600580
2018-04-17,6.3684,6.4062,6.1339,6.2171,15889977,600580
2018-04-18,6.2322,6.3154,6.1717,6.2852,9636828,600580
2018-04-19,6.2776,6.4213,6.2549,6.3911,8803558,600580
2018-04-20,6.3759,6.3911,6.202,6.3079,8229030,600580
2018-04-23,6.2776,6.3305,5.8994,6.1036,16299720,600580
2018-04-24,6.0583,6.2549,6.0583,6.2095,10187493,600580
2018-04-25,6.2322,6.3154,6.1566,6.2474,8463177,600580
2018-04-26,6.2776,6.5423,6.2549,6.4591,18220102,600580
2018-04-27,6.444,6.5499,6.3835,6.5121,14457478,600580
2018-05-02,6.5726,6.6558,6.4213,6.5953,20686495,600580
2018-05-03,6.5575,6.6028,6.444,6.5726,18224607,600580
2018-05-04,6.5499,6.6558,6.4743,6.5953,18630350,600580
2018-05-07,6.5953,6.7844,6.5272,6.7692,28096466,600580
2018-05-08,6.7465,6.7844,6.6709,6.7314,19010372,600580
2018-05-09,6.686,6.7465,6.6104,6.7314,15173200,600580
2018-05-10,6.7617,6.8449,6.6104,6.6633,16058935,600580
2018-05-11,6.6936,7.1701,6.6633,7.0188,46852260,600580
2018-05-14,7.0188,7.0642,6.8751,6.9129,26652063,600580
2018-05-15,6.9281,7.0491,6.8902,6.9961,21241449,600580
2018-05-16,6.9583,6.9961,6.8524,6.9281,18540480,600580
2018-05-17,6.9129,6.981,6.8449,6.8902,14234383,600580
2018-05-18,6.9205,6.9205,6.7465,6.7844,19118937,600580
2018-05-21,6.8222,7.0793,6.8222,7.0491,32173363,600580
2018-05-22,7.0264,7.0491,6.9129,6.981,18379496,600580
2018-05-23,7.0037,7.1474,6.9129,6.9281,23478596,600580
2018-05-24,6.9583,6.9659,6.7692,6.8449,18422503,600580
2018-05-25,6.8449,6.8449,6.5499,6.6028,19912164,600580
2018-05-28,6.5726,6.7087,6.5121,6.618,13166221,600580
2018-05-29,6.5801,6.6936,6.5272,6.565,10768036,600580
2018-05-30,6.4289,6.5121,6.202,6.2927,20653608,600580
2018-05-31,6.3457,6.3759,6.2247,6.3305,12905781,600580
2018-06-01,6.2776,6.2776,6.0356,6.1188,19938244,600580
2018-06-04,6.1188,6.2398,6.081,6.1944,11530518,600580
2018-06-05,6.2095,6.3381,6.1944,6.3381,13007222,600580
2018-06-06,6.3154,6.3911,6.2474,6.3684,11852528,600580
2018-06-07,6.3835,6.3835,6.1793,6.1944,12389676,600580
2018-06-08,6.1793,6.2474,6.1415,6.2171,8045766,600580
2018-06-11,6.202,6.2549,6.0734,6.1642,7717646,600580
2018-06-12,6.1415,6.2549,6.0734,6.2474,9104667,600580
2018-06-13,6.2474,6.2549,6.0885,6.1263,7558285,600580
2018-06-14,6.0885,6.202,6.028,6.1036,9937968,600580
2018-06-15,6.1112,6.1642,5.9297,6.1112,12007513,600580
2018-06-19,6.0356,6.1263,5.4986,5.5515,19622971,600580
2018-06-20,5.5515,5.7104,5.4835,5.6574,13383427,600580
2018-06-21,5.6801,5.6952,5.544,5.5969,8296479,600580
2018-06-22,5.5213,5.7104,5.4305,5.6801,8696373,600580
2018-06-25,5.7482,5.786,5.544,5.6347,8704822,600580
2018-06-26,5.6041,5.7497,5.5197,5.719,7077514,600580
2018-06-27,5.7957,5.8954,5.6807,5.7344,11069803,600580
2018-06-28,5.7114,5.811,5.5811,5.673,8003684,600580
2018-06-29,5.673,5.857,5.6117,5.8417,8955285,600580
2018-07-02,5.8494,5.9414,5.7497,5.8264,9071874,600580
2018-07-03,5.8264,5.972,5.7114,5.9567,10721806,600580
2018-07-04,5.8954,5.9337,5.742,5.8417,8747983,600580
2018-07-05,5.8494,5.8647,5.5504,5.6577,10707753,600580
2018-07-06,5.6654,5.788,5.4967,5.6654,9363259,600580
2018-07-09,5.6884,5.8187,5.6041,5.8034,8433544,600580
2018-07-10,5.8647,5.8877,5.7344,5.8264,7339436,600580
2018-07-11,5.7037,5.719,5.5964,5.673,8489656,600580
2018-07-12,5.6577,5.857,5.6424,5.834,9592368,600580
2018-07-13,5.8417,5.8647,5.788,5.834,5753872,600580
2018-07-16,5.811,5.8877,5.788,5.8417,5044731,600580
2018-07-17,6.041,6.087,5.926,6.0487,15721159,600580
2018-07-18,6.064,6.0794,5.9184,5.9337,10530604,600580
2018-07-19,5.9414,6.018,5.9107,6.0104,6116816,600580
2018-07-20,5.995,6.1637,5.9337,6.1024,15114260,600580
2018-07-23,6.0794,6.2634,6.064,6.156,12063118,600580
2018-07-24,6.1407,6.225,6.1024,6.1714,10945982,600580
2018-07-25,6.133,6.1867,6.11,6.1407,7485384,600580
2018-07-26,6.133,6.1484,6.0564,6.11,7212008,600580
2018-07-27,6.133,6.225,6.0947,6.1407,9250620,600580
2018-07-30,6.1944,6.1944,5.9567,6.041,11839945,600580
2018-07-31,6.018,6.064,5.9567,6.0027,5122788,600580
2018-08-01,6.0487,6.0717,5.88,5.8877,8772134,600580
2018-08-02,5.8954,5.9184,5.5581,5.5581,18241225,600580
2018-08-03,5.5197,5.6424,5.4354,5.4507,10519345,600580
2018-08-06,5.5044,5.5044,5.1977,5.2897,14167778,600580
2018-08-07,5.3281,5.4967,5.2591,5.4737,9130051,600580
2018-08-08,5.4431,5.5427,5.4047,5.4201,8092746,600580
2018-08-09,5.4354,5.6424,5.3664,5.5811,10125211,600580
2018-08-10,5.5657,5.6117,5.5121,5.5887,5799079,600580
2018-08-13,5.5044,5.6117,5.4814,5.6041,5653393,600580
2018-08-14,5.5887,5.6271,5.5427,5.6117,4826336,600580
2018-08-15,5.5964,5.6041,5.4584,5.4891,7513140,600580
2018-08-16,5.4584,5.5734,5.3894,5.5274,6551376,600580
2018-08-17,5.5964,5.5964,5.3281,5.3971,8528108,600580
2018-08-20,5.3587,5.4584,5.2821,5.4277,6792601,600580
2018-08-21,5.4277,5.5964,5.4124,5.5887,7709262,600580
2018-08-22,5.5964,5.5964,5.4814,5.5351,6804500,600580
2018-08-23,5.5427,5.6577,5.5351,5.6117,9530802,600580
2018-08-24,5.5887,5.673,5.5657,5.6117,6518342,600580
2018-08-27,5.6117,5.7727,5.6041,5.7497,9740275,600580
2018-08-28,5.719,5.8264,5.719,5.7727,7569630,600580
2018-08-29,5.7727,5.8034,5.7344,5.7804,4408714,600580
2018-08-30,5.7804,5.8034,5.696,5.7037,6490348,600580
2018-08-31,5.7344,5.7727,5.6884,5.742,6499591,600580
2018-09-03,5.719,5.7574,5.5657,5.7497,8803605,600580
2018-09-04,5.7497,5.8954,5.696,5.8494,9492085,600580
2018-09-05,5.8417,5.903,5.788,5.8034,6668307,600580
2018-09-06,5.788,5.811,5.6577,5.696,5953837,600580
2018-09-07,5.7267,5.88,5.7114,5.8724,11921221,600580
2018-09-10,5.8877,5.8877,5.5734,5.6501,11778004,600580
2018-09-11,5.6424,5.7957,5.5964,5.7727,9278908,600580
2018-09-12,5.811,5.8494,5.7267,5.7497,5856895,600580
2018-09-13,5.811,5.9644,5.7804,5.9567,12947655,600580
2018-09-14,5.903,5.9874,5.8494,5.8724,8514374,600580
2018-09-17,5.9107,5.9337,5.7957,5.8877,8094452,600580
2018-09-18,5.857,5.972,5.8187,5.949,9045472,600580
2018-09-19,5.972,5.995,5.8417,5.9414,9071179,600580
2018-09-20,5.949,5.9644,5.8647,5.926,5978775,600580
2018-09-21,5.926,5.9644,5.8264,5.9414,8857453,600580
2018-09-25,5.903,5.9797,5.8877,5.9567,5129202,600580
2018-09-26,5.9414,6.0104,5.8877,5.9107,9166206,600580
2018-09-27,5.9184,5.926,5.7344,5.742,10658492,600580
2018-09-28,5.742,5.8417,5.7267,5.8264,6166926,600580
2018-10-08,5.765,5.9184,5.6424,5.7497,10930107,600580
2018-10-09,5.742,5.857,5.719,5.788,6205120,600580
2018-10-10,5.7497,5.7957,5.65,5.7037,9287548,600580
2018-10-11,5.5197,5.6041,5.1671,5.3511,11449512,600580
2018-10-12,5.2131,5.2514,4.8144,5.0061,20514664,600580
2018-10-15,5.0444,5.0521,4.8451,4.8451,11115139,600580
2018-10-16,4.8604,4.8604,4.5614,4.6228,13245484,600580
2018-10-17,4.6918,4.7684,4.5231,4.6688,9137661,600580
2018-10-18,4.6381,4.6381,4.4464,4.5461,6890733,600580
2018-10-19,4.4694,4.6764,4.4464,4.6688,8784038,600580
2018-10-22,4.6918,4.9448,4.6918,4.8758,10159158,600580
2018-10-23,4.8758,4.8911,4.7531,4.8068,7508925,600580
2018-10-24,4.7991,4.8911,4.7838,4.8068,4310464,600580
2018-10-25,4.5998,4.7378,4.5614,4.6994,9403095,600580
2018-10-26,4.7148,4.8298,4.7148,4.7838,6818131,600580
2018-10-29,4.7761,4.8681,4.7148,4.7378,5609590,600580
2018-10-30,4.7531,4.9448,4.7378,4.8911,8140520,600580
2018-10-31,4.8604,4.9294,4.8298,4.8911,8138408,600580
2018-11-01,4.8988,4.9984,4.8298,4.8834,11015344,600580
2018-11-02,4.9984,5.1057,4.9371,5.0904,10921568,600580
2018-11-05,5.0597,5.1747,4.9908,5.1057,9361612,600580
2018-11-06,5.0827,5.1824,5.0214,5.1517,8055952,600580
2018-11-07,5.1287,5.2361,5.1287,5.1517,7766036,600580
2018-11-08,5.1824,5.2131,5.0674,5.0904,5899540,600580
2018-11-09,5.1057,5.1747,5.0751,5.1517,5634342,600580
2018-11-12,5.1364,5.2207,5.0751,5.1977,8839315,600580
2018-11-13,5.1594,5.2897,5.1594,5.2667,9389678,600580
2018-11-14,5.2361,5.3281,5.1747,5.2131,8960182,600580
2018-11-15,5.2514,5.3051,5.2054,5.2897,6653941,600580
2018-11-16,5.3281,5.5504,5.2821,5.4431,10538475,600580
2018-11-19,5.4354,5.4354,5.2821,5.3741,10869782,600580
2018-11-20,5.2897,5.3434,5.0751,5.1594,9773445,600580
2018-11-21,5.0751,5.2131,5.0751,5.1824,5785872,600580
2018-11-22,5.1517,5.2361,5.1441,5.1977,5059062,600580
2018-11-23,5.1671,5.2284,4.9218,4.9371,8773459,600580
2018-11-26,4.9831,5.0597,4.9218,4.9601,6588584,600580
2018-11-27,4.9831,5.1977,4.9754,5.0981,8736729,600580
2018-11-28,5.1517,5.2437,5.0597,5.2284,7987068,600580
2018-11-29,5.2591,5.2667,5.0291,5.0444,6419298,600580
2018-11-30,5.0367,5.2131,5.0214,5.1901,7186893,600580
2018-12-03,5.3434,5.3664,5.2437,5.2667,11817590,600580
2018-12-04,5.2437,5.3051,5.2361,5.2744,6459372,600580
2018-12-05,5.2131,5.2974,5.1671,5.2284,6449866,600580
2018-12-06,5.1901,5.2131,5.0904,5.1364,5054082,600580
2018-12-07,5.0904,5.1824,4.9908,5.0674,6114320,600580
2018-12-10,5.0597,5.1134,5.0137,5.0674,5568134,600580
2018-12-11,5.0597,5.1134,5.0061,5.0444,3861097,600580
2018-12-12,5.0521,5.2054,5.0521,5.1824,6112309,600580
2018-12-13,5.1594,5.2591,5.1287,5.1977,8375140,600580
2018-12-14,5.1594,5.2131,5.0597,5.0751,5592298,600580
2018-12-17,5.0827,5.1057,4.9754,5.0521,4514498,600580
2018-12-18,4.9908,5.0751,4.9371,5.0367,6442098,600580
2018-12-19,5.0597,5.0597,4.9294,4.9524,5244240,600580
2018-12-20,4.9678,5.0367,4.9448,4.9831,4345768,600580
2018-12-21,5.0061,5.0521,4.9601,4.9831,5059928,600580
2018-12-24,4.9601,5.0827,4.9294,5.0751,4192392,600580
2018-12-25,5.0214,5.0291,4.8221,4.9601,7322400,600580
2018-12-26,4.9754,5.0521,4.9294,5.0137,6306878,600580
2018-12-27,5.0904,5.0981,4.8681,4.9064,5389179,600580
2018-12-28,4.8758,4.9218,4.8298,4.8298,5489340,600580
2019-01-02,4.8528,4.8988,4.8068,4.8451,4923009,600580
2019-01-03,4.8528,4.9294,4.8221,4.8528,3543720,600580
2019-01-04,4.8068,5.0137,4.8068,4.9831,7298888,600580
2019-01-07,4.8068,5.2131,4.9754,5.1594,11961564,600580
2019-01-08,5.1364,5.2361,5.1134,5.1747,10076482,600580
2019-01-09,5.1824,5.2437,5.1364,5.1364,8037676,600580
2019-01-10,5.1364,5.2744,5.1364,5.2054,8853006,600580
2019-01-11,5.2054,5.2514,5.1594,5.2207,4526646,600580
2019-01-14,5.2591,5.2821,5.1824,5.1977,5017690,600580
2019-01-15,5.1977,5.2591,5.1441,5.2514,4940024,600580
2019-01-16,5.2284,5.2744,5.1671,5.1901,4230410,600580
2019-01-17,5.1824,5.2284,5.1287,5.1441,4048101,600580
2019-01-18,5.1441,5.2437,5.1441,5.2284,4332559,600580
2019-01-21,5.2437,5.2437,5.1671,5.1977,5862219,600580
2019-01-22,5.1977,5.2284,5.1594,5.1747,5662227,600580
2019-01-23,5.1594,5.2207,5.1364,5.2054,4088188,600580
2019-01-24,5.2131,5.2514,5.1287,5.1824,6465651,600580
2019-01-25,5.1747,5.2284,5.1517,5.1671,5526870,600580
2019-01-28,5.1977,5.2974,5.1824,5.1977,6345182,600580
2019-01-29,5.1671,5.1824,4.9754,5.0444,8031316,600580
2019-01-30,5.0444,5.0904,4.9678,4.9754,5142522,600580
2019-01-31,5.0214,5.0751,4.8298,4.9294,6432015,600580
2019-02-01,4.9141,5.1594,4.9141,5.1517,8525532,600580
2019-02-11,5.1517,5.3204,5.1287,5.2974,7159384,600580
2019-02-12,5.3357,5.4201,5.2514,5.3511,8653776,600580
2019-02-13,5.3664,5.4737,5.3587,5.4507,8976121,600580
2019-02-14,5.4661,5.5274,5.4201,5.4507,6726934,600580
2019-02-15,5.4967,5.5044,5.4124,5.4584,5962224,600580
2019-02-18,5.5044,5.6347,5.4584,5.6271,9726810,600580
2019-02-19,5.6271,5.6347,5.5044,5.5427,9240666,600580
2019-02-20,5.5351,5.5811,5.4584,5.5274,6462765,600580
2019-02-21,5.5197,5.6041,5.4814,5.4891,9507469,600580
2019-02-22,5.4661,5.6347,5.4661,5.6271,7813515,600580
2019-02-25,5.65,5.834,5.6424,5.8264,17934595,600580
2019-02-26,5.811,5.9414,5.7497,5.7727,13847278,600580
2019-02-27,5.65,5.7574,5.5581,5.6041,14749812,600580
2019-02-28,5.6654,5.8647,5.6577,5.7037,12055668,600580
2019-03-01,5.7267,5.811,5.6117,5.765,10649001,600580
2019-03-04,5.7957,5.8877,5.6884,5.7344,21247701,600580
2019-03-05,5.742,5.9337,5.742,5.926,16635426,600580
2019-03-06,5.995,6.202,5.8954,6.1484,23323291,600580
2019-03-07,6.11,6.202,6.0564,6.156,21897621,600580
2019-03-08,6.0564,6.409,6.0334,6.156,27522472,600580
2019-03-11,6.156,6.156,6.156,6.156,0,600580
2019-03-12,6.9763,7.0836,6.6773,6.8613,43930382,600580
2019-03-13,6.823,6.8613,6.5393,6.593,31555214,600580
2019-03-14,6.5623,6.754,6.501,6.6697,23962635,600580
2019-03-15,6.662,6.8383,6.6007,6.708,24824833,600580
2019-03-18,6.685,6.777,6.6007,6.7463,20225319,600580
2019-03-19,6.8767,7.007,6.708,6.8153,18713976,600580
2019-03-20,6.8,6.8,6.5087,6.6467,18826818,600580
2019-03-21,6.662,6.7617,6.6083,6.7157,15833905,600580
2019-03-22,6.6697,6.8537,6.616,6.8,14922726,600580
2019-03-25,6.6773,7.0146,6.6467,6.8843,24244495,600580
2019-03-26,6.9073,6.9533,6.6083,6.6237,19071313,600580
2019-03-27,6.6543,6.7693,6.5623,6.7387,12723703,600580
2019-03-28,6.7233,7.283,6.685,7.076,40686060,600580
2019-03-29,7.0913,7.3826,7.03,7.3673,37561794,600580
2019-04-01,7.3443,7.5743,7.26,7.398,36305808,600580
2019-04-02,7.4516,7.4746,7.237,7.4056,27461445,600580
2019-04-03,7.4976,7.7813,7.3596,7.628,33428858,600580
2019-04-04,7.628,7.6816,7.4976,7.5743,18052855,600580
2019-04-08,7.5743,7.6739,7.2753,7.4363,22653535,600580
2019-04-09,7.375,7.5896,7.375,7.467,12993112,600580
2019-04-10,7.5053,7.6356,7.3903,7.5513,16880442,600580
2019-04-11,7.605,7.9729,7.467,7.8349,33506469,600580
2019-04-12,7.8809,8.1186,7.7046,7.7813,32148246,600580
2019-04-15,7.8426,7.9346,7.5666,7.7123,27125253,600580
2019-04-16,7.628,7.7046,7.352,7.605,32006161,600580
2019-04-17,7.6663,8.2566,7.628,8.1263,45060360,600580
2019-04-18,8.0496,8.1339,7.8426,8.0803,25720382,600580
2019-04-19,8.0343,8.0803,7.9193,7.9959,15131899,600580
2019-04-22,8.0189,8.0496,7.6893,7.7276,17092920,600580
2019-04-23,7.8426,7.8426,7.536,7.5896,20409466,600580
2019-04-24,7.6586,7.6969,7.559,7.6816,13728429,600580
2019-04-25,7.8043,7.8119,7.5053,7.605,15278320,600580
2019-04-26,7.536,7.6893,7.4593,7.5973,12787106,600580
2019-05-06,7.1296,7.283,6.7847,6.7847,21606922,600580
2019-05-07,6.8537,6.8767,6.662,6.8077,12553540,600580
2019-05-08,6.6467,6.846,6.5777,6.777,10530321,600580
2019-05-09,6.6697,6.777,6.4397,6.5853,14045168,600580
2019-05-10,6.708,6.823,6.455,6.777,13543342,600580
2019-05-13,6.731,6.8383,6.593,6.7463,11210520,600580
2019-05-14,6.7157,6.7847,6.593,6.6467,10754611,600580
2019-05-15,6.685,6.8153,6.6543,6.731,12092174,600580
2019-05-16,6.8077,6.9227,6.7157,6.8307,13933809,600580
2019-05-17,6.8613,6.8997,6.5777,6.7233,10902910,600580
2019-05-20,6.731,6.731,6.4167,6.593,9836508,600580
2019-05-21,6.6313,6.731,6.6083,6.685,7112749,600580
2019-05-22,6.731,6.731,6.5777,6.662,5853260,600580
2019-05-23,6.662,6.6697,6.5547,6.6467,7464417,600580
2019-05-24,6.6313,6.7003,6.593,6.6467,5970186,600580
2019-05-27,6.7923,7.1066,6.6007,7.0683,17604427,600580
2019-05-28,7.0376,7.1296,7.007,7.076,15066361,600580
2019-05-29,7.053,7.145,6.9993,7.1143,9901803,600580
2019-05-30,7.1143,7.329,7.0146,7.2523,16751522,600580
2019-05-31,7.2446,7.2753,7.099,7.191,10722116,600580
2019-06-03,7.1833,7.2446,7.03,7.214,13187665,600580
2019-06-04,7.2446,7.2753,7.1143,7.1986,8835866,600580
2019-06-05,7.26,7.26,7.122,7.168,11151034,600580
2019-06-06,7.191,7.191,6.961,7.03,9613456,600580
2019-06-10,7.1526,7.3596,7.1373,7.3213,29923389,600580
2019-06-11,7.2063,7.2063,6.6313,7.076,49562235,600580
2019-06-12,6.961,7.0146,6.708,6.823,28136463,600580
2019-06-13,6.823,6.8537,6.685,6.7923,12274509,600580
2019-06-14,6.8383,6.8383,6.708,6.7463,11010152,600580
2019-06-17,6.7693,6.8383,6.7157,6.754,9727944,600580
2019-06-18,6.7617,6.7693,6.639,6.708,6594973,600580
2019-06-19,6.823,6.8613,6.7617,6.8,13031666,600580
2019-06-20,6.8077,6.9457,6.7617,6.846,12766494,600580
2019-06-21,6.8382,6.9396,6.8304,6.8928,8763276,600580
2019-06-24,6.885,6.9006,6.7914,6.8304,7924382,600580
2019-06-25,6.8382,6.8382,6.4873,6.5497,15186217,600580
2019-06-26,6.5575,6.6199,6.4327,6.5341,10407540,600580
2019-06-27,6.5419,6.6199,6.4717,6.5809,8276953,600580
2019-06-28,6.5887,6.6355,6.4561,6.5575,7988836,600580
2019-07-01,6.7758,6.7992,6.6121,6.7602,12566046,600580
2019-07-02,6.7602,6.8148,6.6978,6.7602,6968028,600580
2019-07-03,6.7758,6.9863,6.6667,6.9162,13041464,600580
2019-07-04,6.9396,7.0019,6.8538,6.9006,6745803,600580
2019-07-05,6.8616,6.9552,6.8616,6.9162,5187507,600580
2019-07-08,6.9006,6.9396,6.7134,6.7446,6783510,600580
2019-07-09,6.7914,6.7914,6.6589,6.7602,4115820,600580
2019-07-10,6.7914,6.9162,6.7758,6.8694,9005044,600580
2019-07-11,6.9162,6.9396,6.7914,6.9162,7689927,600580
2019-07-12,6.9941,7.1345,6.9162,7.0721,24948436,600580
2019-07-15,7.0409,7.2047,6.9941,7.1423,19333608,600580
2019-07-16,7.1189,7.2437,7.1033,7.1657,11748432,600580
2019-07-17,7.1735,7.2203,7.0643,7.0955,13924372,600580
2019-07-18,7.1189,7.1657,7.0097,7.0565,11502430,600580
2019-07-19,7.0643,7.1579,7.0253,7.0643,7259454,600580
2019-07-22,7.0955,7.1033,6.8304,6.9474,8522460,600580
2019-07-23,6.9707,7.0955,6.9552,7.0721,9059019,600580
2019-07-24,7.1189,7.1345,7.0175,7.0565,10021045,600580
2019-07-25,7.0331,7.0565,6.807,6.8694,21688003,600580
2019-07-26,6.8616,6.8616,6.6978,6.7914,12540624,600580
2019-07-29,6.8538,6.8538,6.7134,6.7368,9488150,600580
2019-07-30,6.7212,6.8382,6.7212,6.7836,5971893,600580
2019-07-31,6.7446,6.768,6.6511,6.7212,9485191,600580
2019-08-01,6.69,6.6978,6.5809,6.6433,7906080,600580
2019-08-02,6.5107,6.5809,6.4015,6.5497,8771277,600580
2019-08-05,6.5185,6.5965,6.4093,6.4093,9292783,600580
2019-08-06,6.3236,6.3704,6.0741,6.1988,13319416,600580
2019-08-07,6.2456,6.5107,6.1988,6.3392,16109488,600580
2019-08-08,6.347,6.386,6.2222,6.2534,11015640,600580
2019-08-09,6.3314,6.3314,6.1364,6.1676,7813554,600580
2019-08-12,6.1676,6.2924,6.152,6.2846,5616852,600580
2019-08-13,6.2222,6.3158,6.2144,6.2612,5466837,600580
2019-08-14,6.347,6.4249,6.3002,6.3548,7348476,600580
2019-08-15,6.2456,6.3937,6.2144,6.3782,5958344,600580
2019-08-16,6.4093,6.5107,6.3782,6.4717,7683128,600580
2019-08-19,6.4951,6.6978,6.4873,6.6589,11604315,600580
2019-08-20,6.6589,6.6978,6.5887,6.6277,7182243,600580
2019-08-21,6.6277,6.6589,6.6043,6.6199,5082421,600580
2019-08-22,6.7524,6.7524,6.6043,6.6511,5674950,600580
2019-08-23,6.6277,6.7368,6.6277,6.6822,5785982,600580
2019-08-26,6.5341,6.6667,6.5263,6.6433,6873906,600580
2019-08-27,6.6745,6.9785,6.6589,6.924,14879889,600580
2019-08-28,6.9006,6.9318,6.8226,6.8694,10770870,600580
2019-08-29,6.8928,7.0097,6.8772,7.0019,11199026,600580
2019-08-30,7.0019,7.0019,6.7524,6.846,18447798,600580
2019-09-02,6.8382,7.0175,6.7758,6.9863,18547664,600580
2019-09-03,6.9863,7.0331,6.9162,6.9552,12114470,600580
2019-09-04,6.9552,7.0799,6.9084,7.0019,12338946,600580
2019-09-05,7.0175,7.0955,6.9785,6.9863,18271365,600580
2019-09-06,6.9785,7.0721,6.9785,7.0175,11114342,600580
2019-09-09,7.0643,7.1735,7.0253,7.1345,17301033,600580
2019-09-10,7.1189,7.1657,7.0487,7.0799,11341917,600580
2019-09-11,7.0643,7.1735,7.0487,7.0955,12242317,600580
2019-09-12,7.1111,7.1267,6.9785,7.0409,10276286,600580
2019-09-16,7.0799,7.1579,7.0565,7.1111,13543684,600580
2019-09-17,7.0643,7.0955,6.7992,6.8694,14683075,600580
2019-09-18,6.8382,6.9006,6.768,6.8226,8681290,600580
2019-09-19,6.8226,6.846,6.6511,6.8226,10907040,600580
2019-09-20,6.8226,7.1267,6.7914,7.1033,22945849,600580
2019-09-23,7.1423,7.1501,6.807,6.9629,19756473,600580
2019-09-24,6.924,7.0331,6.8382,6.8772,11961194,600580
2019-09-25,6.8304,6.846,6.7056,6.7368,9124398,600580
2019-09-26,6.7758,6.7758,6.5185,6.5653,10589724,600580
2019-09-27,6.5575,6.6822,6.5029,6.5263,8214063,600580
2019-09-30,6.5341,6.6121,6.4717,6.4795,7955367,600580
2019-10-08,6.4639,6.6043,6.4639,6.5029,8021191,600580
2019-10-09,6.4873,6.5419,6.4171,6.5341,4782510,600580
2019-10-10,6.5419,6.6511,6.5185,6.6433,8536888,600580
2019-10-11,6.6589,6.6589,6.5341,6.5887,5966148,600580
2019-10-14,6.6589,6.8694,6.6433,6.768,13917010,600580
2019-10-15,6.807,6.846,6.6667,6.69,7149240,600580
2019-10-16,6.7056,6.7602,6.6121,6.6355,5961748,600580
2019-10-17,6.6355,6.6667,6.5341,6.5731,5642905,600580
2019-10-18,6.6199,6.6978,6.3782,6.4093,11473648,600580
2019-10-21,6.3937,6.4795,6.308,6.4405,6904004,600580
2019-10-22,6.4249,6.6043,6.4249,6.5731,6551781,600580
2019-10-23,6.5263,6.5809,6.4717,6.5107,4677086,600580
2019-10-24,6.5107,6.6355,6.4639,6.5575,5683993,600580
2019-10-25,6.5341,6.6043,6.4561,6.5887,5405236,600580
2019-10-28,6.5965,6.7446,6.5965,6.7212,10501165,600580
2019-10-29,6.7368,6.807,6.6589,6.7602,9812254,600580
2019-10-30,6.69,6.7836,6.4015,6.4405,18366237,600580
2019-10-31,6.4639,6.4873,6.3704,6.4093,9089055,600580
2019-11-01,6.3782,6.4873,6.3782,6.4483,8967147,600580
2019-11-04,6.4717,6.6043,6.4717,6.5497,9489008,600580
2019-11-05,6.5809,6.6667,6.5185,6.5965,8351842,600580
2019-11-06,6.6433,6.7368,6.5887,6.6589,13447353,600580
2019-11-07,6.6978,6.9006,6.6433,6.8694,17461878,600580
2019-11-08,6.924,6.9552,6.8382,6.846,15499836,600580
2019-11-11,6.807,6.846,6.7212,6.7524,11773328,600580
2019-11-12,6.7914,6.924,6.6745,6.7836,10575619,600580
2019-11-13,6.7992,7.2359,6.7212,7.0955,33583267,600580
2019-11-14,7.0877,7.1969,6.9941,7.0799,27023616,600580
2019-11-15,7.1501,7.1579,6.9318,6.9629,19422018,600580
2019-11-18,6.9396,7.0253,6.8772,6.9863,16754131,600580
2019-11-19,7.0097,7.1891,6.9396,7.1813,25888918,600580
2019-11-20,7.2203,7.2203,6.9941,7.0643,28768812,600580
2019-11-21,7.0565,7.3372,6.9941,7.3294,28795306,600580
2019-11-22,7.3294,7.8908,7.2982,7.6101,54367609,600580
2019-11-25,7.6647,7.9688,7.5633,7.8051,41413255,600580
2019-11-26,7.7817,7.8362,7.6413,7.7817,28463848,600580
2019-11-27,7.7895,7.9298,7.7349,7.8051,28324735,600580
2019-11-28,7.8129,7.8284,7.6023,7.7661,31664872,600580
2019-11-29,7.8674,8.0468,7.7895,8.0156,33888367,600580
2019-12-02,8.0468,8.0468,7.7739,7.8596,22450765,600580
2019-12-03,7.7271,7.8752,7.6881,7.8284,15557049,600580
2019-12-04,7.7973,7.9688,7.7739,7.8908,21946539,600580
2019-12-05,7.922,8.2963,7.922,8.1871,48355761,600580
2019-12-06,8.1871,8.2495,8.1013,8.1793,27223488,600580
2019-12-09,8.2027,8.5614,8.1403,8.46,35493260,600580
2019-12-10,8.3976,8.5224,8.3431,8.4288,23055517,600580
2019-12-11,8.4132,8.4912,8.1169,8.2807,30654686,600580
2019-12-12,8.2729,8.4366,8.1013,8.1559,30634676,600580
2019-12-13,8.2027,8.3743,8.1871,8.2417,25201052,600580
2019-12-16,8.2729,9.0682,8.2105,9.0682,52220829,600580
2019-12-17,9.1618,9.3879,9.0682,9.2709,61853826,600580
2019-12-18,9.1618,9.4737,9.115,9.1618,40085323,600580
2019-12-19,9.2008,9.5127,9.0994,9.3255,41090700,600580
2019-12-20,9.3255,9.3879,9.0136,9.1384,39925768,600580
2019-12-23,9.076,9.2475,9.0058,9.0526,25874634,600580
2019-12-24,9.0604,9.6842,9.0604,9.5516,49665060,600580
2019-12-25,9.4581,9.7466,9.3879,9.6842,36527032,600580
2019-12-26,9.5906,9.7388,9.4971,9.6296,20654424,600580
2019-12-27,9.614,9.692,9.3411,9.4269,37258216,600580
2019-12-30,9.2475,9.4893,9.154,9.4269,29539384,600580
2019-12-31,9.3879,9.4269,9.1228,9.3723,30235995,600580
2020-01-02,9.4269,9.4815,9.2397,9.4503,33211026,600580
2020-01-03,9.5049,9.5049,9.2086,9.2943,22965955,600580
2020-01-06,9.2631,10.2066,9.1462,9.9103,80685601,600580
2020-01-07,9.8401,9.9649,9.6608,9.7934,35843383,600580
2020-01-08,9.9727,9.9727,9.9727,9.9727,52848763,600580
2020-01-09,10.1988,10.23,9.8557,10.0273,31639641,600580
2020-01-10,9.9805,10.0195,9.6608,9.6998,32367374,600580
2020-01-13,9.9571,9.9571,9.9571,9.9571,33876670,600580
2020-01-14,9.7232,9.7232,9.7232,9.7232,67544156,600580
2020-01-15,9.8089,10.0039,9.692,9.8713,37061140,600580
2020-01-16,9.9415,9.9415,9.4191,9.5282,50494848,600580
2020-01-17,9.5127,9.614,9.3567,9.4347,30771902,600580
2020-01-20,9.3801,9.7466,9.3411,9.7232,31653956,600580
2020-01-21,9.7076,9.7076,9.3801,9.3801,27066975,600580
2020-01-22,9.2943,9.6218,9.1228,9.5049,32938969,600580
2020-01-23,9.4347,9.8167,9.0526,9.2008,42337687,600580
2020-02-03,8.2807,8.499,8.2807,8.2807,42960016,600580
2020-02-04,8.5692,9.0292,8.4678,8.9512,51834438,600580
2020-02-05,9.1228,9.5516,8.9668,9.3177,54399843,600580
2020-02-06,9.0838,10.2534,9.0682,10.2534,89872609,600580
2020-02-07,10.347,10.8148,10.0663,10.6666,70512615,600580
2020-02-10,10.5107,10.9629,10.3704,10.8772,71086035,600580
2020-02-11,10.8382,10.8382,10.4249,10.6277,45996214,600580
2020-02-12,10.6121,10.846,10.4873,10.6666,45406219,600580
2020-02-13,10.6355,10.7134,10.4093,10.4249,39519498,600580
2020-02-14,10.5107,10.6277,10.1676,10.347,42048872,600580
2020-02-17,10.2924,10.6355,10.2924,10.5107,39251940,600580
2020-02-18,10.5185,10.7836,10.347,10.5107,48677107,600580
2020-02-19,10.6666,11.267,10.4171,11.1111,80117991,600580
2020-02-20,11.4386,12.039,11.1111,11.8908,99762276,600580
2020-02-21,12.0468,12.5146,11.7817,11.8908,91893048,600580
2020-02-24,11.7739,11.8908,11.5477,11.6101,63481232,600580
2020-02-25,11.2904,11.9844,11.0487,11.8908,81527770,600580
2020-02-26,11.6803,11.6959,10.9629,11.0565,60396987,600580
2020-02-27,11.0565,11.345,10.7836,11.0721,35537072,600580
2020-02-28,10.5263,10.8226,10.0741,10.2534,61532161,600580
2020-03-02,10.2768,10.6355,10.2768,10.5419,40551211,600580
2020-03-03,10.9162,11.1111,10.4561,10.6355,47107881,600580
2020-03-04,10.5263,10.6199,10.23,10.4327,31384279,600580
2020-03-05,10.7056,10.7056,10.347,10.5731,36947088,600580
2020-03-06,10.4093,10.8538,10.3781,10.7602,36585519,600580
2020-03-09,10.4483,10.9473,10.3626,10.5887,48983800,600580
2020-03-10,10.4561,10.7212,9.575,10.4717,77728106,600580
2020-03-11,10.7914,11.1423,10.5653,10.6433,71651306,600580
2020-03-12,10.4405,10.4483,10.0585,10.2066,44641736,600580
2020-03-13,9.3567,9.9493,9.2943,9.7544,52203268,600580
2020-03-16,9.7778,9.8635,8.8577,8.8811,50444896,600580
2020-03-17,8.9357,9.0916,8.3431,8.8265,37398422,600580
2020-03-18,8.8733,9.0994,8.5068,8.5146,29964762,600580
2020-03-19,8.4834,8.7875,8.3041,8.6939,28646776,600580
2020-03-20,8.9279,8.9357,8.4756,8.7641,26827192,600580
2020-03-23,8.4054,8.5146,7.9922,8.1637,31374778,600580
2020-03-24,8.3665,8.3665,8.0078,8.3587,25122294,600580
2020-03-25,8.6004,8.7953,8.499,8.6238,33043011,600580
2020-03-26,8.4912,8.6004,8.3431,8.5068,25287873,600580
2020-03-27,8.6472,8.6472,8.2651,8.3509,24027112,600580
2020-03-30,8.1871,8.3197,7.8752,8.1013,23976115,600580
2020-03-31,8.1793,8.2183,8.0,8.0468,15811929,600580
2020-04-01,8.1559,8.4912,8.1169,8.1949,30573500,600580
2020-04-02,8.1091,8.5146,8.0546,8.5068,24446158,600580
2020-04-03,8.4288,8.5302,8.3275,8.3509,18839229,600580
2020-04-07,8.577,8.6082,8.421,8.5224,31573362,600580
2020-04-08,8.4522,8.5068,8.4054,8.4756,17110714,600580
2020-04-09,8.5224,8.5926,8.4522,8.5224,18009037,600580
2020-04-10,8.5614,8.5614,8.1715,8.2651,20758144,600580
2020-04-13,8.1871,8.2339,8.0624,8.2261,14435160,600580
2020-04-14,8.2495,8.5302,8.2495,8.5224,20614854,600580
2020-04-15,8.5458,8.7173,8.5146,8.538,28500571,600580
2020-04-16,8.4834,8.7563,8.3898,8.6472,23597931,600580
2020-04-17,8.7251,8.7719,8.5536,8.6238,25100316,600580
2020-04-20,8.6472,8.6861,8.5146,8.5692,18439244,600580
2020-04-21,8.538,8.538,8.2183,8.3353,21020234,600580
2020-04-22,8.2807,8.6238,8.2105,8.6082,24369039,600580
2020-04-23,8.5926,8.6705,8.3587,8.382,16790589,600580
2020-04-24,8.421,8.6394,8.2105,8.2651,24352516,600580
2020-04-27,8.1871,8.4054,8.1871,8.2027,15890013,600580
2020-04-28,8.2027,8.2885,7.7193,7.9922,23661031,600580
2020-04-29,7.8752,8.0,7.7817,7.8129,17635236,600580
2020-04-30,7.9532,8.46,7.8986,8.3665,31467555,600580
2020-05-06,8.3119,8.5224,8.2105,8.5068,26527358,600580
2020-05-07,8.5146,8.5224,8.3197,8.3275,17879990,600580
2020-05-08,8.3743,8.7329,8.3587,8.6783,37033182,600580
2020-05-11,8.7095,8.8499,8.46,8.5614,29417196,600580
2020-05-12,8.5536,8.7485,8.3665,8.6861,33034359,600580
2020-05-13,8.6004,9.0058,8.5848,8.7797,32137417,600580
2020-05-14,8.7641,8.7953,8.5146,8.538,22958978,600580
2020-05-15,8.5848,8.616,8.4444,8.499,20287351,600580
2020-05-18,8.4288,8.46,8.0312,8.1091,27909343,600580
2020-05-19,8.2261,8.3041,8.1325,8.2339,13886412,600580
2020-05-20,8.2339,8.9279,8.2339,8.7875,59718831,600580
2020-05-21,8.8343,9.2631,8.7953,8.959,64179926,600580
2020-05-22,8.9824,9.0838,8.655,8.7173,35005010,600580
2020-05-25,8.7095,8.7953,8.1403,8.2105,38042961,600580
2020-05-26,8.2885,8.4912,8.2105,8.4912,26497705,600580
2020-05-27,8.4756,9.3411,8.4756,9.3177,88195273,600580
2020-05-28,9.2242,9.4035,8.9824,9.1852,68133399,600580
2020-05-29,9.3489,9.4893,9.0058,9.0994,48515792,600580
2020-06-01,9.1618,9.4815,9.1462,9.3801,61232538,600580
2020-06-02,9.5906,9.5906,9.2164,9.2553,47887491,600580
2020-06-03,9.2008,9.3723,9.1228,9.1462,31084795,600580
2020-06-04,9.154,9.4737,9.154,9.2709,33055971,600580
2020-06-05,9.2086,9.2475,9.0604,9.193,23532600,600580
2020-06-08,9.3255,9.5204,9.2397,9.3177,34705431,600580
2020-06-09,9.373,9.5151,9.2467,9.4283,28385875,600580
2020-06-10,9.4204,9.4283,9.1361,9.1598,29169451,600580
2020-06-11,9.2624,9.5546,9.223,9.3019,43361688,600580
2020-06-12,9.0019,9.1598,8.9308,9.0571,31538820,600580
2020-06-15,8.9782,9.1203,8.8755,8.9229,24971566,600580
2020-06-16,9.0098,9.1203,8.9545,9.0966,20270389,600580
2020-06-17,9.065,9.065,8.8439,8.9308,21603535,600580
2020-06-18,8.9071,8.994,8.8281,8.9782,20882762,600580
2020-06-19,8.9624,9.3019,8.9308,9.2467,33790833,600580
2020-06-22,9.1993,9.5388,9.1993,9.3572,33527080,600580
2020-06-23,9.3019,9.3019,9.0019,9.065,29342792,600580
2020-06-24,9.0966,9.1282,8.9545,9.0019,18324516,600580
2020-06-29,8.9229,8.9466,8.6544,8.7729,26624310,600580
2020-06-30,8.8439,8.9624,8.8124,8.8755,15940279,600580
2020-07-01,8.9466,9.065,8.8281,8.9229,20184992,600580
2020-07-02,8.9308,9.2703,8.8597,9.2624,38820679,600580
2020-07-03,9.3177,9.4599,9.2624,9.3651,35069690,600580
2020-07-06,9.4678,9.8389,9.4678,9.7915,47818287,600580
2020-07-07,9.9494,10.2258,9.6889,9.8547,55115152,600580
2020-07-08,9.831,9.9731,9.7204,9.9415,44231317,600580
2020-07-09,9.9889,10.21,9.8073,10.1389,51997972,600580
2020-07-10,10.131,10.4232,10.0363,10.1153,47715255,600580
2020-07-13,10.2021,10.4232,10.1074,10.4153,53482056,600580
2020-07-14,10.3995,10.3995,9.8547,10.0916,51042310,600580
2020-07-15,10.1232,10.6127,9.7757,10.3443,74860969,600580
2020-07-16,10.4074,10.4943,9.5546,9.6257,53355210,600580
2020-07-17,9.5862,9.7441,9.294,9.3888,30443298,600580
2020-07-20,9.5546,10.3285,9.4835,10.3127,67091233,600580
2020-07-21,10.3127,10.7707,10.2495,10.3679,62948359,600580
2020-07-22,10.3837,10.4232,10.0521,10.0837,55251649,600580
2020-07-23,10.1626,10.1942,9.7283,10.0284,42076171,600580
2020-07-24,9.9415,10.289,9.4678,9.4678,57102276,600580
2020-07-27,9.4756,9.5546,9.1519,9.2703,28567942,600580
2020-07-28,9.3256,9.4204,9.1914,9.3572,21803296,600580
2020-07-29,9.3019,9.602,9.2072,9.602,27953629,600580
2020-07-30,9.6178,9.6889,9.3967,9.4835,23831571,600580
2020-07-31,9.4046,9.6652,9.3572,9.5388,24208819,600580
2020-08-03,9.5546,9.9889,9.5546,9.9731,39145118,600580
2020-08-04,9.9889,10.0284,9.7757,9.831,29019450,600580
2020-08-05,9.7757,10.06,9.7046,10.0205,27237825,600580
2020-08-06,10.0916,10.1468,9.8389,9.8942,29716233,600580
2020-08-07,9.9099,10.0205,9.7046,9.7678,30627260,600580
2020-08-10,9.6967,10.6127,9.6415,10.3443,64912778,600580
2020-08-11,10.3442,10.5259,10.1389,10.1863,54796918,600580
2020-08-12,10.2574,10.4864,9.9494,10.3521,45477133,600580
2020-08-13,10.3679,10.9444,10.2258,10.818,71305278,600580
2020-08-14,10.9049,11.0391,10.518,10.7628,49999614,600580
2020-08-17,10.7786,10.8575,10.6364,10.7628,44608267,600580
2020-08-18,10.7628,11.3945,10.7628,10.9839,63903898,600580
2020-08-19,11.0549,11.1813,10.6917,10.9602,44788891,600580
2020-08-20,10.8812,10.9365,10.6285,10.6364,28685367,600580
2020-08-21,10.8417,10.8496,10.3758,10.4232,33453992,600580
2020-08-24,10.4864,10.6364,10.2811,10.439,25120802,600580
2020-08-25,10.439,10.8733,10.3679,10.7233,32806642,600580
2020-08-26,10.6996,10.7154,10.0679,10.0995,34534604,600580
2020-08-27,10.1074,10.2258,9.8626,9.9573,31202229,600580
2020-08-28,9.9336,10.1153,9.8863,10.0679,31732569,600580
2020-08-31,10.1074,10.3364,10.0363,10.1153,24273555,600580
2020-09-01,10.1547,10.3442,10.1074,10.2653,22013613,600580
2020-09-02,10.3442,10.3916,10.1705,10.3048,17714277,600580
2020-09-03,10.2574,10.3048,9.9415,10.0047,21765500,600580
2020-09-04,9.8705,9.9731,9.8231,9.9336,16396573,600580
2020-09-07,9.9178,10.0758,9.6415,9.7046,19513245,600580
2020-09-08,9.7599,9.8705,9.5625,9.7915,15964576,600580
2020-09-09,9.6967,9.8784,9.4125,9.7204,21174414,600580
2020-09-10,9.831,10.2732,9.7046,9.9494,37517588,600580
2020-09-11,9.8863,10.21,9.831,10.2021,23548856,600580
2020-09-14,10.2021,10.3206,10.1074,10.2337,22014010,600580
2020-09-15,10.3048,10.4864,10.1547,10.4074,26752221,600580
2020-09-16,10.3758,10.3758,10.0205,10.1389,20647550,600580
2020-09-17,10.1389,10.6838,10.1074,10.5969,45007722,600580
2020-09-18,10.5811,10.6996,10.4469,10.6443,28136917,600580
2020-09-21,10.6917,10.7233,10.4232,10.4943,23697638,600580
2020-09-22,10.3758,10.439,10.21,10.2495,21516474,600580
2020-09-23,10.3127,10.3837,10.1074,10.2495,14391958,600580
2020-09-24,10.1626,10.2969,9.7441,9.752,24031279,600580
2020-09-25,9.8152,9.8389,9.6178,9.7125,13967060,600580
2020-09-28,9.7204,9.9099,9.7204,9.831,11863576,600580
2020-09-29,9.8547,9.9731,9.7915,9.8389,11751834,600580
2020-09-30,9.8705,9.9336,9.5467,9.5941,17842449,600580
2020-10-09,9.831,10.4311,9.831,10.4311,43640089,600580
2020-10-12,10.668,10.8891,10.5575,10.7233,55701267,600580
2020-10-13,10.6917,11.0233,10.6285,10.9365,36053671,600580
2020-10-14,10.9444,11.1181,10.8812,10.9681,35334546,600580
2020-10-15,11.1734,11.205,10.7549,10.7786,41160109,600580
2020-10-16,10.8733,10.9207,10.5969,10.7549,25954674,600580
2020-10-19,10.8654,11.0154,10.4943,10.5496,33700771,600580
2020-10-20,10.5653,10.6206,10.4785,10.6206,23474595,600580
2020-10-21,10.6917,10.6917,9.9336,10.0205,43983781,600580
2020-10-22,10.06,10.0995,9.8231,10.0363,25729994,600580
2020-10-23,10.0205,10.06,9.7915,9.8705,20325322,600580
2020-10-26,9.8784,10.0679,9.7046,10.0442,18537906,600580
2020-10-27,9.9336,10.06,9.8547,10.0126,17967050,600580
2020-10-28,9.9652,10.2495,9.8152,10.1626,27920305,600580
2020-10-29,10.0284,10.0916,9.8468,10.06,28499870,600580
2020-10-30,10.0679,10.0916,9.6415,9.6494,29545530,600580
2020-11-02,9.7125,10.1232,9.6336,9.9968,45864192,600580
2020-11-03,10.0363,10.1942,9.8231,9.9731,33837040,600580
2020-11-04,9.9652,10.5417,9.9415,10.4074,49153513,600580
2020-11-05,10.5417,10.7312,10.3995,10.7233,51576517,600580
2020-11-06,10.7391,10.7628,10.3995,10.5811,39803767,600580
2020-11-09,10.7154,10.7628,10.4943,10.6127,39744294,600580
2020-11-10,10.6127,10.8101,10.4232,10.4785,35450226,600580
2020-11-11,10.4627,10.5575,10.1232,10.131,28790131,600580
2020-11-12,10.1389,10.1942,9.9415,9.9731,26125419,600580
2020-11-13,9.9889,10.1074,9.91,10.0916,20059094,600580
2020-11-16,10.0205,10.1074,9.8231,10.1074,25114875,600580
2020-11-17,10.0995,10.4074,9.981,10.2258,34695348,600580
2020-11-18,10.131,10.2574,9.9573,10.0442,23591738,600580
2020-11-19,10.0205,10.5653,9.8784,10.5653,39489853,600580
2020-11-20,10.5417,10.7943,10.3995,10.6759,47285818,600580
2020-11-23,10.7233,10.7786,10.5259,10.6838,34292484,600580
2020-11-24,10.897,10.976,10.3285,10.3521,49426233,600580
2020-11-25,10.4785,11.3866,10.4153,10.9918,132363309,600580
2020-11-26,11.047,11.0865,10.5969,10.8733,63643912,600580
2020-11-27,10.8101,10.8654,10.3837,10.5496,55505269,600580
2020-11-30,10.6443,10.668,10.4153,10.4311,41641310,600580
2020-12-01,10.4232,10.9444,10.3521,10.9444,49574853,600580
2020-12-02,10.9286,11.1181,10.8022,10.9918,45893234,600580
2020-12-03,10.9602,11.9077,10.8575,11.5287,95789874,600580
2020-12-04,11.3708,11.6156,11.1892,11.2918,49282539,600580
2020-12-07,11.3392,11.7182,11.0391,11.2444,49610973,600580
2020-12-08,11.2681,11.8446,11.1497,11.7419,65299960,600580
2020-12-09,11.6945,11.9314,11.205,11.2365,53249749,600580
2020-12-10,11.3076,11.3313,10.8575,11.1418,38313018,600580
2020-12-11,11.1339,11.3076,10.818,10.9918,35822146,600580
2020-12-14,10.9839,11.3866,10.9839,11.2602,36704782,600580
2020-12-15,11.1971,11.3471,11.0549,11.1971,26232052,600580
2020-12-16,11.1971,11.2444,10.5338,10.5653,49355740,600580
2020-12-17,10.4943,10.7312,10.2337,10.6601,37491637,600580
2020-12-18,10.6048,11.4418,10.5732,11.276,75782827,600580
2020-12-21,11.3471,11.7024,11.3471,11.5524,61257474,600580
2020-12-22,11.5919,11.6708,11.2129,11.276,54692680,600580
2020-12-23,11.7577,11.7814,11.3313,11.6077,78281030,600580
2020-12-24,11.4497,11.5603,11.2286,11.4813,48512434,600580
2020-12-25,11.4734,12.1367,11.3708,11.9946,85019697,600580
2020-12-28,11.884,12.1525,11.7656,12.0972,62804578,600580
2020-12-29,11.9946,11.9946,11.4892,11.5603,57141528,600580
2020-12-30,11.6235,12.5394,11.584,12.3183,76200764,600580
2020-12-31,12.3183,12.3736,12.1209,12.3183,51861706,600580
2021-01-04,12.3657,12.8474,12.1841,12.7211,65535261,600580
2021-01-05,12.9027,12.9816,12.4921,12.6342,61600641,600580
2021-01-06,12.5552,12.7526,12.2157,12.5158,60968671,600580
2021-01-07,12.3894,12.9106,12.2394,12.7605,58528704,600580
2021-01-08,12.6342,12.7053,11.9867,12.113,60607458,600580
2021-01-11,12.1604,12.3578,11.8288,12.1604,60504265,600580
2021-01-12,12.0499,12.271,11.9393,12.0578,44938624,600580
2021-01-13,12.0341,12.6737,12.0104,12.1525,56591556,600580
2021-01-14,11.8525,11.8525,11.2128,11.2128,74580514,600580
2021-01-15,11.2918,11.4339,11.126,11.4024,33083546,600580
2021-01-18,11.4103,11.5682,11.205,11.4971,33918500,600580
2021-01-19,11.4971,11.4971,11.0944,11.1971,38114762,600580
2021-01-20,11.1418,11.4024,11.1418,11.2602,26779904,600580
2021-01-21,11.2523,11.4418,11.1734,11.4339,35613450,600580
2021-01-22,11.4497,11.4497,10.8812,10.9918,52287393,600580
2021-01-25,10.897,11.1181,10.7628,10.9523,47067619,600580
2021-01-26,10.9918,11.047,10.5811,10.5811,40901719,600580
2021-01-27,10.5811,10.6838,10.3127,10.6443,36525784,600580
2021-01-28,10.4627,10.6601,10.1468,10.1705,38071220,600580
2021-01-29,10.2653,10.2811,9.6178,9.7204,44876562,600580
2021-02-01,9.7915,9.9889,9.7204,9.8389,23632018,600580
2021-02-02,9.8705,9.9731,9.5151,9.8626,32212473,600580
2021-02-03,9.8626,10.0284,9.5704,9.602,33786925,600580
2021-02-04,9.7757,9.7757,9.0019,9.2151,44156186,600580
2021-02-05,9.3256,9.3809,8.8676,8.8834,29916351,600580
2021-02-08,9.1519,9.4914,9.0098,9.1677,36605314,600580
2021-02-09,9.2072,9.4914,9.1519,9.3572,40925596,600580
2021-02-10,9.4204,9.5625,9.2309,9.3967,27416827,600580
2021-02-18,9.5546,9.7836,9.4914,9.6889,26930530,600580
2021-02-19,9.7125,9.981,9.5546,9.9257,25366556,600580
2021-02-22,9.9257,9.9889,9.6415,9.7599,43089080,600580
2021-02-23,9.6889,9.752,9.4993,9.5941,25038999,600580
2021-02-24,9.5941,9.6336,9.2861,9.373,27357310,600580
2021-02-25,9.4835,9.4835,9.2624,9.294,17058948,600580
2021-02-26,9.223,9.4441,9.1124,9.2861,18665692,600580
2021-03-01,9.3414,9.6494,9.3019,9.6099,25409882,600580
2021-03-02,9.6731,9.6889,9.5072,9.5704,17632316,600580
2021-03-03,9.5546,9.7757,9.5151,9.7599,20897358,600580
2021-03-04,9.7125,9.7125,9.4362,9.5072,20873224,600580
2021-03-05,9.4362,9.5467,9.3651,9.4678,19022730,600580
2021-03-08,9.523,9.6178,9.3572,9.3651,23406318,600580
2021-03-09,9.3572,9.4125,9.0177,9.144,20231308,600580
2021-03-10,9.2072,9.3493,8.915,8.9466,18636736,600580
2021-03-11,8.9624,9.1993,8.8597,9.1677,15431432,600580
2021-03-12,9.1756,9.2309,9.0256,9.1045,13855173,600580
2021-03-15,9.0887,9.1677,8.8992,8.9861,14200040,600580
2021-03-16,9.0019,9.1045,8.9624,9.0808,10942458,600580
2021-03-17,9.0887,9.0966,8.9308,9.0492,10505985,600580
2021-03-18,9.0335,9.0413,8.9308,8.994,13382588,600580
2021-03-19,8.9387,8.9387,8.7176,8.7492,21984616,600580
2021-03-22,8.7334,9.1203,8.6465,9.0256,18781204,600580
2021-03-23,9.1203,9.1203,8.7571,8.836,16227900,600580
2021-03-24,8.7571,8.8281,8.607,8.607,15742873,600580
2021-03-25,8.5834,8.6544,8.5202,8.5992,9783480,600580
2021-03-26,8.6228,8.765,8.5676,8.7334,13494110,600580
2021-03-29,8.6939,8.7097,8.4965,8.6149,13653892,600580
2021-03-30,8.6386,8.836,8.5992,8.7097,14569815,600580
2021-03-31,8.7097,8.7255,8.5439,8.5992,8234058,600580
2021-04-01,8.6386,8.6465,8.5597,8.6307,8700747,600580
2021-04-02,8.686,8.915,8.6544,8.8834,18041589,600580
2021-04-06,8.8597,8.8676,8.7413,8.7808,12633033,600580
2021-04-07,8.8992,8.9624,8.7887,8.7966,15755234,600580
2021-04-08,8.765,8.8203,8.6386,8.6939,13159941,600580
2021-04-09,8.8203,8.8281,8.6386,8.6781,10246770,600580
2021-04-12,8.6386,8.6465,8.2517,8.3465,20893578,600580
2021-04-13,8.3465,8.3702,8.1649,8.2201,12531585,600580
2021-04-14,8.2912,8.4096,8.2201,8.2675,9322110,600580
2021-04-15,8.2754,8.307,8.078,8.2991,11906532,600580
2021-04-16,8.2991,8.4807,8.2912,8.4491,12299738,600580
2021-04-19,8.4333,8.7492,8.4333,8.7097,20727046,600580
2021-04-20,8.7097,8.7808,8.5755,8.6702,17354814,600580
2021-04-21,8.6228,8.7176,8.5755,8.6702,10038160,600580
2021-04-22,8.7492,8.7729,8.5755,8.6228,10749120,600580
2021-04-23,8.6307,8.6623,8.4965,8.6465,11244756,600580
2021-04-26,8.6386,8.8913,8.5913,8.7176,17713683,600580
2021-04-27,8.7887,8.8676,8.5281,8.607,13496641,600580
2021-04-28,8.5597,8.765,8.4728,8.765,11299705,600580
2021-04-29,8.836,8.836,8.5913,8.6307,14872174,600580
2021-04-30,8.5755,8.7176,8.3465,8.4096,17880805,600580
2021-05-06,8.2359,8.3623,8.2201,8.2833,13604666,600580
2021-05-07,8.3228,8.5676,8.3228,8.3307,16198034,600580
2021-05-10,8.3781,8.4412,8.0859,8.1806,18914466,600580
2021-05-11,8.1333,8.2596,7.9438,8.228,18531699,600580
2021-05-12,8.2043,8.4728,8.1254,8.457,18838034,600580
2021-05-13,8.4175,8.5044,8.3702,8.3702,11610566,600580
2021-05-14,8.457,8.5518,8.2991,8.5044,11084644,600580
2021-05-17,8.5281,8.6544,8.4807,8.5044,14646996,600580
2021-05-18,8.4491,8.5044,8.3859,8.5044,7418755,600580
2021-05-19,8.5044,8.8202,8.4096,8.7887,25065541,600580
2021-05-20,8.7966,9.0966,8.6544,9.0019,31672864,600580
2021-05-21,8.994,9.0335,8.7097,8.7334,22410056,600580
2021-05-24,8.6623,8.7966,8.6623,8.765,13264468,600580
2021-05-25,8.7176,9.0019,8.6702,8.8992,17378476,600580
2021-05-26,8.9229,9.1598,8.8992,8.9229,21192590,600580
2021-05-27,9.0413,9.0413,8.8597,8.9308,13471960,600580
2021-05-28,8.9861,9.0571,8.8992,9.0019,15047412,600580
2021-05-31,9.0413,9.4678,9.0098,9.373,39809067,600580
2021-06-01,9.3493,9.4283,9.223,9.3809,24566402,600580
2021-06-02,9.3651,9.3967,9.2151,9.3019,16882995,600580
2021-06-03,9.3019,9.4204,9.2545,9.2782,14688616,600580
2021-06-04,9.3177,9.6178,9.2624,9.5388,26206490,600580
2021-06-07,9.5467,9.7757,9.5388,9.6652,29864595,600580
2021-06-08,9.7678,9.8231,9.5309,9.681,23736163,600580
2021-06-09,9.752,9.752,9.5467,9.681,16443502,600580
2021-06-10,9.6257,9.6967,9.4283,9.4678,21458444,600580
2021-06-11,9.4756,9.6573,9.2388,9.2703,24299164,600580
2021-06-15,9.2545,9.3335,8.9545,9.1045,21115956,600580
2021-06-16,9.1835,9.2546,8.9861,9.0019,14617082,600580
2021-06-17,9.0413,9.1124,8.9545,9.0492,13341102,600580
2021-06-18,9.0571,9.5704,9.0413,9.5072,27001304,600580
2021-06-21,9.5072,10.4548,9.4993,10.3285,82570456,600580
2021-06-22,10.3521,10.6127,10.2021,10.3364,55275913,600580
2021-06-23,10.3127,10.589,10.2258,10.4943,51785913,600580
2021-06-24,10.4627,10.7628,10.3916,10.4943,34419135,600580
2021-06-25,10.3995,10.6759,10.2574,10.4943,35512309,600580
2021-06-28,10.5101,10.5417,10.2337,10.289,23348521,600580
2021-06-29,10.2969,10.4232,9.9968,10.0758,26595678,600580
2021-06-30,10.1074,10.6443,9.9494,10.5022,49287505,600580
2021-07-01,10.5022,10.5575,9.9652,9.9968,27593800,600580
2021-07-02,10.0284,10.1232,9.7599,9.9021,22961155,600580
2021-07-05,9.8705,9.9968,9.5388,9.7678,28755373,600580
2021-07-06,9.7125,9.8152,9.5862,9.7599,18681007,600580
2021-07-07,9.7046,10.1547,9.5546,10.0679,40908948,600580
2021-07-08,9.9968,10.3679,9.9257,10.2653,40496856,600580
2021-07-09,10.1468,10.4232,10.0363,10.3995,34040696,600580
2021-07-12,10.5811,11.2918,10.3679,10.818,95008960,600580
2021-07-13,10.7312,10.9128,10.5575,10.6838,37227512,600580
2021-07-14,10.8101,10.8101,10.2574,10.3048,40244858,600580
2021-07-15,10.2258,10.4548,9.9968,10.4153,33432009,600580
2021-07-16,10.3285,10.668,10.289,10.5417,46410750,600580
2021-07-19,10.5816,10.7413,10.3819,10.6215,30737054,600580
2021-07-20,10.5257,10.5816,10.342,10.4458,27788182,600580
2021-07-21,10.5496,10.8451,10.5417,10.6934,39525766,600580
2021-07-22,10.6934,10.8611,10.4458,10.7812,38766572,600580
2021-07-23,10.7653,11.2524,10.7333,10.9809,55638837,600580
2021-07-26,11.1486,11.1885,10.5736,10.7733,45827988,600580
2021-07-27,10.6854,10.925,10.2222,10.2302,48957460,600580
2021-07-28,10.1184,10.1743,9.3437,9.4476,51656802,600580
2021-07-29,9.6233,10.358,9.6233,10.2781,50099809,600580
2021-07-30,10.2222,10.358,9.9986,10.2621,33626535,600580
2021-08-02,10.5417,10.7653,10.366,10.5097,36944302,600580
2021-08-03,10.4618,10.6455,10.0865,10.1663,35522424,600580
2021-08-04,10.0625,10.893,10.0385,10.8132,54953458,600580
2021-08-05,10.8132,10.8292,10.4458,10.5097,43193494,600580
2021-08-06,10.7253,10.893,10.5177,10.8132,42532603,600580
2021-08-09,10.7892,10.8371,10.3979,10.4458,49931704,600580
2021-08-10,10.4538,10.933,10.4219,10.901,75667947,600580
2021-08-11,10.8611,11.1007,10.6535,11.0128,65602810,600580
2021-08-12,11.0128,11.7236,10.8451,11.3962,98016483,600580
2021-08-13,11.3962,12.0271,11.3562,11.9951,106155640,600580
2021-08-16,11.8194,12.9055,11.4361,11.5799,141592279,600580
2021-08-17,11.4441,11.8114,10.7253,10.8611,101742666,600580
2021-08-18,10.9649,11.7076,10.8691,11.2285,75510487,600580
2021-08-19,11.1406,11.4042,10.9889,11.2365,50503663,600580
2021-08-20,11.2205,11.2205,10.8531,11.0528,41901537,600580
2021-08-23,11.0608,11.8194,11.0608,11.8035,69069661,600580
2021-08-24,11.7875,12.091,11.5719,11.9792,61181158,600580
2021-08-25,11.9871,12.043,11.6677,11.8354,35749291,600580
2021-08-26,11.8035,12.0989,11.5479,11.8674,50618001,600580
2021-08-27,11.7555,11.8514,11.5479,11.6517,36737050,600580
2021-08-30,11.5,11.8514,11.2604,11.7875,42117399,600580
2021-08-31,11.6677,12.1149,11.508,12.0989,61395229,600580
2021-09-01,12.091,12.3545,11.6278,11.6437,57204812,600580
2021-09-02,11.7795,12.5142,11.5958,12.4583,75301634,600580
2021-09-03,12.3305,12.5222,11.8594,12.091,56724199,600580
2021-09-06,12.1149,12.1309,11.6517,12.1149,43916895,600580
2021-09-07,12.1069,12.3944,11.8993,12.3226,55398770,600580
2021-09-08,12.3785,12.4184,12.043,12.1389,38492698,600580
2021-09-09,12.1549,12.3465,11.9233,12.2587,40662244,600580
2021-09-10,12.1389,12.2427,11.5799,11.7396,63918172,600580
2021-09-13,11.7396,11.7955,11.3403,11.3882,45027355,600580
2021-09-14,11.4201,11.6917,11.3962,11.3962,32087946,600580
2021-09-15,11.4361,11.7555,11.4201,11.6677,31432657,600580
2021-09-16,11.6358,11.8594,11.1406,11.1486,36677172,600580
2021-09-17,11.2045,11.5,11.1805,11.4521,24214272,600580
2021-09-22,11.3403,12.5382,11.2684,12.4503,95231224,600580
2021-09-23,12.4983,12.9774,12.3465,12.4503,85465678,600580
2021-09-24,12.3785,12.5781,12.059,12.1069,47480661,600580
2021-09-27,12.1549,12.2906,10.893,10.901,86772793,600580
2021-09-28,10.8691,10.9649,10.5337,10.6934,43110568,600580
2021-09-29,10.5976,10.6455,10.2701,10.4219,38253225,600580
2021-09-30,10.4618,10.7174,10.3899,10.6135,22883817,600580
2021-10-08,10.7014,10.9889,10.5576,10.7333,26400032,600580
2021-10-11,10.7892,10.8451,10.4458,10.5417,18038262,600580
2021-10-12,10.5097,10.5417,9.9587,10.1264,28922694,600580
2021-10-13,10.1264,10.5337,10.1024,10.5017,20305039,600580
2021-10-14,10.4219,10.5976,10.3819,10.4778,11916816,600580
2021-10-15,10.4538,10.7014,10.3899,10.5496,18063643,600580
2021-10-18,10.5417,10.8052,10.5017,10.6694,14027377,600580
2021-10-19,10.6774,10.8371,10.6455,10.7573,13561648,600580
2021-10-20,10.7972,10.9809,10.6135,10.925,22993261,600580
2021-10-21,10.893,11.1167,10.7653,10.9729,19559529,600580
2021-10-22,11.1246,11.7875,11.0687,11.6437,64064139,600580
2021-10-25,11.492,11.7156,11.2684,11.6677,37905882,600580
2021-10-26,11.7795,12.0031,11.6996,11.8194,36298920,600580
2021-10-27,11.8114,12.1628,11.7156,12.043,44268536,600580
2021-10-28,11.9792,12.1788,11.7316,11.7715,39476445,600580
2021-10-29,11.8114,11.9712,11.508,11.8274,32552912,600580
2021-11-01,11.6917,12.1469,11.5479,12.0111,37957881,600580
2021-11-02,12.0111,12.1788,11.7635,11.9392,45090207,600580
2021-11-03,11.8913,11.8913,11.5399,11.8753,30598137,600580
2021-11-04,11.8913,12.2108,11.8434,12.059,39070131,600580
2021-11-05,12.091,12.4104,11.8194,11.8594,46326778,600580
2021-11-08,11.8194,12.1868,11.7555,11.8993,32251809,600580
2021-11-09,11.8274,12.4503,11.8274,12.3545,62033425,600580
2021-11-10,12.2347,12.2986,11.6437,12.067,48195373,600580
2021-11-11,11.9712,12.5222,11.8274,12.3146,59104717,600580
2021-11-12,12.2587,12.8976,12.2267,12.7778,70462977,600580
2021-11-15,12.8496,13.0653,12.4743,12.6101,75422113,600580
2021-11-16,12.4823,12.6899,12.2667,12.4264,40234597,600580
2021-11-17,12.3785,13.0573,12.2028,12.9774,66191586,600580
2021-11-18,12.8976,12.9694,12.2746,12.2746,67107492,600580
2021-11-19,12.2746,13.5045,12.1469,13.5045,81752463,600580
2021-11-22,13.6562,13.6562,13.0972,13.4566,101597930,600580
2021-11-23,14.0476,14.7264,13.6642,13.6722,153298416,600580
2021-11-24,13.6962,14.359,13.6642,13.7361,99064107,600580
2021-11-25,13.9677,14.343,13.6562,13.9437,75133525,600580
2021-11-26,13.8559,14.2153,13.8,14.0795,60938568,600580
2021-11-29,13.8,15.4132,13.7121,15.0937,104730434,600580
2021-11-30,15.2215,16.1239,15.1017,15.8045,117936198,600580
2021-12-01,15.7007,15.9323,15.0299,15.517,91276948,600580
2021-12-02,15.533,16.3156,15.1017,15.9562,81491053,600580
2021-12-03,15.7167,15.9483,15.0778,15.7326,64042910,600580
2021-12-06,15.541,16.7708,15.4451,16.4753,91276465,600580
2021-12-07,16.4514,16.9305,15.6608,16.092,69227528,600580
2021-12-08,16.1479,16.8986,16.076,16.4514,45976239,600580
2021-12-09,16.5233,16.675,15.8604,15.8764,45554284,600580
2021-12-10,15.7646,16.2517,15.3972,16.076,64672162,600580
2021-12-13,15.7726,16.1799,15.1496,16.0441,53037494,600580
2021-12-14,15.9962,16.116,15.517,15.6847,28854056,600580
2021-12-15,15.6847,16.1958,15.541,15.7486,33366412,600580
2021-12-16,15.7486,16.3236,15.6448,16.2038,38571321,600580
2021-12-17,16.068,16.1958,15.4132,15.8125,48693261,600580
2021-12-20,15.2135,15.3493,14.8941,14.9819,46363492,600580
2021-12-21,15.0858,15.1337,14.5347,14.8142,39651765,600580
2021-12-22,14.7743,15.4052,14.7743,15.1736,32593964,600580
2021-12-23,15.1736,15.541,15.0538,15.3014,22954868,600580
2021-12-24,15.5569,15.5569,14.6066,14.7264,30922600,600580
2021-12-27,14.6545,15.4371,14.6545,15.0778,25423866,600580
2021-12-28,15.1656,15.1736,14.7743,15.1257,17734280,600580
2021-12-29,15.0937,15.2694,14.8382,14.8861,16861464,600580
2021-12-30,14.8462,15.1177,14.6545,14.7264,20811588,600580
2021-12-31,14.6705,15.0937,14.4788,14.6066,24389362,600580
2022-01-04,14.7104,14.7663,13.9996,14.0316,36685400,600580
2022-01-05,14.0316,14.1674,13.5924,13.8239,30761354,600580
2022-01-06,13.776,14.1274,13.7121,13.9996,21978267,600580
2022-01-07,14.0076,14.1114,13.4646,13.4885,23281072,600580
2022-01-10,13.4406,13.4566,13.0972,13.3208,22914007,600580
2022-01-11,13.3208,13.4087,12.8177,12.8816,23529858,600580
2022-01-12,13.0972,13.1451,12.9295,13.1212,19869307,600580
2022-01-13,13.1691,13.1851,12.6899,12.9614,23229268,600580
2022-01-14,12.9614,13.4805,12.8417,13.241,30163113,600580
2022-01-17,13.241,13.6163,13.1052,13.3608,23082418,600580
2022-01-18,13.3847,13.5285,13.241,13.4805,19690755,600580
2022-01-19,13.4087,13.4965,13.0174,13.1771,19182639,600580
2022-01-20,13.2889,13.2889,12.6739,12.7139,20236674,600580
2022-01-21,12.7778,12.8896,12.6021,12.626,13655119,600580
2022-01-24,12.5462,12.7937,12.4424,12.6899,15596901,600580
2022-01-25,12.6739,12.7458,11.9552,11.9632,27890541,600580
2022-01-26,11.9712,12.3864,7.9861,12.3305,25476044,600580
2022-01-27,12.2667,12.4024,11.8674,11.8674,15146796,600580
2022-01-28,12.0351,12.091,11.6437,11.8753,15317450,600580
2022-02-07,12.075,12.3864,12.043,12.083,18105748,600580
2022-02-08,12.1069,12.1149,11.6597,11.8194,21877218,600580
2022-02-09,11.8035,12.051,11.5479,11.9951,19850462,600580
2022-02-10,11.8993,12.0111,11.7715,11.9312,15669344,600580
2022-02-11,11.8753,12.0191,11.5799,11.6358,16340404,600580
2022-02-14,11.5559,11.7875,11.3163,11.5799,14077287,600580
2022-02-15,11.6517,11.9951,11.5639,11.9632,16761963,600580
2022-02-16,11.9871,12.099,11.9073,12.051,15976276,600580
2022-02-17,11.9712,12.2986,11.9392,12.075,22035345,600580
2022-02-18,11.9712,11.9871,11.7555,11.7875,14069694,600580
2022-02-21,11.8194,11.9153,11.6917,11.9073,12711916,600580
2022-02-22,11.8514,11.9552,11.6198,11.8274,12694549,600580
2022-02-23,11.8514,12.4424,11.7955,12.4264,25754798,600580
2022-02-24,12.3146,12.3864,11.8194,11.9712,31381262,600580
2022-02-25,12.083,12.4104,12.083,12.2986,23652902,600580
2022-02-28,12.2746,12.2746,11.9392,12.2187,20315208,600580
2022-03-01,12.2906,12.4104,12.0111,12.1149,16916828,600580
2022-03-02,11.9792,12.0191,11.7875,11.8274,15626695,600580
2022-03-03,11.8913,11.9472,11.492,11.508,20581759,600580
2022-03-04,11.4042,11.492,11.0049,11.1246,23015230,600580
2022-03-07,10.9809,11.1885,10.933,10.9729,16172746,600580
2022-03-08,10.949,11.0767,10.5017,10.6615,17879403,600580
2022-03-09,10.6615,10.9889,10.3021,10.7174,20355180,600580
2022-03-10,11.0847,11.0847,10.7733,10.8611,17519744,600580
2022-03-11,10.7174,11.3802,10.6375,11.3802,23170988,600580
2022-03-14,11.1885,11.2125,10.8212,10.8212,19006336,600580
2022-03-15,10.7174,10.8851,10.2222,10.2462,19484926,600580
2022-03-16,10.4858,10.8212,10.0625,10.7333,20503336,600580
2022-03-17,10.8851,11.0927,10.7573,10.7812,17772799,600580
2022-03-18,10.7174,11.1406,10.7174,11.0368,17483731,600580
2022-03-21,11.0368,11.1486,10.8771,11.0208,12170647,600580
2022-03-22,10.9729,11.0128,10.7413,10.7892,12161376,600580
2022-03-23,10.901,11.0528,10.7972,10.8771,9583651,600580
2022-03-24,10.8212,10.8691,10.5816,10.6615,9698120,600580
2022-03-25,10.7253,10.7573,10.4299,10.4378,9019642,600580
2022-03-28,10.3021,10.4299,9.9108,10.1344,18178226,600580
2022-03-29,10.1823,10.3979,9.9826,10.0625,14774791,600580
2022-03-30,10.2542,10.5816,10.2382,10.5576,18589192,600580
2022-03-31,10.5097,10.5976,10.4538,10.4778,10313533,600580
2022-04-01,10.3979,10.6774,10.2941,10.5257,9047029,600580
2022-04-06,10.5017,10.5257,10.334,10.4139,9072691,600580
2022-04-07,10.342,10.374,10.0865,10.0944,10125894,600580
2022-04-08,10.1503,10.1503,9.6871,9.791,15011133,600580
2022-04-11,9.7191,9.775,9.2479,9.3198,17375278,600580
2022-04-12,9.3198,9.5753,9.2319,9.5514,11794471,600580
2022-04-13,9.4875,9.6233,9.3757,9.4396,11439420,600580
2022-04-14,9.5674,9.7031,9.4476,9.4715,9933291,600580
2022-04-15,9.4635,9.4635,9.176,9.2878,7987533,600580
2022-04-18,9.3437,9.6632,9.1201,9.5434,9770911,600580
2022-04-19,9.5354,9.783,9.5274,9.6871,13329894,600580
2022-04-20,9.7111,9.7351,9.4635,9.4715,8959156,600580
2022-04-21,9.4715,9.4955,8.9444,8.9844,16902164,600580
2022-04-22,8.9205,9.1121,8.7128,8.9365,12760021,600580
2022-04-25,8.7208,8.7448,8.1538,8.1618,17427108,600580
2022-04-26,8.2097,8.2576,7.8903,7.8983,16407703,600580
2022-04-27,7.8344,8.3375,7.7465,8.3055,17138847,600580
2022-04-28,8.2656,8.3694,8.0899,8.2177,13892240,600580
2022-04-29,8.3215,8.7847,8.1538,8.7128,20270116,600580
2022-05-05,8.7049,9.216,8.6889,9.0802,22954897,600580
2022-05-06,8.8486,8.9524,8.7448,8.8167,18453207,600580
2022-05-09,8.7847,9.0403,8.7528,8.9285,10438201,600580
2022-05-10,8.7847,9.176,8.7528,9.1601,15780819,600580
2022-05-11,9.192,9.6792,9.1042,9.5115,29445092,600580
2022-05-12,9.4476,9.5354,9.2799,9.3597,14986753,600580
2022-05-13,9.4236,9.4875,9.3358,9.4236,12400531,600580
2022-05-16,9.5194,9.6712,9.4715,9.5674,19040916,600580
2022-05-17,9.5674,9.6712,9.5035,9.6073,14154999,600580
2022-05-18,9.6233,9.9267,9.5514,9.775,18343711,600580
2022-05-19,9.6153,9.8149,9.5594,9.775,16461325,600580
2022-05-20,9.775,9.9427,9.7271,9.9108,15921638,600580
2022-05-23,9.8868,10.0226,9.8229,9.9826,14404294,600580
2022-05-24,9.9347,10.2382,9.5913,9.5913,20204290,600580
2022-05-25,9.5913,9.9667,9.5035,9.9108,15758451,600580
2022-05-26,9.9427,10.0066,9.7031,9.8229,11996739,600580
2022-05-27,9.8469,9.9587,9.5674,9.6792,13280956,600580
2022-05-30,9.6792,9.791,9.5594,9.791,14060466,600580
2022-05-31,9.8149,9.9427,9.6073,9.8948,18790494,600580
2022-06-01,9.9347,10.1503,9.8549,10.1104,15886797,600580
2022-06-02,10.0226,10.326,9.8868,10.2861,21531216,600580
2022-06-06,10.2861,10.5736,10.2222,10.5017,20991021,600580
2022-06-07,10.4618,10.5337,10.0865,10.1583,25797902,600580
2022-06-08,10.2621,10.2861,9.8229,10.0625,27334045,600580
2022-06-09,10.1344,10.2701,9.6392,9.6951,29978352,600580
2022-06-10,9.775,10.5097,9.7111,10.4458,42530013,600580
2022-06-13,10.374,10.6055,10.2462,10.3819,42485098,600580
2022-06-14,10.342,10.8851,10.1503,10.8611,62577861,600580
2022-06-15,10.8052,10.9889,10.4937,10.5017,53382882,600580
2022-06-16,10.5177,10.7653,10.4698,10.5496,36130736,600580
2022-06-17,10.5017,10.8052,10.3979,10.7733,39255793,600580
2022-06-20,10.8292,11.0687,10.8052,10.941,44508948,600580
2022-06-21,10.941,11.2205,10.6295,10.8212,47486250,600580
2022-06-22,11.1007,11.4121,10.901,10.941,62635396,600580
2022-06-23,10.933,11.6358,10.8052,11.5719,65004356,600580
2022-06-24,11.5719,11.6517,11.3882,11.516,42602572,600580
2022-06-27,11.5799,11.8993,11.3882,11.7875,45499728,600580
2022-06-28,11.7875,12.5062,11.6597,12.3146,60057745,600580
2022-06-29,12.2667,12.2667,11.1646,11.1726,90411230,600580
2022-06-30,11.1726,11.6837,11.1167,11.516,47616952,600580
2022-07-01,11.468,11.484,11.0687,11.1805,37642587,600580
2022-07-04,11.1965,11.5719,10.925,11.5719,34920835,600580
2022-07-05,11.5,11.6597,11.1406,11.3562,30889777,600580
2022-07-06,11.3323,11.468,11.0608,11.2205,28000250,600580
2022-07-07,11.1885,11.6917,11.0448,11.5319,38498076,600580
2022-07-08,11.6437,11.7955,11.2045,11.2285,31448974,600580
2022-07-11,11.2285,11.4121,11.0847,11.2444,32795757,600580
2022-07-12,11.1965,11.5319,11.1007,11.1007,30407895,600580
2022-07-13,11.1406,11.6198,10.9729,11.4361,36210627,600580
2022-07-14,11.3882,11.7555,11.2684,11.6358,41452294,600580
2022-07-15,11.6118,12.1309,11.5958,11.7396,52263909,600580
2022-07-18,11.8833,12.0271,11.6358,12.0111,40213452,600580
2022-07-19,11.9153,12.2187,11.8194,11.9073,43680901,600580
2022-07-20,11.9153,12.083,11.6917,12.0351,34867544,600580
2022-07-21,11.9792,11.9951,11.6437,11.6837,35465084,600580
2022-07-22,11.7555,11.8993,11.4201,11.5799,29533316,600580
2022-07-25,11.5395,11.6444,11.0634,11.1199,32408532,600580
2022-07-26,11.136,11.5718,10.9666,11.5234,27908272,600580
2022-07-27,11.483,12.064,11.4023,12.0075,49516970,600580
2022-07-28,12.1447,12.2416,11.8219,11.9188,38827963,600580
2022-07-29,11.9268,12.1528,11.8219,11.8704,27446877,600580
2022-08-01,11.83,12.4352,11.7332,12.3787,58321831,600580
2022-08-02,12.1124,12.1609,11.6686,11.7735,54272390,600580
2022-08-03,11.943,12.1609,11.3378,11.4588,46151500,600580
2022-08-04,11.5395,11.6848,11.2409,11.4427,29388256,600580
2022-08-05,11.4588,12.5886,11.1522,12.5886,76383837,600580
2022-08-08,12.3303,12.8226,12.0156,12.5724,109898136,600580
2022-08-09,12.3707,12.5482,12.1609,12.2577,60783394,600580
2022-08-10,12.2658,12.5805,12.1609,12.5159,61058086,600580
2022-08-11,12.5885,12.7177,12.3142,12.6612,57717073,600580
2022-08-12,12.5886,13.1534,12.5482,12.6208,71317389,600580
2022-08-15,12.4675,13.2987,12.3303,13.0727,68988418,600580
2022-08-16,13.0727,13.3067,12.9194,12.992,48691978,600580
2022-08-17,13.0566,13.3632,12.9194,13.3552,49022821,600580
2022-08-18,13.2987,13.4762,13.0889,13.2664,44917352,600580
2022-08-19,13.2422,13.2422,12.524,12.524,52648383,600580
2022-08-22,12.4272,12.6854,12.3545,12.5159,30383745,600580
2022-08-23,12.5724,12.6692,12.4191,12.6531,27791169,600580
2022-08-24,12.6531,12.6531,11.6686,11.717,52675023,600580
2022-08-25,11.7251,11.8461,11.2813,11.5476,32845041,600580
2022-08-26,11.5395,11.6605,11.136,11.1602,31304486,600580
2022-08-29,10.9746,11.3378,10.8939,11.2248,22962500,600580
2022-08-30,11.3862,11.5314,11.1683,11.2329,28345740,600580
2022-08-31,11.136,11.2329,10.7245,10.7729,28965501,600580
2022-09-01,10.7729,10.9343,10.668,10.7003,16174544,600580
2022-09-02,10.6599,10.9101,10.6599,10.7568,14981487,600580
2022-09-05,10.7083,10.8859,10.668,10.8052,13165956,600580
2022-09-06,10.8132,11.2651,10.781,11.2571,27788242,600580
2022-09-07,11.1683,11.4104,11.136,11.2893,23126374,600580
2022-09-08,11.3136,11.3216,10.9504,10.9666,18090886,600580
2022-09-09,11.0553,11.0634,10.8052,10.9101,13910715,600580
2022-09-13,10.9101,11.0473,10.8294,10.9666,12451950,600580
2022-09-14,10.7487,10.8455,10.5712,10.6034,17871615,600580
2022-09-15,10.6841,10.7164,9.9901,10.1193,27435373,600580
2022-09-16,10.0547,10.1838,9.8126,9.8207,16612803,600580
2022-09-19,9.7642,9.9659,9.6916,9.8691,13244587,600580
2022-09-20,9.9821,10.095,9.9175,9.9579,12978746,600580
2022-09-21,9.9337,10.2161,9.7481,10.1515,13834376,600580
2022-09-22,10.087,10.3129,10.0063,10.2161,14403259,600580
2022-09-23,10.1677,10.2484,9.8449,9.9901,14723344,600580
2022-09-26,9.8449,10.0789,9.7965,9.9094,14371158,600580
2022-09-27,9.9417,10.1193,9.8449,10.1112,14119953,600580
2022-09-28,10.0466,10.1112,9.74,9.7481,15399878,600580
2022-09-29,9.8126,9.9175,9.514,9.6432,21416899,600580
2022-09-30,9.6189,9.6674,9.3123,9.3607,19642640,600580
2022-10-10,9.3607,9.4818,9.0864,9.167,15995388,600580
2022-10-11,9.2316,9.4495,9.1832,9.3769,15081993,600580
2022-10-12,9.4414,9.8772,9.3042,9.8288,18188391,600580
2022-10-13,9.7803,9.9901,9.7803,9.9337,21458809,600580
2022-10-14,9.974,10.1677,9.861,10.0386,22548718,600580
2022-10-17,9.9014,10.321,9.861,10.2726,22395169,600580
2022-10-18,10.321,10.9343,10.2242,10.5873,38539896,600580
2022-10-19,10.5792,10.9424,10.5389,10.6034,31224098,600580
2022-10-20,10.5308,10.5792,10.208,10.4098,23205870,600580
2022-10-21,10.3936,10.5308,10.3291,10.4098,14160148,600580
2022-10-24,10.3371,10.6276,10.1354,10.2403,21886873,600580
2022-10-25,10.2564,10.3936,9.9256,10.2564,18383426,600580
2022-10-26,10.3291,10.5227,10.1838,10.4017,18898237,600580
2022-10-27,10.4662,10.6115,10.1596,10.1757,20675221,600580
2022-10-28,10.1112,10.1838,9.5705,9.6351,22624682,600580
2022-10-31,9.6916,10.2161,9.6916,10.0466,21406436,600580
2022-11-01,10.1031,10.4098,10.087,10.4017,23242758,600580
2022-11-02,10.3371,10.5227,10.3049,10.4582,18242802,600580
2022-11-03,10.3775,10.5469,10.3533,10.4985,14968983,600580
2022-11-04,10.4582,10.8859,10.434,10.8132,32256843,600580
2022-11-07,10.7729,10.8294,10.6034,10.6519,21153342,600580
2022-11-08,10.6115,10.7003,10.4743,10.6115,14577544,600580
2022-11-09,10.7245,10.7568,10.5066,10.5631,14254855,600580
2022-11-10,10.4905,10.555,10.2968,10.3452,17304504,600580
2022-11-11,10.6357,10.6599,10.4259,10.4259,19789306,600580
2022-11-14,10.4178,10.5308,10.2564,10.2968,17101617,600580
2022-11-15,10.2968,10.5308,10.2564,10.5227,20281280,600580
2022-11-16,10.5227,10.5631,10.3856,10.4178,15798901,600580
2022-11-17,10.4017,10.4017,10.1273,10.2726,18117564,600580
2022-11-18,10.2242,10.5308,10.2242,10.3856,20069709,600580
2022-11-21,10.3775,10.5308,10.2645,10.5308,14158903,600580
2022-11-22,10.5712,10.5873,10.2322,10.2645,14355754,600580
2022-11-23,10.2403,10.3613,9.9417,10.2968,20468253,600580
2022-11-24,10.321,11.3297,10.321,11.136,107888822,600580
2022-11-25,11.1844,11.2006,10.8536,10.9343,56834840,600580
2022-11-28,10.7568,10.8536,10.5227,10.6276,42418855,600580
2022-11-29,10.6357,10.7325,10.4662,10.7083,31536207,600580
2022-11-30,10.668,10.8375,10.5712,10.668,24434932,600580
2022-12-01,10.781,10.9666,10.6276,10.7245,30108295,600580
2022-12-02,10.7083,11.3781,10.6599,11.1683,56179650,600580
2022-12-05,11.4507,11.5153,11.1118,11.3458,39718744,600580
2022-12-06,11.2571,11.3781,11.1522,11.2409,20267007,600580
2022-12-07,11.2329,11.3539,11.1602,11.2893,18541566,600580
2022-12-08,11.2651,11.3539,11.1037,11.136,18840580,600580
2022-12-09,11.0715,11.2732,10.9262,10.9666,20212944,600580
2022-12-12,10.9666,11.0311,10.789,10.9101,16233900,600580
2022-12-13,10.902,11.1118,10.7406,10.789,17581106,600580
2022-12-14,10.8294,10.9666,10.7083,10.7729,15211635,600580
2022-12-15,10.7325,10.9666,10.6196,10.902,17830135,600580
2022-12-16,10.8213,10.8374,10.434,10.5631,19848926,600580
2022-12-19,10.6276,10.6761,10.321,10.3856,14145807,600580
2022-12-20,10.3775,10.5227,10.3371,10.5147,12238681,600580
2022-12-21,10.4985,10.4985,10.0144,10.1838,24183396,600580
2022-12-22,10.2242,10.2403,9.861,9.9175,13138074,600580
2022-12-23,9.8449,10.0144,9.6996,9.7803,10258046,600580
2022-12-26,9.7803,10.1757,9.7561,10.1193,12149588,600580
2022-12-27,10.1919,10.3371,9.9821,10.3049,13987930,600580
2022-12-28,10.2403,10.2968,10.1193,10.1757,9509323,600580
2022-12-29,10.1273,10.2322,9.9821,9.9901,11230243,600580
2022-12-30,10.087,10.2161,9.9901,10.0547,11049201,600580
2023-01-03,9.9901,10.2968,9.8449,10.2,22373914,600580
2023-01-04,10.1757,10.2161,9.9337,10.0224,15656554,600580
2023-01-05,10.0305,10.555,9.9901,10.3936,27528234,600580
2023-01-06,10.7325,10.8697,10.4905,10.5389,46768809,600580
2023-01-09,10.5308,10.8455,10.5308,10.6841,27503904,600580
2023-01-10,10.6519,10.6922,10.4501,10.5389,18090494,600580
2023-01-11,10.5631,10.6438,10.3694,10.4178,19571038,600580
2023-01-12,10.3936,10.6034,10.3694,10.4905,22347891,600580
2023-01-13,10.5308,10.6276,10.4017,10.5066,15592785,600580
2023-01-16,10.4743,10.6841,10.4017,10.5792,20126996,600580
2023-01-17,10.5873,10.6438,10.5147,10.6034,12357774,600580
2023-01-18,10.6438,10.6599,10.5792,10.5873,11039142,600580
2023-01-19,10.555,10.6276,10.4905,10.6115,11115080,600580
2023-01-20,10.6922,10.7325,10.6276,10.7003,15035280,600580
2023-01-30,10.8536,11.015,10.781,10.8132,25094294,600580
2023-01-31,10.7406,10.9504,10.7406,10.9424,18765426,600580
2023-02-01,10.9988,11.128,10.9262,11.0473,21998144,600580
2023-02-02,11.0473,11.0876,10.8859,10.9746,19189502,600580
2023-02-03,10.9101,10.9585,10.6518,10.7971,21434048,600580
2023-02-06,10.789,10.8536,10.7003,10.789,12965466,600580
2023-02-07,10.789,11.0795,10.7083,10.9827,27581317,600580
2023-02-08,11.015,11.0392,10.8132,10.8375,21619264,600580
2023-02-09,10.8132,11.0231,10.7568,11.015,21970803,600580
2023-02-10,10.9908,11.0069,10.8052,10.8939,16840988,600580
2023-02-13,10.8859,11.0876,10.8536,11.0392,21922341,600580
2023-02-14,11.0392,11.2006,10.9746,11.1764,24311221,600580
2023-02-15,11.1522,11.2329,11.0634,11.1199,17563870,600580
2023-02-16,11.136,11.1441,10.6922,10.781,25568598,600580
2023-02-17,10.781,10.8455,10.5873,10.5954,18845352,600580
2023-02-20,10.6034,10.7568,10.4985,10.7406,16878406,600580
2023-02-21,10.8132,11.0795,10.7648,10.9746,23496218,600580
2023-02-22,10.9181,11.0715,10.8697,10.9504,13607010,600580
2023-02-23,11.015,11.0553,10.8697,10.9585,13486269,600580
2023-02-24,10.9343,10.9585,10.8294,10.8778,10576656,600580
2023-02-27,10.8697,11.0795,10.8052,10.9262,16949924,600580
2023-02-28,10.9504,10.9827,10.789,10.9262,11994328,600580
2023-03-01,10.9504,10.9504,10.8052,10.9262,12003639,600580
2023-03-02,10.9343,10.9504,10.7648,10.7729,21333069,600580
2023-03-03,10.7487,10.8617,10.5873,10.668,20923424,600580
2023-03-06,10.6841,10.7406,10.5792,10.7083,15379749,600580
2023-03-07,10.6519,10.7083,10.3049,10.3291,24588126,600580
2023-03-08,10.3291,10.4017,10.2645,10.3613,12738576,600580
2023-03-09,10.3936,10.4098,10.3129,10.3371,9945501,600580
2023-03-10,10.2887,10.3291,10.095,10.1273,13877551,600580
2023-03-13,10.1031,10.1838,9.9982,10.1193,10867239,600580
2023-03-14,10.0708,10.1031,9.8207,9.9417,12221950,600580
2023-03-15,9.9982,10.1031,9.9821,10.0063,9416047,600580
2023-03-16,9.974,10.0063,9.8288,9.8288,11351314,600580
2023-03-17,9.9094,9.9498,9.8207,9.8449,10565150,600580
2023-03-20,9.8207,10.0305,9.7803,9.9498,13447478,600580
2023-03-21,9.9498,10.095,9.9175,10.087,10387560,600580
2023-03-22,10.1031,10.1677,10.0466,10.087,12852943,600580
2023-03-23,10.0789,10.2887,10.0224,10.1919,12655972,600580
2023-03-24,10.1838,10.2887,10.1435,10.2564,12719595,600580
2023-03-27,10.2564,10.2968,10.1838,10.2161,10087808,600580
2023-03-28,10.2484,10.2484,10.1112,10.1354,8247972,600580
2023-03-29,10.1596,10.1757,10.0224,10.0224,8027937,600580
2023-03-30,10.087,10.087,9.9579,10.0386,8228756,600580
2023-03-31,10.0547,10.2322,10.0547,10.1919,10521480,600580
2023-04-03,10.1435,10.2403,10.087,10.1677,13124044,600580
2023-04-04,10.1677,10.1838,9.7884,9.8207,24191317,600580
2023-04-06,9.8126,9.8933,9.7803,9.853,11546620,600580
2023-04-07,9.8449,9.9337,9.8449,9.8852,9005786,600580
2023-04-10,9.9094,10.2484,9.8933,10.208,24077274,600580
2023-04-11,10.2484,10.2968,10.095,10.1757,13679378,600580
2023-04-12,10.1757,10.3936,10.1596,10.2645,17277853,600580
2023-04-13,10.2968,10.4178,10.208,10.2645,16025437,600580
2023-04-14,10.2726,10.3775,10.2242,10.2403,11311222,600580
2023-04-17,10.3049,10.3936,10.2322,10.3613,13656556,600580
2023-04-18,10.3291,10.434,10.2968,10.3694,11787150,600580
2023-04-19,10.3694,10.434,10.2645,10.2887,10075542,600580
2023-04-20,10.2887,10.3291,10.1757,10.2242,10191414,600580
2023-04-21,10.2806,10.3049,9.9417,9.9821,15090217,600580
2023-04-24,9.9821,9.9821,9.5705,9.6351,19632783,600580
2023-04-25,9.6432,9.6835,9.1832,9.3123,18396722,600580
2023-04-26,9.2881,9.7158,9.28,9.6512,13831651,600580
2023-04-27,9.6916,9.7723,9.5625,9.6189,9212528,600580
2023-04-28,9.627,9.8933,9.627,9.8933,10722990,600580
2023-05-04,9.9256,10.208,9.8852,9.9094,21986464,600580
2023-05-05,9.8852,9.9579,9.6674,9.7723,15065103,600580
2023-05-08,9.8126,10.0386,9.8126,9.9094,12145742,600580
2023-05-09,9.9579,9.9579,9.7319,9.74,11351629,600580
2023-05-10,9.7642,10.0547,9.7077,9.9659,11100576,600580
2023-05-11,9.9579,10.0466,9.9256,9.9579,7394984,600580
2023-05-12,9.9982,10.0466,9.8045,9.8368,6939220,600580
2023-05-15,9.8368,10.0628,9.8045,10.0466,10790034,600580
2023-05-16,10.0466,10.1354,9.9579,10.0305,9917888,600580
2023-05-17,10.0224,10.1596,9.974,10.1515,9693583,600580
2023-05-18,10.1677,10.3856,10.095,10.2645,20912086,600580
2023-05-19,10.1677,10.2,9.9821,10.1273,17458428,600580
2023-05-22,10.0789,10.1515,10.0144,10.0386,8210738,600580
2023-05-23,10.095,10.1031,9.8772,9.9014,10242600,600580
2023-05-24,9.8449,10.0305,9.8045,9.9094,8168785,600580
2023-05-25,9.861,10.0708,9.8288,9.9175,12545935,600580
2023-05-26,9.9256,9.9337,9.6512,9.9175,16044127,600580
2023-05-29,9.8933,9.9175,9.6432,9.6835,16309087,600580
2023-05-30,9.6512,9.7642,9.6189,9.7238,10526906,600580
2023-05-31,9.7238,9.7965,9.6916,9.7158,9297118,600580
2023-06-01,9.7077,9.7803,9.6351,9.6432,10890890,600580
2023-06-02,9.6835,9.861,9.6754,9.8126,12416769,600580
2023-06-05,9.861,9.861,9.6593,9.7481,9402458,600580
2023-06-06,9.7319,9.7319,9.5221,9.5302,12101326,600580
2023-06-07,9.5544,9.6028,9.3607,9.4091,12144692,600580
2023-06-08,9.3769,9.4737,9.3688,9.4253,8021841,600580
2023-06-09,9.4414,9.4898,9.3607,9.4818,13968991,600580
2023-06-12,9.4818,9.6512,9.4172,9.5947,11561197,600580
2023-06-13,9.5867,9.6593,9.5463,9.6189,7368390,600580
2023-06-14,9.5705,9.6189,9.4253,9.4495,10368434,600580
2023-06-15,9.4172,9.8691,9.4172,9.853,20998002,600580
2023-06-16,9.8852,9.9337,9.7884,9.8852,13242201,600580
2023-06-19,9.9337,10.0386,9.8772,9.8933,13387011,600580
2023-06-20,9.9175,10.2645,9.8449,10.2403,38167789,600580
2023-06-21,10.4501,10.7729,10.4098,10.4663,71517445,600580
2023-06-26,10.3371,10.668,10.2968,10.3694,51523858,600580
2023-06-27,10.3049,10.5147,10.0789,10.4582,49086126,600580
2023-06-28,10.4259,10.7325,10.4178,10.668,51530817,600580
2023-06-29,10.6761,11.2732,10.5712,11.0231,76179928,600580
2023-06-30,11.0634,11.9914,11.0311,11.7897,113786392,600580
2023-07-03,12.1286,12.2658,11.3136,11.709,93069574,600580
2023-07-04,11.6848,11.9995,11.5395,11.6767,69808795,600580
2023-07-05,11.5395,11.6928,11.362,11.4588,54854706,600580
2023-07-06,11.4427,11.5556,11.2248,11.3943,51055957,600580
2023-07-07,11.3378,11.3862,10.9746,11.0715,56287623,600580
2023-07-10,11.0876,11.128,10.9343,11.0311,30995328,600580
2023-07-11,11.0876,11.2732,11.0553,11.2248,33850836,600580
2023-07-12,11.1925,11.3216,10.9908,11.0311,35878966,600580
2023-07-13,11.0795,11.1522,11.015,11.0715,23921406,600580
2023-07-14,11.0795,11.128,10.9101,10.9343,23054158,600580
2023-07-17,10.9261,10.9832,10.7711,10.8445,18991584,600580
2023-07-18,10.8527,10.9669,10.7303,10.9261,23314840,600580
2023-07-19,10.918,10.9506,10.6976,10.7548,19905574,600580
2023-07-20,10.8445,10.8445,10.6079,10.6242,15741093,600580
2023-07-21,10.5589,10.7466,10.5426,10.5671,13759470,600580
2023-07-24,10.51,10.665,10.4855,10.5344,8804104,600580
2023-07-25,10.6568,10.7629,10.5671,10.6813,19023699,600580
2023-07-26,10.6813,10.6813,10.4284,10.461,19215175,600580
2023-07-27,10.5997,10.8119,10.461,10.4855,22944465,600580
2023-07-28,10.4447,10.5834,10.2407,10.5344,25091218,600580
2023-07-31,10.5508,10.6895,10.5263,10.5589,18119192,600580
2023-08-01,10.5508,10.5589,10.4284,10.4692,13489399,600580
2023-08-02,10.4692,10.5753,10.4284,10.5426,15542012,600580
2023-08-03,10.4855,10.5508,10.3957,10.5263,13218853,600580
2023-08-04,10.51,10.8037,10.4937,10.7058,24292050,600580
2023-08-07,10.6895,10.7303,10.2815,10.4039,34619103,600580
2023-08-08,10.4039,10.4773,10.2978,10.3631,14029009,600580
2023-08-09,10.3223,10.3631,10.1754,10.2325,13619749,600580
2023-08-10,10.1999,10.3305,10.1673,10.2244,9181680,600580
2023-08-11,10.2407,10.2733,9.9796,9.9796,14994570,600580
2023-08-14,9.8817,9.9959,9.7919,9.9877,15786969,600580
2023-08-15,9.9551,10.0285,9.7919,9.8898,9848683,600580
2023-08-16,9.849,9.9388,9.7593,9.7756,10288035,600580
2023-08-17,9.7266,9.9796,9.7021,9.9306,16867173,600580
2023-08-18,9.8735,9.9796,9.694,9.694,13745062,600580
2023-08-21,9.6613,9.7756,9.5961,9.6205,11403360,600580
2023-08-22,9.6369,9.694,9.4492,9.645,13597564,600580
2023-08-23,9.6205,9.6205,9.4492,9.4492,10036920,600580
2023-08-24,9.4655,9.5634,9.3839,9.441,13069846,600580
2023-08-25,9.4165,9.5389,9.2697,9.3186,15343041,600580
2023-08-28,9.8409,9.8409,9.3349,9.3594,22558364,600580
2023-08-29,9.3268,9.8409,9.3268,9.8001,27924978,600580
2023-08-30,9.7837,9.9796,9.7348,9.8572,21368925,600580
2023-08-31,9.9714,10.102,9.9143,9.9551,27470851,600580
2023-09-01,9.9551,9.9959,9.8735,9.9306,13041330,600580
2023-09-04,9.9714,10.0122,9.849,10.0041,18201151,600580
2023-09-05,9.9877,10.0857,9.9551,9.9877,14018931,600580
2023-09-06,9.9469,9.9796,9.8735,9.9469,11527191,600580
2023-09-07,9.9469,9.9469,9.7756,9.7837,13576862,600580
2023-09-08,9.7593,9.8817,9.7511,9.7674,12525057,600580
2023-09-11,9.7674,9.9225,9.7266,9.8735,15282182,600580
2023-09-12,9.8817,10.0122,9.8653,9.9306,15001587,600580
2023-09-13,9.9388,9.9388,9.7103,9.7756,13689986,600580
2023-09-14,9.7756,9.7756,9.5634,9.6695,16692070,600580
2023-09-15,9.6695,9.7021,9.5063,9.5389,17682828,600580
2023-09-18,9.49,9.7429,9.4655,9.7103,14620405,600580
2023-09-19,9.7103,9.7103,9.4981,9.5471,13571571,600580
2023-09-20,9.5389,9.5797,9.4655,9.4818,9855517,600580
2023-09-21,9.4329,9.5226,9.3594,9.4002,9355458,600580
2023-09-22,9.3839,9.5961,9.3757,9.5797,9429230,600580
2023-09-25,9.5797,9.6532,9.5063,9.5471,11896981,600580
2023-09-26,9.5308,9.5961,9.49,9.5226,8466836,600580
2023-09-27,9.5471,9.6858,9.49,9.645,13968864,600580
2023-09-28,9.6532,9.8572,9.645,9.8164,14574496,600580
2023-10-09,9.8735,9.9225,9.7674,9.8653,15812978,600580
2023-10-10,9.8572,9.8898,9.7185,9.7756,12063572,600580
2023-10-11,9.7919,9.8164,9.7103,9.7348,13196696,600580
2023-10-12,9.8082,9.9143,9.7266,9.898,16012782,600580
2023-10-13,9.849,9.8817,9.7674,9.8164,11043800,600580
2023-10-16,9.8653,9.9388,9.6369,9.7103,13124463,600580
2023-10-17,9.7266,9.7266,9.5961,9.6369,10041436,600580
2023-10-18,9.645,9.645,9.49,9.49,9881356,600580
2023-10-19,9.4737,9.5308,9.3023,9.3513,11548944,600580
2023-10-20,9.286,9.4492,9.286,9.3513,10036894,600580
2023-10-23,9.3513,9.3839,8.9759,9.0167,14482882,600580
2023-10-24,9.0412,9.1799,9.0085,9.1309,12776516,600580
2023-10-25,9.1799,9.4084,9.1473,9.2125,13447908,600580
2023-10-26,9.1473,9.2941,9.0493,9.2697,11217151,600580
2023-10-27,9.2615,9.5145,9.1962,9.4573,15035907,600580
2023-10-30,9.3921,9.5063,9.3513,9.4737,15795969,600580
2023-10-31,9.4655,9.5308,9.1309,9.1636,32034410,600580
2023-11-01,9.1799,9.2533,9.1065,9.1881,15460069,600580
2023-11-02,9.1962,9.2125,9.0249,9.0412,17799536,600580
2023-11-03,9.237,9.7185,9.2289,9.5308,61147430,600580
2023-11-06,9.6124,10.0775,9.5553,9.9551,62288708,600580
2023-11-07,9.898,10.1509,9.8817,10.0367,50298260,600580
2023-11-08,10.102,10.1265,9.8817,9.9551,35598538,600580
2023-11-09,9.9143,10.102,9.7837,9.8898,38663894,600580
2023-11-10,9.8817,9.8817,9.7185,9.7185,23116035,600580
2023-11-13,9.7837,9.8327,9.694,9.7674,19203057,600580
2023-11-14,9.7348,9.7919,9.7185,9.7756,19280220,600580
2023-11-15,9.8653,9.898,9.7674,9.8082,22977728,600580
2023-11-16,9.8082,9.8082,9.645,9.645,19499970,600580
2023-11-17,9.6369,9.8572,9.5961,9.8245,24872252,600580
2023-11-20,9.8327,10.0122,9.7429,9.9469,31706799,600580
2023-11-21,10.0041,10.0041,9.8082,9.849,24784083,600580
2023-11-22,9.7919,9.8245,9.645,9.6532,18197323,600580
2023-11-23,9.6287,9.7919,9.5716,9.7756,17783550,600580
2023-11-24,9.7756,9.7919,9.5961,9.6124,15304272,600580
2023-11-27,9.5961,9.6532,9.4981,9.6205,13753882,600580
2023-11-28,9.6042,9.8245,9.5797,9.8082,18054523,600580
2023-11-29,9.9633,10.4447,9.9225,10.1673,80679603,600580
2023-11-30,10.1999,10.2815,9.9306,10.0693,37091044,600580
2023-12-01,10.0122,10.053,9.7674,9.8735,36698828,600580
2023-12-04,9.849,9.9633,9.8082,9.8327,22491998,600580
2023-12-05,9.7511,9.7837,9.5308,9.5308,24098040,600580
2023-12-06,9.5063,9.8245,9.4818,9.6695,21741898,600580
2023-12-07,9.6613,9.6858,9.5634,9.6124,14217436,600580
2023-12-08,9.5961,9.6695,9.4818,9.4818,20640728,600580
2023-12-11,9.4247,9.7103,9.3676,9.6777,19197192,600580
2023-12-12,9.6777,9.8572,9.6287,9.8001,18877387,600580
2023-12-13,9.7756,9.8817,9.6695,9.7266,15049035,600580
2023-12-14,9.7837,9.7919,9.5961,9.6287,13499287,600580
2023-12-15,9.6369,9.7021,9.5308,9.5389,12508371,600580
2023-12-18,9.4818,9.4981,9.2941,9.3513,16047357,600580
2023-12-19,9.3268,9.3839,9.2697,9.3513,10399291,600580
2023-12-20,9.3513,9.3921,9.1881,9.1962,13108095,600580
2023-12-21,9.1391,9.3349,9.0657,9.286,12866793,600580
2023-12-22,9.2778,9.3431,9.1636,9.2778,12021345,600580
2023-12-25,9.2615,9.3757,9.237,9.2941,8808217,600580
2023-12-26,9.2697,9.2778,9.0493,9.0901,11886540,600580
2023-12-27,9.0983,9.1962,9.0575,9.1799,10447035,600580
2023-12-28,9.1717,9.49,9.1391,9.4573,20011962,600580
2023-12-29,9.441,9.5961,9.4247,9.5716,19263093,600580
2024-01-02,9.6042,9.7021,9.5389,9.5716,19741352,600580
2024-01-03,9.5553,9.5879,9.4329,9.5226,13964065,600580
2024-01-04,9.4737,9.4981,9.286,9.3594,14248200,600580
2024-01-05,9.3676,9.4492,9.1309,9.1881,15846696,600580
2024-01-08,9.1881,9.2044,8.9596,8.9677,19405920,600580
2024-01-09,8.9596,9.1799,8.9596,9.0493,14243323,600580
2024-01-10,9.0575,9.0901,8.8372,8.9433,13541446,600580
2024-01-11,8.9433,9.237,8.9433,9.2207,15874513,600580
2024-01-12,9.2207,9.2941,9.1146,9.1473,10786504,600580
2024-01-15,9.0983,9.1309,8.9759,9.0004,13712695,600580
2024-01-16,8.9759,9.1799,8.8698,9.033,19884417,600580
2024-01-17,8.9759,9.0085,8.7066,8.7148,20181756,600580
2024-01-18,8.6577,8.7311,8.3884,8.6821,21184734,600580
2024-01-19,8.6577,8.7801,8.5271,8.5434,14135424,600580
2024-01-22,8.5271,8.5271,7.9722,8.0375,22076601,600580
2024-01-23,8.0049,8.2007,7.9314,8.1436,16253817,600580
2024-01-24,8.2334,8.3231,7.9886,8.266,15945934,600580
2024-01-25,8.3231,8.5434,8.217,8.519,16557324,600580
2024-01-26,8.4537,8.5761,8.4537,8.4782,12402782,600580
2024-01-29,8.5598,8.5842,8.2578,8.2578,12981477,600580
2024-01-30,8.2007,8.4047,8.0946,8.111,14648785,600580
2024-01-31,8.0702,8.1926,7.7601,7.7682,21452581,600580
2024-02-01,7.7764,7.9722,7.6866,7.8417,17310646,600580
2024-02-02,7.8743,7.9314,7.2542,7.499,22372741,600580
2024-02-05,7.3847,7.4174,6.7809,7.091,30789804,600580
2024-02-06,7.0828,7.8009,6.9522,7.7846,27647352,600580
2024-02-07,7.8172,8.4782,7.809,8.4129,38316763,600580
2024-02-08,8.4945,8.8943,8.421,8.5516,36939165,600580
2024-02-19,8.6821,8.6821,8.3721,8.4782,26463806,600580
2024-02-20,8.4537,8.4618,8.3231,8.421,15719632,600580
2024-02-21,8.4047,8.6985,8.3068,8.47,24792877,600580
2024-02-22,8.4292,8.5598,8.3966,8.5108,17648949,600580
2024-02-23,8.5434,8.6413,8.3721,8.6087,23334876,600580
2024-02-26,8.8617,8.9188,8.7066,8.8372,30746325,600580
2024-02-27,8.8535,8.9759,8.7393,8.9759,28717968,600580
2024-02-28,9.0085,9.1146,8.6332,8.6495,35931212,600580
2024-02-29,8.6087,8.9841,8.5924,8.9759,26143423,600580
2024-03-01,8.9922,9.0901,8.9106,9.0249,24281040,600580
2024-03-04,9.0575,9.1065,8.8943,8.9759,19064802,600580
2024-03-05,8.9188,9.3349,8.8535,9.2044,44463352,600580
2024-03-06,9.1717,9.694,9.1228,9.5308,62164591,600580
2024-03-07,9.5226,9.6124,9.1881,9.1962,42746143,600580
2024-03-08,9.1962,9.3431,9.082,9.2941,24649200,600580
2024-03-11,9.4981,9.7266,9.3186,9.7103,53552572,600580
2024-03-12,9.8245,10.306,9.7593,10.0775,81248608,600580
2024-03-13,10.1999,10.8282,9.898,10.6487,119336588,600580
2024-03-14,10.5508,10.7058,10.1183,10.2652,78208285,600580
2024-03-15,10.4692,10.8282,10.3713,10.7221,88343124,600580
2024-03-18,11.2607,11.7911,11.2525,11.7911,44636577,600580
2024-03-19,12.9416,12.9498,12.044,12.4194,221097195,600580
2024-03-20,13.0559,13.6597,13.0559,13.6597,110241590,600580
2024-03-21,14.745,15.0224,14.3533,15.0224,228742827,600580
2024-03-22,15.0142,15.4059,14.133,14.3614,268644244,600580
2024-03-25,14.3043,14.7694,13.4149,13.5536,209642594,600580
2024-03-26,13.5128,13.6271,12.9498,13.2027,168079725,600580
2024-03-27,12.9824,13.7005,12.4275,12.9335,188765808,600580
2024-03-28,13.4965,14.2309,13.3823,14.2309,213792654,600580
2024-03-29,14.0677,14.2799,13.4965,13.7903,160634530,600580
2024-04-01,13.5455,13.7413,13.0559,13.3415,131057994,600580
2024-04-02,13.2843,13.3986,12.2154,12.501,186791685,600580
2024-04-03,12.3215,12.5989,12.1256,12.3052,106976911,600580
2024-04-08,12.3052,12.4439,11.9624,12.0277,84936637,600580
2024-04-09,12.0114,12.2725,11.8482,12.1583,82334846,600580
2024-04-10,12.0848,12.5989,11.5708,12.2399,141553309,600580
2024-04-11,11.7911,12.044,11.5871,11.7666,105449548,600580
2024-04-12,11.8237,11.8727,11.5708,11.6279,58743364,600580
2024-04-15,11.6279,11.7421,11.2362,11.4239,74089251,600580
2024-04-16,11.4157,11.6197,10.9914,11.0893,76431446,600580
2024-04-17,11.2607,11.8564,11.2525,11.8074,101423460,600580
2024-04-18,11.7992,12.7213,11.7176,12.2807,176292208,600580
2024-04-19,12.044,12.9253,12.044,12.8355,170704471,600580
2024-04-22,12.3378,12.3378,11.5544,11.5871,139542423,600580
2024-04-23,11.5789,11.8808,11.432,11.5055,73027692,600580
2024-04-24,11.4647,12.5336,11.4565,12.4031,133069812,600580
2024-04-25,12.3786,12.5173,12.1256,12.3378,104802758,600580
2024-04-26,12.3704,13.2843,12.2399,12.7295,173743630,600580
2024-04-29,12.0196,12.4439,11.6768,12.3786,171500656,600580
2024-04-30,12.2399,12.2399,11.3015,11.3668,138741306,600580
2024-05-06,11.5136,12.501,11.5136,12.501,67360646,600580
2024-05-07,12.7947,13.2435,12.5907,12.8029,220704594,600580
2024-05-08,12.5092,12.8029,12.1909,12.3786,120248056,600580
2024-05-09,12.2399,12.6723,12.2399,12.3786,99702386,600580
2024-05-10,12.3868,12.5581,11.7258,11.889,106781720,600580
2024-05-13,11.5789,11.7992,11.326,11.53,84191151,600580
2024-05-14,11.7176,11.7176,11.3423,11.4728,65662440,600580
2024-05-15,11.4239,11.6932,11.3341,11.4484,70984624,600580
2024-05-16,11.4647,12.0114,11.4647,11.7013,95097020,600580
2024-05-17,11.9053,12.2399,11.5463,12.2399,132633745,600580
2024-05-20,12.2072,12.3052,11.8972,12.0685,93351684,600580
2024-05-21,11.9624,12.1991,11.7095,11.9706,81733608,600580
2024-05-22,11.8972,12.6479,11.7503,12.5336,129739928,600580
2024-05-23,12.4847,12.705,12.1093,12.2399,100956612,600580
2024-05-24,12.0767,12.1583,11.6116,11.6687,78493443,600580
2024-05-27,11.6932,11.7666,11.1872,11.481,61206074,600580
2024-05-28,11.3423,11.4565,11.228,11.228,39614650,600580
2024-05-29,11.1791,11.3749,11.1138,11.3178,36034388,600580
2024-05-30,11.3586,11.4076,10.869,10.9506,61234429,600580
2024-05-31,10.9343,11.2444,10.9343,11.1056,40447351,600580
2024-06-03,11.2362,11.3096,11.0404,11.1546,38371405,600580
2024-06-04,11.0567,11.4076,11.0159,11.326,46949226,600580
2024-06-05,11.228,11.3341,11.024,11.0322,35481459,600580
2024-06-06,11.0159,11.0812,10.5752,10.6324,64438190,600580
2024-06-07,10.7466,10.8119,10.5181,10.6895,37398229,600580
2024-06-11,10.5834,10.7874,10.4529,10.7548,29964003,600580
2024-06-12,10.6813,10.918,10.665,10.869,29488321,600580
2024-06-13,10.8037,10.8853,10.714,10.7956,29402924,600580
2024-06-14,10.7629,10.8445,10.6568,10.8119,22443661,600580
2024-06-17,10.7711,10.8772,10.665,10.6813,28219080,600580
2024-06-18,10.7303,10.9098,10.6732,10.8527,39526504,600580
2024-06-19,10.8445,11.0812,10.7956,10.8608,61665504,600580
2024-06-20,10.8119,10.8364,10.2489,10.2815,72154812,600580
2024-06-21,10.2652,10.4365,10.2325,10.2652,28564732,600580
2024-06-24,10.1346,10.1836,9.8653,9.8817,41227814,600580
2024-06-25,9.9061,10.0204,9.7593,9.849,31019640,600580
2024-06-26,9.898,10.0938,9.6532,10.053,33867978,600580
2024-06-27,10.053,10.053,9.7185,9.7674,25886702,600580
2024-06-28,9.8164,10.102,9.8164,9.9143,35372919,600580
2024-07-01,9.9061,10.0204,9.8164,9.9551,20974705,600580
2024-07-02,9.9633,9.9714,9.6858,9.7348,24777030,600580
2024-07-03,9.7348,9.7511,9.5308,9.5553,20812210,600580
2024-07-04,9.5797,9.7266,9.3921,9.4165,23026971,600580
2024-07-05,9.4247,9.5063,9.2615,9.4492,22054320,600580
2024-07-08,9.4165,9.4492,9.1881,9.2125,25160007,600580
2024-07-09,9.1962,9.5634,9.1473,9.5308,31641265,600580
2024-07-10,9.4492,9.6858,9.4329,9.49,22430631,600580
2024-07-11,9.7348,9.7511,9.5797,9.6695,26493580,600580
2024-07-12,9.645,9.7266,9.5716,9.6532,19658520,600580
2024-07-15,9.6449,9.7355,9.538,9.6038,17332329,600580
2024-07-16,9.5297,9.6532,9.4639,9.612,18797235,600580
2024-07-17,9.6203,9.6449,9.3158,9.324,25297515,600580
2024-07-18,9.2664,9.2993,9.0524,9.2499,27957735,600580
2024-07-19,9.217,9.3569,9.1841,9.2746,18536689,600580
2024-07-22,9.2664,9.3981,9.2088,9.2829,17480408,600580
2024-07-23,9.2993,9.3651,9.0195,9.0195,20038560,600580
2024-07-24,9.003,9.143,8.9372,8.9454,21447240,600580
2024-07-25,8.9208,9.2088,8.8467,9.0607,19791720,600580
2024-07-26,9.0195,9.3651,9.0195,9.2911,23638064,600580
2024-07-29,9.2829,9.8671,9.1923,9.5956,60230366,600580
2024-07-30,9.5462,9.612,9.3487,9.4557,44774822,600580
2024-07-31,9.4639,10.1469,9.3734,10.007,61945245,600580
2024-08-01,10.0564,10.2457,9.9494,10.1305,55060110,600580
2024-08-02,9.9988,10.5173,9.9741,10.2292,82925859,600580
2024-08-05,10.1469,10.4268,9.8589,9.8754,75916404,600580
2024-08-06,10.04,10.114,9.6696,9.826,49297801,600580
2024-08-07,9.8589,9.9741,9.7272,9.7437,27325354,600580
2024-08-08,9.7108,9.7355,9.4474,9.4968,32079660,600580
2024-08-09,9.538,9.7848,9.4063,9.4145,23657280,600580
2024-08-12,9.4145,9.4639,9.2335,9.2746,17168947,600580
2024-08-13,9.2829,9.3981,9.2252,9.3734,14471040,600580
2024-08-14,9.3405,9.4145,9.1594,9.1594,16767000,600580
2024-08-15,9.1512,9.3569,9.0607,9.2664,20247003,600580
2024-08-16,9.2417,9.2829,9.036,9.0689,22939800,600580
2024-08-19,9.1265,9.2006,8.9948,9.0195,15683640,600580
2024-08-20,9.0195,9.0524,8.7726,8.8055,20392344,600580
2024-08-21,8.7397,8.8961,8.7068,8.8549,14090053,600580
2024-08-22,8.822,8.8631,8.5011,8.534,22952521,600580
2024-08-23,8.5669,8.6574,8.4599,8.5669,16046280,600580
2024-08-26,8.5833,8.8385,8.5669,8.7479,24642000,600580
2024-08-27,8.7068,8.7068,8.3941,8.4188,21216841,600580
2024-08-28,8.3858,8.5422,8.3282,8.427,14859211,600580
2024-08-29,8.4352,9.003,8.3611,8.8467,35724880,600580
2024-08-30,8.8467,9.2252,8.7726,9.036,37213860,600580
2024-09-02,8.8714,9.0524,8.5257,8.5422,32377680,600580
2024-09-03,8.5011,8.7232,8.5011,8.6739,17752316,600580
2024-09-04,8.641,8.7479,8.534,8.6327,12894840,600580
2024-09-05,8.6327,8.8055,8.6245,8.6986,12575305,600580
2024-09-06,8.6574,8.8549,8.5504,8.5751,20914524,600580
2024-09-09,8.3365,8.5669,8.3118,8.4764,17531356,600580
2024-09-10,8.4764,8.6327,8.3694,8.5751,18342199,600580
2024-09-11,8.5175,8.5916,8.4352,8.5011,11162640,600580
2024-09-12,8.5257,8.6986,8.4434,8.4517,15052009,600580
2024-09-13,8.4352,8.5093,8.2295,8.2295,21590739,600580
2024-09-18,8.2459,8.3529,8.1472,8.2953,14192280,600580
2024-09-19,8.3447,8.5587,8.2459,8.4434,20584680,600580
2024-09-20,8.4681,8.5011,8.32,8.3858,11572177,600580
2024-09-23,8.3858,8.4599,8.2953,8.3282,13384652,600580
2024-09-24,8.3694,8.715,8.32,8.7068,31185801,600580
2024-09-25,8.7726,9.0771,8.7315,8.7562,31927771,600580
2024-09-26,8.7479,9.0607,8.7068,9.0607,29771282,600580
2024-09-27,9.2582,9.612,9.2335,9.5956,29874796,600580
2024-09-30,10.0235,10.5337,9.933,10.4679,81826810,600580
2024-10-08,11.513,11.513,10.5584,11.1839,103203318,600580
2024-10-09,10.9452,11.0028,10.2868,10.3938,78794002,600580
2024-10-10,10.4926,10.6983,10.1634,10.1799,55046959,600580
2024-10-11,10.0647,10.2046,9.5215,9.6532,43003612,600580
2024-10-14,9.6532,10.0729,9.5627,10.0153,36696674,600580
2024-10-15,10.0235,10.0811,9.7108,9.7602,49006425,600580
2024-10-16,9.6285,9.8507,9.5627,9.7272,28519479,600580
2024-10-17,9.7684,9.9248,9.6203,9.6203,34866564,600580
2024-10-18,9.5791,10.3445,9.5544,10.1634,65335006,600580
2024-10-21,10.2375,10.9287,10.2375,10.7888,90246272,600580
2024-10-22,11.118,11.4061,10.5584,10.9041,129713433,600580
2024-10-23,10.7066,11.5624,10.6983,11.1921,111647055,600580
2024-10-24,11.3073,11.3073,10.8794,10.9123,53439102,600580
2024-10-25,10.9041,11.2908,10.8794,10.9946,67696788,600580
2024-10-28,11.1427,11.2744,10.9534,11.0933,65985237,600580
2024-10-29,10.9864,11.0604,10.7312,10.7395,58850078,600580
2024-10-30,10.7559,11.3814,10.6489,11.2168,92701587,600580
2024-10-31,11.6776,12.336,11.6118,12.336,120597512,600580
2024-11-01,12.7557,13.5704,11.6036,13.3153,299981810,600580
2024-11-04,13.6774,14.13,12.7557,13.1013,236265475,600580
2024-11-05,12.9614,13.4881,12.9614,13.3318,177672104,600580
2024-11-06,13.9737,14.5662,13.3976,13.5622,194115598,600580
2024-11-07,13.126,13.2495,12.6734,13.1013,147412603,600580
2024-11-08,13.2165,13.5622,13.0684,13.1507,101324338,600580
2024-11-11,12.8956,13.554,12.8627,13.554,104930205,600580
2024-11-12,13.7432,13.7844,12.9285,13.0766,85290000,600580
2024-11-13,12.9038,13.052,12.5911,12.9367,62041180,600580
2024-11-14,12.8874,12.9367,12.3524,12.3936,52536146,600580
2024-11-15,12.3442,12.443,11.8916,11.9327,54582188,600580
2024-11-18,11.8998,12.0726,11.5871,11.8505,58965574,600580
2024-11-19,12.0809,12.1467,11.6859,12.0973,64124803,600580
2024-11-20,11.941,12.4512,11.9163,12.3524,66595318,600580
2024-11-21,12.336,12.3854,12.0562,12.1714,49688638,600580
2024-11-22,12.1385,12.1385,11.5624,11.5789,60737306,600580
2024-11-25,11.5789,11.6776,11.2744,11.6036,41865180,600580
2024-11-26,11.6036,11.6447,11.3155,11.3238,31299142,600580
2024-11-27,11.2168,11.5953,11.0851,11.5953,36207913,600580
2024-11-28,11.62,11.8505,11.5377,11.5871,48836188,600580
2024-11-29,11.5871,12.1303,11.4637,11.9821,64462387,600580
2024-12-02,12.122,12.6734,12.0644,12.6322,106058263,600580
2024-12-03,12.6569,13.0931,12.4265,12.7392,110723904,600580
2024-12-04,12.4923,13.0684,12.3442,12.5993,88566033,600580
2024-12-05,12.624,13.3482,12.624,13.3153,133925880,600580
2024-12-06,13.7268,13.8667,12.9943,13.1672,117690164,600580
2024-12-09,13.1672,13.447,12.9038,12.9367,76472256,600580
2024-12-10,13.3235,13.7103,13.0602,13.3235,118517670,600580
2024-12-11,13.1836,13.2659,12.9943,13.0684,70569580,600580
2024-12-12,13.0437,13.0766,12.6569,12.9203,71622897,600580
2024-12-13,12.8956,12.9532,12.5253,12.5582,54491420,600580
2024-12-16,12.5253,12.8133,12.3936,12.5088,43081974,600580
2024-12-17,12.5417,12.6323,12.0891,12.122,45416746,600580
2024-12-18,12.1796,12.2537,12.015,12.2043,36406838,600580
2024-12-19,12.048,12.2619,11.941,12.1796,32533135,600580
2024-12-20,12.1961,12.55,12.1467,12.3854,44761322,600580
2024-12-23,12.4594,12.7475,12.2208,12.3113,48967231,600580
2024-12-24,12.7557,13.5457,12.7557,13.5457,48554019,600580
2024-12-25,14.8131,14.8131,13.7432,14.0724,293824866,600580
2024-12-26,13.7844,15.3068,13.7844,14.632,247690520,600580
2024-12-27,14.6896,16.0969,14.3111,15.5537,324120224,600580
2024-12-30,16.2532,16.8211,15.455,15.7183,345010206,600580
2024-12-31,15.4714,15.6936,14.1465,14.1465,253482793,600580
2025-01-02,14.5991,14.7801,13.9407,14.1959,197599894,600580
2025-01-03,13.9078,14.1218,13.2495,13.2988,181238856,600580
2025-01-06,13.2988,13.6198,12.7392,12.8627,143146456,600580
2025-01-07,12.8791,13.4552,12.7228,13.4141,139119268,600580
2025-01-08,13.2495,14.4839,12.9861,14.2864,224350363,600580
2025-01-09,13.8749,14.6402,13.8091,14.1382,183236889,600580
2025-01-10,14.1382,15.027,13.8502,13.8914,187734288,600580
2025-01-13,13.5951,14.5662,13.5951,14.1136,156610687,600580
2025-01-14,13.9901,15.529,13.8914,15.529,164972470,600580
2025-01-15,15.8664,16.5577,15.4879,15.7101,276481854,600580
2025-01-16,15.636,16.459,15.5784,15.743,211310359,600580
2025-01-17,15.7677,16.7717,15.7512,15.8829,193509097,600580
2025-01-20,16.0475,16.3437,15.5619,16.2121,195847276,600580
2025-01-21,16.0557,17.6769,15.9816,17.035,238964529,600580
2025-01-22,16.7058,17.3642,16.3191,16.6812,181346588,600580
2025-01-23,16.9527,17.2819,15.9734,16.1462,204921974,600580
2025-01-24,15.9405,17.7592,15.9405,17.4383,277503987,600580
2025-01-27,17.3066,17.5782,16.5495,17.0268,187658353,600580
2025-02-05,17.0433,18.7303,17.0268,18.7303,272937482,600580
2025-02-06,18.5163,20.6066,18.4752,19.8577,318887209,600580
2025-02-07,19.5862,21.841,19.5039,21.841,237570426,600580
2025-02-10,22.2525,22.8368,21.2979,22.3101,316006867,600580
2025-02-11,21.6435,23.166,21.1168,22.3924,252547323,600580
2025-02-12,21.8904,23.5363,21.6518,23.0261,219107629,600580
2025-02-13,23.0425,23.775,20.7218,20.8864,328906414,600580
2025-02-14,20.2034,21.2074,20.047,20.4091,230256844,600580
2025-02-17,20.4091,21.874,20.3515,21.7834,255054259,600580
2025-02-18,21.7176,22.8862,21.1086,21.8904,243809144,600580
2025-02-19,21.4378,24.0795,21.4378,23.5445,315340670,600580
2025-02-20,23.3635,25.0999,22.5488,22.9602,315445113,600580
2025-02-21,22.4665,23.5363,22.3842,23.1824,223364059,600580
2025-02-24,23.273,24.2029,22.0962,23.6104,230266218,600580
2025-02-25,22.7957,25.0505,22.6722,24.1041,240484324,600580
2025-02-26,24.3593,26.3343,23.8655,23.8819,310175401,600580
2025-02-27,23.3717,23.8326,22.2196,23.0755,229851168,600580
2025-02-28,22.6722,22.7545,21.0592,21.1086,187524260,600580
2025-03-03,21.2321,21.4872,20.4996,20.9687,122861618,600580
2025-03-04,20.3515,21.6106,20.3104,21.158,139728672,600580
2025-03-05,20.9934,21.5612,20.9029,21.5365,124652719,600580
2025-03-06,21.7258,22.7792,21.4954,22.4829,168777768,600580
2025-03-07,22.1702,24.5897,21.8657,23.5198,240963432,600580
2025-03-10,23.6844,24.4992,23.166,23.5857,197296206,600580
2025-03-11,22.878,23.9478,22.4336,23.1824,167455092,600580
2025-03-12,23.2565,23.4211,22.6558,22.664,121226658,600580
2025-03-13,22.664,22.664,21.158,21.5365,138087204,600580
2025-03-14,21.1909,22.4994,21.1498,22.3348,123043449,600580
2025-03-17,23.0425,23.4952,22.4665,23.1084,159630693,600580
2025-03-18,23.0261,23.7009,22.8368,23.3553,129285477,600580
2025-03-19,23.1248,23.8326,22.6722,23.4787,153580014,600580
2025-03-20,23.2483,24.0548,22.878,23.1495,151325257,600580
2025-03-21,22.8615,23.0919,21.7176,21.9727,127692580,600580
2025-03-24,21.7587,24.17,21.0675,24.17,272609827,600580
2025-03-25,25.0917,25.3633,23.0425,23.2071,289024212,600580
2025-03-26,22.3266,25.5278,22.3266,25.355,357971053,600580
2025-03-27,24.6226,25.5114,23.9313,23.9313,251492376,600580
2025-03-28,23.8655,25.0999,23.5692,23.742,174516052,600580
2025-03-31,23.0096,23.1084,21.372,21.7999,238020351,600580
2025-04-01,21.8575,21.9645,20.9769,21.2074,144534036,600580
2025-04-02,21.3637,21.8081,21.0839,21.4543,108082366,600580
2025-04-03,21.0757,21.7917,21.0757,21.1827,97712628,600580
2025-04-07,19.0677,19.7178,19.0677,19.0677,39731880,600580
2025-04-08,17.7592,18.5575,17.1585,17.1914,151489621,600580
2025-04-09,16.6235,18.5163,15.7595,18.146,171271942,600580
2025-04-10,18.7632,19.4051,18.4011,18.755,149164926,600580
2025-04-11,18.5163,19.7508,18.5163,19.3722,147736767,600580
2025-04-14,19.6767,19.94,19.2652,19.3475,107083320,600580
2025-04-15,19.2488,19.6273,18.936,19.2488,86645743,600580
2025-04-16,19.0595,19.2981,18.5986,18.7468,75028928,600580
2025-04-17,18.6809,19.1747,18.6809,18.7714,66700453,600580
2025-04-18,18.7714,18.9031,18.5492,18.6891,46795299,600580
2025-04-21,18.1707,19.2323,18.1295,19.1994,91070660,600580
2025-04-22,19.1582,19.2405,18.6727,18.6809,64432200,600580
2025-04-23,18.9936,19.8824,18.936,19.833,168175719,600580
2025-04-24,19.8413,20.1787,19.3969,19.5203,114383260,600580
2025-04-25,19.6355,19.8248,19.2817,19.5286,78081025,600580
2025-04-28,19.7343,19.9729,19.4463,19.5203,75149067,600580
2025-04-29,19.5039,19.9812,19.2817,19.8084,88615768,600580
2025-04-30,20.0882,21.6435,19.9647,21.1662,164747917,600580
2025-05-06,21.3966,22.1702,21.0757,21.8575,158115506,600580
2025-05-07,22.0879,22.1291,21.1909,21.4296,132402082,600580
2025-05-08,21.2979,21.9563,21.2321,21.6435,96739928,600580
2025-05-09,21.5859,21.5859,20.8617,21.0675,83300685,600580
2025-05-12,21.3884,21.7999,21.3802,21.7423,99626316,600580
2025-05-13,21.8081,21.9892,21.4049,21.5036,77039607,600580
2025-05-14,21.4131,21.5119,21.1004,21.2567,66941383,600580
2025-05-15,21.1498,21.1744,20.4996,20.5243,68178189,600580
2025-05-16,20.3926,20.944,20.3515,20.5902,57251557,600580
2025-05-19,20.5737,20.5737,19.8742,20.3104,55881663,600580
2025-05-20,20.3104,20.549,20.0059,20.3433,46352815,600580
2025-05-21,20.335,21.2156,20.0306,20.8782,95162898,600580
2025-05-22,20.8864,20.9193,20.1622,20.2774,65365755,600580
2025-05-23,20.1622,20.6231,19.9647,19.9647,59331201,600580
2025-05-26,19.9976,20.0552,19.5039,19.7919,54277106,600580
2025-05-27,19.6685,19.7425,19.2158,19.3146,51578875,600580
2025-05-28,19.257,19.545,18.9936,19.0842,50514229,600580
2025-05-29,19.1994,19.4874,19.1335,19.3969,46101069,600580
2025-05-30,19.3475,19.3475,18.8208,18.9525,45059539,600580
2025-06-03,18.7714,19.2488,18.7385,18.9772,32930673,600580
2025-06-04,19.0019,19.3887,19.0019,19.2405,43332681,600580
2025-06-05,19.2241,19.7343,18.9854,19.6108,61872676,600580
2025-06-06,19.6109,19.652,19.2817,19.3146,37034263,600580
2025-06-09,19.4216,19.5615,19.2899,19.3722,40108540,600580
2025-06-10,19.4216,19.4463,18.7303,19.0842,50553163,600580
2025-06-11,19.1335,19.2899,19.0101,19.1829,34533506,600580
2025-06-12,19.0924,19.2405,18.9113,18.9854,28774184,600580
2025-06-13,18.8455,18.9113,18.4176,18.4916,47208800,600580
2025-06-16,18.2694,18.6727,18.2283,18.541,26983020,600580
2025-06-17,18.5575,18.6069,18.2612,18.3106,30233520,600580
2025-06-18,18.2283,18.434,18.1707,18.4011,28755277,600580
2025-06-19,18.4423,18.9772,18.3929,18.6562,75464599,600580
2025-06-20,18.6645,18.6809,18.0308,18.0308,46418577,600580
2025-06-23,17.7345,18.4423,17.6934,18.3764,36884283,600580
2025-06-24,18.4752,19.2981,18.4752,19.2158,83631309,600580
2025-06-25,19.2899,19.3722,19.0512,19.3393,65564974,600580
2025-06-26,19.3393,19.5203,19.2405,19.2488,54345805,600580
2025-06-27,19.4163,19.6054,19.1575,19.4063,42456707,600580
2025-06-30,19.4063,19.7845,19.4063,19.675,41415702,600580
2025-07-01,19.675,20.0432,19.5257,19.894,55815164,600580
2025-07-02,19.9039,20.2323,19.4163,19.6452,53383116,600580
2025-07-03,19.5457,19.675,19.3168,19.5058,41099279,600580
2025-07-04,19.4262,19.5158,19.2272,19.2969,33013842,600580
2025-07-07,19.257,19.257,19.0481,19.1476,23558233,600580
2025-07-08,19.1078,19.4859,19.0779,19.4262,34938039,600580
2025-07-09,20.302,20.4513,19.5158,19.5755,100809327,600580
2025-07-10,19.4063,19.5357,19.267,19.4063,46462710,600580
2025-07-11,19.4461,19.9039,19.3168,19.7845,64968443,600580
2025-07-14,20.0034,20.7598,19.7745,20.6603,127944354,600580
2025-07-15,20.6802,20.6802,20.2124,20.501,85797408,600580
2025-07-16,20.4712,20.9489,20.2821,20.5906,87366846,600580
2025-07-17,20.6304,21.1678,20.4314,21.0484,96539170,600580
2025-07-18,21.0584,21.128,20.71,20.9091,70206716,600580
2025-07-21,22.3919,22.999,21.7749,22.999,221205221,600580
2025-07-22,23.5862,24.8202,22.8895,23.9942,309210167,600580
2025-07-23,23.5861,25.2979,23.2876,24.1833,244111670,600580
2025-07-24,24.1833,24.442,23.4966,23.8549,170129447,600580
2025-07-25,23.8648,24.2231,23.4866,23.5563,114708111,600580
2025-07-28,23.7056,24.3724,23.5862,23.7354,117165456,600580
2025-07-29,23.4866,24.1435,23.208,23.6558,104861396,600580
2025-07-30,23.5861,23.6359,22.6905,22.8895,110972303,600580
2025-07-31,22.7303,23.3473,22.581,22.7203,79787292,600580
2025-08-01,22.7999,22.8497,22.2924,22.372,59003478,600580
2025-08-04,22.2327,23.198,22.2128,23.1881,91364173,600580
2025-08-05,23.3772,23.4866,23.0487,23.2677,74095250,600580
2025-08-06,23.3573,25.4671,23.1781,24.8202,201734059,600580
2025-08-07,24.8301,24.9695,24.4122,24.5316,123859735,600580
2025-08-08,24.6012,24.86,23.7852,23.8349,113756095,600580
2025-08-11,24.0539,24.5913,23.8947,24.1733,101343680,600580
2025-08-12,24.5415,24.6411,23.7852,24.0837,95795906,600580
2025-08-13,24.1236,25.3078,23.9245,24.9894,178181191,600580
2025-08-14,25.268,27.4873,24.3524,27.4873,270092404,600580
2025-08-15,28.3631,30.2341,28.1441,30.2341,340686560,600580
2025-08-18,31.6472,33.1301,30.7516,32.6424,349038480,600580
2025-08-19,31.7269,35.8171,30.8312,33.8367,333898191,600580
2025-08-20,32.9808,36.6232,32.9709,34.9314,319396806,600580
2025-08-21,33.9461,34.3343,31.4382,31.4382,300378140,600580
2025-08-22,30.8511,32.105,30.8511,31.9159,198212012,600580
2025-08-25,31.9358,33.9959,31.9358,33.6277,228874287,600580
2025-08-26,33.2993,34.1551,32.6026,33.3789,162844670,600580
2025-08-27,33.2197,34.9115,33.0704,33.0704,218383712,600580
2025-08-28,32.6623,33.7371,32.4932,33.7272,167694511,600580
2025-08-29,33.4386,34.3243,31.9458,33.14,153684114,600580
2025-09-01,33.0505,34.0258,32.6424,33.8665,144845902,600580
2025-09-02,33.966,36.5237,31.0501,34.2746,293800270,600580
2025-09-03,34.8319,37.6184,33.5978,37.1009,325309506,600580
2025-09-04,36.8223,39.6088,34.1651,34.8319,331936035,600580
2025-09-05,33.1002,38.3151,33.1002,38.3151,285319081,600580
2025-09-08,38.6833,42.1466,37.8672,40.7732,355317804,600580
2025-09-09,39.5989,42.1764,39.2207,39.7581,280437331,600580
2025-09-10,38.8127,39.7979,38.4643,38.9221,181312437,600580
2025-09-11,38.4245,42.6541,38.0862,41.7485,248925382,600580
2025-09-12,41.7584,45.9283,41.3604,45.9283,244631546,600580
2025-09-15,45.9283,47.7794,45.58,45.988,282109754,600580
2025-09-16,45.988,48.3168,45.9482,47.3514,227863455,600580
2025-09-17,47.3614,51.9492,46.7444,51.4516,247402934,600580
2025-09-18,51.7403,56.5968,49.9688,56.3978,316840723,600580
2025-09-19,54.7258,54.7258,50.755,50.755,251583697,600580
2025-09-22,49.8096,52.5961,49.1229,51.5512,215165584,600580
2025-09-23,50.2375,53.5017,49.9389,52.5364,198610625,600580
2025-09-24,51.2526,51.6507,47.6201,49.72,232883296,600580
2025-09-25,48.7646,49.9091,47.5903,47.7694,182850148,600580
2025-09-26,46.8837,48.6253,46.3861,46.3861,127132770,600580
2025-09-29,46.3662,48.675,46.3662,48.3665,151546216,600580
2025-09-30,48.6352,49.2622,47.7694,48.1874,123786176,600580
2025-10-09,47.8988,50.8346,47.2818,50.0385,182885800,600580
2025-10-10,50.0484,50.0484,47.3713,47.6201,131184569,600580
2025-10-13,43.7886,46.9135,43.7886,46.1771,100373252,600580
2025-10-14,46.7742,47.2619,42.8332,43.4801,133542100,600580
2025-10-15,43.4403,47.5903,43.0721,47.0728,161505096,600580
2025-10-16,45.6795,46.4657,44.8833,45.371,98621107,600580
2025-10-17,45.361,46.7742,44.7639,44.953,104755694,600580
2025-10-20,46.0776,48.7646,45.2814,47.9884,167097439,600580
2025-10-21,48.068,48.9637,46.6747,48.2969,146467520,600580
2025-10-22,48.5656,49.5409,47.5604,47.6898,129510342,600580
2025-10-23,46.8837,47.3514,45.371,45.9681,99718162,600580
2025-10-24,45.9283,47.1623,45.7591,46.7245,92051225,600580
2025-10-27,47.65,49.5409,47.0728,49.0632,153357982,600580
2025-10-28,49.2523,51.1431,48.6452,50.0285,181555693,600580
2025-10-29,49.7399,50.1678,48.8343,49.7001,120527691,600580
2025-10-30,49.9091,50.5162,48.267,48.4063,111177112,600580
2025-10-31,48.1675,49.3418,47.8789,47.9983,83811053,600580
2025-11-03,48.3665,48.3864,46.2468,46.5652,77098571,600580
2025-11-04,46.5752,46.7145,44.0573,44.1768,102393102,600580
2025-11-05,42.8432,44.6644,42.7934,44.0474,63604126,600580
2025-11-06,44.2365,45.7691,44.0971,45.58,84731187,600580
2025-11-07,45.5999,45.5999,44.0573,44.5748,63975334,600580
2025-11-10,44.5848,44.744,42.9925,43.2313,68884812,600580
2025-11-11,43.7289,43.7886,41.6589,41.848,73742914,600580
2025-11-12,41.858,42.057,40.5343,40.9225,65851993,600580
2025-11-13,40.7931,41.9177,40.5841,41.3106,55832243,600580
2025-11-14,40.803,41.1215,40.1462,40.1462,51775454,600580
2025-11-17,40.7035,41.9973,40.7035,41.4798,78210303,600580
2025-11-18,41.1016,42.0271,40.7035,41.3106,56871414,600580
2025-11-19,41.1016,41.9973,40.9225,41.4897,59098214,600580
2025-11-20,41.8878,41.8878,40.3054,40.3253,54225278,600580
2025-11-21,39.4098,41.2708,39.3799,40.4348,73884037,600580
2025-11-24,40.4348,40.5941,38.8027,40.5542,69095192,600580
2025-11-25,40.813,41.44,40.5741,40.6538,52024576,600580
2025-11-26,40.2955,41.5892,39.7879,40.9623,62971903,600580
2025-11-27,40.9822,42.0669,40.8628,40.9921,63635751,600580
2025-11-28,40.7135,41.6788,40.1761,41.3504,55553245,600580
2025-12-01,41.5992,43.2413,41.3902,42.8531,100941948,600580
2025-12-02,42.7934,42.8332,41.4997,41.5494,66516448,600580
2025-12-03,41.4499,41.9774,40.3253,40.4647,46731419,600580
2025-12-04,41.4499,42.7138,41.0021,42.0968,95483492,600580
2025-12-05,41.6092,42.2958,41.1414,42.1565,63314876,600580
2025-12-08,42.1864,44.0971,41.6987,43.8085,105735439,600580
2025-12-09,43.6593,44.1967,42.893,43.0124,76898305,600580
2025-12-10,43.1418,43.291,42.5148,43.1119,50083592,600580
2025-12-11,43.291,43.3607,42.0371,42.2958,47373798,600580
2025-12-12,42.1466,42.3755,41.0717,41.9475,54742589,600580
2025-12-15,41.4997,41.6888,40.604,40.6637,44068591,600580
2025-12-16,40.3552,40.5443,38.8525,39.1013,47996649,600580
2025-12-17,39.1112,40.1263,39.0316,39.8078,45303246,600580
2025-12-18,39.3899,40.3253,39.0814,39.0913,36508316,600580
2025-12-19,39.4098,40.0965,39.4098,39.6387,35449158,600580
2025-12-22,40.7632,43.5995,40.6339,43.5995,164864859,600580
2025-12-23,43.5995,44.0573,42.7536,43.1418,127473536,600580
2025-12-24,42.8432,43.7588,42.5645,43.6792,78456551,600580
2025-12-25,43.7787,46.2766,43.7389,45.5501,157872602,600580
2025-12-26,45.4904,46.2766,44.4355,46.2667,125899489,600580
2025-12-29,46.6647,47.9585,45.6496,46.1273,135906675,600580
2025-12-30,45.4208,50.2574,45.2516,49.3916,180294544,600580
2025-12-31,49.6702,51.1531,48.0481,48.8641,153074936,600580
2026-01-05,47.7694,49.2125,47.2718,48.0481,117238179,600580
2026-01-06,47.8192,49.0234,47.7993,47.8092,111773921,600580
2026-01-07,47.2718,48.476,46.5851,47.2121,108018646,600580
2026-01-08,47.0728,47.7495,46.605,46.9235,85188958,600580
2026-01-09,46.7842,48.7149,46.7046,47.9884,116004201,600580
2026-01-12,48.267,49.0035,47.1126,48.3964,128613688,600580
2026-01-13,48.3566,49.3617,46.4856,46.6747,119593929,600580
2026-01-14,46.4856,47.3216,45.3212,45.9084,107463785,600580
2026-01-15,45.8487,46.0776,45.172,45.6696,55773614,600580
2026-01-16,46.0776,47.7495,45.9383,47.1225,114634250,600580
2026-01-19,47.7694,48.7447,47.0728,48.1874,110997340,600580
2026-01-20,48.4462,48.9437,46.605,47.033,86073913,600580
2026-01-21,46.615,47.849,46.2866,47.3116,63435384,600580
2026-01-22,47.7197,48.2173,46.605,46.6747,65338437,600580
2026-01-23,46.6647,47.7296,46.1273,46.7742,75541026,600580
2026-01-26,46.8339,47.3614,44.3957,44.4654,83775882,600580
2026-01-27,44.8037,45.0028,43.2313,44.754,56779337,600580
2026-01-28,44.5052,44.5848,43.7389,44.0474,44525248,600580
2026-01-29,43.7886,44.2265,43.1219,43.1617,46227703,600580
2026-01-30,42.8531,44.2862,42.674,43.7289,53879166,600580
2026-02-02,43.7289,44.5549,43.0422,43.1915,50585008,600580
2026-02-03,43.6692,44.0872,42.9626,44.0872,41975684,600580
2026-02-04,43.7986,43.8483,43.0422,43.6394,34975843,600580
2026-02-05,42.9925,43.2711,42.0968,42.2759,33189295,600580
2026-02-06,41.848,43.5896,41.5196,42.9029,42108433,600580
2026-02-09,43.5498,43.719,43.0522,43.3806,27447722,600580
2026-02-10,43.3806,44.545,43.1418,44.0772,50373687,600580
2026-02-11,43.5995,43.7886,43.291,43.3607,28137601,600580
2026-02-12,43.301,44.1369,43.301,43.918,32138108,600580
2026-02-13,43.8483,44.7142,43.4702,44.4455,48106986,600580
2026-02-24,46.7742,46.7742,44.5947,44.8535,66811130,600580
2026-02-25,44.6345,45.4606,43.7986,45.0724,50407540,600580
2026-02-26,45.0824,45.162,44.3857,44.535,34879246,600580
2026-02-27,44.3857,44.7341,44.1867,44.6644,29231960,600580
2026-03-02,43.3607,43.9877,42.8233,42.9726,47683701,600580
2026-03-03,42.8332,43.3707,40.3054,40.3851,52928652,600580
2026-03-04,39.6785,41.4002,39.6188,40.813,34940216,600580
2026-03-05,41.6589,41.7783,40.803,41.0021,26196254,600580
2026-03-06,40.803,41.7584,40.7035,41.3703,25694324,600580
2026-03-09,40.5443,41.2011,39.7282,41.0021,32206320,600580
2026-03-10,41.3803,42.3356,41.3803,42.0968,36256736,600580
2026-03-11,42.1963,42.3655,41.6987,41.7485,26501702,600580
2026-03-12,41.8779,41.8978,40.8628,41.0419,23624110,600580
2026-03-13,40.7035,41.0419,40.186,40.2756,21943165,600580
2026-03-16,40.186,40.196,39.4098,39.9571,23253544,600580
2026-03-17,40.1164,40.3054,39.0714,39.0913,24307402,600580
2026-03-18,39.2107,39.5192,38.4444,39.4595,25939394,600580
2026-03-19,38.6833,38.9122,37.698,37.8374,33354514,600580
2026-03-20,38.2653,38.3051,37.5189,37.5189,26419424,600580
2026-03-23,38.6733,41.2708,38.6037,40.5841,141479845,600580
2026-03-24,40.5542,40.6538,36.8223,38.2155,111210280,600580
2026-03-25,37.7378,39.161,37.4194,38.3847,62372746,600580
2026-03-26,38.3947,39.4894,38.0463,38.0463,47938895,600580
2026-03-27,37.2701,38.116,37.0611,37.7976,32690977,600580
2026-03-30,36.8223,37.3895,36.5834,37.3199,34573149,600580
2026-03-31,37.5189,37.907,36.9317,36.9417,30924531,600580
2026-04-01,37.5786,37.8672,37.1208,37.489,28952409,600580
2026-04-02,37.4194,37.4194,36.1455,36.245,30675265,600580
2026-04-03,36.4242,36.5237,35.1006,35.1105,27440978,600580
2026-04-07,35.1802,35.5086,34.7323,35.1503,19819323,600580
2026-04-08,36.0759,37.3099,36.0759,37.3099,43340597,600580
2026-04-09,37.1009,37.1208,36.3744,36.7824,25726304,600580
2026-04-10,37.2004,38.3051,37.1905,37.7279,38589551,600580
2026-04-13,37.3,38.0961,37.1905,37.8075,25657785,600580
2026-04-14,38.2653,38.6634,37.9269,38.4743,32054087,600580
2026-04-15,38.8127,38.9122,37.7577,37.8672,32292726,600580
2026-04-16,38.3151,38.6932,37.8672,38.1658,27119858,600580
2026-04-17,37.917,38.7927,37.7179,38.6236,33464200,600580
2026-04-20,38.6634,38.8027,38.1857,38.5141,35308190,600580
2026-04-21,38.5141,38.6932,37.7976,38.1558,29872878,600580
2026-04-22,38.1757,38.5439,37.9468,38.534,27168564,600580
2026-04-23,38.534,38.534,37.3696,37.698,33642898,600580
2026-04-24,37.6184,37.917,37.0711,37.5189,22583049,600580
2026-04-27,37.5189,38.1857,37.2502,37.7378,23159878,600580
2026-04-28,37.7378,37.7378,36.3545,36.5934,28441586,600580
2026-04-29,36.3346,37.4194,36.3048,37.29,23285345,600580
2026-04-30,37.4,38.23,37.1,37.85,29822674,600580
2026-05-06,38.02,38.85,38.02,38.51,35442940,600580
2026-05-07,38.8,39.76,38.42,39.53,47971937,600580
2026-05-08,39.54,42.42,39.14,41.06,100637000,600580
2026-05-11,41.07,41.23,40.11,40.64,66268410,600580
2026-05-12,40.64,41.36,40.2,40.48,44823293,600580
2026-05-13,40.02,40.7,39.75,40.58,41078789,600580
2026-05-14,40.8,40.91,38.93,38.95,47190858,600580
2026-05-15,38.9,41.49,38.8,40.48,88034836,600580
2026-05-18,40.61,41.58,40.25,40.96,67476381,600580
2026-05-19,41.5,41.71,40.73,41.09,53674926,600580
2026-05-20,40.7,40.77,39.5,39.62,47537219,600580
2026-05-21,39.9,41.95,39.73,40.66,97861656,600580
2026-05-22,40.8,41.27,40.11,41.09,58965060,600580
2026-05-25,41.17,42.78,40.88,42.49,88351702,600580
2026-05-26,43.5,46.49,43.01,44.07,149073340,600580
2026-05-27,43.0,45.18,42.8,44.42,111925572,600580
2026-05-28,44.42,44.42,40.6,41.68,101673802,600580
2026-05-29,41.69,42.15,38.31,39.46,80506725,600580
2026-06-01,39.46,40.93,37.47,40.19,61373397,600580
2026-06-02,40.85,41.9,39.68,39.9,67319297,600580
2026-06-03,39.1,40.3,38.7,38.81,61759621,600580
2026-06-04,38.15,39.82,37.77,38.84,50450961,600580
2026-06-05,38.82,40.98,37.2,40.0,87127775,600580
2026-06-08,38.68,40.25,38.38,39.03,59467249,600580
2026-06-09,39.06,39.2,37.75,38.37,48713948,600580
2026-06-10,37.78,38.25,36.0,36.01,54378851,600580
2026-06-11,35.53,35.84,34.53,34.83,42572850,600580
2026-06-12,35.3,35.88,34.09,34.09,45795269,600580
2026-06-15,34.69,35.66,34.11,35.57,40358857,600580
2026-06-16,35.58,35.9,35.11,35.35,35641249,600580
2026-06-17,35.11,35.5,34.7,34.9,31782773,600580
2026-06-18,34.9,36.36,34.66,36.2,54544616,600580
2026-06-22,35.99,36.1,34.66,35.84,48861884,600580
2026-06-23,35.5,36.35,34.8,34.81,43183559,600580
2026-06-24,34.57,35.19,34.3,34.74,30954805,600580
2026-06-25,34.6,35.06,33.31,33.56,53393976,600580
2026-06-26,33.49,33.49,31.86,31.89,44548985,600580
2026-06-29,31.8,32.18,31.06,31.8,36805017,600580
2026-06-30,31.91,33.37,31.9,33.1,39694142,600580
2026-07-01,33.3,34.05,33.06,33.25,37271947,600580
2026-07-02,33.31,35.3,33.05,33.95,66210256,600580
2026-07-03,35.3,37.35,35.2,37.35,79888341,600580
2026-07-06,38.0,39.49,37.3,37.91,134687838,600580
2026-07-07,37.88,39.19,35.81,36.08,86099318,600580
2026-07-08,35.5,35.5,33.03,33.03,69526042,600580
2026-07-09,32.48,33.45,31.8,33.2,54621765,600580
2026-07-10,33.0,34.58,32.72,33.65,56477666,600580
2026-07-13,33.08,33.09,31.2,31.24,41679754,600580
2026-07-14,31.24,31.75,30.4,31.62,31786197,600580
2026-07-15,31.68,32.15,30.9,31.44,26148938,600580
2026-07-16,31.0,31.96,30.67,31.1,26499114,600580
2026-07-17,31.13,31.63,29.5,29.68,38194546,600580
2026-07-20,29.7,29.99,27.3,27.95,47376289,600580
2026-07-21,28.19,29.6,27.77,29.52,43269976,600580
2026-07-22,29.52,29.55,28.87,29.16,25770618,600580
2026-07-23,28.96,29.88,28.7,29.68,25952014,600580
2026-07-24,29.39,29.43,28.46,28.46,21453455,600580
2026-07-27,28.51,29.65,28.51,29.63,25598756,600580
2026-07-28,29.21,29.82,28.94,29.05,22407904,600580
2026-07-29,29.49,29.87,29.19,29.63,29786011,600580
2026-07-30,29.24,29.54,28.61,28.81,30632113,600580
2026-07-31,30.34,31.69,30.33,31.69,70232760,600580
2026-08-03,32.48,34.53,32.0,34.51,106692247,600580
2026-08-04,34.0,35.99,32.6,35.67,105245617,600580
2026-08-05,35.0,39.08,34.67,36.86,127275327,600580
2026-08-06,35.97,37.4,35.6,36.23,86109567,600580
2026-08-07,36.87,37.0,34.82,36.64,90959888,600580
2026-08-10,36.78,36.85,35.45,35.45,67065068,600580
2026-08-11,35.02,37.5,34.53,36.65,90598106,600580
2026-08-12,36.03,36.44,35.66,35.86,53064435,600580
2026-08-13,35.86,36.17,35.05,35.06,46517390,600580
2026-08-14,35.0,35.21,34.06,34.57,45880241,600580
2026-08-17,34.8,35.35,34.35,35.26,39059989,600580
2026-08-18,35.59,38.0,35.43,37.87,116597655,600580
2026-08-19,36.6,36.68,34.08,34.08,77828738,600580
2026-08-20,33.05,33.25,30.68,31.0,77551740,600580
2026-08-21,30.38,31.48,30.38,30.92,41781309,600580
2026-08-24,30.62,30.63,29.27,29.52,46131718,600580
2026-08-25,29.05,29.93,29.02,29.74,28420088,600580
