timestamps,open,high,low,close,volume,stock_code
2016-01-04,14.0261,14.1861,13.1145,13.2345,4803999,603288
2016-01-05,13.0225,13.5783,12.6147,13.4384,6275207,603288
2016-01-06,13.4544,13.5703,13.1545,13.4104,6499251,603288
2016-01-07,13.3064,13.3064,12.3268,12.4028,1411344,603288
2016-01-08,12.6387,12.8546,12.0789,12.5268,7923571,603288
2016-01-11,12.3868,12.4908,11.995,12.027,5329341,603288
2016-01-12,11.915,12.2549,11.915,12.1189,5654751,603288
2016-01-13,12.2309,12.5148,12.1149,12.1629,7121947,603288
2016-01-14,11.903,12.5867,11.843,12.4708,6098754,603288
2016-01-15,12.3028,12.4748,12.1149,12.1829,3367809,603288
2016-01-18,11.879,12.4748,11.879,12.3228,3819943,603288
2016-01-19,12.3148,12.6147,12.1589,12.5707,4406964,603288
2016-01-20,12.4668,12.5507,12.1909,12.2869,4715651,603288
2016-01-21,12.2669,12.3948,11.947,11.975,3157090,603288
2016-01-22,11.979,12.1749,11.6151,11.7511,5054597,603288
2016-01-25,11.835,11.915,11.6871,11.7511,3996334,603288
2016-01-26,11.6751,11.7151,11.0314,11.2913,7143708,603288
2016-01-27,11.3073,11.3073,10.6355,10.9474,8176750,603288
2016-01-28,10.8594,11.0354,10.7115,10.7595,3364968,603288
2016-01-29,10.7555,11.0554,10.7475,10.9874,4628679,603288
2016-02-01,10.9514,11.1673,10.9234,11.0834,4545566,603288
2016-02-02,11.1953,11.4472,11.0754,11.3792,3693930,603288
2016-02-03,11.3432,11.3432,11.1593,11.2833,1601007,603288
2016-02-04,11.3552,11.5592,11.2753,11.4072,2448623,603288
2016-02-05,11.4392,11.5991,11.3832,11.4152,2881799,603288
2016-02-15,11.2553,11.2553,11.1153,11.2033,2878899,603288
2016-02-16,11.2993,11.4752,11.2353,11.3952,5386169,603288
2016-02-17,11.3832,11.4232,11.2433,11.3472,3636395,603288
2016-02-18,11.4232,11.4912,11.3432,11.3712,4888416,603288
2016-02-19,11.4352,11.6911,11.3273,11.6191,9418341,603288
2016-02-22,11.7311,11.967,11.7311,11.7911,5315163,603288
2016-02-23,11.839,11.911,11.5831,11.819,5249246,603288
2016-02-24,11.7871,11.867,11.4752,11.6031,4535687,603288
2016-02-25,11.6031,11.6751,10.6235,10.6795,8011296,603288
2016-02-26,10.8754,10.9954,10.7555,10.8954,4725165,603288
2016-02-29,10.8794,10.8794,9.9958,10.3717,5302695,603288
2016-03-01,10.4356,10.5916,10.3157,10.5796,3722067,603288
2016-03-02,10.6156,10.9914,10.5396,10.9634,4282912,603288
2016-03-03,10.9634,11.0754,10.8475,10.8954,4069279,603288
2016-03-04,10.8954,10.9834,10.4676,10.6076,4364394,603288
2016-03-07,10.6116,10.9514,10.6116,10.7715,4106716,603288
2016-03-08,10.8475,11.0594,10.4676,11.0274,7708436,603288
2016-03-09,10.8075,10.9274,10.7955,10.8714,5081463,603288
2016-03-10,11.1513,11.7751,11.0674,11.3632,15253168,603288
2016-03-11,11.1753,11.2473,10.8794,11.0554,5871335,603288
2016-03-14,11.2153,11.4872,11.1153,11.4712,9200729,603288
2016-03-15,11.3952,12.3508,11.2473,12.3228,15629560,603288
2016-03-16,12.011,12.1829,11.839,11.863,6440265,603288
2016-03-17,11.879,12.1949,11.7471,11.999,5622158,603288
2016-03-18,11.999,12.2948,11.963,12.1669,7838983,603288
2016-03-21,12.4108,12.4108,12.0669,12.2149,5758262,603288
2016-03-22,12.1229,12.2749,11.935,12.039,5834435,603288
2016-03-23,11.995,12.3748,11.939,12.2869,5053989,603288
2016-03-24,12.2909,12.3348,12.0669,12.0869,3916197,603288
2016-03-25,12.0869,12.1949,11.875,11.995,3540729,603288
2016-03-28,12.035,12.1869,11.963,12.027,3519687,603288
2016-03-29,12.1189,12.1189,11.7591,11.923,2650642,603288
2016-03-30,11.939,12.3428,11.939,12.2629,5591149,603288
2016-03-31,12.2149,12.3748,12.1829,12.2749,2941719,603288
2016-04-01,12.2229,12.6227,12.2149,12.5148,5892484,603288
2016-04-05,12.5148,12.7067,12.3948,12.6307,4268483,603288
2016-04-06,12.5627,12.5627,12.3188,12.3828,5404910,603288
2016-04-07,12.5308,12.5308,12.2469,12.3228,2310698,603288
2016-04-08,12.2429,12.3188,12.1189,12.2629,1966869,603288
2016-04-11,12.3948,12.5907,12.2589,12.2948,4991856,603288
2016-04-12,12.1549,12.2749,11.995,12.0709,5713843,603288
2016-04-13,12.0669,12.2988,12.003,12.1549,9149080,603288
2016-04-14,12.2349,12.5108,12.1469,12.4948,7159451,603288
2016-04-15,12.3847,12.4255,12.1809,12.242,4534485,603288
2016-04-18,12.242,12.2787,12.0667,12.0708,2948418,603288
2016-04-19,12.0749,12.1809,12.0667,12.1768,2452690,603288
2016-04-20,12.2013,12.2542,11.496,11.6305,5973016,603288
2016-04-21,11.6305,11.9403,11.5898,11.8099,4109833,603288
2016-04-22,11.7406,11.9444,11.6224,11.8751,2165447,603288
2016-04-25,11.8262,11.9403,11.6917,11.7854,1982802,603288
2016-04-26,11.8466,11.8914,11.6509,11.8303,2422085,603288
2016-04-27,11.8303,11.9933,11.7528,11.8221,3299153,603288
2016-04-28,11.8792,11.8792,11.5775,11.7854,2916894,603288
2016-04-29,11.5286,11.871,11.5286,11.6958,4231113,603288
2016-05-03,11.6998,12.1809,11.6509,12.1605,6705309,603288
2016-05-04,12.1075,12.1564,11.9893,12.083,4143191,603288
2016-05-05,12.1523,12.3929,12.0586,12.3317,6610137,603288
2016-05-06,12.3439,12.3969,12.0382,12.1197,4725514,603288
2016-05-09,12.0097,12.1972,11.7773,12.0586,4647854,603288
2016-05-10,11.9852,12.0504,11.7528,11.8996,4571238,603288
2016-05-11,11.867,12.4051,11.7447,12.2787,10430540,603288
2016-05-12,12.2706,12.3439,11.8221,12.2257,6156936,603288
2016-05-13,12.1075,12.3521,11.9852,12.1319,3937357,603288
2016-05-16,12.1279,12.2502,11.8507,12.1197,5801437,603288
2016-05-17,12.1197,12.3929,11.9852,12.3358,6139484,603288
2016-05-18,12.2828,12.2828,12.026,12.1768,4551053,603288
2016-05-19,12.1646,12.3235,12.1075,12.1238,2566275,603288
2016-05-20,12.026,12.1483,12.026,12.0993,2000290,603288
2016-05-23,12.1646,12.3113,12.0341,12.3032,3135253,603288
2016-05-24,12.295,12.295,12.0708,12.0912,1718143,603288
2016-05-25,12.1483,12.1809,11.8914,11.9281,2664341,603288
2016-05-26,11.9077,11.9811,11.7406,11.973,1989112,603288
2016-05-27,11.9852,12.026,11.8874,11.973,1213323,603288
2016-05-30,11.9689,11.9933,11.7732,11.8262,1496582,603288
2016-05-31,11.8344,12.1727,11.8344,12.1646,4029497,603288
2016-06-01,12.1564,12.3358,12.1442,12.3032,5863270,603288
2016-06-02,12.2706,12.3072,12.2013,12.2502,3850867,603288
2016-06-03,12.2665,12.3521,12.1483,12.3399,7104272,603288
2016-06-06,12.3888,12.5763,12.1605,12.2665,7403837,603288
2016-06-07,12.2665,12.3113,12.1319,12.2869,4003893,603288
2016-06-08,12.295,12.295,12.1075,12.1605,6914820,603288
2016-06-13,12.0056,12.0912,11.8833,11.9811,4422616,603288
2016-06-14,11.9811,12.0382,11.8751,11.9648,2679510,603288
2016-06-15,11.924,12.0993,11.8303,12.0504,5348880,603288
2016-06-16,12.079,12.079,11.8221,11.924,3836058,603288
2016-06-17,11.9485,12.026,11.871,11.9403,2313970,603288
2016-06-20,11.9403,12.0626,11.8221,11.92,2191470,603288
2016-06-21,11.8955,12.026,11.8833,11.924,2598284,603288
2016-06-22,11.924,12.1727,11.867,12.1605,3764257,603288
2016-06-23,12.0912,12.2339,12.0912,12.1727,3260047,603288
2016-06-24,12.1116,12.1809,11.7732,11.9893,2766420,603288
2016-06-27,11.92,12.2909,11.8629,12.2502,3744513,603288
2016-06-28,12.2094,12.5804,12.1686,12.56,8406050,603288
2016-06-29,12.5681,12.6374,12.4581,12.5763,4725528,603288
2016-06-30,12.4581,12.5967,12.3643,12.3928,2018757,603288
2016-07-01,12.3928,12.5315,12.3521,12.3521,1719872,603288
2016-07-04,12.3684,12.8413,12.3317,12.7557,4507203,603288
2016-07-05,12.719,12.9147,12.6578,12.8127,4156518,603288
2016-07-06,12.7842,12.7842,12.5559,12.7597,3531364,603288
2016-07-07,12.7597,12.8413,12.666,12.8331,2352515,603288
2016-07-08,12.8576,12.8902,12.4988,12.6089,2983165,603288
2016-07-11,12.6741,12.7597,12.507,12.5641,4314662,603288
2016-07-12,12.5641,13.2204,12.4866,13.1674,9278447,603288
2016-07-13,13.0696,13.1919,12.9024,13.0003,5924688,603288
2016-07-14,12.9432,13.0329,12.829,12.9636,2917737,603288
2016-07-15,12.9269,13.041,12.8617,13.0247,2304741,603288
2016-07-18,12.9921,13.3223,12.9065,12.9513,4951843,603288
2016-07-19,13.0533,13.0533,12.6823,12.8494,2582491,603288
2016-07-20,12.8372,12.878,12.6701,12.7679,2045027,603288
2016-07-21,12.7679,13.1796,12.6904,13.1144,4545259,603288
2016-07-22,12.9636,13.0859,12.8413,12.878,2422098,603288
2016-07-25,12.9432,12.9758,12.8331,12.9473,1478331,603288
2016-07-26,13.0206,13.0696,12.8617,13.037,1506334,603288
2016-07-27,12.9677,13.1266,12.6986,12.7271,4750418,603288
2016-07-28,12.7312,13.0125,12.7108,12.882,2292106,603288
2016-07-29,12.9228,13.2489,12.8943,12.988,3854077,603288
2016-08-01,12.9432,13.0043,12.5029,12.6008,4859945,603288
2016-08-02,12.5804,12.772,12.5233,12.7027,1229188,603288
2016-08-03,12.7353,12.8046,12.6374,12.7312,2162298,603288
2016-08-04,12.6945,12.7883,12.6008,12.6415,2069787,603288
2016-08-05,12.6252,12.772,12.6048,12.6456,1926785,603288
2016-08-08,12.6374,12.7027,12.507,12.6904,2564221,603288
2016-08-09,12.6374,12.9962,12.6374,12.8983,3411977,603288
2016-08-10,12.8983,12.9921,12.8494,12.8983,1876920,603288
2016-08-11,12.8046,13.1063,12.8046,12.988,3455570,603288
2016-08-12,13.1103,13.2897,12.9595,13.2082,3525913,603288
2016-08-15,13.1063,13.4038,13.1063,13.3182,4422558,603288
2016-08-16,13.3264,13.412,13.1511,13.1756,4859631,603288
2016-08-17,13.1103,13.253,13.0492,13.1185,2296676,603288
2016-08-18,13.2,13.3753,13.1103,13.1226,2830269,603288
2016-08-19,13.1266,13.1633,12.882,13.0206,2605782,603288
2016-08-22,13.0696,13.0818,12.8127,12.8331,2381478,603288
2016-08-23,12.8046,12.9187,12.776,12.8535,1871561,603288
2016-08-24,12.8535,12.8902,12.7557,12.8087,3339553,603288
2016-08-25,12.719,12.8046,12.6701,12.7353,2787730,603288
2016-08-26,12.7842,12.8494,12.7271,12.7883,1782843,603288
2016-08-29,12.7883,12.8617,12.6823,12.8168,1860870,603288
2016-08-30,12.825,12.8617,12.7231,12.8127,1499301,603288
2016-08-31,12.8576,12.8576,12.7271,12.825,1818498,603288
2016-09-01,12.8087,12.9473,12.7638,12.8902,2411347,603288
2016-09-02,12.8413,12.878,12.6619,12.772,1947380,603288
2016-09-05,12.7434,12.8454,12.7231,12.7516,1468535,603288
2016-09-06,12.6823,12.8209,12.6374,12.8005,2451098,603288
2016-09-07,12.8005,12.8413,12.7353,12.7679,1427282,603288
2016-09-08,12.7679,12.7964,12.6374,12.6823,2557006,603288
2016-09-09,12.6864,12.7067,12.6374,12.6741,1440641,603288
2016-09-12,12.6374,12.6619,12.3521,12.4458,3975825,603288
2016-09-13,12.454,12.4948,12.4255,12.4458,1144765,603288
2016-09-14,12.4458,12.454,12.242,12.348,1546994,603288
2016-09-19,12.3888,12.6048,12.2991,12.5396,2380052,603288
2016-09-20,12.4744,12.6334,12.4132,12.5967,2602953,603288
2016-09-21,12.5763,12.5763,12.4744,12.4866,1391610,603288
2016-09-22,12.5478,12.6171,12.4988,12.5029,1100994,603288
2016-09-23,12.5845,12.5845,12.4377,12.4907,905455,603288
2016-09-26,12.5437,12.5478,12.2706,12.2991,2420089,603288
2016-09-27,12.3725,12.3725,12.2665,12.3276,1853036,603288
2016-09-28,12.3358,12.401,12.2909,12.3643,1092522,603288
2016-09-29,12.3847,12.4622,12.3276,12.3847,1511051,603288
2016-09-30,12.3521,12.4336,12.3317,12.3765,1113381,603288
2016-10-10,12.4132,12.5151,12.3562,12.507,1526984,603288
2016-10-11,12.5274,12.6415,12.5029,12.6334,3753727,603288
2016-10-12,12.5559,12.6374,12.5274,12.6048,1382573,603288
2016-10-13,12.666,12.6701,12.2706,12.5804,2748545,603288
2016-10-14,12.5804,12.6048,12.3888,12.3969,4827206,603288
2016-10-17,12.4662,12.5315,12.3521,12.3725,2970287,603288
2016-10-18,12.2746,12.5804,12.2746,12.5315,4067188,603288
2016-10-19,12.5845,12.7067,12.4907,12.6089,4552420,603288
2016-10-20,12.6701,12.6945,12.5641,12.6741,1948321,603288
2016-10-21,12.6334,12.7353,12.6008,12.6986,2220690,603288
2016-10-24,12.6986,12.9106,12.6986,12.7924,5678202,603288
2016-10-25,12.8372,12.9065,12.772,12.7964,2843862,603288
2016-10-26,12.8372,12.878,12.776,12.8454,1811596,603288
2016-10-27,12.8494,12.8494,12.6741,12.719,2363583,603288
2016-10-28,12.7557,12.772,12.6089,12.6619,2623040,603288
2016-10-31,12.8046,12.8046,12.666,12.7597,2262541,603288
2016-11-01,12.8005,13.0043,12.7475,12.9595,3519674,603288
2016-11-02,12.984,12.984,12.8005,12.8698,1827738,603288
2016-11-03,12.878,12.9391,12.7353,12.8372,2452614,603288
2016-11-04,12.8861,12.9636,12.7883,12.8617,1966140,603288
2016-11-07,12.9024,12.9024,12.7761,12.8209,1438688,603288
2016-11-08,12.8331,12.9106,12.7964,12.8983,2674772,603288
2016-11-09,12.9636,12.9636,12.6048,12.6334,3173332,603288
2016-11-10,12.7434,12.8454,12.6456,12.8127,1804939,603288
2016-11-11,12.7638,12.8087,12.666,12.6823,2501058,603288
2016-11-14,12.7516,12.7516,12.6497,12.6823,2849355,603288
2016-11-15,12.6619,12.6945,12.5641,12.6293,3319671,603288
2016-11-16,12.5967,12.666,12.5763,12.6089,2207586,603288
2016-11-17,12.6538,12.7638,12.5967,12.7312,3565680,603288
2016-11-18,12.7271,12.7638,12.6089,12.6334,3215700,603288
2016-11-21,12.6497,12.6619,12.5233,12.5763,2921431,603288
2016-11-22,12.6986,12.7067,12.6048,12.6945,3145406,603288
2016-11-23,12.6945,12.8372,12.6538,12.7149,2828862,603288
2016-11-24,12.6701,12.7271,12.5967,12.719,2882809,603288
2016-11-25,12.7638,12.8413,12.6456,12.772,3776796,603288
2016-11-28,12.8046,12.8046,12.719,12.7638,3200857,603288
2016-11-29,12.7638,12.9636,12.6823,12.9595,5593068,603288
2016-11-30,13.0492,13.2,12.7434,13.0451,6801668,603288
2016-12-01,13.1063,13.1307,12.882,12.988,3113719,603288
2016-12-02,12.988,12.988,12.7271,12.829,2071560,603288
2016-12-05,12.719,12.829,12.5967,12.6578,2690830,603288
2016-12-06,12.6823,12.7394,12.6497,12.7067,1003200,603288
2016-12-07,12.6741,12.7394,12.6374,12.7231,1539023,603288
2016-12-08,12.7434,12.8331,12.7312,12.7801,2589747,603288
2016-12-09,12.6904,12.9513,12.6904,12.8372,2596082,603288
2016-12-12,12.882,12.882,12.3154,12.4255,5234432,603288
2016-12-13,12.3847,12.4703,12.3317,12.4581,2648022,603288
2016-12-14,12.4581,12.4581,12.2624,12.2746,1140890,603288
2016-12-15,12.2298,12.348,12.0912,12.1238,2948477,603288
2016-12-16,12.1523,12.189,12.1075,12.1483,1093001,603288
2016-12-19,12.1931,12.1972,12.0626,12.0667,1719236,603288
2016-12-20,12.1197,12.1197,11.8262,11.8874,2054714,603288
2016-12-21,11.9118,11.977,11.8914,11.9444,2671276,603288
2016-12-22,11.9689,11.9893,11.8833,11.9037,1541775,603288
2016-12-23,11.9077,11.9607,11.8425,11.8466,1494897,603288
2016-12-26,11.8221,11.9403,11.7814,11.9363,1993647,603288
2016-12-27,11.867,12.0015,11.8629,11.9607,1131824,603288
2016-12-28,11.924,12.0097,11.8629,11.8996,1133578,603288
2016-12-29,11.9485,11.9893,11.8629,11.8996,1180906,603288
2016-12-30,11.924,11.9893,11.9037,11.9567,1607819,603288
2017-01-03,12.0097,12.1401,11.9281,12.1156,2021314,603288
2017-01-04,12.0667,12.1564,12.0097,12.1197,1826724,603288
2017-01-05,12.1238,12.2706,12.1075,12.1605,2111734,603288
2017-01-06,12.1849,12.2094,12.0137,12.0667,1730102,603288
2017-01-09,12.0667,12.3072,12.026,12.2869,2602399,603288
2017-01-10,12.2298,12.348,12.2094,12.3317,1610943,603288
2017-01-11,12.2706,12.3562,12.1523,12.1931,1270278,603288
2017-01-12,12.2257,12.2869,12.1564,12.1809,839783,603288
2017-01-13,12.1319,12.9228,11.8629,12.9024,6662741,603288
2017-01-16,12.6008,13.1674,12.2298,13.0899,14748525,603288
2017-01-17,12.882,12.8902,12.6497,12.8087,3338543,603288
2017-01-18,12.7883,12.8413,12.6456,12.6945,2059750,603288
2017-01-19,12.6864,12.7475,12.6374,12.7027,1356870,603288
2017-01-20,12.7067,12.7964,12.6578,12.7149,1683051,603288
2017-01-23,12.7638,12.7883,12.6211,12.6497,1601632,603288
2017-01-24,12.7149,12.7597,12.6538,12.7027,1547851,603288
2017-01-25,12.6986,12.7108,12.6497,12.6701,707394,603288
2017-01-26,12.719,12.7353,12.666,12.7231,914417,603288
2017-02-03,12.6904,12.6904,12.2298,12.242,4475164,603288
2017-02-06,12.2053,12.242,12.0667,12.1319,4219136,603288
2017-02-07,12.083,12.1483,11.9648,12.1319,3596305,603288
2017-02-08,12.1034,12.2094,12.0382,12.2013,2149088,603288
2017-02-09,12.189,12.2706,12.1279,12.136,2894986,603288
2017-02-10,12.1156,12.2502,12.1156,12.1849,3848400,603288
2017-02-13,12.1931,12.6904,12.1931,12.5722,4334413,603288
2017-02-14,12.5559,12.6293,12.4948,12.6048,2280715,603288
2017-02-15,12.6048,12.666,12.4907,12.5559,1737383,603288
2017-02-16,12.5845,12.5845,12.4703,12.56,1452166,603288
2017-02-17,12.5559,12.6293,12.4662,12.5233,1899269,603288
2017-02-20,12.5845,12.6538,12.5274,12.6415,1713024,603288
2017-02-21,12.666,12.666,12.4622,12.5478,2514550,603288
2017-02-22,12.5233,12.5233,12.2706,12.4295,3149676,603288
2017-02-23,12.4295,12.4336,12.3521,12.3928,1921807,603288
2017-02-24,12.3969,12.4907,12.3847,12.4255,1550228,603288
2017-02-27,12.3929,12.6782,12.3602,12.6741,3354632,603288
2017-02-28,12.6741,12.6782,12.5111,12.5926,3533564,603288
2017-03-01,12.5722,12.6374,12.5355,12.5763,1305361,603288
2017-03-02,12.5233,12.7067,12.4988,12.5029,1303862,603288
2017-03-03,12.5111,12.6415,12.4499,12.613,1568634,603288
2017-03-06,12.5763,12.6619,12.4744,12.6171,2972257,603288
2017-03-07,12.5559,12.8657,12.5559,12.7883,6148230,603288
2017-03-08,12.9432,12.9432,12.6171,12.6864,5064843,603288
2017-03-09,12.7067,12.7067,12.56,12.5845,2304072,603288
2017-03-10,12.6252,12.931,12.5845,12.8861,3442738,603288
2017-03-13,12.9636,13.0981,12.7108,13.0125,5509253,603288
2017-03-14,12.9595,12.9677,12.7271,12.7964,3883663,603288
2017-03-15,12.8657,12.8657,12.6986,12.7842,2259354,603288
2017-03-16,12.7801,12.882,12.6823,12.8372,1681734,603288
2017-03-17,12.8413,12.878,12.6782,12.6945,2196036,603288
2017-03-20,12.7964,12.7964,12.6497,12.7027,1521345,603288
2017-03-21,12.6782,13.0247,12.6782,12.9228,3787857,603288
2017-03-22,12.8005,13.3264,12.8005,13.2245,5965673,603288
2017-03-23,13.4324,14.2803,13.4283,13.9583,17064585,603288
2017-03-24,13.9216,14.0235,13.6362,13.6933,10423553,603288
2017-03-27,13.677,14.2599,13.6158,13.9053,9494307,603288
2017-03-28,13.9297,14.2518,13.7463,14.2477,5895127,603288
2017-03-29,14.2395,14.2395,13.8645,13.9868,5141599,603288
2017-03-30,13.8645,14.0887,13.7341,14.0561,4810029,603288
2017-03-31,14.0072,14.2395,13.9012,14.1906,3378069,603288
2017-04-05,14.1866,14.8307,14.1662,14.5045,8415712,603288
2017-04-06,14.4964,14.6676,14.2518,14.6594,6404591,603288
2017-04-07,14.6594,14.6717,14.4393,14.5371,2949468,603288
2017-04-10,14.5331,14.5331,14.2273,14.2925,2603064,603288
2017-04-11,14.3496,14.5494,14.2885,14.5453,2686251,603288
2017-04-12,14.5453,14.6594,14.2844,14.3904,2626093,603288
2017-04-13,14.4067,14.529,14.2803,14.3985,1378460,603288
2017-04-14,14.3618,14.3659,14.0072,14.1539,1968239,603288
2017-04-17,14.0439,14.317,14.0235,14.1947,1915162,603288
2017-04-18,14.2477,14.904,14.1906,14.7043,5959840,603288
2017-04-19,14.6676,14.7899,14.3252,14.7736,5743963,603288
2017-04-20,14.7777,15.4829,14.6268,15.1446,10140190,603288
2017-04-21,15.1364,15.1445,14.8429,14.9896,4125996,603288
2017-04-24,15.0019,15.1364,14.3904,14.7695,3497101,603288
2017-04-25,14.6366,15.0354,14.6366,14.9897,2752196,603288
2017-04-26,14.998,15.6004,14.998,15.3262,6646156,603288
2017-04-27,15.4259,15.4259,15.0063,15.2847,3484127,603288
2017-04-28,15.185,15.4966,15.185,15.3054,2535292,603288
2017-05-02,15.2639,15.671,14.6656,15.5589,4478299,603288
2017-05-03,15.3553,15.588,14.944,15.0396,5390508,603288
2017-05-04,15.106,15.4425,15.0645,15.3719,5191682,603288
2017-05-05,15.2681,15.4259,14.9565,15.1226,3104655,603288
2017-05-08,15.0396,15.2057,14.7072,14.7446,4301086,603288
2017-05-09,14.8941,14.8941,14.2626,14.4371,5419757,603288
2017-05-10,14.5078,15.0811,14.4538,14.7404,4924856,603288
2017-05-11,14.7363,15.0312,14.5576,14.9606,3906493,603288
2017-05-12,14.998,15.3304,14.9149,15.2057,3547947,603288
2017-05-15,15.2888,15.7708,15.2722,15.7583,4126219,603288
2017-05-16,15.7874,16.0367,15.5589,15.8705,4954645,603288
2017-05-17,15.8497,15.8954,15.4883,15.5298,5458670,603288
2017-05-18,15.455,16.1862,15.3719,16.045,4278239,603288
2017-05-19,16.0699,16.2028,15.8829,16.2028,2870019,603288
2017-05-22,16.0948,16.6598,15.991,16.0367,4759309,603288
2017-05-23,16.0367,16.5767,15.7001,16.4106,6555588,603288
2017-05-24,16.2859,16.2984,15.8289,16.1862,5049314,603288
2017-05-25,16.1405,16.5684,16.0366,16.1364,5014413,603288
2017-05-26,16.1239,16.3939,16.0574,16.1322,3509107,603288
2017-05-31,16.2028,16.3482,15.8954,16.1779,4349818,603288
2017-06-01,16.074,16.8219,16.074,16.8136,6832521,603288
2017-06-02,16.8052,16.8177,16.5477,16.6806,4892496,603288
2017-06-05,16.6183,16.772,16.4355,16.5103,2440420,603288
2017-06-06,16.502,16.7222,16.4729,16.6183,2039513,603288
2017-06-07,16.6723,17.2165,16.6183,16.6308,6395646,603288
2017-06-08,16.718,17.3495,16.6598,17.308,5621343,603288
2017-06-09,17.2373,17.9062,17.1044,17.445,9115329,603288
2017-06-12,17.4409,17.8356,17.2913,17.4949,6702909,603288
2017-06-13,17.4492,17.8065,17.2955,17.6777,3593210,603288
2017-06-14,17.6777,17.9021,17.3246,17.4492,5884647,603288
2017-06-15,17.3329,17.6902,16.7845,16.8634,8304515,603288
2017-06-16,16.8593,17.0338,16.6765,16.7138,5435027,603288
2017-06-19,16.6266,16.988,16.6266,16.9756,5654124,603288
2017-06-20,16.9839,16.9964,16.3192,16.6349,9814331,603288
2017-06-21,16.6515,17.1999,16.423,17.121,8479639,603288
2017-06-22,17.0337,17.3204,16.6183,16.6723,8200895,603288
2017-06-23,16.7637,17.2249,16.7055,17.1542,8423076,603288
2017-06-26,17.1958,17.6154,17.0337,17.0878,10054475,603288
2017-06-27,17.0587,17.5531,16.9091,17.5323,10498695,603288
2017-06-28,17.4824,17.4907,16.9922,17.0337,7846865,603288
2017-06-29,17.0421,17.1168,16.7055,16.9631,7265776,603288
2017-06-30,16.9423,17.0337,16.7928,16.9423,5050148,603288
2017-07-03,16.8676,16.9008,16.0782,16.1322,12753320,603288
2017-07-04,16.1613,16.2361,15.9993,16.0699,9169928,603288
2017-07-05,16.0533,16.4937,16.0408,16.3275,7933835,603288
2017-07-06,16.3441,16.4106,15.9785,16.1073,7520355,603288
2017-07-07,16.1114,16.2859,15.7915,15.8165,7984533,603288
2017-07-10,15.8123,16.0076,15.6586,15.9245,6675000,603288
2017-07-11,15.9162,16.2859,15.8372,16.1613,6513651,603288
2017-07-12,16.1987,16.2652,16.045,16.0865,4607672,603288
2017-07-13,16.0824,16.0865,15.4467,15.5215,8794741,603288
2017-07-14,15.5796,15.8622,15.4966,15.7251,4970396,603288
2017-07-17,15.8372,16.0533,15.2057,15.7043,6205930,603288
2017-07-18,15.7666,16.2028,15.6669,16.2028,8991373,603288
2017-07-19,16.3275,16.369,16.0408,16.1197,7211685,603288
2017-07-20,16.1447,16.7014,16.0242,16.6681,10587789,603288
2017-07-21,16.6391,16.6391,16.4563,16.556,4249312,603288
2017-07-24,16.556,16.7554,16.2028,16.2527,6235650,603288
2017-07-25,16.1239,16.2028,15.8123,15.9245,6095076,603288
2017-07-26,16.0367,16.1571,15.9328,16.0325,3616588,603288
2017-07-27,16.0325,16.0699,15.8497,15.991,3176230,603288
2017-07-28,15.9909,16.1197,15.8538,15.9951,2513262,603288
2017-07-31,16.1156,16.1488,15.9619,16.0948,4251405,603288
2017-08-01,16.074,16.556,15.9951,16.4313,5986651,603288
2017-08-02,16.5186,16.5227,16.153,16.2859,3910200,603288
2017-08-03,16.3358,16.4396,16.0533,16.153,3641961,603288
2017-08-04,16.0823,16.153,15.7458,15.7583,4027434,603288
2017-08-07,15.9245,15.9245,15.455,15.7292,3722960,603288
2017-08-08,15.7043,15.858,15.642,15.7791,3190398,603288
2017-08-09,15.7832,16.1613,15.7043,15.9411,8352229,603288
2017-08-10,15.9619,16.4521,15.9619,16.3192,9301689,603288
2017-08-11,16.2776,16.7637,16.1654,16.4895,8855922,603288
2017-08-14,16.4895,17.0337,16.4895,17.0171,8409845,603288
2017-08-15,17.121,17.6985,16.8717,17.2664,12733030,603288
2017-08-16,17.3661,17.3661,16.88,17.1625,5812623,603288
2017-08-17,17.1335,17.3786,16.8717,16.8966,5865073,603288
2017-08-18,17.0171,17.445,16.8676,17.3661,6886710,603288
2017-08-21,17.3578,17.4575,17.2456,17.2996,4091889,603288
2017-08-22,17.4284,17.6569,17.2913,17.5115,5231975,603288
2017-08-23,17.4492,17.4492,17.1168,17.3744,3219936,603288
2017-08-24,17.4409,17.4409,16.9008,16.9797,3703809,603288
2017-08-25,17.0545,17.1501,16.9797,17.0254,2227134,603288
2017-08-28,17.0919,17.2041,16.8426,16.9465,4940573,603288
2017-08-29,17.0088,17.3994,16.7346,16.9507,6549689,603288
2017-08-30,16.9548,17.2789,16.88,17.1958,6535333,603288
2017-08-31,17.2207,17.2747,16.6598,16.8593,5880083,603288
2017-09-01,16.8593,16.959,16.7014,16.9465,4840297,603288
2017-09-04,16.9922,17.1916,16.7346,17.013,4506107,603288
2017-09-05,16.9507,17.1293,16.8966,17.1251,2782258,603288
2017-09-06,17.1085,17.5988,17.0338,17.5738,5563898,603288
2017-09-07,17.5655,17.6569,17.2332,17.2872,4508288,603288
2017-09-08,17.3204,17.4451,17.1168,17.2373,3156620,603288
2017-09-11,17.2124,17.2124,16.7512,16.826,6744804,603288
2017-09-12,16.8302,17.0171,16.7512,16.8759,3812761,603288
2017-09-13,16.8676,17.283,16.7845,17.1667,4600523,603288
2017-09-14,17.3038,17.3038,16.9839,17.1044,3152392,603288
2017-09-15,17.1999,17.9353,17.1002,17.927,13052130,603288
2017-09-18,17.9228,18.7579,17.7816,18.654,11321596,603288
2017-09-19,18.7704,18.8867,18.222,18.5668,6254033,603288
2017-09-20,18.5045,18.7122,18.4172,18.5876,3621408,603288
2017-09-21,18.5792,19.0279,18.4421,18.6997,3641526,603288
2017-09-22,18.5169,18.8077,18.4048,18.7828,3043641,603288
2017-09-25,18.787,19.0529,18.5128,18.8742,4484534,603288
2017-09-26,18.8867,19.1027,18.7828,18.841,4346274,603288
2017-09-27,18.8784,19.1069,18.7994,19.1027,4273953,603288
2017-09-28,19.2274,19.2648,18.9282,19.1775,3428813,603288
2017-09-29,19.3437,19.7467,19.1443,19.6885,6469835,603288
2017-10-09,19.9419,19.9419,19.0861,19.1733,8319348,603288
2017-10-10,19.1692,19.7965,18.9906,19.6802,7337502,603288
2017-10-11,19.7134,20.7729,19.593,20.2452,6264050,603288
2017-10-12,20.3491,20.5194,19.9046,20.2951,3128811,603288
2017-10-13,20.3325,20.7562,20.212,20.3782,2700417,603288
2017-10-16,20.6898,20.9806,20.1414,20.1788,6002860,603288
2017-10-17,19.9752,20.7729,19.9669,20.6898,3013505,603288
2017-10-18,20.9806,21.2839,20.4488,21.1426,5215675,603288
2017-10-19,21.1468,21.3587,20.9058,21.1468,3393678,603288
2017-10-20,20.939,21.1385,20.4904,20.5859,5462451,603288
2017-10-23,20.8975,21.018,20.4073,20.7022,4481592,603288
2017-10-24,20.6524,20.8975,20.4945,20.7604,3359720,603288
2017-10-25,20.6275,20.7687,20.1829,20.3823,9771416,603288
2017-10-26,20.5236,21.5955,20.5153,21.3046,11932075,603288
2017-10-27,21.0637,21.1052,20.5859,21.1011,10151444,603288
2017-10-30,21.1011,21.5082,20.7355,21.0637,6243056,603288
2017-10-31,21.3545,21.3545,20.9806,21.3005,3763749,603288
2017-11-01,21.6038,21.6038,20.723,20.7355,6034265,603288
2017-11-02,20.5734,20.9889,20.5734,20.9847,4193991,603288
2017-11-03,21.0845,21.3753,20.9058,21.0761,4323829,603288
2017-11-06,21.0761,22.7629,20.9017,22.2851,12979773,603288
2017-11-07,22.281,22.6424,22.1563,22.5386,6370946,603288
2017-11-08,22.4388,22.8709,21.8572,22.2436,5916742,603288
2017-11-09,22.3101,22.6881,21.8863,22.5926,4505152,603288
2017-11-10,22.551,23.2158,22.3516,22.6632,8446542,603288
2017-11-13,22.684,22.9,22.0026,22.2477,9533770,603288
2017-11-14,22.2768,22.4264,21.6536,21.7533,6750855,603288
2017-11-15,21.7533,22.227,21.2963,21.6329,5894581,603288
2017-11-16,21.9694,22.4347,21.6038,22.1646,6495768,603288
2017-11-17,22.4347,22.5593,21.5415,21.5788,7402256,603288
2017-11-20,21.583,22.2685,20.939,22.2394,7964569,603288
2017-11-21,22.3101,22.8917,21.9735,22.7089,9000345,603288
2017-11-22,22.7047,22.9872,22.227,22.5843,6775703,603288
2017-11-23,22.5261,22.6632,20.8061,21.1551,10351748,603288
2017-11-24,21.1385,21.1385,20.2369,20.9017,8228708,603288
2017-11-27,20.8975,20.8975,20.2245,20.3076,5384082,603288
2017-11-28,20.5651,21.2049,20.2992,21.0429,7960948,603288
2017-11-29,21.0969,21.3462,20.399,20.4945,4201169,603288
2017-11-30,20.4405,20.9307,20.1829,20.3159,3461152,603288
2017-12-01,20.6067,20.6607,20.1497,20.3366,4263055,603288
2017-12-04,20.2452,20.9806,20.0998,20.561,8731836,603288
2017-12-05,20.3657,20.6815,20.0167,20.2037,5322063,603288
2017-12-06,20.0666,20.3491,19.7758,20.1123,5550069,603288
2017-12-07,20.1497,20.3076,20.0874,20.1414,4477544,603288
2017-12-08,19.9419,20.5651,19.9004,20.4737,3639795,603288
2017-12-11,20.4779,21.3213,20.453,21.1842,5885816,603288
2017-12-12,21.2216,21.5581,21.1094,21.2797,6697874,603288
2017-12-13,21.4293,21.8074,21.072,21.7949,4905367,603288
2017-12-14,21.8281,22.1854,21.5456,21.8157,6255747,603288
2017-12-15,21.9569,21.9569,21.3961,21.6952,5514392,603288
2017-12-18,21.5955,22.1023,21.4334,21.77,3248504,603288
2017-12-19,21.8157,22.1439,21.6869,22.0442,3585823,603288
2017-12-20,22.2062,22.5593,21.986,22.4596,4707306,603288
2017-12-21,22.4762,22.7338,22.2727,22.5053,4112965,603288
2017-12-22,22.5926,22.5926,22.0649,22.2228,2599768,603288
2017-12-25,22.4762,22.7047,22.2103,22.3308,2576675,603288
2017-12-26,22.3308,22.6175,21.691,21.9403,3371585,603288
2017-12-27,21.6619,22.3017,21.6619,21.932,4420492,603288
2017-12-28,22.227,22.3931,21.8821,22.1273,4528938,603288
2017-12-29,22.0816,22.5302,22.04,22.3516,3665107,603288
2018-01-02,22.3973,22.6341,21.9777,22.0649,4333978,603288
2018-01-03,22.1189,22.227,21.7949,22.0525,5812219,603288
2018-01-04,22.173,23.0579,22.0525,23.0329,12246380,603288
2018-01-05,23.1617,23.1617,22.5386,22.6258,7746685,603288
2018-01-08,22.4139,22.792,22.1065,22.4139,5732624,603288
2018-01-09,22.3848,23.2116,22.3516,23.1742,7204150,603288
2018-01-10,23.0994,23.7642,22.8585,23.7475,7576677,603288
2018-01-11,23.6811,23.9927,23.2656,23.4816,4532185,603288
2018-01-12,23.4941,23.8015,23.1285,23.7268,3886373,603288
2018-01-15,23.9844,24.4621,23.5689,24.0425,5289182,603288
2018-01-16,24.0425,24.8568,23.7683,24.2793,8135563,603288
2018-01-17,24.2835,24.4829,22.9748,23.7891,9311110,603288
2018-01-18,23.6561,24.0134,23.2656,23.3819,4952652,603288
2018-01-19,23.3487,23.7849,23.0994,23.5647,3846916,603288
2018-01-22,23.4816,24.2544,23.3487,23.814,6137186,603288
2018-01-23,23.8265,24.0508,23.6021,23.7185,5563012,603288
2018-01-24,23.6686,23.8472,23.2199,23.249,5635764,603288
2018-01-25,23.3487,23.465,22.9748,23.087,5512705,603288
2018-01-26,23.0994,24.1755,23.0994,23.8846,7613968,603288
2018-01-29,23.7642,24.1796,22.6175,22.6507,6129684,603288
2018-01-30,22.6383,22.659,22.2477,22.3017,4165018,603288
2018-01-31,22.3101,23.4567,22.3101,23.4152,5976751,603288
2018-02-01,23.4152,23.7642,22.8543,23.141,4353935,603288
2018-02-02,23.6603,23.6811,22.7006,23.4193,4457586,603288
2018-02-05,23.4193,23.4193,22.3516,22.8626,4016264,603288
2018-02-06,22.0151,22.3931,21.1966,21.4334,8444675,603288
2018-02-07,22.1023,22.1023,21.313,21.3836,6680050,603288
2018-02-08,21.1302,21.9071,21.1302,21.6703,5014743,603288
2018-02-09,21.0512,21.7243,19.8007,21.4251,9015232,603288
2018-02-12,21.2216,22.4679,21.1883,22.1605,4545010,603288
2018-02-13,22.3848,22.9706,22.0192,22.1522,4228018,603288
2018-02-14,21.9112,22.5593,21.9112,22.3765,3291906,603288
2018-02-22,22.7961,23.3155,22.389,23.2739,5476338,603288
2018-02-23,23.3155,23.6811,22.8709,22.9873,5295841,603288
2018-02-26,23.0911,23.4318,22.8709,22.9706,4992264,603288
2018-02-27,23.062,23.1368,22.389,22.8501,4185828,603288
2018-02-28,22.5635,23.4193,22.5635,22.9748,5135000,603288
2018-03-01,22.5178,23.1742,22.5178,22.9706,2617348,603288
2018-03-02,22.8792,23.7808,22.7878,23.2615,6205246,603288
2018-03-05,23.3861,23.5523,22.8958,23.3072,2010272,603288
2018-03-06,23.3445,23.411,22.8086,23.357,2918941,603288
2018-03-07,23.3155,23.8888,23.0579,23.0787,4531698,603288
2018-03-08,23.0288,23.5398,22.8875,23.3238,4364172,603288
2018-03-09,23.3861,24.6117,23.2656,24.5037,9517255,603288
2018-03-12,24.7114,24.7114,24.0508,24.3375,5034776,603288
2018-03-13,24.2959,24.3042,23.9179,24.1048,2898647,603288
2018-03-14,24.0882,24.3043,23.7268,24.0882,3201561,603288
2018-03-15,24.0757,25.0105,24.0757,24.9565,8378277,603288
2018-03-16,24.807,25.1352,24.5203,24.674,3838364,603288
2018-03-19,24.7239,24.9274,24.3583,24.5535,4157072,603288
2018-03-20,24.5992,24.8236,24.3042,24.807,2964320,603288
2018-03-21,24.8651,25.3637,24.6699,25.1601,6582997,603288
2018-03-22,25.3346,25.4925,24.6408,24.9067,4008099,603288
2018-03-23,23.2698,24.7197,23.2698,24.0965,6492970,603288
2018-03-26,23.7185,24.4621,23.411,24.1713,7086694,603288
2018-03-27,24.4704,25.0313,24.2669,25.0064,5150642,603288
2018-03-28,24.7571,24.969,23.6312,23.6811,6260226,603288
2018-03-29,23.6811,24.0674,22.7671,23.8348,6179457,603288
2018-03-30,23.598,24.0134,23.519,23.5814,4342465,603288
2018-04-02,23.5938,23.5938,22.7754,23.2573,5348954,603288
2018-04-03,23.1493,24.1173,22.9332,23.9345,7865399,603288
2018-04-04,24.0965,24.9482,23.76,24.6699,6206911,603288
2018-04-09,24.6408,24.6408,23.8888,24.2876,4639087,603288
2018-04-10,24.2669,24.7031,23.9179,24.6657,4796004,603288
2018-04-11,24.5951,25.5008,24.5951,25.1352,5581125,603288
2018-04-12,25.0936,25.75,24.8443,25.48,3392695,603288
2018-04-13,25.4883,25.5589,25.0147,25.0978,2748710,603288
2018-04-16,25.3221,25.6586,24.0965,24.6325,3166186,603288
2018-04-17,24.6325,25.3387,24.6034,24.6865,3779855,603288
2018-04-18,24.8984,25.1518,23.706,24.9191,3685987,603288
2018-04-19,25.1352,25.6753,24.5369,25.1352,4301427,603288
2018-04-20,25.3429,25.804,24.9274,24.9856,5158351,603288
2018-04-23,24.9856,25.9827,24.9856,25.5797,6543465,603288
2018-04-24,25.6337,26.1738,25.3346,25.9536,5883142,603288
2018-04-25,25.7584,26.581,25.642,26.2527,5518033,603288
2018-04-26,26.4465,26.5644,26.0085,26.3243,5719905,603288
2018-04-27,26.3201,26.5054,25.5326,26.0969,5258159,603288
2018-05-02,25.7095,26.9055,25.7095,26.8676,6581402,603288
2018-05-03,26.7412,27.0781,26.6486,27.0571,4917235,603288
2018-05-04,27.0571,27.1624,26.5728,26.7455,3741458,603288
2018-05-07,26.4254,26.7623,26.1138,26.6402,6180789,603288
2018-05-08,26.5391,27.4487,26.5391,27.4277,8760944,603288
2018-05-09,27.2887,27.3729,26.956,27.3013,3017125,603288
2018-05-10,27.3729,28.013,27.2045,27.9751,5948298,603288
2018-05-11,27.9204,29.0658,27.9204,28.59,9816378,603288
2018-05-14,28.4889,29.2469,28.3247,28.8174,7170026,603288
2018-05-15,29.0069,29.4785,28.7205,29.4743,6398203,603288
2018-05-16,29.4785,30.5187,29.3522,30.3587,9370318,603288
2018-05-17,30.1313,30.2239,28.5479,28.8595,14847069,603288
2018-05-18,28.6784,29.2638,28.072,28.9353,9477233,603288
2018-05-21,28.9985,29.4659,28.5858,29.3269,6634736,603288
2018-05-22,29.1416,29.5038,29.0574,29.3564,4063984,603288
2018-05-23,29.2174,30.0681,29.2174,29.7017,6543212,603288
2018-05-24,29.6386,29.6849,28.3457,29.2217,8589613,603288
2018-05-25,28.9353,29.3606,28.6784,29.2132,3923956,603288
2018-05-28,29.1206,30.5313,29.1206,30.0597,10892853,603288
2018-05-29,29.9839,31.163,29.9839,30.0386,10683227,603288
2018-05-30,29.8449,31.2051,28.8469,31.003,10467325,603288
2018-05-31,30.9904,32.2158,30.9904,31.5589,14928201,603288
2018-06-01,31.3736,32.1948,30.6577,31.1714,9785954,603288
2018-06-04,31.5842,32.8433,31.5842,32.8138,12746663,603288
2018-06-05,32.8475,33.6898,32.3759,33.6519,10905664,603288
2018-06-06,33.2686,34.5109,33.0581,34.0856,11437454,603288
2018-06-07,34.751,34.9068,33.395,33.993,12842391,603288
2018-06-08,34.1109,35.3027,33.4413,33.8498,24699607,603288
2018-06-11,33.4034,33.4034,31.5884,31.9884,18907884,603288
2018-06-12,32.2579,33.9593,32.2579,33.8119,15203752,603288
2018-06-13,33.8793,34.0393,32.0053,32.8559,14165638,603288
2018-06-14,33.0833,33.1254,32.0474,32.359,10493202,603288
2018-06-15,32.4896,33.555,32.4264,32.7675,15668345,603288
2018-06-19,32.3295,32.6285,31.5968,32.1148,10256811,603288
2018-06-20,31.7947,32.5654,31.0156,32.3422,15805424,603288
2018-06-21,32.0474,32.3548,31.3315,31.4536,11788019,603288
2018-06-22,31.163,31.6389,30.2239,31.4536,8546896,603288
2018-06-25,31.7737,32.7843,31.441,32.4138,10685941,603288
2018-06-26,31.9632,32.5654,31.4157,31.7989,9001288,603288
2018-06-27,31.163,31.6347,30.2997,30.3713,11785420,603288
2018-06-28,29.5964,30.9777,29.3522,30.1271,9949040,603288
2018-06-29,30.1944,31.3694,30.1271,31.0114,6638861,603288
2018-07-02,31.163,32.2158,30.8261,31.163,7588096,603288
2018-07-03,31.3525,31.542,29.1838,30.6787,10579555,603288
2018-07-04,30.4724,31.2051,30.3334,30.5819,8762125,603288
2018-07-05,30.5861,31.163,29.6386,29.8912,6366332,603288
2018-07-06,30.026,31.243,29.5965,31.0788,8204414,603288
2018-07-09,31.2473,32.4811,30.9946,32.3422,10802002,603288
2018-07-10,32.7464,32.7464,31.7147,32.2074,5743820,603288
2018-07-11,31.3736,32.1316,31.0662,31.6473,5585095,603288
2018-07-12,31.6473,32.418,31.4662,32.0684,10196849,603288
2018-07-13,32.0684,32.5527,31.6305,32.2411,11636991,603288
2018-07-16,32.1316,32.4222,31.6726,31.9968,6077721,603288
2018-07-17,31.7947,31.9505,30.763,31.1083,8276991,603288
2018-07-18,31.1083,31.4199,30.7082,30.7882,6997370,603288
2018-07-19,31.1167,31.1167,30.4513,30.7461,6547841,603288
2018-07-20,30.7461,31.1335,30.5313,30.9483,7166114,603288
2018-07-23,30.7419,30.784,29.5628,29.9376,10690019,603288
2018-07-24,29.9839,30.4471,29.668,30.2239,10165419,603288
2018-07-25,30.4176,30.4345,29.8997,30.0344,5810490,603288
2018-07-26,29.8997,30.0892,29.6217,29.6723,5794735,603288
2018-07-27,29.7775,31.4873,29.647,30.8135,13347178,603288
2018-07-30,30.8514,30.9272,29.3606,29.9797,8154983,603288
2018-07-31,29.5207,29.8912,29.2301,29.807,5407670,603288
2018-08-01,29.8997,30.0807,28.9311,28.9732,5850654,603288
2018-08-02,28.9732,29.6891,28.0467,29.1753,10564087,603288
2018-08-03,29.4785,29.6428,28.6531,29.0616,6762687,603288
2018-08-06,28.4678,29.0153,26.8718,27.2424,12446925,603288
2018-08-07,27.0908,28.0467,27.0571,27.9583,8381831,603288
2018-08-08,27.9793,28.1183,27.1203,27.3477,5776814,603288
2018-08-09,27.3729,28.889,27.0571,28.59,7855488,603288
2018-08-10,28.59,29.8997,28.5647,28.9648,8734716,603288
2018-08-13,28.6784,29.4785,28.6363,29.2217,5156457,603288
2018-08-14,29.4743,29.4743,28.6784,28.9648,4817038,603288
2018-08-15,28.7121,29.1838,28.131,28.2278,5293234,603288
2018-08-16,27.7562,29.4996,27.613,28.7879,9510704,603288
2018-08-17,29.268,29.3817,27.4572,27.5751,7664605,603288
2018-08-20,27.5414,28.6363,27.3982,28.4257,7883303,603288
2018-08-21,28.8469,29.5838,28.6826,29.3311,9256495,603288
2018-08-22,29.4575,29.4575,28.7374,28.8426,4412915,603288
2018-08-23,29.0406,29.3311,28.6068,29.1795,5053926,603288
2018-08-24,29.1795,29.1795,28.59,28.6616,5126197,603288
2018-08-27,28.91,29.4575,28.5521,29.3522,10894902,603288
2018-08-28,29.4743,29.4743,28.7542,28.9942,7822843,603288
2018-08-29,29.0279,29.407,28.8426,29.2511,7741813,603288
2018-08-30,28.9311,29.2469,28.611,28.611,5468316,603288
2018-08-31,28.9311,29.1374,27.8404,28.8469,8325292,603288
2018-09-03,28.6363,28.6363,27.5624,27.9414,5675568,603288
2018-09-04,28.1731,28.6321,27.9414,28.5815,5346453,603288
2018-09-05,28.5816,29.2553,28.3836,29.0532,6406155,603288
2018-09-06,28.8047,29.0069,28.2573,28.4257,6153464,603288
2018-09-07,28.4257,28.9269,28.2699,28.51,4198721,603288
2018-09-10,28.4973,28.611,27.6677,27.794,3914898,603288
2018-09-11,28.1604,28.5394,27.9204,28.3752,4562686,603288
2018-09-12,28.3499,29.2259,28.2615,28.5942,6138104,603288
2018-09-13,28.9732,29.1795,28.5942,29.1711,5650716,603288
2018-09-14,29.4785,29.4785,28.6405,29.188,4354303,603288
2018-09-17,29.0574,29.4785,28.7542,28.91,4957024,603288
2018-09-18,28.8426,29.5459,28.7079,29.4996,5792795,603288
2018-09-19,29.4785,29.9586,29.1838,29.8912,8041003,603288
2018-09-20,29.8702,30.2366,29.6891,30.2366,5678025,603288
2018-09-21,30.2366,32.2074,30.1987,32.1316,8500876,603288
2018-09-25,31.9632,32.0895,31.163,31.7947,5631176,603288
2018-09-26,31.9632,33.6898,31.8031,32.7507,13847061,603288
2018-09-27,32.818,33.4876,32.5527,33.2181,7812805,603288
2018-09-28,33.2686,33.4792,32.6496,33.3529,5339660,603288
2018-10-08,32.6538,32.8475,31.0283,31.163,9143409,603288
2018-10-09,30.9398,32.0011,30.9398,31.542,7905654,603288
2018-10-10,31.8073,32.5443,31.2473,31.8326,5527613,603288
2018-10-11,31.0788,31.7947,30.3208,30.5145,9810762,603288
2018-10-12,30.9314,31.7315,30.5524,31.4999,10598467,603288
2018-10-15,30.2787,30.8177,29.0785,30.245,15357099,603288
2018-10-16,30.1102,30.3208,29.4785,30.026,6941240,603288
2018-10-17,30.2997,30.4471,28.6784,29.2511,8117015,603288
2018-10-18,29.0616,30.1902,28.6363,29.3564,6449216,603288
2018-10-19,29.4322,30.4092,28.8469,30.3839,6549223,603288
2018-10-22,31.1588,32.1316,30.9946,31.2388,10568474,603288
2018-10-23,31.5041,31.5757,29.9249,30.4471,6387845,603288
2018-10-24,30.4471,30.4471,28.7626,30.0976,8332485,603288
2018-10-25,29.3269,29.3269,28.6784,29.0701,5782903,603288
2018-10-26,29.07,29.2806,26.5559,27.2887,16969437,603288
2018-10-29,26.7286,26.7286,24.5598,24.5598,15703512,603288
2018-10-30,24.8715,25.2336,23.347,24.7199,19477107,603288
2018-10-31,25.2589,27.1918,24.8673,27.1918,14173648,603288
2018-11-01,27.3645,28.3036,27.2466,27.4572,9681052,603288
2018-11-02,28.2573,29.0658,27.5245,28.7205,11084635,603288
2018-11-05,28.392,28.392,27.3729,27.6635,8811940,603288
2018-11-06,27.7983,27.7983,26.8086,27.3519,4882710,603288
2018-11-07,27.4066,28.2152,27.1708,27.6635,5165583,603288
2018-11-08,28.2868,28.2868,27.2803,27.3982,4714558,603288
2018-11-09,27.1624,27.9541,26.9518,27.6551,3968755,603288
2018-11-12,27.5203,27.8277,26.8086,27.3982,5666324,603288
2018-11-13,26.7834,27.6045,26.7834,27.4487,8337492,603288
2018-11-14,27.4993,27.4993,26.6781,26.6907,6787245,603288
2018-11-15,26.556,27.1455,26.4465,27.0108,5964613,603288
2018-11-16,27.1118,27.1624,26.3201,26.6065,7800197,603288
2018-11-19,26.8549,27.3519,26.6149,27.2466,6531518,603288
2018-11-20,26.9771,27.2213,26.4886,26.5181,4734128,603288
2018-11-21,26.3075,26.817,26.2696,26.7749,3979412,603288
2018-11-22,26.8255,26.9476,26.4128,26.796,3391384,603288
2018-11-23,26.7202,26.7244,26.1643,26.2822,4343395,603288
2018-11-26,26.5265,26.5265,25.9917,26.139,2933464,603288
2018-11-27,26.2696,26.3454,25.8021,25.9158,3412406,603288
2018-11-28,25.9158,26.6781,25.9074,26.6444,5284437,603288
2018-11-29,26.7581,27.0276,26.3412,26.3454,5138513,603288
2018-11-30,26.3664,27.2382,26.3664,26.6865,7948662,603288
2018-12-03,27.6509,28.51,27.2382,28.3836,10188490,603288
2018-12-04,28.3752,28.6026,27.8825,28.4931,6651034,603288
2018-12-05,27.933,28.9227,27.794,28.5563,6725831,603288
2018-12-06,28.1309,28.6363,27.7351,27.8488,5212777,603288
2018-12-07,27.7604,28.4089,27.6551,27.8699,4060683,603288
2018-12-10,27.5835,27.9204,27.4571,27.6509,3695990,603288
2018-12-11,27.634,28.1309,27.634,28.1309,3320413,603288
2018-12-12,28.5942,28.5942,27.6467,28.2994,4848968,603288
2018-12-13,28.2573,29.4743,27.9372,29.3817,8242113,603288
2018-12-14,29.0616,30.1608,28.8679,29.3017,8384382,603288
2018-12-17,29.3059,29.6765,28.9227,29.4785,5374351,603288
2018-12-18,29.0953,29.2385,28.0888,28.8469,8082016,603288
2018-12-19,28.5479,28.9943,27.9583,28.2068,4588929,603288
2018-12-20,27.9288,28.6152,27.6003,28.1941,5767801,603288
2018-12-21,28.0888,28.5394,26.876,27.5835,8800599,603288
2018-12-24,27.5835,27.9625,26.7749,27.7983,3331380,603288
2018-12-25,27.3308,27.8446,27.036,27.4277,4958544,603288
2018-12-26,27.5498,28.0594,27.3645,27.474,3676885,603288
2018-12-27,27.8404,28.9648,27.714,28.6574,6959799,603288
2018-12-28,28.2447,28.9732,28.0888,28.9732,5367786,603288
2019-01-02,28.7163,28.9648,27.8362,28.3584,4863604,603288
2019-01-03,28.312,28.312,26.8886,27.3729,6804518,603288
2019-01-04,26.9602,27.9372,26.9602,27.5751,4828166,603288
2019-01-07,26.9602,28.1267,26.956,27.9414,3935107,603288
2019-01-08,27.794,28.1309,27.4192,27.5203,3248037,603288
2019-01-09,27.8699,28.9521,27.6593,28.5142,6573490,603288
2019-01-10,28.2952,28.5437,27.8151,28.0341,4267611,603288
2019-01-11,28.0888,28.3878,27.7098,28.3878,2619381,603288
2019-01-14,28.1057,28.3752,27.7182,28.1857,3817422,603288
2019-01-15,28.3415,30.1018,28.093,30.0176,9030447,603288
2019-01-16,29.8912,30.3124,29.6512,30.2408,4380339,603288
2019-01-17,30.3208,30.4892,29.8997,30.4429,4202721,603288
2019-01-18,30.6114,31.0198,30.1944,30.3839,5821321,603288
2019-01-21,30.6998,31.4536,30.4092,30.784,4058130,603288
2019-01-22,30.6914,30.864,30.1102,30.405,3826824,603288
2019-01-23,30.5608,30.864,30.047,30.3166,3660242,603288
2019-01-24,30.3292,30.7251,29.9628,30.5103,4345737,603288
2019-01-25,30.6998,31.0198,30.3671,30.7335,3061395,603288
2019-01-28,30.864,31.6684,30.2913,30.5692,5758434,603288
2019-01-29,30.6156,30.9525,29.9881,30.5692,4132496,603288
2019-01-30,30.5692,30.9019,30.1944,30.5187,4073343,603288
2019-01-31,30.4892,30.784,30.1018,30.4471,3941124,603288
2019-02-01,30.7419,31.1546,30.5777,31.142,4629674,603288
2019-02-11,31.1546,32.0263,31.1546,31.8158,5533033,603288
2019-02-12,31.9084,32.1569,31.4747,31.7526,4569329,603288
2019-02-13,32.0053,32.2916,31.6515,32.2453,4500667,603288
2019-02-14,32.1695,32.4264,31.8158,32.3422,5515841,603288
2019-02-15,32.0053,32.3927,31.4789,31.5505,5531211,603288
2019-02-18,32.4264,32.5359,31.8284,32.3169,6464854,603288
2019-02-19,32.4264,32.7043,31.8368,31.9589,6698821,603288
2019-02-20,32.3001,32.4264,31.1041,31.2894,8965373,603288
2019-02-21,31.5841,32.0474,31.2894,31.6978,6614551,603288
2019-02-22,31.5799,31.9547,31.1967,31.9547,5435131,603288
2019-02-25,32.0095,33.1255,32.0095,33.016,11768187,603288
2019-02-26,32.6412,33.0581,32.2032,32.2032,8431530,603288
2019-02-27,32.0011,33.2897,31.7105,32.1484,10249401,603288
2019-02-28,32.1316,32.4474,31.5926,32.2916,6766999,603288
2019-03-01,33.2139,33.2139,32.2622,32.6622,7698001,603288
2019-03-04,32.8475,33.5255,32.4264,33.1002,13166505,603288
2019-03-05,33.2686,33.4834,32.6791,32.8475,9286095,603288
2019-03-06,32.8054,33.0202,32.22,32.5527,8066947,603288
2019-03-07,32.3759,32.4264,31.3736,31.8621,10693981,603288
2019-03-08,31.441,31.7947,31.163,31.521,8061730,603288
2019-03-11,31.3273,31.9253,31.2178,31.5884,6910678,603288
2019-03-12,31.8789,32.2158,30.9609,31.2683,9242141,603288
2019-03-13,30.9735,31.0704,30.2618,30.7798,12889560,603288
2019-03-14,30.7419,31.5336,30.4724,31.2304,8182763,603288
2019-03-15,31.4999,31.9968,31.2094,31.66,6771273,603288
2019-03-18,31.6936,33.774,31.6936,33.6392,11512625,603288
2019-03-19,33.6055,33.7066,32.4306,32.9065,8939576,603288
2019-03-20,32.8559,33.7656,32.637,33.0791,8041453,603288
2019-03-21,32.8517,33.1928,32.4348,32.738,6002090,603288
2019-03-22,32.7633,33.1002,32.3464,32.7675,5729444,603288
2019-03-25,32.4348,32.4474,31.5673,31.6052,7319301,603288
2019-03-26,32.1021,33.4792,32.1021,32.637,13458839,603288
2019-03-27,33.0033,34.6162,32.4264,34.313,14362486,603288
2019-03-28,34.532,35.071,33.9761,34.7552,10449607,603288
2019-03-29,34.5488,36.6629,34.4057,36.5113,13829870,603288
2019-04-01,37.4041,37.4041,35.6269,36.4439,15166800,603288
2019-04-02,36.2165,36.6334,35.6732,35.8585,10150172,603288
2019-04-03,35.8543,36.2207,35.5848,35.9217,8277455,603288
2019-04-04,35.7954,36.8482,35.3742,36.4565,9886161,603288
2019-04-08,36.4692,37.8757,35.9975,36.427,10100324,603288
2019-04-09,36.6376,36.8482,35.7996,36.8482,9347575,603288
2019-04-10,36.844,37.7746,36.1112,37.3114,10089819,603288
2019-04-11,37.0587,37.4799,35.947,36.3891,6574353,603288
2019-04-12,36.0059,36.5071,35.669,35.8712,5186764,603288
2019-04-15,36.5113,36.5534,35.3532,35.3742,6195833,603288
2019-04-16,35.2984,36.3007,35.2058,36.1323,6836111,603288
2019-04-17,36.1744,36.9745,35.9554,36.2923,6677058,603288
2019-04-18,36.1196,36.4228,35.8038,36.3386,2919042,603288
2019-04-19,36.3849,36.7134,35.8164,36.6123,3957874,603288
2019-04-22,36.6123,37.0924,35.9133,36.0059,5592970,603288
2019-04-23,35.7954,37.143,34.7426,36.6334,12681427,603288
2019-04-24,36.6292,37.0587,35.8375,36.2165,5663754,603288
2019-04-25,36.1365,36.785,35.888,36.5492,5670623,603288
2019-04-26,36.2249,36.5071,35.3743,35.589,6804200,603288
2019-05-06,36.6376,37.4756,36.2165,37.2693,13398796,603288
2019-05-07,36.8903,40.4546,36.5709,40.0798,17429918,603288
2019-05-08,38.9599,39.6881,38.3807,38.7512,11116437,603288
2019-05-09,38.0954,38.7512,36.8349,37.3843,10350472,603288
2019-05-10,37.8953,38.9897,37.2736,38.9599,7575337,603288
2019-05-13,38.3254,39.39,38.1125,39.045,6879984,603288
2019-05-14,38.1125,38.9386,38.0273,38.402,6293826,603288
2019-05-15,38.7044,40.4546,38.5851,40.4546,10940264,603288
2019-05-16,40.2416,40.7356,39.8414,40.7186,9337558,603288
2019-05-17,40.4546,41.2211,40.0287,40.4546,9184213,603288
2019-05-20,40.4801,40.6888,38.9684,39.6029,8269869,603288
2019-05-21,40.0287,40.1692,39.0152,39.5646,6993813,603288
2019-05-22,39.3942,40.2331,38.8704,39.5858,4926320,603288
2019-05-23,39.39,40.1991,38.9641,39.0536,6953909,603288
2019-05-24,39.3814,40.0287,38.9897,39.7988,7081352,603288
2019-05-27,39.8158,40.4248,39.2963,39.935,6364458,603288
2019-05-28,40.1309,42.0727,40.0159,42.0642,19452688,603288
2019-05-29,41.2637,41.9535,40.7867,41.5362,9327536,603288
2019-05-30,41.5319,42.7115,41.2296,42.5837,13647426,603288
2019-05-31,42.7967,43.0011,41.8683,42.6689,7093452,603288
2019-06-03,42.3751,44.0444,42.3751,43.8229,10137016,603288
2019-06-04,43.8229,44.5937,41.945,42.5326,12447113,603288
2019-06-05,42.967,43.3503,42.1877,42.8818,7903020,603288
2019-06-06,43.0096,43.4056,42.0302,42.1664,7403996,603288
2019-06-10,42.4986,44.0529,42.2984,44.0188,9711552,603288
2019-06-11,44.0742,44.9259,43.7676,44.7853,10116428,603288
2019-06-12,44.7044,44.7044,43.5248,44.2871,8870445,603288
2019-06-13,44.236,44.5,43.4439,44.3041,6351572,603288
2019-06-14,44.3978,44.4787,43.3545,43.8485,8678841,603288
2019-06-17,43.2268,43.8613,42.7328,43.1927,9009192,603288
2019-06-18,43.3034,43.6058,42.6604,43.0096,9128478,603288
2019-06-19,42.5326,43.8059,42.5326,43.0735,13563904,603288
2019-06-20,43.0735,44.4915,42.6732,44.0742,17627063,603288
2019-06-21,43.8315,44.1508,43.0181,43.495,15555114,603288
2019-06-24,43.3077,44.3382,42.7967,43.9038,11594201,603288
2019-06-25,43.7378,44.2871,43.2651,44.2871,10923681,603288
2019-06-26,44.0359,44.2317,43.5206,43.9635,7527280,603288
2019-06-27,44.0742,44.994,43.7378,44.6959,12387527,603288
2019-06-28,44.6959,44.7129,44.1636,44.7129,6317953,603288
2019-07-01,45.1345,46.2247,44.7555,46.2247,12216574,603288
2019-07-02,45.8627,46.1821,45.2963,45.8073,8335031,603288
2019-07-03,45.5646,45.9692,44.7087,44.9259,9898819,603288
2019-07-04,45.2367,45.2367,43.1203,43.3503,12826536,603288
2019-07-05,43.5674,45.1175,43.5206,44.7513,11738735,603288
2019-07-08,44.5128,44.6746,43.0394,43.478,8943298,603288
2019-07-09,43.3545,43.8442,43.2566,43.6015,5883539,603288
2019-07-10,43.593,44.0486,43.3077,43.7463,4177436,603288
2019-07-11,43.9337,44.0699,43.3588,43.4439,4880513,603288
2019-07-12,43.3077,44.0529,43.3077,43.5248,5541145,603288
2019-07-15,43.5632,43.8613,42.3368,43.4056,7209182,603288
2019-07-16,43.5206,43.6909,42.3197,42.6476,8519177,603288
2019-07-17,42.4006,42.967,42.1025,42.5028,6293621,603288
2019-07-18,42.6178,42.9457,42.3708,42.6689,5272398,603288
2019-07-19,43.0011,43.5632,42.6774,43.1842,7614901,603288
2019-07-22,43.4226,43.8442,42.818,43.3928,5102959,603288
2019-07-23,43.3503,43.3503,42.4901,42.7115,4253136,603288
2019-07-24,43.0096,43.214,42.3368,42.5837,6335939,603288
2019-07-25,42.588,42.9968,42.1068,42.9627,6456110,603288
2019-07-26,42.6689,43.2182,42.5284,42.9755,4774221,603288
2019-07-29,43.1033,43.3332,42.5965,43.0479,4754378,603288
2019-07-30,43.3077,43.4269,42.7243,42.8392,4258894,603288
2019-07-31,42.6093,42.9457,42.3921,42.5412,4142045,603288
2019-08-01,42.7967,42.7967,40.4673,41.2637,11558050,603288
2019-08-02,40.4546,41.6937,40.2416,41.4979,8599599,603288
2019-08-05,41.0592,41.4425,40.5099,40.5738,6228852,603288
2019-08-06,40.412,40.9272,39.7136,40.9272,7703933,603288
2019-08-07,41.0465,42.1792,40.7995,41.7321,6862995,603288
2019-08-08,42.3112,42.4092,41.6554,42.192,5200137,603288
2019-08-09,42.3708,42.4134,41.8172,42.1111,5299901,603288
2019-08-12,42.1111,42.3325,41.5703,41.7406,4855205,603288
2019-08-13,41.6299,42.5412,41.0976,42.3325,5181010,603288
2019-08-14,42.5412,42.7839,42.0557,42.094,4762246,603288
2019-08-15,41.7321,42.2388,41.5234,41.6299,7380670,603288
2019-08-16,42.1579,44.2615,41.9237,43.9422,16460505,603288
2019-08-19,43.9464,44.4276,43.5206,43.7463,11249312,603288
2019-08-20,43.6739,44.4958,43.627,44.2828,9875870,603288
2019-08-21,43.9848,44.7087,43.9848,44.3084,5535926,603288
2019-08-22,44.6959,45.109,44.2019,45.0323,9170007,603288
2019-08-23,45.1303,46.5824,44.5213,45.9479,12225057,603288
2019-08-26,45.7137,45.9053,45.0536,45.3772,7736979,603288
2019-08-27,45.1345,46.3652,45.0962,45.901,12184749,603288
2019-08-28,45.9053,46.3524,45.1303,46.1693,6217286,603288
2019-08-29,46.4078,46.412,45.769,46.3311,4446009,603288
2019-08-30,46.5824,49.0948,46.4759,48.8308,16358921,603288
2019-09-02,48.7541,49.0991,48.1196,48.554,8359446,603288
2019-09-03,48.2602,48.9713,48.1409,48.4092,6420120,603288
2019-09-04,48.5881,48.6306,47.6086,48.2091,5445425,603288
2019-09-05,48.3326,48.7499,47.4213,48.1026,8658317,603288
2019-09-06,48.3453,48.3453,47.4809,48.0898,6722559,603288
2019-09-09,48.4305,48.801,47.911,48.0771,4506427,603288
2019-09-10,48.3326,48.5412,47.4383,47.8727,5395354,603288
2019-09-11,48.0302,48.0302,46.4163,46.757,7823920,603288
2019-09-12,47.1658,47.8599,46.7059,47.3531,5967210,603288
2019-09-16,47.566,47.681,46.7059,47.268,5295575,603288
2019-09-17,46.9358,47.1785,45.9479,46.1778,6169172,603288
2019-09-18,46.5057,48.4177,46.5057,48.1026,8964125,603288
2019-09-19,48.2176,48.307,46.6079,46.9614,8285653,603288
2019-09-20,46.9145,47.6938,46.5057,47.3191,7906840,603288
2019-09-23,47.4042,47.532,46.544,46.8847,3935448,603288
2019-09-24,47.268,48.0685,46.8379,47.2169,5232872,603288
2019-09-25,47.1402,47.6214,46.8421,47.2254,4241333,603288
2019-09-26,47.532,47.6725,46.6335,46.6335,4255852,603288
2019-09-27,46.7484,47.1956,46.4163,46.544,4390919,603288
2019-09-30,46.1863,47.3233,46.1012,46.8038,5562257,603288
2019-10-08,46.2332,47.3446,45.9479,46.4589,6860451,603288
2019-10-09,46.3652,47.0167,45.9393,46.7271,4594894,603288
2019-10-10,46.8208,46.9997,45.7392,46.6633,6857776,603288
2019-10-11,46.7995,47.4809,46.3013,46.9017,5246923,603288
2019-10-14,47.1743,47.664,46.7995,46.9912,6315793,603288
2019-10-15,46.8464,47.3574,46.4205,46.9486,4325576,603288
2019-10-16,46.8421,47.268,46.4503,46.8421,6033351,603288
2019-10-17,46.6462,46.9614,45.8542,46.1693,7988273,603288
2019-10-18,46.2119,46.395,45.6924,45.752,5820775,603288
2019-10-21,45.9862,46.3567,45.3943,45.5646,3555612,603288
2019-10-22,45.9393,46.3311,45.6498,46.0543,3428303,603288
2019-10-23,45.8329,46.412,45.5646,45.7562,4337198,603288
2019-10-24,45.7222,45.7605,43.9081,44.4106,13324446,603288
2019-10-25,44.3723,45.6796,44.1593,45.5816,7628412,603288
2019-10-28,45.8159,46.8421,45.5689,46.2247,6961375,603288
2019-10-29,46.0927,46.791,45.8925,46.4589,4201123,603288
2019-10-30,46.8379,47.0465,46.0841,46.9103,6641705,603288
2019-10-31,47.2211,47.6001,46.4844,47.5575,7089429,603288
2019-11-01,47.566,47.9748,47.055,47.8173,6183016,603288
2019-11-04,48.0685,49.0991,48.0345,48.669,8469615,603288
2019-11-05,48.6008,49.3971,48.422,49.0565,7188587,603288
2019-11-06,49.0352,49.6101,48.2176,49.214,6247296,603288
2019-11-07,49.3503,49.6101,48.6903,49.2694,5356420,603288
2019-11-08,49.4951,49.6441,48.29,48.4646,7618087,603288
2019-11-11,48.3496,48.8649,47.6938,48.0728,5682390,603288
2019-11-12,48.2815,48.3326,47.4809,47.9536,5201459,603288
2019-11-13,48.4305,48.4603,47.5235,48.175,5373762,603288
2019-11-14,48.3837,48.5455,47.9365,48.043,5348042,603288
2019-11-15,48.175,48.3283,47.5575,47.8045,3621360,603288
2019-11-18,48.1196,48.2687,47.4383,47.9578,4295227,603288
2019-11-19,48.1154,48.5242,47.9706,48.4092,6639384,603288
2019-11-20,48.3453,49.0565,48.3453,48.6732,5519111,603288
2019-11-21,48.8563,48.8861,47.566,48.0174,5863320,603288
2019-11-22,47.9791,48.0728,46.2034,46.8081,8765362,603288
2019-11-25,46.9826,46.9826,45.3517,46.5696,7034278,603288
2019-11-26,46.9912,47.4596,46.412,47.1828,11177572,603288
2019-11-27,47.187,47.268,46.3183,46.7229,4378237,603288
2019-11-28,46.9103,46.9656,46.4589,46.5824,3540370,603288
2019-11-29,46.4163,46.6462,44.9301,45.5561,10501952,603288
2019-12-02,45.6924,46.0714,45.3858,45.7264,4554806,603288
2019-12-03,45.6413,45.6413,44.7768,45.4709,6634079,603288
2019-12-04,45.654,46.3226,45.3517,45.5816,5583437,603288
2019-12-05,45.5646,47.1232,45.4752,46.8847,8340340,603288
2019-12-06,47.3744,47.3744,46.6718,47.3702,4070107,603288
2019-12-09,47.5192,47.6512,45.6413,45.7775,7959459,603288
2019-12-10,46.0117,46.0117,45.3858,45.6327,6051303,603288
2019-12-11,45.6327,45.7477,44.8407,45.6498,4942008,603288
2019-12-12,45.8201,45.9053,45.1388,45.3943,5693706,603288
2019-12-13,45.7179,45.9436,45.4581,45.7775,6269604,603288
2019-12-16,45.8201,46.1821,44.9855,45.5816,5801081,603288
2019-12-17,45.5646,46.2332,45.1856,45.7775,8614057,603288
2019-12-18,45.8584,46.1139,45.0536,45.3517,6903491,603288
2019-12-19,45.2325,45.3517,44.7513,44.9897,6658085,603288
2019-12-20,45.241,45.258,44.7768,45.0919,4565549,603288
2019-12-23,45.2282,45.3858,44.8535,45.0962,4936555,603288
2019-12-24,45.1814,45.522,44.7896,45.1388,4351595,603288
2019-12-25,45.2665,45.3517,44.9471,45.1345,2995114,603288
2019-12-26,45.0451,45.2197,44.7896,45.0919,2682103,603288
2019-12-27,44.9344,45.3347,44.8407,45.258,5488077,603288
2019-12-30,45.3474,46.033,45.011,45.7818,7331170,603288
2019-12-31,45.8755,46.1906,45.5689,45.7818,4308684,603288
2020-01-02,45.884,46.8038,45.8116,45.9904,8515154,603288
2020-01-03,46.2034,46.2459,44.2871,44.8875,12328616,603288
2020-01-06,44.5937,44.7044,43.9933,44.1253,10521763,603288
2020-01-07,44.2147,45.1388,44.2147,45.1388,8408202,603288
2020-01-08,45.2112,45.2112,45.2112,45.2112,5411845,603288
2020-01-09,45.3304,45.9905,45.3304,45.901,7345441,603288
2020-01-10,46.1182,46.2715,45.5646,45.9734,4551049,603288
2020-01-13,46.1182,46.1182,46.1182,46.1182,5583186,603288
2020-01-14,45.0962,45.0962,45.0962,45.0962,8230935,603288
2020-01-15,45.0962,45.9436,44.9259,45.7222,6541895,603288
2020-01-16,45.9905,46.2076,45.2112,46.1991,6821155,603288
2020-01-17,46.1948,46.8166,45.6796,46.7825,8151557,603288
2020-01-20,46.8762,47.8854,46.3141,47.7151,8985540,603288
2020-01-21,47.3957,47.9919,46.4163,47.6725,8919869,603288
2020-01-22,47.5235,47.5235,46.4248,46.7314,8176093,603288
2020-01-23,46.8208,46.8208,45.1473,45.654,9651148,603288
2020-02-03,41.0891,43.4525,41.0891,43.363,17652053,603288
2020-02-04,43.6483,44.3041,42.9244,43.725,12493352,603288
2020-02-05,43.725,44.3723,42.8818,44.2871,9842786,603288
2020-02-06,44.3595,45.2665,43.6483,44.8194,10064503,603288
2020-02-07,44.5341,45.5987,44.0657,45.3517,7678457,603288
2020-02-10,44.9684,45.3815,44.7555,45.0536,6008764,603288
2020-02-11,44.7129,45.5774,44.7129,45.5646,7383716,603288
2020-02-12,45.2665,46.1139,45.2665,45.5987,6224035,603288
2020-02-13,45.5646,45.7222,44.5,44.5852,6938208,603288
2020-02-14,44.6661,45.109,44.3212,44.5852,4770248,603288
2020-02-17,44.7768,45.2197,44.5,44.8705,5619867,603288
2020-02-18,44.6704,44.8364,43.8059,44.0231,10386826,603288
2020-02-19,43.8613,44.4787,43.8187,44.219,6533268,603288
2020-02-20,44.2871,45.3006,44.0316,45.0877,9874839,603288
2020-02-21,44.8024,45.0877,44.4063,44.6576,6680815,603288
2020-02-24,44.2999,44.6576,43.9507,44.2615,10112867,603288
2020-02-25,43.8059,44.5,43.0564,43.5078,9334633,603288
2020-02-26,43.1373,43.5972,42.6647,42.9414,8998442,603288
2020-02-27,43.0096,43.9337,43.0011,43.6271,9191972,603288
2020-02-28,41.962,43.6228,41.962,42.4049,9159963,603288
2020-03-02,42.5028,43.84,42.5028,43.4141,9614595,603288
2020-03-03,43.8613,44.7853,43.5206,44.1806,8863121,603288
2020-03-04,44.1764,44.7683,43.3715,44.3297,7170691,603288
2020-03-05,44.7129,46.0671,44.1508,45.3134,14692122,603288
2020-03-06,44.8151,45.2665,44.7129,45.0068,5369095,603288
2020-03-09,44.1423,44.5085,43.3928,43.3928,10262285,603288
2020-03-10,43.0862,44.7129,43.0862,44.4234,9632044,603288
2020-03-11,44.6491,45.7094,44.4234,44.9599,10632057,603288
2020-03-12,44.5,44.6874,43.4823,43.7165,7711941,603288
2020-03-13,42.4219,43.2864,41.4638,43.0011,11617556,603288
2020-03-16,41.7789,42.9968,41.3914,41.7321,12069859,603288
2020-03-17,41.7321,42.1153,39.424,41.3062,16878494,603288
2020-03-18,41.2977,42.3069,40.8804,41.3062,12978052,603288
2020-03-19,40.6675,41.7278,39.2537,39.7732,15737221,603288
2020-03-20,39.3772,43.1714,39.3772,42.6008,18142475,603288
2020-03-23,41.4766,44.4489,41.3999,43.5972,15282158,603288
2020-03-24,43.5972,44.9471,43.5334,44.2956,10994817,603288
2020-03-25,44.8535,45.8201,44.1508,44.3339,7476025,603288
2020-03-26,45.1388,48.3326,45.0877,47.6938,20392139,603288
2020-03-27,48.0132,49.7336,47.7917,49.0267,11796862,603288
2020-03-30,48.5455,49.8145,48.1665,48.456,12881671,603288
2020-03-31,49.3971,53.3021,48.9713,53.3021,19745432,603288
2020-04-01,53.5448,53.5448,50.4192,51.867,19889420,603288
2020-04-02,50.6747,53.0466,50.6747,52.9657,15794620,603288
2020-04-03,53.2297,55.3589,52.5058,54.4646,15959835,603288
2020-04-07,55.3589,57.8628,54.767,56.9983,16620576,603288
2020-04-08,55.7847,56.2105,53.5278,54.2091,12042847,603288
2020-04-09,54.2091,54.5924,53.1445,54.2858,5304656,603288
2020-04-10,54.2645,54.8947,53.6002,53.9962,4861469,603288
2020-04-13,53.9536,54.0729,52.6335,54.0175,4380481,603288
2020-04-14,53.6555,54.8734,53.2339,54.7201,9745240,603288
2020-04-15,55.1459,55.1459,52.8251,53.1871,9712135,603288
2020-04-16,53.2595,54.3156,53.1871,53.366,6585201,603288
2020-04-17,53.8684,54.6605,53.4128,53.6342,7680741,603288
2020-04-20,54.0388,54.0388,52.9571,53.3404,7588332,603288
2020-04-21,52.9529,53.647,52.9529,53.2254,4944991,603288
2020-04-22,53.3234,54.6051,53.0168,53.8344,9242728,603288
2020-04-23,53.8897,54.9245,53.1871,53.5917,10612725,603288
2020-04-24,53.6555,54.2943,52.8933,54.1154,7486276,603288
2020-04-27,54.8393,55.3589,52.5058,53.5065,13586695,603288
2020-04-28,53.4894,55.1545,53.1147,54.422,12920935,603288
2020-04-29,54.4433,54.5029,52.8081,53.8642,7493153,603288
2020-04-30,53.6555,53.6555,51.867,52.3482,11526408,603288
2020-05-06,51.7009,54.1793,51.5476,54.1623,14857674,603288
2020-05-07,54.7964,55.8961,54.3369,55.6069,12395433,603288
2020-05-08,55.5502,56.7634,54.6622,56.1284,12075509,603288
2020-05-11,56.1697,58.0954,55.2507,55.4159,11875053,603288
2020-05-12,56.0509,58.6736,55.6534,58.0644,16322062,603288
2020-05-13,57.8217,58.8852,57.0577,58.4309,11077558,603288
2020-05-14,58.5961,58.5961,56.8666,56.9544,10034842,603288
2020-05-15,57.5688,57.6978,56.3762,56.9957,6144542,603288
2020-05-18,56.9028,58.3896,56.4278,58.2347,9295730,603288
2020-05-19,58.7097,59.4841,57.6668,58.9523,10009100,603288
2020-05-20,58.9575,59.3705,58.369,58.9472,6299169,603288
2020-05-21,59.0917,61.926,58.9524,60.9658,12331389,603288
2020-05-22,60.3721,60.3979,58.0799,58.5032,9867150,603288
2020-05-25,59.1434,60.1965,57.4603,59.8765,9103944,603288
2020-05-26,59.8352,60.5321,58.9472,60.0985,6198727,603288
2020-05-27,59.892,60.0726,58.3432,59.035,7908884,603288
2020-05-28,59.0401,59.3395,58.0799,58.6787,5895725,603288
2020-05-29,58.813,59.7216,58.3432,59.3189,6681955,603288
2020-06-01,60.1449,60.6147,59.0143,60.1139,10329224,603288
2020-06-02,60.2533,60.3514,58.9988,59.2879,8641047,603288
2020-06-03,59.164,59.9642,58.8543,59.0298,6229177,603288
2020-06-04,58.8543,59.4273,58.338,59.133,7747484,603288
2020-06-05,59.3705,59.8868,58.5084,59.5615,8743981,603288
2020-06-08,59.6029,59.7835,58.3432,58.4412,10701015,603288
2020-06-09,58.4567,59.0556,57.8217,58.7872,7134873,603288
2020-06-10,59.1072,59.6132,58.7045,58.9162,7391558,603288
2020-06-11,58.7458,59.5254,58.4671,58.6839,7628615,603288
2020-06-12,58.1315,59.4222,58.0282,59.4222,8000883,603288
2020-06-15,58.942,59.8197,58.5961,58.8594,6628211,603288
2020-06-16,59.4996,60.3618,58.9937,60.0004,10807391,603288
2020-06-17,60.4031,60.4031,58.6064,59.8094,9882903,603288
2020-06-18,60.0417,60.3411,59.4015,60.212,6978261,603288
2020-06-19,60.403,62.21,60.3101,61.6369,12555417,603288
2020-06-22,61.6937,61.8847,60.5166,60.8625,8283467,603288
2020-06-23,60.9968,62.6437,60.8212,62.623,11367358,603288
2020-06-24,62.9328,64.0169,62.4681,63.9137,9739794,603288
2020-06-29,63.9085,64.6881,63.3045,64.3525,8834311,603288
2020-06-30,64.3473,64.4196,63.4284,64.2234,6598653,603288
2020-07-01,64.0169,64.6829,63.4955,64.5332,7393055,603288
2020-07-02,65.8238,66.0717,63.5006,64.0169,15729833,603288
2020-07-03,64.0221,64.4144,63.3974,64.1976,9033411,603288
2020-07-06,63.7846,64.7913,63.671,64.2441,14461223,603288
2020-07-07,64.2492,68.0283,64.0221,66.1078,18926764,603288
2020-07-08,66.6499,67.0422,65.3592,65.9632,11120378,603288
2020-07-09,65.9632,66.6395,65.3592,66.4124,9033582,603288
2020-07-10,65.9632,68.3535,65.8238,67.2384,10599507,603288
2020-07-13,67.1145,68.3948,66.7944,67.8218,10565786,603288
2020-07-14,67.8063,68.3277,66.4434,67.4243,8929630,603288
2020-07-15,67.734,70.083,67.1248,69.2622,13772170,603288
2020-07-16,69.0763,69.0763,65.0494,65.5657,15037392,603288
2020-07-17,65.5657,67.7908,65.5657,67.1661,9316300,603288
2020-07-20,67.8631,68.6478,66.2885,67.605,8151354,603288
2020-07-21,68.147,70.2069,67.2384,69.9746,10439014,603288
2020-07-22,69.2725,70.6613,68.7149,70.1501,9381426,603288
2020-07-23,69.6907,73.5317,69.1796,72.6385,14432034,603288
2020-07-24,72.6386,72.7779,70.3412,70.7645,11291936,603288
2020-07-27,71.4666,75.0753,70.6406,74.8533,12674670,603288
2020-07-28,75.3231,78.4723,74.8585,75.4728,13454547,603288
2020-07-29,74.9308,76.8203,74.2338,76.717,9508668,603288
2020-07-30,76.4073,76.5725,75.5193,75.891,7750486,603288
2020-07-31,76.0924,78.462,75.9426,77.4811,9499207,603288
2020-08-03,77.8219,78.4724,76.4847,77.1507,10433724,603288
2020-08-04,77.4346,77.9406,76.0924,76.6138,8609445,603288
2020-08-05,76.5364,77.3882,75.8962,77.1042,7390384,603288
2020-08-06,77.4398,78.3949,76.717,77.7909,8235845,603288
2020-08-07,77.4398,79.5049,77.2849,78.7253,10233939,603288
2020-08-10,78.2039,79.4791,76.3557,78.4775,8005336,603288
2020-08-11,78.6737,80.4858,78.6737,79.4687,7364189,603288
2020-08-12,79.4636,79.4636,77.5431,79.3603,8009333,603288
2020-08-13,79.8043,79.8198,78.2658,79.0351,5007941,603288
2020-08-14,79.0351,80.1502,78.2658,80.0211,6999762,603288
2020-08-17,80.4703,81.2086,79.5049,80.2277,7289288,603288
2020-08-18,79.5049,83.8931,79.5049,81.7403,10154574,603288
2020-08-19,81.7403,85.1735,81.2344,84.5798,9607044,603288
2020-08-20,84.048,86.1544,82.7057,84.7501,9103355,603288
2020-08-21,85.411,85.5091,84.048,85.4419,8204928,603288
2020-08-24,85.7878,86.1544,84.6675,85.2148,9254642,603288
2020-08-25,85.287,86.3609,85.287,86.3093,8801132,603288
2020-08-26,85.6536,88.7977,85.1941,88.7977,11134680,603288
2020-08-27,88.8957,94.6727,88.4776,94.4869,16267032,603288
2020-08-28,91.73,94.4817,91.1208,93.3924,14728998,603288
2020-08-31,93.9603,95.5091,93.4595,94.5798,11114410,603288
2020-09-01,94.4766,97.4658,94.4714,97.409,12080625,603288
2020-09-02,98.4002,103.2428,98.3796,102.4684,18773469,603288
2020-09-03,102.2206,104.8019,94.0894,95.5091,34226566,603288
2020-09-04,90.8679,91.6578,86.8978,88.173,28796944,603288
2020-09-07,86.9907,87.7032,82.6025,83.4698,26253064,603288
2020-09-08,83.5266,87.6928,81.761,86.9907,22411552,603288
2020-09-09,84.4146,84.4146,81.0537,82.0346,14967470,603288
2020-09-10,83.573,84.8895,82.6025,82.7109,12546928,603288
2020-09-11,83.3459,84.4042,81.5803,83.191,10257233,603288
2020-09-14,84.6159,84.6159,81.1569,82.0862,11687132,603288
2020-09-15,82.0759,84.079,81.2757,83.8415,11044965,603288
2020-09-16,84.5643,84.9566,82.0759,82.7057,8681187,603288
2020-09-17,82.716,82.716,80.0211,81.3996,11089907,603288
2020-09-18,80.6407,81.8281,78.9886,81.6835,12251781,603288
2020-09-21,80.6561,82.5405,80.3051,81.0537,8172775,603288
2020-09-22,80.6252,81.7248,80.1605,80.398,6524892,603288
2020-09-23,80.9401,82.5405,80.4083,81.73,7358414,603288
2020-09-24,81.3634,82.4837,80.7078,80.7078,7119286,603288
2020-09-25,81.5131,82.6025,81.2085,81.2344,7204949,603288
2020-09-28,81.2189,81.6732,80.5477,81.0124,4675103,603288
2020-09-29,81.5699,82.112,80.6923,81.7351,5713420,603288
2020-09-30,82.0707,85.2354,81.7403,83.6866,11189309,603288
2020-10-09,85.3697,85.9221,82.747,84.1977,10149657,603288
2020-10-12,84.4197,89.4223,84.2545,88.9732,12315070,603288
2020-10-13,88.9732,90.7853,88.2814,89.1229,6768811,603288
2020-10-14,88.2917,90.0883,88.1265,88.5344,9909903,603288
2020-10-15,88.968,89.4275,86.8771,88.2814,6223070,603288
2020-10-16,88.2814,88.9577,86.5054,86.9133,5317022,603288
2020-10-19,87.2489,87.4192,83.9035,84.1874,8946750,603288
2020-10-20,84.6366,87.7651,84.3216,87.5844,7901191,603288
2020-10-21,88.2814,88.3227,86.3247,87.1301,5220657,603288
2020-10-22,87.7393,87.7393,85.824,87.094,3958652,603288
2020-10-23,86.7326,86.9907,85.0289,85.0444,4466185,603288
2020-10-26,83.635,84.0687,81.0537,83.8931,4618469,603288
2020-10-27,83.2013,85.4522,83.1704,84.9102,6063107,603288
2020-10-28,84.6933,86.206,84.5643,85.6691,5625683,603288
2020-10-29,85.1838,86.8875,84.3371,86.3041,7521578,603288
2020-10-30,86.4745,86.6293,82.112,82.7057,12670535,603288
2020-11-02,83.7383,84.8224,83.1187,83.3975,9877339,603288
2020-11-03,83.5576,83.888,81.7558,82.9639,8086218,603288
2020-11-04,82.9122,84.3526,82.2411,83.7176,8037807,603288
2020-11-05,84.2081,87.0733,84.2081,87.0682,11981648,603288
2020-11-06,87.3108,88.7976,85.9582,87.7135,8447019,603288
2020-11-09,87.7651,89.0558,86.2421,87.1818,10993810,603288
2020-11-10,87.6567,87.76,86.2938,86.6242,7486223,603288
2020-11-11,86.5674,88.0749,86.015,86.3196,7009784,603288
2020-11-12,86.3196,86.8875,84.4094,84.8586,7308238,603288
2020-11-13,84.6675,84.8121,82.8658,84.0532,5397308,603288
2020-11-16,84.6675,84.9257,83.382,83.8209,4084872,603288
2020-11-17,84.0893,84.0893,82.1172,82.6335,5850574,603288
2020-11-18,82.6335,83.4285,82.6025,83.3769,4325743,603288
2020-11-19,83.1342,84.6056,82.1223,84.1564,4512558,603288
2020-11-20,84.048,85.6484,83.8931,84.8018,5491619,603288
2020-11-23,84.4094,85.2251,83.3097,83.9138,6759156,603288
2020-11-24,83.635,84.6056,83.635,84.2803,3947525,603288
2020-11-25,84.1513,84.1513,82.1895,82.1895,6154595,603288
2020-11-26,82.2669,83.2581,82.2669,82.6283,3166205,603288
2020-11-27,82.6334,83.5937,82.0862,83.5679,3629464,603288
2020-11-30,84.0687,84.1513,82.1895,82.1895,6788061,603288
2020-12-01,82.8554,85.4213,82.4476,85.2819,10047960,603288
2020-12-02,85.5245,86.9546,84.2855,86.0615,7063490,603288
2020-12-03,86.8358,88.7976,86.4073,88.5653,10869382,603288
2020-12-04,89.0558,93.9603,88.9525,93.9345,19037005,603288
2020-12-07,94.4766,96.2216,91.7817,93.95,11110127,603288
2020-12-08,93.9551,94.8638,93.1962,94.7347,6387216,603288
2020-12-09,94.2184,96.3351,93.7022,95.0445,9312626,603288
2020-12-10,94.2184,98.5447,94.2081,98.1989,11500061,603288
2020-12-11,98.0388,99.5566,96.1286,96.1286,15232438,603288
2020-12-14,97.6723,101.6836,96.8101,100.2742,13702827,603288
2020-12-15,101.3945,102.2205,99.8457,101.6578,10459885,603288
2020-12-16,101.1364,103.2531,100.7647,103.1034,8686010,603288
2020-12-17,103.155,105.7725,101.188,101.188,10545473,603288
2020-12-18,97.2386,99.3553,95.5091,97.5948,18505661,603288
2020-12-21,98.2711,100.8421,97.7239,100.3104,10786461,603288
2020-12-22,100.6976,101.8075,99.6392,99.6392,7739458,603288
2020-12-23,101.1571,101.7043,99.5876,100.8989,7184528,603288
2020-12-24,100.1503,101.6991,99.2882,100.8937,4353531,603288
2020-12-25,99.6392,103.7693,99.6392,103.7693,7317477,603288
2020-12-28,102.7626,103.6661,100.5685,101.5133,8202137,603288
2020-12-29,101.5133,103.0311,100.6201,101.9056,5947434,603288
2020-12-30,100.6201,103.4131,100.6201,103.2376,6393327,603288
2020-12-31,102.7368,104.2805,102.5613,103.5319,7019038,603288
2021-01-04,103.3047,105.3078,102.7368,103.5215,10046849,603288
2021-01-05,103.2531,106.3507,102.2206,103.9036,15885992,603288
2021-01-06,104.7399,106.8566,103.7693,106.6708,11987823,603288
2021-01-07,106.6604,110.9971,105.3181,110.7802,14695152,603288
2021-01-08,112.5562,113.3616,108.6739,110.6099,10780354,603288
2021-01-11,110.5995,110.5995,106.3507,106.8669,10395614,603288
2021-01-12,106.867,109.7116,106.867,109.0662,9443109,603288
2021-01-13,110.8938,110.8938,108.1576,109.9645,7067900,603288
2021-01-14,108.8649,111.4411,107.6414,110.9867,7620691,603288
2021-01-15,110.5789,110.6873,104.5489,105.6279,21011138,603288
2021-01-18,105.3078,105.3078,101.2396,105.0239,9811166,603288
2021-01-19,105.0187,105.5763,101.3584,103.3512,15412529,603288
2021-01-20,102.2206,104.4198,100.6872,103.6713,6669774,603288
2021-01-21,104.5696,106.6604,103.5628,104.8122,7605534,603288
2021-01-22,104.8019,106.6088,103.315,104.7967,7845894,603288
2021-01-25,106.6966,109.0353,104.8948,107.631,11509458,603288
2021-01-26,107.631,107.6517,105.5247,105.7053,6389183,603288
2021-01-27,105.7312,106.3507,102.5303,103.0466,8587420,603288
2021-01-28,103.0466,103.9655,101.7043,102.8865,6774761,603288
2021-01-29,102.6336,103.7694,100.5169,101.7817,7093324,603288
2021-02-01,101.2138,102.2154,99.7941,100.7131,8481518,603288
2021-02-02,100.7131,102.8917,100.4085,102.7523,8682483,603288
2021-02-03,102.7317,103.6042,100.6718,101.188,8198486,603288
2021-02-04,99.7012,102.1173,99.123,100.1555,8415933,603288
2021-02-05,100.9557,101.8798,99.2314,99.3863,12757124,603288
2021-02-08,99.3811,101.1312,96.996,100.6201,12754883,603288
2021-02-09,101.6423,108.6119,100.775,106.5572,16668159,603288
2021-02-10,106.8566,106.8566,104.425,106.4075,10148657,603288
2021-02-18,107.378,108.4054,97.4709,97.4709,29661521,603288
2021-02-19,97.5122,98.9578,95.2561,98.6996,16926809,603288
2021-02-22,99.6857,99.7322,94.4766,94.4921,13469133,603288
2021-02-23,93.79,96.7327,92.9846,94.3733,8941029,603288
2021-02-24,94.3733,95.2665,90.713,91.4771,13084645,603288
2021-02-25,91.5855,92.3805,89.4068,90.6975,10207986,603288
2021-02-26,87.7651,90.8627,87.1766,89.159,10140238,603288
2021-03-01,89.159,90.2587,87.8684,89.0455,8453392,603288
2021-03-02,89.8302,90.5013,86.7842,87.5741,9931932,603288
2021-03-03,86.7326,88.5808,86.0408,88.364,8470053,603288
2021-03-04,87.7548,88.2814,84.1771,84.9257,9986886,603288
2021-03-05,83.8054,87.347,82.6076,85.9582,9027189,603288
2021-03-08,86.2112,87.4502,81.6319,81.8539,9236263,603288
2021-03-09,81.5699,83.1187,78.9886,79.3345,12993251,603288
2021-03-10,81.0537,81.9829,79.3345,79.6597,11812545,603288
2021-03-11,80.4238,82.8038,79.763,81.3634,10638468,603288
2021-03-12,81.4925,82.0552,79.0402,80.2277,9366935,603288
2021-03-15,79.5049,79.9644,76.4073,77.0784,9760851,603288
2021-03-16,77.4295,78.5756,77.1817,78.4465,6330130,603288
2021-03-17,78.4517,79.6494,77.2385,78.9215,6342320,603288
2021-03-18,79.763,83.222,78.937,81.1931,11474721,603288
2021-03-19,79.4016,80.6716,78.0748,78.4982,8223157,603288
2021-03-22,78.5188,79.7682,77.4501,78.2968,6430851,603288
2021-03-23,77.698,78.6789,75.6587,76.6654,12139612,603288
2021-03-24,76.7274,77.4192,74.7552,75.638,8509383,603288
2021-03-25,75.1166,76.717,74.7552,76.3608,7058390,603288
2021-03-26,76.4124,78.2142,76.4124,77.6721,8211370,603288
2021-03-29,77.8735,79.1951,77.4398,78.5033,8988306,603288
2021-03-30,78.8854,83.3769,78.5498,81.3531,13693993,603288
2021-03-31,84.7295,84.7295,80.5684,82.4992,10980329,603288
2021-04-01,83.0413,85.6381,83.0413,85.4006,7732905,603288
2021-04-02,86.206,88.2607,86.1131,87.9716,9245864,603288
2021-04-06,88.0233,88.1781,85.0444,86.3867,6999886,603288
2021-04-07,86.6397,87.92,83.6298,87.8839,11882669,603288
2021-04-08,85.1993,90.7646,85.1838,90.553,11192135,603288
2021-04-09,89.8302,90.016,87.8735,88.6892,8176844,603288
2021-04-12,88.6273,88.6944,85.9634,87.1714,8847553,603288
2021-04-13,87.7548,88.7047,87.254,88.0749,6088168,603288
2021-04-14,87.3005,88.6428,85.8136,87.5741,6032760,603288
2021-04-15,87.1301,88.1059,86.0408,87.3779,3958027,603288
2021-04-16,88.2814,88.2814,84.8224,86.2163,5952559,603288
2021-04-19,86.6706,88.1523,85.3387,87.3728,5880645,603288
2021-04-20,87.2489,88.2711,86.5674,86.7119,5655635,603288
2021-04-21,86.2163,87.2334,85.7775,86.6552,5087811,603288
2021-04-22,86.8204,87.1972,84.1513,84.461,10641277,603288
2021-04-23,84.461,88.4518,84.1564,88.1781,11291546,603288
2021-04-26,88.8906,89.2313,83.6247,83.6402,15355497,603288
2021-04-27,83.7847,84.6417,83.635,84.3216,6541839,603288
2021-04-28,84.2339,84.2494,82.0862,83.3769,8825412,603288
2021-04-29,83.635,86.8358,83.3769,85.7001,8846804,603288
2021-04-30,87.7651,88.7873,85.9582,87.507,11829242,603288
2021-05-06,87.507,88.4879,84.4507,85.1786,9096279,603288
2021-05-07,85.0857,85.793,81.7558,82.1327,8830521,603288
2021-05-10,82.1533,83.0155,81.2602,82.396,6090384,603288
2021-05-11,82.3443,86.9907,81.6371,86.7584,9585013,603288
2021-05-12,86.7584,88.2607,86.015,87.0837,5368761,603288
2021-05-13,87.0837,88.1007,86.1028,88.0749,6438847,603288
2021-05-14,88.2814,90.3465,86.7739,89.6082,8521398,603288
2021-05-17,93.3447,97.003,93.3447,93.6535,13752629,603288
2021-05-18,93.6741,94.2026,91.8141,92.4318,7029720,603288
2021-05-19,92.4387,92.6583,89.9815,91.2582,6416564,603288
2021-05-20,91.114,92.3632,90.5718,91.2856,6627318,603288
2021-05-21,91.5121,91.7455,88.9383,90.3178,8877095,603288
2021-05-24,90.311,90.9287,88.952,90.8052,5797123,603288
2021-05-25,91.0248,95.3351,91.0248,95.2322,14608655,603288
2021-05-26,96.0764,96.4813,93.18,94.0997,10683558,603288
2021-05-27,93.379,95.9323,92.6652,94.7243,8452976,603288
2021-05-28,94.7243,94.8204,92.6583,93.228,8439207,603288
2021-05-31,93.2623,94.237,91.8347,94.2095,6497701,603288
2021-06-01,94.2164,95.6097,93.3653,95.3763,9497716,603288
2021-06-02,95.8018,95.8842,93.4819,94.7311,6530787,603288
2021-06-03,94.7311,94.9851,93.7428,93.8938,5389115,603288
2021-06-04,93.0015,95.3214,93.0015,94.3193,6472707,603288
2021-06-07,94.5801,95.1704,93.2211,93.4339,5285423,603288
2021-06-08,93.4339,94.7105,92.02,92.6583,7446716,603288
2021-06-09,92.6583,94.0997,91.9857,93.2074,5220671,603288
2021-06-10,93.228,94.4085,92.9809,93.4545,5769065,603288
2021-06-11,93.4545,93.482,91.972,92.4387,7052947,603288
2021-06-15,92.4387,93.0015,89.5697,90.2218,7752101,603288
2021-06-16,90.4963,91.9651,90.4963,91.9033,6858535,603288
2021-06-17,91.1827,91.6013,89.9129,90.3041,6407512,603288
2021-06-18,90.9424,91.8072,88.2656,88.8833,9206391,603288
2021-06-21,88.7461,89.5697,87.9568,89.0481,5913823,603288
2021-06-22,89.0618,91.2513,89.0618,89.858,9245926,603288
2021-06-23,90.5375,90.8532,89.2403,89.3432,5657484,603288
2021-06-24,89.5697,89.7893,87.9911,89.2334,6628939,603288
2021-06-25,88.8833,91.3199,88.5402,90.9424,9119642,603288
2021-06-28,90.9424,90.9424,89.6383,90.9287,5256224,603288
2021-06-29,90.8738,90.8738,88.4372,88.7667,7503277,603288
2021-06-30,88.7667,89.3638,88.4029,88.5059,3624954,603288
2021-07-01,88.5127,90.5993,87.9705,90.5993,8339861,603288
2021-07-02,89.9129,89.9129,85.932,86.6458,11622083,603288
2021-07-05,85.7947,86.3164,82.363,83.1523,9996539,603288
2021-07-06,83.0493,83.1454,77.9085,80.7088,14258294,603288
2021-07-07,79.6175,81.1618,78.9312,80.2764,8211709,603288
2021-07-08,80.9834,81.0589,78.938,80.5372,8154721,603288
2021-07-09,80.3039,80.6471,77.1466,78.1762,10770438,603288
2021-07-12,78.5468,80.6814,77.0506,80.2147,11104135,603288
2021-07-13,79.7754,84.6279,79.3155,84.4083,12862646,603288
2021-07-14,84.3534,86.4125,82.7336,85.6712,11415535,603288
2021-07-15,85.6781,88.4578,84.4358,88.1901,13393440,603288
2021-07-16,87.1949,87.6822,84.422,84.4975,8250885,603288
2021-07-19,83.0699,84.4563,81.0589,84.1338,8017492,603288
2021-07-20,83.4611,85.4035,82.9807,85.0123,7016688,603288
2021-07-21,83.7357,85.3829,81.4707,81.7864,10836649,603288
2021-07-22,81.5119,83.3101,80.75,82.0884,7024451,603288
2021-07-23,82.0884,82.967,80.4755,81.2579,6913998,603288
2021-07-26,80.9902,81.9031,78.5399,79.645,8317041,603288
2021-07-27,80.6471,81.0726,76.8721,77.6271,10160785,603288
2021-07-28,77.2153,78.3684,73.9894,77.3525,10867556,603288
2021-07-29,78.1075,79.1988,76.1857,78.5743,9774289,603288
2021-07-30,77.7918,79.1988,76.4946,78.6841,8073673,603288
2021-08-02,77.6408,82.3698,76.6662,80.8461,12485949,603288
2021-08-03,80.6471,82.0198,79.0684,81.7315,7670630,603288
2021-08-04,82.2669,82.2669,79.0478,79.6381,7794057,603288
2021-08-05,78.9311,82.3423,78.2585,80.5441,8476020,603288
2021-08-06,79.6175,80.2696,78.2791,78.787,5775624,603288
2021-08-09,78.7253,84.1955,78.3272,83.0905,15997736,603288
2021-08-10,83.0905,84.422,80.9079,84.2161,13401145,603288
2021-08-11,82.8091,84.0789,82.061,82.061,7671496,603288
2021-08-12,81.6766,82.5689,79.6244,79.6312,8046036,603288
2021-08-13,78.9312,80.448,78.9312,79.3979,5426259,603288
2021-08-16,79.343,80.1666,78.3272,79.2743,6326750,603288
2021-08-17,79.2812,79.6175,76.5564,76.8035,10194072,603288
2021-08-18,76.8103,77.3525,75.767,76.4946,4847061,603288
2021-08-19,76.1171,76.7897,75.4994,75.7876,5442418,603288
2021-08-20,75.4994,75.7327,71.4704,72.3764,12532386,603288
2021-08-23,73.0971,73.4403,71.3812,72.0539,9286106,603288
2021-08-24,72.7265,75.3621,72.0676,75.3484,9429008,603288
2021-08-25,75.6366,77.2153,74.8199,75.0121,5705443,603288
2021-08-26,75.0189,75.0875,72.3696,73.2687,6499215,603288
2021-08-27,72.85,75.2797,72.4451,72.8157,4842524,603288
2021-08-30,76.1857,76.1857,71.7587,72.4314,6311952,603288
2021-08-31,65.1903,66.4944,65.1903,65.1903,13733406,603288
2021-09-01,61.9095,65.4648,59.1503,63.8656,25726497,603288
2021-09-02,62.4586,63.1312,61.0859,61.635,17184290,603288
2021-09-03,59.919,63.4881,59.2327,61.8203,16565623,603288
2021-09-06,61.1202,63.5293,60.5368,63.1587,18179591,603288
2021-09-07,62.788,62.7949,61.5732,61.9369,15307319,603288
2021-09-08,61.6349,62.9116,61.2231,62.287,11874643,603288
2021-09-09,62.5753,63.1312,61.7722,61.7722,9959039,603288
2021-09-10,62.7743,62.7743,61.6349,62.3007,9066961,603288
2021-09-13,62.3968,62.4174,60.6878,61.0584,9471508,603288
2021-09-14,61.1476,61.7036,60.2622,60.523,8248579,603288
2021-09-15,59.7131,60.2965,59.0336,59.2464,9504154,603288
2021-09-16,59.0268,61.6967,58.6836,61.127,13117704,603288
2021-09-17,61.127,61.6693,59.5759,61.1545,7969118,603288
2021-09-22,60.9486,61.9438,59.5896,59.768,5932828,603288
2021-09-23,60.2622,63.0694,59.9534,62.8566,15554547,603288
2021-09-24,65.204,69.1437,65.204,69.1437,22887761,603288
2021-09-27,69.329,74.662,68.6358,73.1863,25168492,603288
2021-09-28,73.1863,74.7375,70.0085,73.9002,15234481,603288
2021-09-29,73.1246,75.4925,71.2989,75.3278,14615709,603288
2021-09-30,75.3209,76.021,73.9208,75.4994,11894011,603288
2021-10-08,75.7671,78.588,73.4678,76.8721,12185664,603288
2021-10-11,76.8721,77.5516,74.2845,75.4445,9262036,603288
2021-10-12,75.417,78.9312,73.9413,78.2448,11017941,603288
2021-10-13,80.3039,80.9902,76.1857,77.9359,12899795,603288
2021-10-14,77.936,78.7253,75.7053,77.1329,7328538,603288
2021-10-15,76.9956,79.4116,75.8425,78.7047,11760679,603288
2021-10-18,78.7047,78.787,76.7348,77.2496,8455159,603288
2021-10-19,76.5083,80.6059,76.2955,79.4802,9147820,603288
2021-10-20,79.4802,81.2167,78.7115,80.7706,8865096,603288
2021-10-21,80.9902,81.5942,79.8234,80.3039,5848147,603288
2021-10-22,81.2991,83.8867,79.9607,83.5984,12116921,603288
2021-10-25,82.4316,83.0493,80.3725,81.2991,9852927,603288
2021-10-26,81.2922,81.2991,79.391,79.7685,6522460,603288
2021-10-27,79.4597,80.8324,78.0869,79.7891,6111285,603288
2021-10-28,80.1666,80.6402,79.1234,79.8989,5740855,603288
2021-10-29,79.7411,80.6333,79.1508,80.3176,6955941,603288
2021-11-01,79.5489,79.5489,77.3525,77.483,8052777,603288
2021-11-02,77.483,82.363,77.483,82.363,16642816,603288
2021-11-03,81.7452,82.3561,80.3107,81.2099,9434946,603288
2021-11-04,81.608,85.3829,81.2099,84.7789,13664572,603288
2021-11-05,84.1132,85.328,83.3925,84.7378,7781817,603288
2021-11-08,84.6623,84.7378,82.0198,82.3973,6764990,603288
2021-11-09,82.2943,83.5847,81.6491,82.2943,5734560,603288
2021-11-10,82.1502,83.3925,79.6175,80.6745,6776902,603288
2021-11-11,80.0568,81.8139,79.7823,80.9147,5893569,603288
2021-11-12,80.702,80.8186,79.2743,79.8921,5479217,603288
2021-11-15,80.6471,84.1338,80.3862,83.6396,10054396,603288
2021-11-16,83.3925,83.9965,81.8139,83.365,5976412,603288
2021-11-17,82.4659,84.1132,82.363,82.8503,5874477,603288
2021-11-18,83.3856,83.3925,80.4068,81.6629,5168910,603288
2021-11-19,81.8756,82.9807,80.9902,82.2943,4234347,603288
2021-11-22,81.6766,82.363,80.5098,81.0452,5318775,603288
2021-11-23,80.5098,82.0198,80.0156,80.5578,5681463,603288
2021-11-24,80.5098,81.2167,79.6175,79.8783,4535283,603288
2021-11-25,80.6402,80.6402,77.2839,79.192,9215783,603288
2021-11-26,78.7115,79.6175,77.7644,78.6978,5665288,603288
2021-11-29,78.6429,78.9312,77.2908,77.9016,6009329,603288
2021-11-30,78.2036,78.2036,76.9064,77.078,5981867,603288
2021-12-01,77.0711,78.2448,77.0437,78.0252,4641184,603288
2021-12-02,78.0183,78.7733,77.2221,77.3525,3719460,603288
2021-12-03,77.6065,78.2448,75.7053,76.5632,7963868,603288
2021-12-06,76.8721,77.1123,73.907,75.4033,9525094,603288
2021-12-07,75.8426,78.0114,75.0258,77.3525,9887120,603288
2021-12-08,77.4486,78.3821,76.1926,77.4212,9143195,603288
2021-12-09,77.428,81.9923,77.1466,80.2353,14709346,603288
2021-12-10,79.7342,80.1529,77.7987,78.9312,12720561,603288
2021-12-13,78.9312,79.5214,77.3388,77.3525,12213306,603288
2021-12-14,77.2153,77.5584,76.3916,77.0025,8188432,603288
2021-12-15,76.8721,76.9819,74.4561,74.5728,11817870,603288
2021-12-16,74.5934,75.2248,73.4403,75.1905,9491700,603288
2021-12-17,74.9366,75.6229,74.1335,74.4698,5781478,603288
2021-12-20,74.7238,75.3484,74.5385,75.0738,5820814,603288
2021-12-21,74.7307,75.0738,72.5343,73.5638,7019001,603288
2021-12-22,74.0374,74.0374,72.1156,72.8569,6643474,603288
2021-12-23,72.9393,73.7148,72.4794,73.4609,5566395,603288
2021-12-24,72.7608,73.4952,72.7608,73.406,4277519,603288
2021-12-27,73.4197,75.9043,73.3854,75.8563,7921350,603288
2021-12-28,75.9386,76.1171,73.9688,74.7169,7382018,603288
2021-12-29,75.1562,75.1562,71.9235,71.9372,10913154,603288
2021-12-30,71.944,72.2735,71.1959,71.8479,5590960,603288
2021-12-31,71.848,72.7471,71.848,72.1431,3745873,603288
2022-01-04,72.548,73.0971,71.244,72.7814,8111780,603288
2022-01-05,73.6462,74.9983,72.8638,74.5591,11533354,603288
2022-01-06,75.3003,75.4651,73.7835,75.1768,9465932,603288
2022-01-07,75.4513,76.0896,74.8199,75.0121,6642816,603288
2022-01-10,75.1974,75.4582,72.9049,73.7629,6721143,603288
2022-01-11,73.4334,74.5728,72.4725,72.4794,6592703,603288
2022-01-12,73.0765,74.1267,71.4087,73.7286,6275806,603288
2022-01-13,74.3737,74.3806,72.2049,72.4176,4592567,603288
2022-01-14,72.4176,72.7539,70.64,70.64,6217370,603288
2022-01-17,70.6606,71.1959,69.2398,70.5164,5258990,603288
2022-01-18,71.0243,71.5528,70.1183,71.1959,4520383,603288
2022-01-19,71.2439,71.9646,70.7841,71.3606,3679485,603288
2022-01-20,71.9303,72.7539,71.3606,72.1705,5443112,603288
2022-01-21,71.8274,73.4403,71.3812,73.4403,5150971,603288
2022-01-24,73.2893,73.2893,70.6811,70.9076,4718782,603288
2022-01-25,70.8802,71.6558,69.1163,69.2673,5163920,603288
2022-01-26,69.3908,69.933,67.318,68.3612,6253750,603288
2022-01-27,67.1258,67.9494,65.911,65.9315,6126523,603288
2022-01-28,66.0276,69.6997,66.0276,66.2061,9565807,603288
2022-02-07,67.1395,67.5239,65.3138,65.3413,9405567,603288
2022-02-08,65.3413,65.8766,63.8519,65.5472,7433164,603288
2022-02-09,65.609,66.0963,65.204,65.7737,5253363,603288
2022-02-10,66.0414,66.0414,64.3804,65.6913,6116271,603288
2022-02-11,65.609,65.609,64.552,65.0599,5106570,603288
2022-02-14,64.1745,65.8904,63.8313,65.8904,6307682,603288
2022-02-15,65.8904,67.3317,65.6158,66.8169,5223900,603288
2022-02-16,66.8101,67.2631,65.6158,66.7689,4379551,603288
2022-02-17,66.7758,67.1258,66.1306,66.5218,3001105,603288
2022-02-18,65.911,67.3317,65.4099,67.1807,3901401,603288
2022-02-21,67.2631,68.6289,66.7277,68.2652,6092046,603288
2022-02-22,68.0181,68.0181,65.9659,66.4395,5155487,603288
2022-02-23,66.0139,66.714,65.2109,66.4463,4874754,603288
2022-02-24,65.7531,66.9199,65.204,65.5815,5358918,603288
2022-02-25,65.5129,68.2789,65.3756,66.8719,6929454,603288
2022-02-28,66.9062,67.9494,66.0276,67.9494,5967193,603288
2022-03-01,67.8808,70.0771,67.7023,69.8026,8595762,603288
2022-03-02,69.8026,70.3517,69.0957,69.3222,5090363,603288
2022-03-03,69.4045,70.2693,68.9721,69.583,3987944,603288
2022-03-04,69.5692,70.3448,68.6427,70.132,5268387,603288
2022-03-07,70.1321,70.3448,66.9199,67.1464,7636500,603288
2022-03-08,67.9494,68.2926,63.6254,63.8313,10483215,603288
2022-03-09,63.8313,64.4216,60.07,62.1017,10653808,603288
2022-03-10,63.7695,64.0372,62.3419,62.7194,6222004,603288
2022-03-11,62.7262,63.9823,61.1064,63.8313,6459904,603288
2022-03-14,63.1449,63.4538,60.9486,60.9486,7617199,603288
2022-03-15,60.8662,61.6006,58.4091,59.6102,8039584,603288
2022-03-16,60.2554,61.0859,58.4159,60.777,7714759,603288
2022-03-17,61.7722,63.9617,60.9005,63.797,8594827,603288
2022-03-18,63.797,64.2225,62.6508,63.1724,21957415,603288
2022-03-21,63.4881,63.5087,61.0035,61.3947,7626045,603288
2022-03-22,61.4428,61.834,60.7427,61.5457,3607546,603288
2022-03-23,62.4654,62.7674,61.4977,61.7036,4579787,603288
2022-03-24,61.6212,61.8683,60.5917,61.7722,4473588,603288
2022-03-25,61.7722,62.788,60.4544,60.4544,7212070,603288
2022-03-28,59.37,59.5553,57.7913,59.0268,10021302,603288
2022-03-29,58.3404,58.7454,57.8531,57.9629,5196378,603288
2022-03-30,57.9698,60.5368,57.6403,60.523,8757943,603288
2022-03-31,60.4681,61.4085,59.7131,60.0014,4664944,603288
2022-04-01,60.125,61.683,59.0268,60.6809,5113586,603288
2022-04-06,59.3219,60.173,58.4777,59.7131,6878666,603288
2022-04-07,59.1641,60.1181,58.6905,59.0748,3913348,603288
2022-04-08,58.9032,59.3562,58.3747,58.5463,3703040,603288
2022-04-11,58.5463,58.9444,56.9814,57.6541,5099845,603288
2022-04-12,58.2581,59.3768,57.5717,59.1709,5953424,603288
2022-04-13,57.6541,59.3082,57.6541,59.1366,3636915,603288
2022-04-14,59.1366,62.3899,58.7248,62.3831,10118788,603288
2022-04-15,62.1154,63.0008,61.381,62.0193,5393443,603288
2022-04-18,61.7722,62.9116,61.0447,62.1085,4031553,603288
2022-04-19,62.0811,62.3762,60.4681,60.8594,5120738,603288
2022-04-20,60.8662,63.2959,60.0083,62.8498,8769505,603288
2022-04-21,62.5204,63.7489,62.0468,62.4654,7351081,603288
2022-04-22,61.5183,62.4037,60.6191,61.3535,4366435,603288
2022-04-25,60.88,62.9459,60.4064,60.5368,9442990,603288
2022-04-26,61.0241,63.4881,60.6191,63.2616,11712114,603288
2022-04-27,63.1518,64.0784,61.1133,62.1634,11518577,603288
2022-04-28,62.1634,62.3762,60.7839,62.3762,8283472,603288
2022-04-29,62.7129,63.3072,60.9603,62.1185,11497494,603288
2022-05-05,62.1185,62.1414,59.2991,59.8782,13363371,603288
2022-05-06,59.4363,59.4363,57.9123,57.9885,6075294,603288
2022-05-09,57.9961,58.4076,57.2341,58.4076,4619763,603288
2022-05-10,58.7733,58.7733,57.3027,57.9961,7893169,603288
2022-05-11,57.9885,58.8343,57.3255,58.2704,13122078,603288
2022-05-12,57.6837,58.4152,57.5541,57.9732,7452591,603288
2022-05-13,58.2856,59.3448,57.5313,57.9123,8013424,603288
2022-05-16,57.7599,58.1104,55.7024,55.9158,14175364,603288
2022-05-17,55.9158,56.6931,54.7042,56.6931,8674068,603288
2022-05-18,56.5102,56.7693,56.0072,56.4949,6168115,603288
2022-05-19,55.9158,56.0835,55.169,55.7177,5279090,603288
2022-05-20,56.2892,57.135,55.7786,57.0436,11086335,603288
2022-05-23,57.5313,57.577,56.0073,56.152,8563434,603288
2022-05-24,55.5577,56.5406,55.55,55.9844,7507323,603288
2022-05-25,56.1596,56.6931,55.6339,56.0453,6670549,603288
2022-05-26,55.7786,56.0073,54.5213,55.5119,9503572,603288
2022-05-27,55.992,56.6245,55.2681,55.3976,7690248,603288
2022-05-30,55.3976,56.754,55.2681,56.4264,11431716,603288
2022-05-31,56.7616,58.659,55.9387,58.3999,14805591,603288
2022-06-01,59.2077,59.2077,57.4093,57.8513,8637438,603288
2022-06-02,57.135,57.5922,56.7769,57.0283,7997043,603288
2022-06-06,56.7693,57.8208,55.4891,57.7446,9929698,603288
2022-06-07,57.1503,61.7223,56.8074,61.1508,22945014,603288
2022-06-08,61.1508,63.0101,60.3354,62.3319,15081411,603288
2022-06-09,61.7375,62.2709,59.8782,60.0078,11398528,603288
2022-06-10,59.3296,61.0517,59.1696,60.9298,10550684,603288
2022-06-13,59.6649,60.686,59.3448,59.8325,9454395,603288
2022-06-14,59.3601,60.846,59.2686,60.8079,7737495,603288
2022-06-15,60.4345,63.231,60.3507,61.9128,13593104,603288
2022-06-16,61.9814,63.231,61.5089,61.8747,9309814,603288
2022-06-17,61.4937,63.993,61.4937,63.574,12295290,603288
2022-06-20,63.6882,64.755,63.2767,63.7797,8572927,603288
2022-06-21,63.7797,64.7627,63.1548,64.0083,6977919,603288
2022-06-22,63.7035,64.755,62.8424,62.8424,9146755,603288
2022-06-23,62.7434,63.9854,62.21,63.3149,8020311,603288
2022-06-24,64.0083,64.6789,62.9034,64.1455,9759736,603288
2022-06-27,63.9549,67.5821,63.9321,66.5229,14444870,603288
2022-06-28,65.9971,66.7515,65.0675,66.3629,9139350,603288
2022-06-29,66.4162,66.8353,65.357,65.9133,7488696,603288
2022-06-30,65.578,69.7614,65.2732,68.8546,14655181,603288
2022-07-01,68.9232,69.9519,67.9174,68.8851,8413842,603288
2022-07-04,69.9519,70.0891,68.5879,69.0756,7629726,603288
2022-07-05,69.7233,70.0967,67.384,68.7098,9531050,603288
2022-07-06,68.4965,68.8851,67.8183,68.5803,9279114,603288
2022-07-07,67.6583,68.2679,66.279,67.1325,9195825,603288
2022-07-08,67.1935,67.5821,65.9895,66.3629,7405915,603288
2022-07-11,65.5094,65.6695,63.2463,64.5341,9831687,603288
2022-07-12,64.6788,65.0522,64.1073,64.5036,5733852,603288
2022-07-13,63.8559,65.6542,63.8559,64.8465,6388528,603288
2022-07-14,64.8465,65.2732,64.0083,64.5036,5263719,603288
2022-07-15,64.0083,65.7533,63.5358,63.6197,8769064,603288
2022-07-18,63.4825,64.6788,62.3928,64.374,6774906,603288
2022-07-19,64.3741,64.9227,63.4749,64.4655,5239717,603288
2022-07-20,65.2275,66.2867,64.4655,65.2199,7952017,603288
2022-07-21,65.037,65.4485,63.7873,63.9168,5353272,603288
2022-07-22,63.8559,65.1513,63.5358,64.595,4850532,603288
2022-07-25,63.8559,64.7703,63.8254,64.6712,3664738,603288
2022-07-26,64.7627,65.9438,64.5264,64.7093,4526107,603288
2022-07-27,64.6255,64.6636,63.5206,63.8864,4017440,603288
2022-07-28,64.0083,65.3799,63.6654,65.098,7113282,603288
2022-07-29,64.4731,64.7627,61.9509,62.9948,11198910,603288
2022-08-01,62.4919,62.5224,61.2422,62.0042,5371702,603288
2022-08-02,62.0042,62.85,61.4251,62.3319,6403548,603288
2022-08-03,62.3395,62.7891,61.6461,61.7223,4940919,603288
2022-08-04,62.2176,63.3149,61.7299,63.0177,6269468,603288
2022-08-05,63.734,63.8025,62.6748,63.3987,4775300,603288
2022-08-08,62.4843,63.5206,62.3395,63.1396,4413224,603288
2022-08-09,62.9491,62.9491,61.8747,62.5148,4034115,603288
2022-08-10,62.4081,62.4081,58.9333,59.4591,13946368,603288
2022-08-11,59.4439,60.4269,58.1485,60.3507,9183878,603288
2022-08-12,60.0535,61.0365,59.6877,60.945,4998873,603288
2022-08-15,60.5945,61.4937,60.0306,60.1983,4987774,603288
2022-08-16,60.1983,61.2498,60.0078,60.1221,3952765,603288
2022-08-17,60.1221,60.3507,59.0553,60.3049,4871817,603288
2022-08-18,60.2364,60.4497,59.3524,59.4972,3984798,603288
2022-08-19,59.1162,60.1525,59.0629,59.5658,4137631,603288
2022-08-22,58.8267,60.5793,58.8267,59.6877,4235880,603288
2022-08-23,59.5506,60.0306,58.9029,59.3905,4496168,603288
2022-08-24,59.4363,59.8325,58.9714,59.0019,5158863,603288
2022-08-25,58.9714,59.7258,58.88,59.6725,4535424,603288
2022-08-26,59.6649,60.8536,59.4515,60.3202,5742027,603288
2022-08-29,59.7868,60.5031,59.4744,59.8706,4340898,603288
2022-08-30,59.9163,60.3431,58.2933,59.6268,6338157,603288
2022-08-31,59.482,61.6156,58.9029,61.387,11046136,603288
2022-09-01,60.7393,60.8764,59.7715,59.9011,7650141,603288
2022-09-02,60.2059,60.724,59.1696,59.4363,5144384,603288
2022-09-05,59.0705,59.7335,57.5313,58.1028,7026354,603288
2022-09-06,58.5828,59.4363,57.9123,58.1561,4589136,603288
2022-09-07,57.516,58.0799,57.3255,57.6456,4880758,603288
2022-09-08,57.8208,58.2323,57.5313,57.7599,3803782,603288
2022-09-09,58.0647,60.5793,57.4779,60.5031,13611183,603288
2022-09-13,61.2955,62.2023,60.8841,61.7299,7838509,603288
2022-09-14,61.7223,62.7129,61.3718,62.4081,8086933,603288
2022-09-15,62.1642,62.5986,61.8061,62.1795,6634908,603288
2022-09-16,61.8747,62.4767,61.326,61.6765,7488673,603288
2022-09-19,61.4327,62.3319,60.8079,62.0804,5574572,603288
2022-09-20,62.37,62.37,61.1355,61.5546,4415931,603288
2022-09-21,61.0365,61.5318,59.7258,60.244,4804608,603288
2022-09-22,59.4439,60.1983,59.1924,59.4363,3820425,603288
2022-09-23,59.4363,59.8782,59.0553,59.4058,3466857,603288
2022-09-26,59.1848,61.2651,59.1086,60.7317,6325357,603288
2022-09-27,60.1297,62.7281,59.6496,62.4005,8303379,603288
2022-09-28,62.3928,64.2369,61.8366,63.2463,8762374,603288
2022-09-29,63.4215,65.5171,63.2463,64.0083,10453437,603288
2022-09-30,63.9702,63.9702,62.6367,63.1091,5199094,603288
2022-10-10,58.0647,59.8477,57.1503,57.2112,25576886,603288
2022-10-11,56.3502,57.3636,55.2452,55.9692,14231898,603288
2022-10-12,55.9691,56.1292,52.8983,55.4357,13504682,603288
2022-10-13,54.8642,57.7751,54.4832,57.417,12643195,603288
2022-10-14,57.4246,58.1485,56.3959,57.074,9349364,603288
2022-10-17,57.1503,58.179,56.3883,57.6989,7503628,603288
2022-10-18,57.5312,58.179,56.9978,57.1121,5674395,603288
2022-10-19,56.4111,56.975,53.9041,54.1251,12907509,603288
2022-10-20,53.3402,55.5958,53.3402,54.7195,11373855,603288
2022-10-21,54.5137,54.9862,53.5688,53.6527,8434543,603288
2022-10-24,53.165,54.0946,51.641,51.74,10659715,603288
2022-10-25,52.3877,53.767,52.0829,52.6849,9243621,603288
2022-10-26,52.1591,53.0202,51.3819,51.7172,10453708,603288
2022-10-27,49.5836,50.4903,48.5244,48.5244,17203095,603288
2022-10-28,47.3966,48.4939,46.7108,47.0156,14001828,603288
2022-10-31,46.1012,46.566,45.3087,45.4764,10225803,603288
2022-11-01,45.9107,48.9282,45.9107,48.8597,15526014,603288
2022-11-02,49.2407,50.8256,48.8673,50.2922,14056905,603288
2022-11-03,50.5742,50.818,49.7588,50.5818,7444683,603288
2022-11-04,50.4065,53.325,50.216,53.1878,15789474,603288
2022-11-07,52.1134,56.6321,51.8162,55.3291,18468554,603288
2022-11-08,55.3215,55.5501,53.5384,53.9194,6754050,603288
2022-11-09,53.7593,53.7898,52.4258,52.7459,6036733,603288
2022-11-10,52.4639,54.3156,52.1972,53.866,8215092,603288
2022-11-11,55.4738,56.053,54.0641,55.0166,11687361,603288
2022-11-14,56.1215,56.3882,55.0928,55.3976,10403730,603288
2022-11-15,55.2452,56.152,55.0319,55.3824,8375986,603288
2022-11-16,55.2452,56.7235,55.2452,55.8396,7935039,603288
2022-11-17,55.8396,56.3578,55.1309,55.8853,4718671,603288
2022-11-18,56.1825,56.1825,54.7728,54.788,8171456,603288
2022-11-21,54.6356,54.9938,53.3402,54.9404,6939199,603288
2022-11-22,55.5043,55.9234,53.8432,54.1556,5300809,603288
2022-11-23,54.4832,54.788,53.7212,53.7212,5513551,603288
2022-11-24,54.5213,54.8642,53.2869,53.4545,4995814,603288
2022-11-25,53.4545,53.8203,53.1497,53.3631,3835141,603288
2022-11-28,51.862,53.5612,51.3209,53.485,8663298,603288
2022-11-29,53.9727,54.7728,53.5307,53.7593,11007981,603288
2022-11-30,54.0794,54.0794,53.2031,53.6146,6681948,603288
2022-12-01,55.2452,57.074,55.0166,56.4644,17038987,603288
2022-12-02,55.9768,57.5313,55.9006,57.417,11164461,603288
2022-12-05,58.5295,58.659,57.6608,58.3009,10124632,603288
2022-12-06,57.9046,61.3413,57.8208,60.9679,13917492,603288
2022-12-07,61.1203,63.0863,60.3888,62.3319,13362457,603288
2022-12-08,62.1414,62.1795,60.6021,60.9603,7498250,603288
2022-12-09,60.7774,61.4022,59.482,61.1127,9705801,603288
2022-12-12,60.8688,61.3032,59.9087,60.7698,5708186,603288
2022-12-13,60.9527,61.8442,59.8782,61.3108,6673663,603288
2022-12-14,61.3413,62.2938,60.5793,62.1795,6152692,603288
2022-12-15,62.0347,62.0423,60.5412,61.0517,4939846,603288
2022-12-16,61.067,61.5927,60.7012,61.5623,5278258,603288
2022-12-19,61.5546,61.707,60.8079,61.0212,3412755,603288
2022-12-20,60.8003,60.9831,58.7505,59.3753,5194957,603288
2022-12-21,60.0306,60.1449,59.3143,59.6344,4255820,603288
2022-12-22,60.1297,60.564,59.322,59.7334,4578470,603288
2022-12-23,59.5506,61.707,58.8267,61.3946,7051287,603288
2022-12-26,61.4022,62.8653,60.5031,60.6097,4607593,603288
2022-12-27,61.3108,61.5546,60.5183,60.7164,4445299,603288
2022-12-28,60.9679,61.2727,60.2059,61.1965,6169057,603288
2022-12-29,60.7393,60.9526,59.4363,60.0687,5229375,603288
2022-12-30,60.0687,60.9603,59.6801,60.6555,5657314,603288
2023-01-03,60.1678,60.1678,58.6743,59.2,7218276,603288
2023-01-04,59.0476,59.3601,58.6743,58.6743,4692546,603288
2023-01-05,59.8477,61.3337,58.7733,60.9298,9614852,603288
2023-01-06,60.6936,60.8841,59.8477,60.4269,6336274,603288
2023-01-09,61.4098,61.6232,59.9239,61.1355,8364470,603288
2023-01-10,61.0746,61.3336,60.3811,61.0746,6117836,603288
2023-01-11,61.0746,61.2651,60.0459,60.1221,4827877,603288
2023-01-12,60.6555,60.6707,59.7715,60.1983,4737543,603288
2023-01-13,60.2364,62.7205,60.1983,62.7205,13629327,603288
2023-01-16,62.751,65.5323,62.751,64.8313,11889490,603288
2023-01-17,64.6026,64.7703,63.894,64.3893,7410631,603288
2023-01-18,64.2369,64.755,63.0558,63.292,8155944,603288
2023-01-19,63.292,63.3835,61.0441,61.4556,13465884,603288
2023-01-20,61.6308,61.8594,60.3583,60.7621,10149805,603288
2023-01-30,63.1853,63.1853,60.8079,61.1812,12092534,603288
2023-01-31,61.7528,62.0195,60.4269,60.4573,8205360,603288
2023-02-01,60.4878,60.7774,59.6725,60.3812,6380962,603288
2023-02-02,60.5412,60.8764,59.8249,60.8688,7289054,603288
2023-02-03,60.3659,60.465,59.4363,59.8858,7415016,603288
2023-02-06,59.4134,59.8935,58.7733,59.8935,5838646,603288
2023-02-07,60.183,60.2059,59.3601,59.5353,4289726,603288
2023-02-08,59.5353,60.0459,58.8114,58.9029,5665480,603288
2023-02-09,58.8038,59.4972,58.6895,59.2991,4974331,603288
2023-02-10,59.2077,59.3296,58.6743,59.2077,5859960,603288
2023-02-13,58.5752,60.1297,58.5752,60.0992,10135066,603288
2023-02-14,60.1221,60.3354,59.581,60.0992,4450869,603288
2023-02-15,60.0459,60.2364,59.2153,59.4744,4437295,603288
2023-02-16,59.9087,60.5488,59.101,59.482,7850482,603288
2023-02-17,59.4439,60.9603,59.2991,59.6649,10735828,603288
2023-02-20,59.4363,61.0365,59.1315,60.8003,7694214,603288
2023-02-21,60.8003,61.7985,60.564,61.4175,8432786,603288
2023-02-22,61.4099,61.9509,61.1432,61.4861,6505821,603288
2023-02-23,61.4861,62.4462,61.0212,61.3184,5413778,603288
2023-02-24,60.9603,61.5546,60.6783,60.7698,5430010,603288
2023-02-27,60.4878,62.2938,60.4345,62.149,9671618,603288
2023-02-28,62.2557,63.0177,61.8747,62.6214,7293310,603288
2023-03-01,62.4843,62.9186,62.2328,62.6367,5783955,603288
2023-03-02,61.7223,62.8653,61.7223,62.1795,4153374,603288
2023-03-03,62.9415,63.0177,61.5775,61.6308,4868059,603288
2023-03-06,61.4784,61.6308,60.7393,61.326,4948017,603288
2023-03-07,61.0365,61.1813,59.2077,59.2839,7951994,603288
2023-03-08,59.2839,59.2839,58.6971,58.9029,4864615,603288
2023-03-09,58.941,59.2153,57.2417,57.3179,8657605,603288
2023-03-10,57.0741,57.8665,56.9826,57.3408,5112536,603288
2023-03-13,57.4474,58.7733,57.4474,58.4152,5414484,603288
2023-03-14,58.4152,58.7809,57.3331,57.8056,3831518,603288
2023-03-15,58.659,58.6666,57.1731,57.2265,4267839,603288
2023-03-16,57.2341,57.798,57.0055,57.4855,3377815,603288
2023-03-17,57.7218,58.4685,56.7693,56.975,6205418,603288
2023-03-20,56.9902,57.2265,56.373,56.7845,3721587,603288
2023-03-21,57.1426,57.5008,56.8074,56.9979,4688574,603288
2023-03-22,57.5922,57.6684,56.7083,57.2265,5748408,603288
2023-03-23,56.7769,57.2188,56.6168,56.9826,4169736,603288
2023-03-24,56.3806,57.356,56.3806,57.1045,3697357,603288
2023-03-27,57.6075,57.6075,56.312,56.4644,5473177,603288
2023-03-28,56.4949,57.4932,56.4949,57.1045,4259329,603288
2023-03-29,57.9885,58.0189,56.7769,57.0436,3326166,603288
2023-03-30,57.2874,57.8665,57.0436,57.7522,4804310,603288
2023-03-31,57.9427,58.6133,57.7827,58.3237,4797372,603288
2023-04-03,58.819,59.04,58.2552,58.8267,4779684,603288
2023-04-04,58.6743,59.7639,58.4304,59.7106,5454670,603288
2023-04-06,59.6953,59.6953,58.1942,58.4304,3565866,603288
2023-04-07,58.3085,58.9943,58.1409,58.4076,2078884,603288
2023-04-10,58.2933,58.3847,57.4703,57.6837,3781851,603288
2023-04-11,56.5254,58.0189,56.5254,57.2112,4589288,603288
2023-04-12,57.4551,57.5313,56.4645,56.6016,5154789,603288
2023-04-13,56.5026,56.6397,55.5272,56.152,4241560,603288
2023-04-14,56.3273,56.5254,55.5501,55.7177,4063508,603288
2023-04-17,55.0929,56.2206,55.0929,56.1597,4440723,603288
2023-04-18,56.1597,56.754,56.0682,56.7235,5595482,603288
2023-04-19,56.7312,56.7693,55.5501,55.8091,3956034,603288
2023-04-20,55.8091,55.9844,54.8642,54.8947,4876310,603288
2023-04-21,54.8947,55.2376,54.1403,54.247,5470668,603288
2023-04-24,54.1022,54.1022,53.3479,53.4926,3891660,603288
2023-04-25,53.645,54.4528,53.3402,53.9117,5303700,603288
2023-04-26,53.3479,53.3479,50.6808,52.1515,11883466,603288
2023-04-27,52.3344,53.4164,52.0601,52.9364,6836175,603288
2023-04-28,52.5782,53.9956,52.5782,53.7974,4936119,603288
2023-05-04,55.2833,55.3214,52.6773,52.7916,6473523,603288
2023-05-05,53.0202,53.3021,52.4411,52.8526,3433910,603288
2023-05-08,52.8449,53.3174,52.2734,52.4944,4893307,603288
2023-05-09,52.3496,52.8068,51.8543,52.0905,5968668,603288
2023-05-10,52.8602,52.8602,51.3971,51.9077,6902872,603288
2023-05-11,51.9077,52.022,51.3209,51.3819,4761310,603288
2023-05-12,51.3971,51.961,51.0923,51.0999,3895033,603288
2023-05-15,50.8637,51.4352,50.3837,51.359,7562185,603288
2023-05-16,51.3743,51.4047,49.995,50.6656,8288386,603288
2023-05-17,50.6504,50.9018,49.0883,49.3473,10425591,603288
2023-05-18,49.3016,49.9722,48.5244,49.0578,9179241,603288
2023-05-19,48.8597,49.7283,48.6387,49.3092,6843002,603288
2023-05-22,49.7436,50.8866,49.0502,50.5361,9554089,603288
2023-05-23,50.437,50.7494,49.7664,49.7664,4483849,603288
2023-05-24,49.5531,50.1093,49.073,49.073,4829474,603288
2023-05-25,48.7454,49.3778,48.5625,48.753,4781932,603288
2023-05-26,48.7682,49.3473,48.6158,48.8597,3794090,603288
2023-05-29,48.8978,49.3778,47.8157,48.212,7871306,603288
2023-05-30,48.5625,48.5625,46.9394,47.1909,7575597,603288
2023-05-31,47.1604,47.1832,46.1012,46.1012,11117755,603288
2023-06-01,46.2063,47.5972,46.1785,46.4752,10258825,603288
2023-06-02,46.7348,47.4025,46.3176,47.1336,8577245,603288
2023-06-05,47.1429,47.1429,46.0394,46.1043,8548083,603288
2023-06-06,46.1043,46.7812,45.8076,45.8539,7945329,603288
2023-06-07,46.0023,46.7812,45.5665,45.7148,7203856,603288
2023-06-08,45.7056,45.9188,45.0657,45.6963,6037855,603288
2023-06-09,45.8076,46.0487,45.2048,45.2048,6349625,603288
2023-06-12,45.2048,46.1599,44.7412,45.8261,8297237,603288
2023-06-13,45.9096,46.9667,45.9003,46.3732,10110894,603288
2023-06-14,46.6143,47.0687,46.299,46.5958,10150903,603288
2023-06-15,46.9203,47.6158,46.5679,47.3654,9190140,603288
2023-06-16,47.4581,47.7549,46.8739,47.3376,9236910,603288
2023-06-19,47.3098,47.7363,46.707,46.7441,7068228,603288
2023-06-20,46.7441,46.9018,46.4567,46.5679,4177304,603288
2023-06-21,46.3361,46.6421,45.9467,46.0394,5567826,603288
2023-06-26,45.4367,45.891,44.8803,45.1121,6799619,603288
2023-06-27,45.1307,45.5665,44.2683,44.5094,9865030,603288
2023-06-28,44.5186,44.7412,43.953,44.4816,8454824,603288
2023-06-29,44.3888,44.463,43.6748,43.6748,8558237,603288
2023-06-30,43.4708,43.7583,42.8496,43.443,8947182,603288
2023-07-03,43.443,44.9081,43.3874,44.7597,12215498,603288
2023-07-04,44.7968,45.3903,44.3703,45.3161,7569433,603288
2023-07-05,45.3161,45.3254,44.055,44.1663,7837020,603288
2023-07-06,43.8603,44.6021,43.2112,43.3039,8856398,603288
2023-07-07,43.1185,43.3781,42.4508,42.4601,9700662,603288
2023-07-10,42.4601,43.5821,42.4045,42.6826,11960576,603288
2023-07-11,42.6548,42.7939,41.6163,41.811,17131944,603288
2023-07-12,41.811,41.811,40.893,41.0414,14652680,603288
2023-07-13,41.0414,42.1077,40.9672,42.0521,15123949,603288
2023-07-14,42.0521,42.1819,41.6348,41.8203,9357441,603288
2023-07-17,41.4494,41.7275,41.1712,41.7275,6517919,603288
2023-07-18,41.8388,41.8666,41.1341,41.2175,9174582,603288
2023-07-19,40.9394,41.3381,40.7075,40.9857,9665066,603288
2023-07-20,41.1805,41.4401,40.8374,40.9023,7021569,603288
2023-07-21,40.7075,42.1077,40.6797,41.5328,11725745,603288
2023-07-24,40.9857,41.3288,40.2439,40.5684,12514162,603288
2023-07-25,41.3752,42.1263,41.2732,41.6163,19687522,603288
2023-07-26,41.4586,41.8666,41.4494,41.8574,11013080,603288
2023-07-27,41.8574,41.9965,41.3566,41.4679,15126336,603288
2023-07-28,41.2083,42.7846,40.9672,42.423,25544626,603288
2023-07-31,42.9701,43.4337,42.4972,42.933,27493516,603288
2023-08-01,43.1741,43.7676,42.525,42.7012,21661426,603288
2023-08-02,42.6455,42.9886,42.3303,42.5157,9932677,603288
2023-08-03,42.1912,43.0072,42.1912,42.9423,11206855,603288
2023-08-04,43.1185,43.4894,42.6548,42.6826,12149338,603288
2023-08-07,42.6085,42.6548,42.015,42.2839,10018460,603288
2023-08-08,41.9872,42.5065,41.913,42.4137,6816831,603288
2023-08-09,42.4137,43.0999,42.0985,42.8774,9283313,603288
2023-08-10,42.729,42.9423,42.1541,42.7475,7731452,603288
2023-08-11,42.7475,42.7754,41.0784,41.1063,14626818,603288
2023-08-14,40.3366,40.587,39.5299,40.1604,17442281,603288
2023-08-15,40.4294,40.4294,39.3166,39.6226,10364699,603288
2023-08-16,39.3444,39.7895,39.3166,39.4001,7427002,603288
2023-08-17,39.1312,39.7153,38.6768,39.6226,12749545,603288
2023-08-18,39.5484,39.5484,38.2781,38.343,12081279,603288
2023-08-21,38.343,38.4542,37.6475,37.6475,13034690,603288
2023-08-22,37.6939,38.0833,36.9984,37.5455,15421643,603288
2023-08-23,37.5455,37.5826,36.9057,36.9335,11035245,603288
2023-08-24,37.017,37.5548,36.6461,37.3508,12865543,603288
2023-08-25,37.1653,37.6012,37.0077,37.1653,8887682,603288
2023-08-28,38.5562,38.9179,36.7851,36.9242,19643331,603288
2023-08-29,36.7202,37.3508,36.6831,37.0911,17942688,603288
2023-08-30,36.9799,37.6197,36.6646,36.9242,21186781,603288
2023-08-31,36.7759,37.2395,36.1082,36.2566,18711944,603288
2023-09-01,36.4699,36.8501,36.3493,36.5811,9439763,603288
2023-09-04,36.9335,37.2117,36.4142,37.1282,19567682,603288
2023-09-05,36.9706,37.3137,36.8779,37.0819,10026947,603288
2023-09-06,36.915,37.2766,36.6646,37.1653,10398447,603288
2023-09-07,37.1839,37.2302,36.2659,36.2751,10045121,603288
2023-09-08,36.201,36.201,35.5241,35.6631,9449648,603288
2023-09-11,35.422,36.3957,35.2737,36.1917,10171414,603288
2023-09-12,36.1639,36.4421,35.9321,36.3493,8264739,603288
2023-09-13,36.6368,36.8408,36.1175,36.4884,10987181,603288
2023-09-14,36.5348,36.6553,35.9506,36.1824,11021304,603288
2023-09-15,36.1824,36.813,35.997,36.2381,11883657,603288
2023-09-18,36.1639,36.6553,35.8115,36.2195,10700180,603288
2023-09-19,36.1639,36.201,35.4313,36.1175,9861510,603288
2023-09-20,36.0897,36.2288,35.6631,35.8579,6903578,603288
2023-09-21,35.793,35.8857,35.0697,35.0697,11249237,603288
2023-09-22,35.0604,36.4421,34.8657,36.4421,16075542,603288
2023-09-25,36.4421,36.4884,35.6075,35.6168,13009854,603288
2023-09-26,35.5055,36.34,35.1068,35.2088,13193900,603288
2023-09-27,35.32,36.8593,35.1902,36.1917,21636623,603288
2023-09-28,36.2844,36.3864,35.1253,35.2273,18750158,603288
2023-10-09,35.218,35.4591,34.6802,35.2459,14104291,603288
2023-10-10,35.5519,36.3308,35.3757,35.487,18470784,603288
2023-10-11,36.0526,37.7773,35.6817,37.425,39870928,603288
2023-10-12,37.7681,37.7959,36.9242,37.1931,15821646,603288
2023-10-13,37.0262,37.0262,35.895,36.0897,15188396,603288
2023-10-16,36.0711,36.0711,33.1966,33.2429,48140882,603288
2023-10-17,33.5397,34.3835,33.5397,33.8271,31784716,603288
2023-10-18,33.6417,34.0868,33.5675,33.8271,13307353,603288
2023-10-19,33.6139,33.7066,32.7978,32.8535,16536506,603288
2023-10-20,32.9184,33.0482,32.4548,32.5382,12897018,603288
2023-10-23,32.5104,33.0575,32.056,32.5197,12381568,603288
2023-10-24,32.5197,32.6773,31.8057,32.0746,15651922,603288
2023-10-25,32.3528,33.1409,32.1395,32.5011,14310912,603288
2023-10-26,32.3806,32.7793,32.1858,32.6958,9313911,603288
2023-10-27,32.6958,34.773,32.4362,34.6153,26647483,603288
2023-10-30,34.263,35.2366,34.1331,35.116,16578599,603288
2023-10-31,35.0604,35.079,34.3186,34.912,14935496,603288
2023-11-01,35.2366,35.3757,34.3279,34.4484,11651623,603288
2023-11-02,34.5875,34.6431,34.0589,34.1795,10364495,603288
2023-11-03,34.1517,35.2366,34.0311,34.8008,10074237,603288
2023-11-06,34.8008,35.218,34.671,35.181,12090932,603288
2023-11-07,35.014,35.5426,34.8379,35.3293,10402302,603288
2023-11-08,35.2459,35.5333,35.0233,35.2551,10134434,603288
2023-11-09,35.1439,35.9784,35.0326,35.7095,12622378,603288
2023-11-10,35.4777,35.7281,35.3571,35.5704,6541115,603288
2023-11-13,35.5704,35.8022,35.1902,35.4684,7083765,603288
2023-11-14,35.5333,36.0248,35.4313,35.5611,7383769,603288
2023-11-15,35.8115,36.303,35.7188,36.303,12748334,603288
2023-11-16,36.1731,36.1731,35.4406,35.5611,9053944,603288
2023-11-17,35.8764,35.8764,34.977,35.3293,8481900,603288
2023-11-20,35.3293,36.0341,34.875,35.6168,8690213,603288
2023-11-21,35.8393,36.136,35.3757,35.4499,9120098,603288
2023-11-22,35.3757,35.5797,35.1624,35.2366,7274811,603288
2023-11-23,35.181,35.3293,34.7915,35.1531,6269128,603288
2023-11-24,35.2644,35.4962,35.1068,35.218,7387913,603288
2023-11-27,35.1995,35.1995,34.402,34.7637,10057355,603288
2023-11-28,34.7544,35.3108,34.5875,35.218,8713739,603288
2023-11-29,35.3757,35.385,34.8471,35.0604,6502329,603288
2023-11-30,35.218,35.589,34.708,35.3386,11985414,603288
2023-12-01,35.2459,35.4128,34.1239,34.606,15950749,603288
2023-12-04,34.6246,34.708,33.9662,34.0775,9120810,603288
2023-12-05,34.0497,34.7822,33.892,34.0311,12445126,603288
2023-12-06,33.9477,34.3093,33.7437,33.7529,9660533,603288
2023-12-07,33.5489,33.9384,33.3171,33.7437,7674042,603288
2023-12-08,33.6602,34.198,33.5768,33.7066,6089616,603288
2023-12-11,33.6139,34.198,32.8628,34.0497,11964767,603288
2023-12-12,33.8735,33.9384,33.5119,33.9106,7324261,603288
2023-12-13,33.7622,33.892,32.4548,32.4548,15294671,603288
2023-12-14,32.6866,33.0204,32.2508,32.2971,7361322,603288
2023-12-15,32.5011,32.7608,32.0931,32.1673,8629844,603288
2023-12-18,31.9726,32.362,31.852,32.0375,7062391,603288
2023-12-19,32.0653,32.1766,31.6202,31.8427,7571813,603288
2023-12-20,31.8428,32.0838,31.4904,31.4904,8770000,603288
2023-12-21,31.3235,32.8813,31.2493,32.6309,18830791,603288
2023-12-22,32.872,33.4655,32.3527,33.2151,16567755,603288
2023-12-25,33.2151,33.8828,32.9091,33.6602,12309834,603288
2023-12-26,33.6509,33.6509,33.1502,33.5675,6035085,603288
2023-12-27,33.5211,33.7993,33.2059,33.6417,7559401,603288
2023-12-28,33.8735,35.4777,33.6139,35.1068,18377006,603288
2023-12-29,35.1717,35.385,34.9584,35.1902,8673850,603288
2024-01-02,35.1902,35.2644,34.4299,34.5133,9173511,603288
2024-01-03,34.4391,34.7729,34.1331,34.3557,6730273,603288
2024-01-04,34.3464,34.3464,32.974,33.2058,11610779,603288
2024-01-05,33.2059,33.3913,32.1951,32.4084,13088690,603288
2024-01-08,32.3898,32.5289,31.852,32.0004,8961089,603288
2024-01-09,32.0004,32.5289,31.6944,32.0931,8039805,603288
2024-01-10,31.852,32.8071,31.7129,32.2878,9208188,603288
2024-01-11,32.1766,32.5475,31.7593,32.3249,9406051,603288
2024-01-12,32.0653,32.464,31.8149,32.0282,7288921,603288
2024-01-15,31.8057,32.3157,31.6387,31.8149,8798951,603288
2024-01-16,31.7129,31.9262,31.4348,31.8613,9647861,603288
2024-01-17,31.8613,31.8706,31.2493,31.2493,10249951,603288
2024-01-18,31.2957,32.2693,30.6187,32.1766,17007670,603288
2024-01-19,31.8984,32.6588,31.8798,32.4548,14990096,603288
2024-01-22,32.5104,32.7329,31.9911,32.6402,14655027,603288
2024-01-23,32.2693,32.8442,32.0004,32.6031,11962844,603288
2024-01-24,33.0853,33.4655,32.3806,33.0389,12431984,603288
2024-01-25,33.4006,33.4191,32.8257,33.2151,9901315,603288
2024-01-26,32.8998,33.178,32.6588,33.0853,9755777,603288
2024-01-29,32.872,33.2337,32.3157,32.5475,8918031,603288
2024-01-30,32.362,32.6402,31.8891,32.4455,10097882,603288
2024-01-31,32.3713,32.4826,31.3977,31.4626,10208091,603288
2024-02-01,31.6202,32.1488,31.3977,31.8984,9898011,603288
2024-02-02,32.0467,32.5289,31.0638,32.1209,10598248,603288
2024-02-05,31.7871,32.7329,31.2029,32.5475,15523749,603288
2024-02-06,32.4548,34.1239,32.2229,34.1146,18093796,603288
2024-02-07,34.2166,34.8008,33.8549,34.8008,17084100,603288
2024-02-08,34.7729,35.181,34.2629,34.6431,13093997,603288
2024-02-19,35.218,35.4684,34.7822,35.0326,14037468,603288
2024-02-20,35.218,35.4499,34.773,35.0604,9675195,603288
2024-02-21,34.7544,37.0448,34.6895,36.7202,26134438,603288
2024-02-22,36.813,38.3615,36.4884,38.2781,19590000,603288
2024-02-23,38.2873,38.7046,37.7402,38.4635,15120349,603288
2024-02-26,38.2781,38.4635,37.2766,37.2952,13637350,603288
2024-02-27,36.9984,37.3879,36.813,37.3601,9487893,603288
2024-02-28,37.3601,38.3708,37.1097,37.4713,12652941,603288
2024-02-29,37.4713,38.0184,37.3972,37.7032,8731601,603288
2024-03-01,37.5548,37.7588,37.1839,37.4528,9673626,603288
2024-03-04,37.323,37.3693,36.5997,37.0541,8891969,603288
2024-03-05,36.9891,37.9999,36.8315,37.9628,11922092,603288
2024-03-06,37.9628,38.2224,37.0911,37.0911,8343862,603288
2024-03-07,37.0911,37.3693,36.4421,36.4977,8740237,603288
2024-03-08,36.5162,36.8779,36.034,36.2751,6046807,603288
2024-03-11,36.3401,37.2766,36.3122,37.0911,8904882,603288
2024-03-12,37.0911,39.2239,37.0355,39.1033,19510221,603288
2024-03-13,39.0384,39.5021,38.241,38.6953,11630456,603288
2024-03-14,38.6582,38.9457,38.139,38.2224,6331144,603288
2024-03-15,38.1204,38.649,37.6011,38.0184,8279168,603288
2024-03-18,38.0092,38.3708,37.6012,38.1575,8219841,603288
2024-03-19,37.9999,38.2873,37.5362,37.7495,7046188,603288
2024-03-20,37.7402,37.833,37.4157,37.629,5098344,603288
2024-03-21,37.9535,38.2039,37.5455,37.8144,6887130,603288
2024-03-22,37.7124,37.8052,36.5441,36.9335,9398224,603288
2024-03-25,37.1004,37.5362,36.5162,36.7481,6080061,603288
2024-03-26,37.1839,38.0184,36.9613,38.0184,8680440,603288
2024-03-27,37.6753,37.9257,37.0911,37.1375,7095225,603288
2024-03-28,36.5626,37.2766,36.099,36.7017,12640965,603288
2024-03-29,36.6739,37.0911,36.3493,36.5441,2213968,603288
2024-04-01,36.5255,37.4157,36.5162,36.8964,8016301,603288
2024-04-02,36.915,36.9891,35.793,35.9691,9806806,603288
2024-04-03,35.8022,36.2659,35.6075,35.7466,6492122,603288
2024-04-08,35.7002,35.7373,35.0604,35.116,8354239,603288
2024-04-09,35.1995,35.422,34.6431,35.181,8073977,603288
2024-04-10,35.1809,35.218,34.504,34.6802,6440697,603288
2024-04-11,34.3093,34.5875,33.9848,34.2073,7124338,603288
2024-04-12,34.2166,34.606,33.382,33.5304,9684276,603288
2024-04-15,33.4748,34.3279,33.4006,34.1702,9607751,603288
2024-04-16,34.0404,34.81,33.7715,33.8828,11435915,603288
2024-04-17,33.9106,34.6339,33.7159,34.5597,8869848,603288
2024-04-18,34.4948,35.6539,34.198,34.9399,10742881,603288
2024-04-19,34.81,34.9399,34.0404,34.4855,7246768,603288
2024-04-22,34.4762,35.4499,34.2073,35.2366,9112930,603288
2024-04-23,35.5148,35.6539,34.9213,35.2088,6297066,603288
2024-04-24,35.6353,35.6539,34.7915,34.9677,5910895,603288
2024-04-25,34.9677,35.4035,34.5226,35.2922,6310757,603288
2024-04-26,35.0975,36.2288,35.0604,36.0155,10245901,603288
2024-04-29,36.3493,37.4342,36.1824,36.6924,14900399,603288
2024-04-30,36.6646,36.9428,36.2473,36.405,7982849,603288
2024-05-06,37.0077,37.4528,36.4699,36.7944,11245702,603288
2024-05-07,36.5904,36.9984,36.2473,36.8408,8239089,603288
2024-05-08,36.7944,36.8686,36.1175,36.2473,7409073,603288
2024-05-09,36.2381,36.4235,35.895,36.099,9763016,603288
2024-05-10,36.1546,36.4977,35.7002,36.0248,6980230,603288
2024-05-13,35.8022,35.997,35.385,35.83,6273493,603288
2024-05-14,35.83,36.0804,35.4313,35.5148,8423101,603288
2024-05-15,35.4962,35.7002,35.1068,35.1439,5388410,603288
2024-05-16,35.2366,35.283,34.5689,34.7729,9896898,603288
2024-05-17,34.773,35.2737,34.5226,35.2366,10300262,603288
2024-05-20,35.2366,36.0248,35.2366,35.5611,13006733,603288
2024-05-21,35.5148,36.1268,35.0882,36.1268,8192001,603288
2024-05-22,35.7559,35.7559,34.9955,35.1531,13508667,603288
2024-05-23,34.9584,35.0326,34.3093,34.3928,10989346,603288
2024-05-24,34.096,34.198,33.3913,33.3913,17869628,603288
2024-05-27,33.4006,33.6046,33.0018,33.5768,11507571,603288
2024-05-28,33.5211,33.5489,33.1224,33.2058,7350511,603288
2024-05-29,33.2059,33.5489,33.2059,33.382,5789907,603288
2024-05-30,33.4284,33.7437,33.2893,33.4933,7558304,603288
2024-05-31,33.7437,33.8271,33.1966,33.1966,7861163,603288
2024-06-03,33.1966,33.2893,32.7329,33.0111,8337145,603288
2024-06-04,32.9833,33.5489,32.9277,33.4099,7549310,603288
2024-06-05,33.5489,33.7715,33.3357,33.4006,6310257,603288
2024-06-06,33.4191,33.688,33.0575,33.1409,7959279,603288
2024-06-07,33.3357,33.5211,32.7329,32.8813,7824887,603288
2024-06-11,32.8071,32.9833,32.5011,32.7793,6068227,603288
2024-06-12,32.7329,33.1873,32.7329,32.9462,6682905,603288
2024-06-13,32.9462,32.9926,32.6866,32.8349,5781544,603288
2024-06-14,32.8257,33.4469,32.5197,33.3264,10436326,603288
2024-06-17,33.2522,33.4469,33.0575,33.3449,6724668,603288
2024-06-18,33.4098,33.6788,33.178,33.4006,6773446,603288
2024-06-19,33.5328,33.5328,32.985,33.0794,6074442,603288
2024-06-20,33.0133,33.2589,32.7016,32.7488,6099494,603288
2024-06-21,32.7394,32.8244,32.1159,32.4465,10777561,603288
2024-06-24,32.8716,33.8068,32.1537,33.4195,17062599,603288
2024-06-25,33.4195,33.6934,33.1078,33.3061,8895635,603288
2024-06-26,33.3061,33.3534,32.4182,32.9944,10758859,603288
2024-06-27,32.9472,33.1361,32.5221,32.9472,8289295,603288
2024-06-28,32.8905,33.0983,32.3993,32.5599,8687349,603288
2024-07-01,32.4749,32.626,32.1159,32.4938,6721631,603288
2024-07-02,32.2293,32.5693,32.1632,32.2576,8691279,603288
2024-07-03,32.1821,32.4465,31.9081,32.2576,7396459,603288
2024-07-04,32.3521,33.0605,32.0876,32.3238,10152255,603288
2024-07-05,32.3238,32.3238,32.3238,32.3238,0,603288
2024-07-08,31.6436,31.8137,31.4264,31.4925,6774483,603288
2024-07-09,31.5492,32.0498,31.3414,31.9648,9059044,603288
2024-07-10,31.8137,32.4654,31.6436,32.2387,8636292,603288
2024-07-11,32.5316,33.2211,32.3238,32.6732,10068053,603288
2024-07-12,33.155,33.1739,32.456,32.7205,6414712,603288
2024-07-15,32.6166,32.9188,32.2104,32.4371,5268181,603288
2024-07-16,32.286,32.7299,32.2199,32.3521,6781312,603288
2024-07-17,32.2104,33.2022,32.0687,33.155,12928270,603288
2024-07-18,33.0605,33.8729,32.9661,33.7973,14910071,603288
2024-07-19,33.7973,34.3546,33.4761,34.2602,13361041,603288
2024-07-22,34.3546,34.3829,33.5895,33.7217,10004845,603288
2024-07-23,33.7217,33.7784,32.5127,32.5127,10076971,603288
2024-07-24,32.5221,32.6638,31.8892,32.0876,7600303,603288
2024-07-25,31.9554,32.5882,31.9459,32.3521,7158066,603288
2024-07-26,32.2104,33.0416,32.2104,32.4277,6578755,603288
2024-07-29,32.4277,32.6827,31.6625,31.6909,8547213,603288
2024-07-30,31.6814,31.7381,31.2469,31.7381,7782318,603288
2024-07-31,31.5492,33.2211,31.5114,33.1928,15407536,603288
2024-08-01,33.3156,33.3345,32.6921,32.6921,7428345,603288
2024-08-02,32.541,33.155,32.5316,32.7299,5554140,603288
2024-08-05,32.7299,33.5612,32.456,32.9661,10645527,603288
2024-08-06,33.2022,33.7973,33.0605,33.3345,8378009,603288
2024-08-07,33.3345,33.5234,32.9188,33.0889,5759521,603288
2024-08-08,33.0889,34.0051,32.8055,33.7501,9056954,603288
2024-08-09,33.9673,33.9862,33.5234,33.5234,6360641,603288
2024-08-12,33.4384,33.854,33.3722,33.5139,4833387,603288
2024-08-13,33.5895,33.5895,32.8905,33.07,5300370,603288
2024-08-14,33.07,33.07,32.4938,32.6732,4353616,603288
2024-08-15,32.6166,33.58,32.5882,33.2494,8755604,603288
2024-08-16,33.07,33.4006,32.8244,32.9661,6427723,603288
2024-08-19,32.9661,33.4856,32.7583,32.7771,4997950,603288
2024-08-20,32.6827,32.8149,32.4749,32.4938,4565435,603288
2024-08-21,32.4371,32.9188,32.3615,32.6827,4439830,603288
2024-08-22,32.8055,32.8716,32.0309,32.4654,6137660,603288
2024-08-23,32.456,32.9094,32.3143,32.7488,4379873,603288
2024-08-26,32.9094,33.0322,32.3049,32.4088,5049942,603288
2024-08-27,32.3049,32.4938,32.0215,32.3049,4027396,603288
2024-08-28,32.1915,32.3049,31.6909,31.927,7536101,603288
2024-08-29,31.8326,32.1726,31.6437,32.1065,5057377,603288
2024-08-30,32.8527,35.3181,32.7394,34.9497,43801635,603288
2024-09-02,34.4774,34.9308,33.8351,33.9579,18127353,603288
2024-09-03,34.3452,34.4302,33.7217,34.0807,10878062,603288
2024-09-04,34.1374,34.4113,33.4384,33.4478,11814232,603288
2024-09-05,33.5989,33.9107,33.4667,33.6934,6774855,603288
2024-09-06,33.684,33.8823,33.4478,33.5234,4576924,603288
2024-09-09,33.495,33.7784,33.0983,33.3156,8973374,603288
2024-09-10,33.3156,33.7028,33.155,33.5045,8455438,603288
2024-09-11,33.4289,34.2696,33.2306,34.1846,10949056,603288
2024-09-12,34.1751,34.4302,33.9107,33.939,6822677,603288
2024-09-13,33.9862,34.1562,33.7028,33.8634,6459232,603288
2024-09-18,33.8634,34.2129,33.4761,34.1374,6977195,603288
2024-09-19,34.2129,34.8364,33.4761,34.1751,13526263,603288
2024-09-20,34.0901,34.194,33.7595,33.9296,12179016,603288
2024-09-23,34.0429,34.6474,33.684,34.2696,11744345,603288
2024-09-24,34.9308,36.2532,34.4113,36.1966,23445434,603288
2024-09-25,36.8294,37.1695,36.4044,36.461,20437451,603288
2024-09-26,36.4705,39.0398,36.4705,39.0398,28986071,603288
2024-09-27,39.9182,41.3729,39.8804,41.3729,25263438,603288
2024-09-30,43.4604,45.5102,42.6481,45.5007,43211314,603288
2024-10-08,50.0536,50.0536,47.7111,48.9296,56286395,603288
2024-10-09,48.9957,49.0807,44.065,44.065,39086971,603288
2024-10-10,44.0555,45.5102,43.7627,44.4145,23458994,603288
2024-10-11,44.4145,44.7356,42.8653,43.4699,14465369,603288
2024-10-14,44.1972,44.2255,42.582,43.8383,16869785,603288
2024-10-15,43.8383,43.9138,42.7331,42.837,13725553,603288
2024-10-16,42.2608,42.4119,40.2394,40.7967,27329546,603288
2024-10-17,40.8061,41.269,39.8143,39.8993,13761267,603288
2024-10-18,39.8143,41.5524,39.5026,40.7022,21159554,603288
2024-10-21,40.8628,41.1178,39.956,40.7967,18443894,603288
2024-10-22,40.7872,41.4673,40.7117,41.0706,14164140,603288
2024-10-23,41.1367,42.1097,40.91,41.524,16993404,603288
2024-10-24,41.2784,41.6563,40.9006,41.0706,8908256,603288
2024-10-25,41.0895,42.393,40.91,41.8735,13229036,603288
2024-10-28,41.8735,42.8653,41.7602,42.8559,13891430,603288
2024-10-29,43.0259,43.621,42.3647,42.5064,15293356,603288
2024-10-30,42.0908,42.837,41.4485,41.7035,10654875,603288
2024-10-31,41.6279,41.8452,40.9762,41.3446,12097924,603288
2024-11-01,41.354,42.223,41.1462,41.7791,10449151,603288
2024-11-04,41.5618,42.4969,41.3257,42.2986,11028470,603288
2024-11-05,42.2702,43.2432,41.9113,42.9692,12076982,603288
2024-11-06,42.9787,43.3187,42.2608,42.6953,13893670,603288
2024-11-07,42.6859,46.1336,42.5253,46.0392,30046196,603288
2024-11-08,46.9365,47.2293,44.9245,46.0864,26722431,603288
2024-11-11,45.1512,45.6991,43.9233,44.764,22335171,603288
2024-11-12,44.2822,46.1336,44.0933,44.3011,19621880,603288
2024-11-13,43.8572,44.6789,43.8572,44.4711,10239466,603288
2024-11-14,44.0555,44.6412,43.6399,43.6966,9846765,603288
2024-11-15,43.5549,44.5467,43.536,43.5549,12459261,603288
2024-11-18,43.5549,43.876,42.7142,42.9881,11130200,603288
2024-11-19,43.0354,43.4415,42.1191,42.8842,8894689,603288
2024-11-20,43.0637,43.1015,42.4214,42.6953,8816211,603288
2024-11-21,42.5347,43.0354,42.308,42.6009,6831650,603288
2024-11-22,42.5064,42.6764,41.0895,41.1179,10609773,603288
2024-11-25,41.6846,42.1191,41.0895,41.2784,10668449,603288
2024-11-26,41.0895,42.0813,41.0234,41.9208,8801639,603288
2024-11-27,41.9019,42.4592,41.6468,42.0247,11389932,603288
2024-11-28,42.1286,42.1947,41.4107,41.609,7843825,603288
2024-11-29,41.9774,43.6399,41.6563,42.6386,15949633,603288
2024-12-02,43.4888,44.5845,42.8559,44.4428,20616644,603288
2024-12-03,44.4428,44.8868,44.0933,44.5845,10395252,603288
2024-12-04,44.5373,44.5373,43.6399,44.0177,9071829,603288
2024-12-05,43.4982,44.0366,43.2904,43.621,7492186,603288
2024-12-06,43.5266,44.5184,43.451,43.9422,9845433,603288
2024-12-09,43.4699,44.0744,43.1109,43.706,7213123,603288
2024-12-10,45.3496,46.2281,44.6789,44.8017,19023816,603288
2024-12-11,44.8301,45.5196,44.8017,45.1985,8974000,603288
2024-12-12,44.8679,45.9069,44.7451,45.7463,15820017,603288
2024-12-13,45.4157,45.6519,44.5373,44.5656,13441139,603288
2024-12-16,44.5373,44.8679,44.0177,44.1405,6958917,603288
2024-12-17,44.065,44.6317,43.5454,44.2066,8397997,603288
2024-12-18,44.3767,45.2079,44.3106,44.7734,8176081,603288
2024-12-19,44.1783,44.5845,43.9611,44.3294,6485097,603288
2024-12-20,44.3294,44.5373,43.8855,44.065,7654767,603288
2024-12-23,44.1689,44.5845,43.9705,44.0933,6331324,603288
2024-12-24,43.9327,44.9245,43.9327,44.8112,7714642,603288
2024-12-25,44.8206,44.8962,44.0839,44.3294,5392261,603288
2024-12-26,44.3861,44.4522,43.8383,43.8949,5624159,603288
2024-12-27,43.9799,44.2633,43.5171,44.1405,6223189,603288
2024-12-30,43.8855,44.5561,43.5643,43.7816,7053008,603288
2024-12-31,43.3849,44.0744,43.3376,43.3565,8690715,603288
2025-01-02,43.3565,43.6871,42.2041,42.5725,12190997,603288
2025-01-03,42.4781,42.837,41.4862,41.8452,9268783,603288
2025-01-06,42.4025,42.4025,40.9762,41.1462,8781640,603288
2025-01-07,41.1651,41.5146,40.4094,40.485,11404382,603288
2025-01-08,40.5039,40.7967,39.6726,40.2866,9690389,603288
2025-01-09,40.2961,41.1651,39.7765,39.9371,8559288,603288
2025-01-10,40.1355,40.4283,39.6726,39.6726,6584798,603288
2025-01-13,39.3798,40.2205,39.2948,39.9371,6758367,603288
2025-01-14,39.956,40.7872,39.5971,40.6078,9196016,603288
2025-01-15,40.6172,40.7589,39.9749,40.1071,6204062,603288
2025-01-16,40.2866,40.6739,39.3893,39.5782,7781308,603288
2025-01-17,39.6065,40.2866,39.3893,40.0599,6554483,603288
2025-01-20,40.6078,40.6172,39.6915,39.786,6106882,603288
2025-01-21,39.8993,40.3716,39.4932,39.9938,6114495,603288
2025-01-22,39.9466,39.9655,38.7753,38.8225,10204612,603288
2025-01-23,39.2287,39.6254,38.6336,38.8886,8629280,603288
2025-01-24,38.7281,39.257,38.6903,38.7753,7977041,603288
2025-01-27,38.7847,39.1248,38.7186,38.7186,7041556,603288
2025-02-05,38.5391,38.6997,37.8024,38.2652,9863068,603288
2025-02-06,38.2746,38.8981,38.1896,38.7186,6965708,603288
2025-02-07,38.6525,39.8616,38.303,39.5309,9842458,603288
2025-02-10,39.5404,39.7482,39.1059,39.4459,6665957,603288
2025-02-11,39.4554,39.6726,38.473,38.558,9476006,603288
2025-02-12,38.3597,39.0587,38.218,38.917,8103929,603288
2025-02-13,38.8981,39.1909,38.6336,38.7847,11002742,603288
2025-02-14,38.6525,39.1437,38.5958,38.9548,9272475,603288
2025-02-17,38.9736,39.3515,38.728,38.9453,9115369,603288
2025-02-18,38.8981,39.1531,38.4258,38.5864,9200887,603288
2025-02-19,38.4919,38.8603,38.2935,38.6808,7661240,603288
2025-02-20,38.5864,39.0586,38.4636,38.8508,5903424,603288
2025-02-21,38.917,39.6443,38.7658,39.1626,11812993,603288
2025-02-24,39.2003,40.0032,38.917,39.1059,12330734,603288
2025-02-25,38.728,38.8981,38.2558,38.3124,9012415,603288
2025-02-26,38.3124,38.4352,37.8685,38.1991,8942440,603288
2025-02-27,38.1991,39.0775,38.0102,38.9359,15138608,603288
2025-02-28,38.9547,39.7671,38.7564,38.832,17515474,603288
2025-03-03,38.832,39.4176,38.1613,38.2558,13228978,603288
2025-03-04,37.9818,38.4825,37.9724,38.218,8365078,603288
2025-03-05,38.2274,38.388,37.8401,38.1235,8270073,603288
2025-03-06,38.2085,39.0114,38.1141,38.8508,11858240,603288
2025-03-07,38.8697,39.0398,38.2935,38.728,8254138,603288
2025-03-10,38.5391,38.6903,37.9252,38.1141,10614790,603288
2025-03-11,37.8685,38.6525,37.8307,38.6525,10150180,603288
2025-03-12,38.6147,38.643,37.9724,37.9724,12319308,603288
2025-03-13,37.9818,38.218,37.8968,37.9535,8720710,603288
2025-03-14,38.3219,39.6632,38.1141,39.2854,27027313,603288
2025-03-17,39.9749,40.315,39.4837,39.7293,17183745,603288
2025-03-18,39.7199,39.8899,39.1059,39.1531,10569462,603288
2025-03-19,39.1531,39.4176,38.9831,39.1531,7826081,603288
2025-03-20,39.1342,39.1342,38.4447,38.5297,10328261,603288
2025-03-21,38.4541,38.7092,37.859,37.859,14583593,603288
2025-03-24,37.859,38.1424,37.7362,38.1235,10232695,603288
2025-03-25,38.1235,38.2463,37.8401,38.2369,7298122,603288
2025-03-26,38.2463,38.4258,37.9913,38.2841,7317313,603288
2025-03-27,38.2841,39.0681,38.1235,39.0398,13460699,603288
2025-03-28,39.0398,39.2665,38.5864,38.7092,7355452,603288
2025-03-31,38.5391,38.917,38.2369,38.3313,8435170,603288
2025-04-01,38.3313,38.6241,38.1046,38.4258,7133311,603288
2025-04-02,38.4447,38.6714,38.1613,38.5769,7169811,603288
2025-04-03,37.9346,38.6053,37.8874,38.4163,11662967,603288
2025-04-07,37.1222,38.0668,35.9982,37.1222,32467484,603288
2025-04-08,37.0278,39.0398,36.65,38.917,33536039,603288
2025-04-09,38.5391,39.871,38.2558,39.8521,30451820,603288
2025-04-10,40.1449,40.1638,39.1059,39.8615,19763843,603288
2025-04-11,40.0788,40.1638,39.3893,39.7104,13033136,603288
2025-04-14,39.6915,40.315,39.4837,39.8143,12103187,603288
2025-04-15,39.786,40.7022,39.5782,40.3905,14055055,603288
2025-04-16,40.7117,41.099,40.1544,41.0234,13572515,603288
2025-04-17,40.8345,41.0328,40.3716,41.0234,9045033,603288
2025-04-18,40.6644,40.9006,39.7671,39.8049,10657413,603288
2025-04-21,39.701,40.0127,39.616,39.8238,5677221,603288
2025-04-22,39.8238,40.1449,39.7104,39.8521,6611756,603288
2025-04-23,39.956,40.0032,39.3893,39.5026,7079181,603288
2025-04-24,39.5782,40.3811,39.5026,40.1922,9051455,603288
2025-04-25,40.1922,40.4566,39.6537,39.6726,7904689,603288
2025-04-28,39.6537,39.8332,38.9736,38.9736,7430470,603288
2025-04-29,39.5404,40.4189,39.4365,40.1071,12570318,603288
2025-04-30,39.8521,40.5133,39.5971,39.5971,8354297,603288
2025-05-06,39.6537,39.956,39.3893,39.4648,11274425,603288
2025-05-07,40.3055,40.8345,39.9371,40.8156,16392639,603288
2025-05-08,40.6172,40.8534,40.1922,40.2488,10849770,603288
2025-05-09,40.2583,40.4094,39.9938,40.0505,7019963,603288
2025-05-12,40.211,40.7022,40.0599,40.1827,8259270,603288
2025-05-13,40.2299,40.3055,39.6254,39.7199,9572707,603288
2025-05-14,39.8521,40.5133,39.5782,40.1638,10111071,603288
2025-05-15,40.126,40.8628,39.8427,40.7589,12864349,603288
2025-05-16,40.5889,40.6645,39.9655,40.2205,9431956,603288
2025-05-19,40.1827,40.7778,40.1355,40.5322,7513732,603288
2025-05-20,40.485,41.0895,40.3811,40.5983,8613889,603288
2025-05-21,40.5983,41.9019,40.5417,41.4485,12467684,603288
2025-05-22,41.4674,42.393,41.184,41.5051,9095666,603288
2025-05-23,42.1852,42.5064,41.7507,41.9113,15762510,603288
2025-05-26,42.1758,43.2148,41.9113,42.2986,18391689,603288
2025-05-27,42.0813,42.4592,41.5901,42.053,10849877,603288
2025-05-28,41.8452,43.0637,41.5618,42.8748,13656590,603288
2025-05-29,42.752,42.8748,42.053,42.1569,12621787,603288
2025-05-30,42.053,42.4781,41.9019,41.9585,9543771,603288
2025-06-03,41.4485,42.0152,41.1462,41.9396,13016356,603288
2025-06-04,41.9396,42.1191,41.5618,41.7224,8621517,603288
2025-06-05,42.0114,42.2715,41.443,41.5201,11759793,603288
2025-06-06,41.5394,41.655,41.1829,41.26,10425374,603288
2025-06-09,41.3082,41.3756,40.4122,40.576,18064956,603288
2025-06-10,40.5471,40.7879,39.9787,40.1907,14983882,603288
2025-06-11,40.2677,40.5567,40.0558,40.2003,15201985,603288
2025-06-12,40.2388,40.2485,39.4296,39.7764,23715885,603288
2025-06-13,39.7861,39.9017,39.1214,39.5645,32982189,603288
2025-06-16,39.314,39.3526,38.6493,38.6493,28408419,603288
2025-06-17,38.8035,39.4778,38.7938,38.948,21270751,603288
2025-06-18,39.2562,39.2562,38.6879,38.7553,15884641,603288
2025-06-19,38.5337,38.6686,37.1369,37.2717,31785252,603288
2025-06-20,37.3584,37.7149,37.0983,37.0983,16560741,603288
2025-06-23,36.8479,37.185,36.53,37.0309,15869634,603288
2025-06-24,37.185,37.8112,37.1465,37.5511,15386164,603288
2025-06-25,37.7341,38.0424,37.4548,38.0135,15052136,603288
2025-06-26,38.0135,38.0521,37.5126,37.5222,12265996,603288
2025-06-27,37.5222,37.58,37.291,37.3392,11997938,603288
2025-06-30,37.3199,37.5607,37.2332,37.4837,10168787,603288
2025-07-01,37.5029,37.8208,37.3488,37.6667,9477570,603288
2025-07-02,37.7149,37.8594,37.4259,37.474,9613584,603288
2025-07-03,37.4355,37.6089,37.3584,37.4933,8184366,603288
2025-07-04,37.474,37.6185,37.291,37.4355,10130354,603288
2025-07-07,37.3777,37.4548,37.1369,37.185,8696315,603288
2025-07-08,37.1465,37.5222,37.1369,37.4548,8701549,603288
2025-07-09,37.474,37.763,37.185,37.185,13957535,603288
2025-07-10,37.2043,37.4644,37.1561,37.2717,11834236,603288
2025-07-11,37.3006,37.7631,37.2717,37.2717,24674730,603288
2025-07-14,37.2717,37.3873,37.0887,37.108,16282040,603288
2025-07-15,37.002,37.1754,36.7997,36.9827,10917449,603288
2025-07-16,36.9827,37.1561,36.9057,36.9731,9560441,603288
2025-07-17,36.9827,37.291,36.9731,37.108,11613906,603288
2025-07-18,37.2332,37.4451,37.1369,37.3777,17576659,603288
2025-07-21,37.3777,37.5029,37.3103,37.474,14705295,603288
2025-07-22,37.4355,38.0521,37.4162,38.0521,25346545,603288
2025-07-23,38.1099,38.3892,37.9364,37.9846,21632320,603288
2025-07-24,37.975,38.4856,37.8112,38.447,19967474,603288
2025-07-25,38.3892,38.447,37.7438,37.8786,22461631,603288
2025-07-28,37.7438,37.8883,37.5511,37.6185,17293979,603288
2025-07-29,37.5704,37.763,37.3199,37.4451,14869378,603288
2025-07-30,37.4548,37.9557,37.2717,37.763,20455620,603288
2025-07-31,37.7727,37.7823,36.8768,36.9442,24023863,603288
2025-08-01,36.9442,37.0309,36.607,36.6937,17009956,603288
2025-08-04,36.53,36.8768,36.5107,36.8575,11898732,603288
2025-08-05,36.8768,37.1465,36.819,36.9924,10601989,603288
2025-08-06,37.002,37.0213,36.7226,36.9442,9134627,603288
2025-08-07,36.8093,36.9635,36.7515,36.9442,10236867,603288
2025-08-08,36.9442,37.002,36.8093,36.8575,7867192,603288
2025-08-11,36.8575,37.1754,36.7997,37.0791,13107601,603288
2025-08-12,37.0791,37.3295,37.0213,37.1465,14102211,603288
2025-08-13,37.1561,37.3488,37.0983,37.1754,14054286,603288
2025-08-14,37.1658,37.8112,37.1465,37.3488,24849658,603288
2025-08-15,37.3006,37.5896,37.0694,37.4644,17009072,603288
2025-08-18,37.5704,38.052,37.5607,37.8786,24715439,603288
2025-08-19,37.8786,38.0521,37.763,37.8208,18322568,603288
2025-08-20,37.58,38.0424,37.4837,38.0424,18309727,603288
2025-08-21,38.052,38.3988,37.9461,38.2929,18980665,603288
2025-08-22,38.3025,38.3892,38.1195,38.3892,18383536,603288
2025-08-25,38.4856,39.6319,38.4759,39.5934,32581909,603288
2025-08-26,39.6127,40.1329,39.3622,39.5645,26587960,603288
2025-08-27,39.4971,39.7283,38.8998,38.9191,26839609,603288
2025-08-28,38.8227,39.0636,38.052,38.6108,24237937,603288
2025-08-29,39.2273,40.1618,39.2177,39.9209,34363236,603288
2025-09-01,39.8824,40.6049,39.5645,39.709,26320376,603288
2025-09-02,39.6801,40.0751,39.2562,39.4393,20606682,603288
2025-09-03,39.6897,39.9306,38.6108,38.7071,19335163,603288
2025-09-04,38.7071,39.0443,38.3603,38.9383,23678864,603288
2025-09-05,38.9383,39.0347,38.5626,38.9576,18161368,603288
2025-09-08,38.9576,39.9306,38.842,39.6608,25129618,603288
2025-09-09,39.7861,40.0654,39.5163,39.815,16587445,603288
2025-09-10,39.815,39.8824,39.4489,39.4489,12884389,603288
2025-09-11,39.3815,39.7764,39.0732,39.7764,16413091,603288
2025-09-12,39.7764,40.0462,39.131,39.1599,16595060,603288
2025-09-15,39.0347,39.5163,38.9191,39.3429,14188491,603288
2025-09-16,39.3526,39.4585,38.7746,38.8516,13624588,603288
2025-09-17,38.8613,39.1695,38.5915,38.8131,10362099,603288
2025-09-18,38.8035,38.8805,38.1484,38.3314,17163024,603288
2025-09-19,38.2447,38.5819,38.1291,38.3411,10946004,603288
2025-09-22,38.3507,38.7649,38.0617,38.0617,10611024,603288
2025-09-23,38.2833,38.6204,37.5896,37.8594,15207753,603288
2025-09-24,37.8206,38.1212,37.5491,37.6266,13689088,603288
2025-09-25,37.6169,37.7042,37.4327,37.4327,12462667,603288
2025-09-26,37.423,37.8206,37.2193,37.6266,13501166,603288
2025-09-29,38.0145,38.0145,37.2969,37.7042,17290932,603288
2025-09-30,37.7236,37.8691,37.4424,37.7818,12204697,603288
2025-10-09,37.7042,38.1891,37.1418,38.1503,16683955,603288
2025-10-10,38.0242,38.6352,37.8594,38.0921,17591533,603288
2025-10-13,37.5103,37.9176,37.3357,37.7236,15273444,603288
2025-10-14,37.743,38.2861,37.6266,37.9176,13823057,603288
2025-10-15,38.16,38.48,37.8691,38.2958,16848266,603288
2025-10-16,38.2958,38.674,38.1794,38.5673,11490797,603288
2025-10-17,38.4897,38.7613,37.8982,37.8982,11799763,603288
2025-10-20,38.1212,38.1697,37.6266,37.7624,10345926,603288
2025-10-21,37.7236,37.9273,37.7042,37.7721,8060788,603288
2025-10-22,37.7721,37.7721,37.4618,37.4812,9389450,603288
2025-10-23,37.4327,37.5297,37.2872,37.4618,8703732,603288
2025-10-24,37.4812,37.6945,37.3357,37.4327,9042209,603288
2025-10-27,37.4521,37.6169,37.3454,37.5394,13054443,603288
2025-10-28,37.5491,37.5588,37.1515,37.2387,15926587,603288
2025-10-29,37.3163,37.3357,36.9478,37.2775,13665642,603288
2025-10-30,37.3551,37.3745,36.7539,36.8314,24660443,603288
2025-10-31,36.7539,37.0351,36.6278,36.9575,16817649,603288
2025-11-03,36.9672,37.0836,36.812,36.9963,13284109,603288
2025-11-04,36.9963,36.9963,36.5211,36.6084,16254622,603288
2025-11-05,36.4629,36.5502,36.1817,36.5502,13302143,603288
2025-11-06,36.5308,36.7248,36.4726,36.5696,9333788,603288
2025-11-07,36.5114,36.8896,36.366,36.8217,12690710,603288
2025-11-10,36.8217,37.5685,36.6666,37.4812,25915970,603288
2025-11-11,37.4812,37.5491,37.1612,37.4521,14903721,603288
2025-11-12,37.4812,37.5782,37.1806,37.2969,13579358,603288
2025-11-13,37.2969,37.4715,36.9963,37.4327,16039337,603288
2025-11-14,37.3357,37.9854,37.2193,37.2581,18102605,603288
2025-11-17,37.2581,37.2678,36.6569,37.0351,13689809,603288
2025-11-18,36.9963,37.2096,36.7248,36.8217,11097551,603288
2025-11-19,36.8993,36.9478,36.6181,36.6569,7115501,603288
2025-11-20,36.7926,36.9478,36.5696,36.6084,8349565,603288
2025-11-21,36.5599,36.6472,35.8811,36.1623,13306210,603288
2025-11-24,36.2496,36.3272,35.7356,35.7647,16235944,603288
2025-11-25,35.8229,35.9974,35.6192,35.978,11665499,603288
2025-11-26,35.8811,35.9974,35.6677,35.7162,10545937,603288
2025-11-27,35.7259,35.9587,35.4544,35.8714,10180624,603288
2025-11-28,35.852,35.9296,35.6289,35.8423,6892560,603288
2025-12-01,35.8423,36.2011,35.8035,36.0362,8370549,603288
2025-12-02,36.0071,36.0265,35.6968,35.755,6606946,603288
2025-12-03,35.7065,35.7356,35.2992,35.3089,9442649,603288
2025-12-04,35.3962,35.4835,35.0083,35.1247,8534182,603288
2025-12-05,35.1247,35.4447,34.9889,35.4059,6938870,603288
2025-12-08,35.4059,35.5707,35.3477,35.4059,8191084,603288
2025-12-09,35.3962,35.5998,35.2313,35.3671,6571550,603288
2025-12-10,35.3768,35.5901,35.0665,35.3186,8006837,603288
2025-12-11,35.3089,35.3089,35.018,35.241,7261624,603288
2025-12-12,35.2507,35.3865,34.8531,35.3865,10721254,603288
2025-12-15,35.3477,35.7356,35.2895,35.4059,9973805,603288
2025-12-16,35.4447,35.7065,35.4059,35.6289,9834500,603288
2025-12-17,35.6774,35.9684,35.3671,35.9102,12917177,603288
2025-12-18,35.9974,36.0265,35.7841,35.8908,7627406,603288
2025-12-19,36.3756,36.7151,36.0556,36.6375,21941058,603288
2025-12-22,36.6375,36.8023,36.2981,36.7054,15100899,603288
2025-12-23,36.7054,36.7732,36.4726,36.6375,11005505,603288
2025-12-24,36.6084,36.6375,36.2205,36.2205,10946728,603288
2025-12-25,36.2108,36.2787,36.0362,36.269,10523900,603288
2025-12-26,36.2399,36.3854,36.1429,36.2884,7676637,603288
2025-12-29,36.2884,36.3466,36.075,36.0944,8992160,603288
2025-12-30,36.0944,36.4629,36.0265,36.1526,8190410,603288
2025-12-31,36.1138,36.1817,35.8617,35.9005,9882942,603288
2026-01-05,36.0653,36.8993,35.8908,36.7829,21383066,603288
2026-01-06,36.8411,37.2872,36.6181,37.2193,16874917,603288
2026-01-07,37.1902,37.4715,36.9866,37.0351,12155328,603288
2026-01-08,36.9284,36.9478,36.6278,36.8702,9640471,603288
2026-01-09,36.9672,37.1127,36.5793,36.7442,10505227,603288
2026-01-12,36.7442,37.3939,36.6569,37.1612,17689448,603288
2026-01-13,37.5006,37.5103,36.9672,37.0254,14394455,603288
2026-01-14,36.9963,37.1709,36.5211,36.6472,18571822,603288
2026-01-15,36.5599,36.8508,36.3369,36.4532,12055957,603288
2026-01-16,36.5599,36.5987,35.5901,35.8714,18149602,603288
2026-01-19,35.6871,35.8714,35.6095,35.7453,11162862,603288
2026-01-20,35.7647,36.0265,35.6968,35.7647,11533530,603288
2026-01-21,35.7647,35.7647,35.3865,35.3962,14298972,603288
2026-01-22,35.4447,35.5611,35.0277,35.0471,20413873,603288
2026-01-23,35.1731,35.1925,34.7271,34.7562,24909085,603288
2026-01-26,34.7465,34.8531,34.3392,34.601,23563559,603288
2026-01-27,34.5913,34.7174,34.3392,34.3392,15219313,603288
2026-01-28,34.3682,34.4264,33.8252,33.9125,23613547,603288
2026-01-29,33.7961,35.2992,33.7767,35.2992,38424715,603288
2026-01-30,35.1925,35.1925,34.2034,34.2325,25749691,603288
2026-02-02,34.2325,35.0083,34.2131,34.4943,17586401,603288
2026-02-03,34.4943,34.8337,34.3682,34.7852,13776707,603288
2026-02-04,34.7852,35.2895,34.6204,35.1828,16558824,603288
2026-02-05,35.115,37.0254,34.9889,36.812,59645750,603288
2026-02-06,36.7534,36.9,36.1767,36.2549,25716216,603288
2026-02-09,36.1669,36.6165,36.0203,36.3233,15846688,603288
2026-02-10,36.509,36.509,35.7759,35.7955,14374870,603288
2026-02-11,35.7759,35.7955,35.4827,35.6,11316285,603288
2026-02-12,35.6782,35.6782,34.9939,35.1308,16736465,603288
2026-02-13,35.1112,35.2578,34.8082,34.8375,11591578,603288
2026-02-24,35.1405,35.5413,35.1112,35.3556,17150717,603288
2026-02-25,35.3947,35.4631,35.0428,35.0721,13548052,603288
2026-02-26,35.1112,35.1308,34.73,35.033,10947955,603288
2026-02-27,35.1699,35.3458,35.033,35.1503,11864913,603288
2026-03-02,34.8375,34.9548,34.4563,34.8473,14483248,603288
2026-03-03,34.8375,35.7955,34.7007,35.2481,22036989,603288
2026-03-04,35.121,35.2774,34.5541,34.7007,14870720,603288
2026-03-05,34.7984,35.5413,34.7984,35.1699,12852559,603288
2026-03-06,35.1894,36.2451,35.0917,36.1865,23079600,603288
2026-03-09,35.9519,36.6654,35.7368,36.4699,25387823,603288
2026-03-10,36.3233,36.5579,36.1767,36.4406,13539753,603288
2026-03-11,36.4504,36.6556,36.1865,36.5481,12223027,603288
2026-03-12,36.5481,36.6459,36.0789,36.1865,11782136,603288
2026-03-13,36.1669,37.4376,36.1376,36.9391,28735039,603288
2026-03-16,36.9391,37.8482,36.8805,37.6429,31104463,603288
2026-03-17,37.8775,38.8061,37.7309,38.073,34809353,603288
2026-03-18,37.9264,38.161,37.3594,37.6918,21364104,603288
2026-03-19,37.6918,37.6918,37.1444,37.3497,14709402,603288
2026-03-20,37.2226,37.5452,36.8609,36.9978,12832812,603288
2026-03-23,36.5677,36.7925,35.3263,35.4729,26556119,603288
2026-03-24,35.9519,36.0985,35.4827,35.8248,14061601,603288
2026-03-25,35.9812,36.2158,35.6879,36.1669,12092019,603288
2026-03-26,36.0985,36.5774,35.9812,36.118,11850138,603288
2026-03-27,37.0466,39.1971,36.7925,38.8061,55947769,603288
2026-03-30,38.9136,39.6761,38.1805,39.4317,38828177,603288
2026-03-31,39.7347,40.8393,39.7347,40.0768,42733720,603288
2026-04-01,40.3994,41.1325,39.6858,40.8197,29224283,603288
2026-04-02,40.6242,41.4942,40.4874,41.2694,25435313,603288
2026-04-03,41.1423,41.1912,40.5656,40.7513,18489665,603288
2026-04-07,40.722,41.3476,40.3701,40.5949,24060038,603288
2026-04-08,40.2332,40.5949,39.7836,40.2235,26257666,603288
2026-04-09,40.2821,40.7024,40.0671,40.2235,13742574,603288
2026-04-10,40.2723,40.8588,40.0573,40.419,16929026,603288
2026-04-13,40.3701,40.3701,39.9693,40.0671,11741268,603288
2026-04-14,40.2235,40.3505,39.2167,39.852,16161091,603288
2026-04-15,39.6565,40.1355,39.6174,39.9986,10389952,603288
2026-04-16,39.9693,40.4678,39.5881,39.8227,11681498,603288
2026-04-17,39.5881,39.8031,38.7181,39.0407,18159540,603288
2026-04-20,39.0016,39.5392,38.8257,39.3828,14056459,603288
2026-04-21,39.5001,40.2235,39.334,39.7347,16380643,603288
2026-04-22,39.8325,40.0573,38.8159,38.9332,15228727,603288
2026-04-23,38.7572,39.1287,38.1707,38.6888,15061106,603288
2026-04-24,38.9039,39.5783,38.9039,39.0212,11977055,603288
2026-04-27,38.9527,39.5099,38.6986,38.9527,12356403,603288
2026-04-28,39.2948,39.6761,38.3076,38.376,15756163,603288
2026-04-29,38.4835,38.8941,37.9264,38.3858,17053335,603288
2026-04-30,38.1219,38.2783,37.5452,37.77,18464929,603288
2026-05-06,37.77,38.1805,37.4767,37.8677,23228761,603288
2026-05-07,37.8384,38.1316,37.6527,37.8579,21748500,603288
2026-05-08,37.8091,37.9068,37.2324,37.3203,16427616,603288
2026-05-11,37.2617,37.4181,36.9098,37.291,22376579,603288
2026-05-12,37.3203,37.5843,36.9684,36.988,15143932,603288
2026-05-13,36.8707,37.3692,36.6459,36.8902,13286076,603288
2026-05-14,36.8609,37.0955,36.4895,36.509,14089592,603288
2026-05-15,36.3624,36.4895,35.903,35.9812,15357131,603288
2026-05-18,35.9812,35.9812,35.3556,35.5609,14319367,603288
2026-05-19,35.5315,36.1571,35.3067,35.3751,14387275,603288
2026-05-20,35.3067,35.5706,35.0526,35.0721,14507888,603288
2026-05-21,35.0721,35.3165,34.4954,34.5443,16996632,603288
2026-05-22,34.5736,34.7007,34.0946,34.4954,16227685,603288
2026-05-25,34.4954,35.1308,34.1435,34.8473,19752915,603288
2026-05-26,34.8571,35.2383,34.5736,34.8277,16470488,603288
2026-05-27,34.8766,35.5315,34.1435,35.0428,24478482,603288
2026-05-28,34.9939,34.9939,34.2217,34.4954,17577180,603288
2026-05-29,34.4954,35.5315,34.2119,35.1112,31138004,603288
2026-06-01,34.9939,35.1796,34.6909,34.9059,22074202,603288
2026-06-02,34.7007,35.2774,33.5766,33.8991,41350173,603288
2026-06-03,33.7134,33.8209,33.039,33.6254,24240018,603288
2026-06-04,33.3517,33.557,33.039,33.039,15218501,603288
2026-06-05,33.0781,33.5766,33.0781,33.2638,13827562,603288
2026-06-08,33.0487,33.3517,32.6186,33.3029,16939040,603288
2026-06-09,33.3029,34.2119,33.1074,34.1044,22649585,603288
2026-06-10,33.9871,34.7593,33.8796,34.3097,17471363,603288
2026-06-11,34.1142,34.6029,33.8209,34.3781,13392018,603288
2026-06-12,34.2119,34.8766,33.9969,34.73,19686974,603288
2026-06-15,34.69,35.08,34.04,34.14,20091293,603288
2026-06-16,34.03,34.16,33.64,33.79,13123395,603288
2026-06-17,33.73,33.99,33.27,33.32,12605151,603288
2026-06-18,33.1,33.27,32.41,32.44,23277461,603288
2026-06-22,32.28,33.65,31.6,33.04,23616015,603288
2026-06-23,34.5,35.43,33.96,34.18,45736050,603288
2026-06-24,34.5,36.28,33.83,35.01,47662750,603288
2026-06-25,34.7,34.7,33.46,33.92,34020512,603288
2026-06-26,33.8,34.15,32.93,32.98,21080025,603288
2026-06-29,32.97,34.58,32.53,34.08,32788718,603288
2026-06-30,34.06,34.28,32.84,33.16,27247622,603288
2026-07-01,33.16,33.8,32.63,33.48,23261673,603288
2026-07-02,33.32,34.14,33.25,33.56,20899374,603288
2026-07-03,33.98,34.48,33.81,34.01,22494827,603288
2026-07-06,34.0,34.77,33.56,34.36,20099583,603288
2026-07-07,34.36,34.6,33.83,34.11,15581930,603288
2026-07-08,33.91,34.3,33.52,34.1,16454112,603288
2026-07-09,33.85,33.87,33.18,33.33,15603568,603288
2026-07-10,33.27,34.07,32.97,33.72,17662115,603288
2026-07-13,33.4,34.63,33.3,34.4,22486708,603288
2026-07-14,34.26,34.9,34.17,34.56,20778492,603288
2026-07-15,34.42,36.0,34.26,35.55,29052382,603288
2026-07-16,35.55,36.4,35.45,36.32,29544414,603288
2026-07-17,36.1,36.63,35.79,36.0,28666780,603288
2026-07-20,36.01,37.0,35.72,37.0,32366308,603288
2026-07-21,36.8,37.64,36.15,36.52,32347750,603288
2026-07-22,36.39,36.68,35.93,36.45,26560673,603288
2026-07-23,36.25,36.69,35.97,36.65,15125450,603288
2026-07-24,36.6,36.7,35.83,35.85,15736426,603288
2026-07-27,35.86,36.4,35.66,36.02,13191575,603288
2026-07-28,36.23,37.1,35.86,37.01,18653834,603288
2026-07-29,37.01,38.04,36.92,37.64,26965383,603288
2026-07-30,37.64,38.97,37.51,38.66,29261457,603288
2026-07-31,37.5,38.44,37.5,38.44,20057141,603288
2026-08-03,38.39,39.0,37.96,38.02,21948955,603288
2026-08-04,37.86,38.09,37.18,37.33,20157757,603288
2026-08-05,37.33,37.53,36.49,36.97,19835730,603288
2026-08-06,37.0,37.17,36.44,36.55,16852505,603288
2026-08-07,36.55,36.72,36.02,36.42,17092155,603288
2026-08-10,36.36,37.12,36.2,36.78,18571358,603288
2026-08-11,36.77,36.92,36.13,36.17,16736197,603288
2026-08-12,36.2,36.37,35.7,36.24,9897105,603288
2026-08-13,36.2,36.33,35.98,36.2,11108786,603288
2026-08-14,36.17,36.17,35.75,35.82,9329366,603288
2026-08-17,35.65,35.8,35.2,35.42,13754409,603288
2026-08-18,35.42,35.69,35.26,35.55,10955411,603288
2026-08-19,35.57,35.8,35.14,35.32,10008388,603288
2026-08-20,35.3,35.88,35.27,35.75,10839621,603288
2026-08-21,35.58,35.69,34.65,35.05,16063929,603288
2026-08-24,35.0,35.72,34.77,35.67,15983932,603288
2026-08-25,35.8,36.09,35.55,35.96,12730095,603288
