date,open,high,low,close,volume
2023-01-01 20:00:00,1.0697,1.07066,1.06788,1.07005,7410.38
2023-01-02 00:00:00,1.07007,1.07087,1.06862,1.06899,8251.81
2023-01-02 04:00:00,1.06896,1.0702,1.06632,1.06786,21780.52
2023-01-02 08:00:00,1.06794,1.06994,1.06712,1.06842,32031.17
2023-01-02 12:00:00,1.06841,1.0687,1.0658,1.066,17975.4
2023-01-02 16:00:00,1.06598,1.06705,1.06499,1.06561,23196.27
2023-01-02 20:00:00,1.0656,1.06833,1.06499,1.06765,29380.89
2023-01-03 00:00:00,1.06764,1.06783,1.06503,1.06722,56636.61
2023-01-03 04:00:00,1.06722,1.06801,1.06199,1.06236,54772.71
2023-01-03 08:00:00,1.06237,1.06282,1.05194,1.05282,144097.24
2023-01-03 12:00:00,1.05281,1.05973,1.05238,1.05554,140402.63
2023-01-03 16:00:00,1.05554,1.05681,1.05371,1.05662,89458.47
2023-01-03 20:00:00,1.05664,1.05688,1.05403,1.05455,38778.11
2023-01-04 00:00:00,1.05453,1.05697,1.0545,1.05687,40128.21
2023-01-04 04:00:00,1.05688,1.06057,1.05594,1.05937,51276.32
2023-01-04 08:00:00,1.05938,1.06354,1.059,1.06043,64956.69
2023-01-04 12:00:00,1.06044,1.06282,1.0581,1.0603,137878.83
2023-01-04 16:00:00,1.0603,1.06205,1.0585,1.06053,102186.07
2023-01-04 20:00:00,1.06053,1.06112,1.05997,1.06061,33501.12
2023-01-05 00:00:00,1.06058,1.06314,1.06029,1.06069,48579.73
2023-01-05 04:00:00,1.0607,1.06199,1.05901,1.06052,48399.7
2023-01-05 08:00:00,1.06052,1.06288,1.0603,1.0611,74149.78
2023-01-05 12:00:00,1.06111,1.06173,1.05148,1.05181,165210.53
2023-01-05 16:00:00,1.05183,1.0543,1.05174,1.053,89137.91
2023-01-05 20:00:00,1.05299,1.05306,1.05155,1.05208,29746.01
2023-01-06 00:00:00,1.05209,1.05363,1.05188,1.05321,36436.48
2023-01-06 04:00:00,1.05319,1.05343,1.05069,1.05124,48966.28
2023-01-06 08:00:00,1.05126,1.05309,1.04922,1.0494,66843.12
2023-01-06 12:00:00,1.04942,1.06123,1.04823,1.06016,190011.63
2023-01-06 16:00:00,1.06018,1.06478,1.05967,1.06453,79260.09
2023-01-06 20:00:00,1.06453,1.0648,1.06413,1.06413,11387.44
2023-01-08 20:00:00,1.06406,1.06628,1.06381,1.06627,14351.42
2023-01-09 00:00:00,1.06628,1.06777,1.06513,1.06675,56283.81
2023-01-09 04:00:00,1.06674,1.06947,1.06666,1.0673,49010.86
2023-01-09 08:00:00,1.0673,1.06995,1.066,1.06843,82986.93
2023-01-09 12:00:00,1.06841,1.07491,1.06807,1.074,109139.83
2023-01-09 16:00:00,1.07402,1.07605,1.07374,1.07517,75239.81
2023-01-09 20:00:00,1.07517,1.07537,1.0727,1.07326,36357.85
2023-01-10 00:00:00,1.07324,1.07424,1.07205,1.07321,52052.42
2023-01-10 04:00:00,1.07323,1.0744,1.07219,1.07314,49794.99
2023-01-10 08:00:00,1.07316,1.07516,1.07293,1.07349,71506.64
2023-01-10 12:00:00,1.07349,1.07592,1.07119,1.07274,143287.73
2023-01-10 16:00:00,1.07275,1.07437,1.0724,1.07407,66754.8
2023-01-10 20:00:00,1.07409,1.0744,1.07304,1.07382,21518.21
2023-01-11 00:00:00,1.07383,1.07453,1.07255,1.07334,47845.0
2023-01-11 04:00:00,1.07335,1.07573,1.07318,1.07466,50668.81
2023-01-11 08:00:00,1.07465,1.0755,1.07254,1.07481,86195.45
2023-01-11 12:00:00,1.07483,1.07762,1.07279,1.07549,115591.67
2023-01-11 16:00:00,1.07549,1.0768,1.07348,1.0763,71536.06
2023-01-11 20:00:00,1.07629,1.07673,1.07485,1.07652,30639.81
2023-01-12 00:00:00,1.07652,1.07745,1.07601,1.07684,56401.03
2023-01-12 04:00:00,1.07685,1.0775,1.07555,1.07623,57293.9
2023-01-12 08:00:00,1.07626,1.07732,1.07426,1.07616,90161.56999999999
2023-01-12 12:00:00,1.07615,1.08387,1.07297,1.08067,254151.84
2023-01-12 16:00:00,1.08066,1.08668,1.08023,1.08491,145766.73
2023-01-12 20:00:00,1.0849,1.08599,1.08411,1.08595,36881.78
2023-01-13 00:00:00,1.08595,1.08679,1.08315,1.08456,63702.45
2023-01-13 04:00:00,1.08454,1.08508,1.08315,1.08488,62097.17
2023-01-13 08:00:00,1.08487,1.0864,1.08083,1.0812,104008.15
2023-01-13 12:00:00,1.08119,1.08386,1.07803,1.08292,150143.09
2023-01-13 16:00:00,1.08292,1.08351,1.08009,1.08291,88337.62
2023-01-13 20:00:00,1.0829,1.08356,1.08268,1.08302,12162.35
2023-01-15 20:00:00,1.08288,1.0835,1.08201,1.08225,12216.62
2023-01-16 00:00:00,1.08224,1.08741,1.08211,1.08599,56030.41
2023-01-16 04:00:00,1.08599,1.08637,1.08264,1.08308,51486.77
2023-01-16 08:00:00,1.08307,1.08364,1.08013,1.08268,78376.23
2023-01-16 12:00:00,1.08267,1.0829,1.08058,1.08251,60165.36
2023-01-16 16:00:00,1.08251,1.08264,1.08107,1.08192,25251.95
2023-01-16 20:00:00,1.08193,1.08323,1.08165,1.08294,25074.13
2023-01-17 00:00:00,1.08294,1.08336,1.08061,1.08249,59569.96
2023-01-17 04:00:00,1.08249,1.08354,1.08118,1.08279,57894.11
2023-01-17 08:00:00,1.0828,1.08385,1.08088,1.08322,92800.19
2023-01-17 12:00:00,1.08323,1.08693,1.07949,1.08016,167083.95
2023-01-17 16:00:00,1.08016,1.08091,1.07744,1.07932,83172.16
2023-01-17 20:00:00,1.07932,1.07968,1.07853,1.07893,29196.93
2023-01-18 00:00:00,1.07891,1.07992,1.07661,1.07728,75305.77
2023-01-18 04:00:00,1.0773,1.08364,1.07672,1.08252,79411.14
2023-01-18 08:00:00,1.08252,1.08714,1.08115,1.0815,47446.3
2023-01-18 12:00:00,1.08151,1.08873,1.08149,1.0833,94448.05
2023-01-18 16:00:00,1.08332,1.08357,1.07866,1.07948,50529.58
2023-01-18 20:00:00,1.07947,1.07978,1.07872,1.07972,18006.74
2023-01-19 00:00:00,1.07974,1.08054,1.07821,1.08005,24332.37
2023-01-19 04:00:00,1.08005,1.08138,1.07825,1.08076,23903.44
2023-01-19 08:00:00,1.08078,1.0838,1.08031,1.08216,38846.97
2023-01-19 12:00:00,1.08216,1.0827,1.07837,1.0789,63818.84
2023-01-19 16:00:00,1.07892,1.08356,1.07872,1.08304,44830.26
2023-01-19 20:00:00,1.08303,1.08398,1.08265,1.08333,15707.77
2023-01-20 00:00:00,1.08332,1.0844,1.08279,1.08343,20625.82
2023-01-20 04:00:00,1.08343,1.08464,1.08207,1.08399,17680.3
2023-01-20 08:00:00,1.08401,1.08587,1.08243,1.08247,30915.68
2023-01-20 12:00:00,1.08248,1.08477,1.08022,1.08309,44285.48
2023-01-20 16:00:00,1.08309,1.08582,1.08272,1.08539,32494.97
2023-01-20 20:00:00,1.0854,1.08581,1.08519,1.08549,10501.79
2023-01-22 20:00:00,1.08678,1.08696,1.08611,1.08643,11689.1875
2023-01-23 00:00:00,1.08639,1.09029,1.08639,1.08983,19971.45
2023-01-23 04:00:00,1.08986,1.09267,1.08871,1.09141,20936.51
2023-01-23 08:00:00,1.09141,1.09203,1.08787,1.08811,33533.46
2023-01-23 12:00:00,1.08811,1.08831,1.08461,1.08646,54182.3
2023-01-23 16:00:00,1.08645,1.08757,1.08474,1.08587,33891.77
2023-01-23 20:00:00,1.08588,1.08759,1.0857,1.08711,14734.51
2023-01-24 00:00:00,1.08711,1.08828,1.08674,1.08743,10756.77
2023-01-24 04:00:00,1.08742,1.08978,1.08692,1.08885,16034.73
2023-01-24 08:00:00,1.08886,1.08957,1.08517,1.08665,60773.72
2023-01-24 12:00:00,1.08665,1.08807,1.08349,1.0875,137750.25
2023-01-24 16:00:00,1.08751,1.08887,1.08669,1.08835,68393.83
2023-01-24 20:00:00,1.08836,1.08903,1.08789,1.08897,26698.829999999998
2023-01-25 00:00:00,1.08899,1.09013,1.08807,1.08971,42969.43
2023-01-25 04:00:00,1.08971,1.0911,1.08784,1.08809,47671.34
2023-01-25 08:00:00,1.08808,1.08918,1.08571,1.08645,82344.22
2023-01-25 12:00:00,1.08646,1.09236,1.08585,1.09021,119638.21
2023-01-25 16:00:00,1.09018,1.0918,1.08741,1.09144,76508.91
2023-01-25 20:00:00,1.09145,1.09228,1.09063,1.09206,21763.63
2023-01-26 00:00:00,1.09206,1.09246,1.09069,1.09131,32129.63
2023-01-26 04:00:00,1.09129,1.09293,1.09064,1.09194,41092.76
2023-01-26 08:00:00,1.09195,1.09279,1.08924,1.09027,65546.58
2023-01-26 12:00:00,1.09028,1.09173,1.08508,1.08551,149838.65
2023-01-26 16:00:00,1.08551,1.08903,1.08505,1.0889,64937.56
2023-01-26 20:00:00,1.0889,1.08963,1.08862,1.0893,16648.91
2023-01-27 00:00:00,1.0893,1.09001,1.08704,1.08735,23583.31
2023-01-27 04:00:00,1.08735,1.08793,1.08654,1.08734,29908.85
2023-01-27 08:00:00,1.08738,1.08953,1.08654,1.08789,55633.34
2023-01-27 12:00:00,1.08789,1.08807,1.08377,1.08385,125628.07
2023-01-27 16:00:00,1.08385,1.08721,1.08381,1.08683,59464.37
2023-01-27 20:00:00,1.08684,1.08728,1.08639,1.08649,6536.33
2023-01-29 20:00:00,1.08643,1.08724,1.08595,1.08717,3631.56
2023-01-30 00:00:00,1.08718,1.08753,1.0861,1.08684,13449.63
2023-01-30 04:00:00,1.08684,1.08792,1.08528,1.08594,17873.11
2023-01-30 08:00:00,1.08595,1.09137,1.08595,1.08961,37027.51
2023-01-30 12:00:00,1.08962,1.0911,1.08674,1.08706,57960.45
2023-01-30 16:00:00,1.08707,1.08747,1.08389,1.08461,62910.4
2023-01-30 20:00:00,1.08459,1.08544,1.08439,1.08499,18825.2375
2023-01-31 00:00:00,1.085,1.08599,1.0844,1.08444,34732.42
2023-01-31 04:00:00,1.08445,1.08496,1.08315,1.08438,37877.26
2023-01-31 08:00:00,1.08439,1.08446,1.08019,1.08357,61249.38
2023-01-31 12:00:00,1.0836,1.08642,1.08254,1.086,116225.45
2023-01-31 16:00:00,1.08598,1.08747,1.08504,1.08637,39920.04
2023-01-31 20:00:00,1.08639,1.08729,1.08597,1.08606,19285.18
2023-02-01 00:00:00,1.08605,1.08638,1.0852,1.08626,26920.4
2023-02-01 04:00:00,1.08625,1.08835,1.08624,1.08798,32363.33
2023-02-01 08:00:00,1.08801,1.08967,1.08695,1.08924,61209.87
2023-02-01 12:00:00,1.08924,1.09247,1.0888,1.09196,103922.86
2023-02-01 16:00:00,1.09195,1.09857,1.08885,1.09777,154172.78
2023-02-01 20:00:00,1.09778,1.10327,1.09693,1.10124,82184.33
2023-02-02 00:00:00,1.10123,1.10266,1.1006,1.10174,58784.97
2023-02-02 04:00:00,1.10174,1.10253,1.09913,1.09933,51560.03
2023-02-02 08:00:00,1.09933,1.10103,1.09803,1.0999,79935.66
2023-02-02 12:00:00,1.0999,1.10043,1.08851,1.09366,175369.89
2023-02-02 16:00:00,1.09366,1.09488,1.0905,1.09077,78413.54
2023-02-02 20:00:00,1.09077,1.09161,1.09043,1.09043,35724.5
2023-02-03 00:00:00,1.09044,1.0905,1.08878,1.08938,44314.38
2023-02-03 04:00:00,1.08937,1.09059,1.08818,1.08994,43763.23
2023-02-03 08:00:00,1.08995,1.09368,1.08845,1.0929,71398.31
2023-02-03 12:00:00,1.0929,1.09399,1.08092,1.08582,222029.38
2023-02-03 16:00:00,1.08582,1.08613,1.08017,1.08044,108780.66
2023-02-03 20:00:00,1.08046,1.08048,1.07924,1.07929,18846.11
2023-02-05 20:00:00,1.0782,1.07981,1.07817,1.07891,17048.275
2023-02-06 00:00:00,1.0789,1.07982,1.07813,1.079,44008.44
2023-02-06 04:00:00,1.079,1.07987,1.07799,1.07799,43269.659999999996
2023-02-06 08:00:00,1.07798,1.0795,1.07565,1.07662,73426.23
2023-02-06 12:00:00,1.0766,1.0783,1.0722,1.07302,109073.11
2023-02-06 16:00:00,1.07301,1.07392,1.07092,1.07247,69109.09
2023-02-06 20:00:00,1.07244,1.07308,1.07185,1.07289,28836.96
2023-02-07 00:00:00,1.07288,1.07425,1.07279,1.0738,34728.15
2023-02-07 04:00:00,1.0738,1.07436,1.07229,1.07239,48741.44
2023-02-07 08:00:00,1.07242,1.07347,1.06968,1.07047,96174.94
2023-02-07 12:00:00,1.07049,1.07122,1.0669,1.06926,103210.38
2023-02-07 16:00:00,1.06926,1.07664,1.06872,1.07191,190702.84
2023-02-07 20:00:00,1.07192,1.07307,1.07081,1.07301,23980.01
2023-02-08 00:00:00,1.07303,1.07349,1.0723,1.07321,34563.54
2023-02-08 04:00:00,1.0732,1.07596,1.07238,1.07586,35824.6
2023-02-08 08:00:00,1.07586,1.07607,1.07327,1.07348,67416.99
2023-02-08 12:00:00,1.07348,1.0749,1.07137,1.07251,100204.46
2023-02-08 16:00:00,1.07251,1.074,1.07186,1.07229,74841.85
2023-02-08 20:00:00,1.07229,1.07244,1.07092,1.07151,28315.93
2023-02-09 00:00:00,1.07152,1.07326,1.07093,1.07293,31844.37
2023-02-09 04:00:00,1.07294,1.07446,1.07239,1.07329,44308.0
2023-02-09 08:00:00,1.0733,1.07783,1.07324,1.0763,63805.65
2023-02-09 12:00:00,1.0763,1.07907,1.0759,1.07626,96787.76
2023-02-09 16:00:00,1.07625,1.07631,1.07329,1.07372,84196.94
2023-02-09 20:00:00,1.07372,1.07412,1.07312,1.0739,23389.98
2023-02-10 00:00:00,1.07391,1.07395,1.07173,1.07205,43645.51
2023-02-10 04:00:00,1.07206,1.07445,1.07171,1.07408,58740.81
2023-02-10 08:00:00,1.0741,1.07525,1.06915,1.06983,107824.73
2023-02-10 12:00:00,1.06984,1.07067,1.06743,1.06767,126572.39
2023-02-10 16:00:00,1.06768,1.06868,1.06661,1.0673,55656.29
2023-02-10 20:00:00,1.06732,1.06807,1.06731,1.06754,9469.68
2023-02-12 20:00:00,1.06808,1.06821,1.06708,1.06771,9208.85
2023-02-13 00:00:00,1.06771,1.06787,1.06553,1.06604,46806.84
2023-02-13 04:00:00,1.06605,1.06897,1.06604,1.06828,43640.44
2023-02-13 08:00:00,1.06829,1.06854,1.0663,1.06757,61514.36
2023-02-13 12:00:00,1.06757,1.07272,1.06735,1.07195,94032.51
2023-02-13 16:00:00,1.07196,1.07297,1.07102,1.07171,53958.59
2023-02-13 20:00:00,1.07171,1.07322,1.07139,1.07308,16084.71
2023-02-14 00:00:00,1.07308,1.07367,1.07253,1.07342,34746.25
2023-02-14 04:00:00,1.07343,1.07463,1.07286,1.07316,41866.61
2023-02-14 08:00:00,1.07317,1.07668,1.07287,1.0755,70563.69
2023-02-14 12:00:00,1.07549,1.08044,1.07066,1.07156,236367.23
2023-02-14 16:00:00,1.07156,1.07454,1.07122,1.07393,137038.05
2023-02-14 20:00:00,1.07393,1.07421,1.07321,1.0735,24285.64
2023-02-15 00:00:00,1.07351,1.07443,1.0717,1.07179,42414.47
2023-02-15 04:00:00,1.07179,1.0721,1.06997,1.07079,48915.57
2023-02-15 08:00:00,1.0708,1.07327,1.07047,1.07108,69108.15
2023-02-15 12:00:00,1.07109,1.07179,1.06649,1.06758,162508.37
2023-02-15 16:00:00,1.06757,1.06875,1.06604,1.06808,77344.09
2023-02-15 20:00:00,1.0681,1.06922,1.06797,1.06912,40900.74
2023-02-16 00:00:00,1.06913,1.07147,1.06843,1.07093,52608.54
2023-02-16 04:00:00,1.07093,1.07104,1.0696,1.0709,42839.43
2023-02-16 08:00:00,1.07087,1.07222,1.06888,1.0705,63389.53
2023-02-16 12:00:00,1.0705,1.07086,1.06544,1.06729,160740.38
2023-02-16 16:00:00,1.06731,1.06973,1.06681,1.06902,90089.99
2023-02-16 20:00:00,1.06901,1.06907,1.06622,1.06653,41358.27
2023-02-17 00:00:00,1.06653,1.06654,1.06487,1.06525,39824.04
2023-02-17 04:00:00,1.06523,1.06529,1.06292,1.06437,47874.83
2023-02-17 08:00:00,1.06438,1.06611,1.06236,1.06256,77595.13
2023-02-17 12:00:00,1.06257,1.06819,1.06126,1.06619,142317.0
2023-02-17 16:00:00,1.0662,1.06967,1.06566,1.06961,85249.77
2023-02-17 20:00:00,1.06962,1.06982,1.06925,1.06929,13256.285
2023-02-19 20:00:00,1.06849,1.06933,1.06822,1.06838,16735.32
2023-02-20 00:00:00,1.0684,1.06864,1.06728,1.06816,37195.62
2023-02-20 04:00:00,1.06816,1.07035,1.06813,1.07015,45595.79
2023-02-20 08:00:00,1.07015,1.07044,1.0678,1.0685,56249.74
2023-02-20 12:00:00,1.06852,1.06938,1.06701,1.0686,50237.05
2023-02-20 16:00:00,1.06861,1.06905,1.06829,1.0687,15619.77
2023-02-20 20:00:00,1.06871,1.06884,1.0682,1.06821,16527.55
2023-02-21 00:00:00,1.06821,1.06849,1.0662,1.06665,38782.45
2023-02-21 04:00:00,1.06667,1.06739,1.06599,1.06696,39140.74
2023-02-21 08:00:00,1.06696,1.06883,1.06425,1.06571,109859.6
2023-02-21 12:00:00,1.06571,1.0698,1.06437,1.0685,146752.08
2023-02-21 16:00:00,1.0685,1.06854,1.06372,1.06484,73224.6
2023-02-21 20:00:00,1.06484,1.06534,1.0643,1.06512,36344.04
2023-02-22 00:00:00,1.06513,1.06638,1.06485,1.06596,43590.29
2023-02-22 04:00:00,1.06594,1.06632,1.0651,1.06534,26971.28
2023-02-22 08:00:00,1.06532,1.06576,1.06245,1.063,67931.01
2023-02-22 12:00:00,1.06303,1.06602,1.06249,1.06267,98029.53
2023-02-22 16:00:00,1.06268,1.06359,1.05994,1.06007,109864.48
2023-02-22 20:00:00,1.06009,1.06096,1.05989,1.06053,28388.89
2023-02-23 00:00:00,1.06053,1.06247,1.06052,1.06223,30494.69
2023-02-23 04:00:00,1.06222,1.06275,1.06102,1.06164,40869.71
2023-02-23 08:00:00,1.06163,1.06176,1.05857,1.06038,75879.09
2023-02-23 12:00:00,1.06037,1.06209,1.05873,1.05967,145060.27
2023-02-23 16:00:00,1.05969,1.06028,1.05769,1.05954,71166.92
2023-02-23 20:00:00,1.05955,1.06032,1.05927,1.05972,16568.21
2023-02-24 00:00:00,1.05973,1.06141,1.05932,1.05998,59534.22
2023-02-24 04:00:00,1.05998,1.06021,1.05883,1.05893,49100.67
2023-02-24 08:00:00,1.05893,1.05959,1.05733,1.05794,69674.1
2023-02-24 12:00:00,1.05794,1.05794,1.05359,1.0542,192657.37
2023-02-24 16:00:00,1.0542,1.05597,1.05399,1.05506,79357.47
2023-02-24 20:00:00,1.05505,1.05555,1.05435,1.0545,17892.53
2023-02-26 20:00:00,1.05451,1.0555,1.05439,1.05533,6401.74
2023-02-27 00:00:00,1.05533,1.05598,1.054,1.0544,44146.49
2023-02-27 04:00:00,1.05441,1.05528,1.05328,1.05476,47529.88
2023-02-27 08:00:00,1.05478,1.0569,1.05478,1.05621,64331.58
2023-02-27 12:00:00,1.0562,1.06198,1.05502,1.06009,106995.4
2023-02-27 16:00:00,1.06008,1.06127,1.05795,1.06073,51197.12
2023-02-27 20:00:00,1.06074,1.06104,1.06014,1.06094,17253.12
2023-02-28 00:00:00,1.06094,1.06148,1.05855,1.05923,26049.89
2023-02-28 04:00:00,1.05922,1.05966,1.05817,1.05932,33282.6
2023-02-28 08:00:00,1.05938,1.0626,1.05938,1.06089,62461.4
2023-02-28 12:00:00,1.0609,1.06451,1.06014,1.0605,94791.51
2023-02-28 16:00:00,1.06051,1.06169,1.05823,1.05837,72989.64
2023-02-28 20:00:00,1.05835,1.05838,1.05726,1.05766,26666.15
2023-03-01 00:00:00,1.05767,1.05955,1.05651,1.0593,49944.28
2023-03-01 04:00:00,1.0593,1.0645,1.05879,1.06415,63399.48
2023-03-01 08:00:00,1.06415,1.06739,1.06254,1.06695,104551.59
2023-03-01 12:00:00,1.06696,1.06913,1.06434,1.06721,143542.29
2023-03-01 16:00:00,1.0672,1.06783,1.06463,1.0657,82397.42
2023-03-01 20:00:00,1.06572,1.06723,1.0656,1.06684,19572.16
2023-03-02 00:00:00,1.06684,1.06726,1.06444,1.06456,53612.47
2023-03-02 04:00:00,1.06456,1.06507,1.06321,1.06361,44038.95
2023-03-02 08:00:00,1.06362,1.06429,1.06129,1.06247,95307.65
2023-03-02 12:00:00,1.06248,1.06309,1.05819,1.06086,145396.85
2023-03-02 16:00:00,1.06085,1.06127,1.05764,1.05902,67723.45
2023-03-02 20:00:00,1.05903,1.06064,1.0586,1.05983,25281.94
2023-03-03 00:00:00,1.05982,1.06148,1.05966,1.06061,46015.24
2023-03-03 04:00:00,1.06062,1.06231,1.06051,1.06097,42535.45
2023-03-03 08:00:00,1.06098,1.0629,1.06003,1.06144,75703.34
2023-03-03 12:00:00,1.06144,1.06295,1.05882,1.05975,120321.94
2023-03-03 16:00:00,1.05976,1.06355,1.05924,1.06345,65363.82
2023-03-03 20:00:00,1.06344,1.06384,1.06301,1.06337,13911.75
2023-03-05 20:00:00,1.06228,1.06288,1.06228,1.06254,8875.97
2023-03-06 00:00:00,1.06255,1.06498,1.0624,1.06456,43920.41
2023-03-06 04:00:00,1.06457,1.06568,1.0637,1.06482,43884.88
2023-03-06 08:00:00,1.0648,1.06572,1.06219,1.06393,67684.3
2023-03-06 12:00:00,1.06393,1.06894,1.06321,1.06785,105714.1
2023-03-06 16:00:00,1.06785,1.06942,1.06682,1.06754,54009.54
2023-03-06 20:00:00,1.06754,1.06868,1.06719,1.06854,17996.06
2023-03-07 00:00:00,1.06853,1.06925,1.06763,1.06909,40350.02
2023-03-07 04:00:00,1.06908,1.06943,1.06744,1.06854,52229.91
2023-03-07 08:00:00,1.06853,1.06862,1.06542,1.06565,75190.26
2023-03-07 12:00:00,1.06564,1.06719,1.05737,1.05854,149096.69
2023-03-07 16:00:00,1.05853,1.05959,1.0546,1.05514,129715.47
2023-03-07 20:00:00,1.05516,1.05571,1.05471,1.05481,17954.62
2023-03-08 00:00:00,1.05482,1.05504,1.05274,1.05292,45717.26
2023-03-08 04:00:00,1.05292,1.05469,1.05241,1.05434,45940.17
2023-03-08 08:00:00,1.05434,1.05484,1.05339,1.05377,61996.58
2023-03-08 12:00:00,1.05376,1.05738,1.05291,1.05524,147690.51
2023-03-08 16:00:00,1.05525,1.05676,1.05397,1.05456,83092.03
2023-03-08 20:00:00,1.05457,1.05499,1.0541,1.05488,17154.39
2023-03-09 00:00:00,1.05488,1.05532,1.05378,1.05491,31720.05
2023-03-09 04:00:00,1.05492,1.05596,1.05457,1.05562,31801.89
2023-03-09 08:00:00,1.05562,1.05812,1.0548,1.05709,62307.51
2023-03-09 12:00:00,1.0571,1.05862,1.05524,1.05686,113270.24
2023-03-09 16:00:00,1.05686,1.0591,1.05635,1.05755,88804.03
2023-03-09 20:00:00,1.05755,1.05856,1.05723,1.05856,33270.48
2023-03-10 00:00:00,1.05855,1.05993,1.05791,1.05967,62981.53
2023-03-10 04:00:00,1.05967,1.06066,1.05809,1.05948,58410.64
2023-03-10 08:00:00,1.05946,1.06036,1.05738,1.05894,86764.4
2023-03-10 12:00:00,1.05896,1.07004,1.05806,1.06872,219305.34
2023-03-10 16:00:00,1.06873,1.06873,1.06359,1.06434,127518.95
2023-03-10 20:00:00,1.06434,1.06479,1.06364,1.06387,19208.15
2023-03-12 20:00:00,1.06808,1.0703,1.0674,1.0681,47134.832
2023-03-13 00:00:00,1.06811,1.07369,1.06637,1.07168,102926.64
2023-03-13 04:00:00,1.0717,1.07372,1.07131,1.07251,66374.8
2023-03-13 08:00:00,1.07253,1.07288,1.06572,1.06639,194546.76
2023-03-13 12:00:00,1.0664,1.07333,1.065,1.07332,228088.73
2023-03-13 16:00:00,1.07332,1.07484,1.07208,1.07295,138969.47
2023-03-13 20:00:00,1.07295,1.07335,1.07223,1.07228,26438.66
2023-03-14 00:00:00,1.07228,1.07241,1.06987,1.07025,53151.35
2023-03-14 04:00:00,1.07028,1.07153,1.06787,1.06895,79676.19
2023-03-14 08:00:00,1.06895,1.07282,1.06829,1.07217,106185.47
2023-03-14 12:00:00,1.07219,1.07486,1.06979,1.0721,203385.02
2023-03-14 16:00:00,1.0721,1.07494,1.07104,1.07414,122256.86
2023-03-14 20:00:00,1.07416,1.07421,1.07252,1.07267,14611.48
2023-03-15 00:00:00,1.07267,1.07597,1.0725,1.07508,41954.83
2023-03-15 04:00:00,1.07509,1.07537,1.07274,1.07371,60295.57
2023-03-15 08:00:00,1.07373,1.07435,1.05804,1.05873,164845.26
2023-03-15 12:00:00,1.05872,1.05946,1.05158,1.05338,209536.51
2023-03-15 16:00:00,1.05338,1.05923,1.05274,1.05801,181247.7
2023-03-15 20:00:00,1.05803,1.05888,1.05739,1.05814,25967.28
2023-03-16 00:00:00,1.05814,1.05991,1.05729,1.05985,75530.94
2023-03-16 04:00:00,1.05986,1.0628,1.05927,1.06247,62871.159999999996
2023-03-16 08:00:00,1.0625,1.06353,1.05999,1.0613,106370.97
2023-03-16 12:00:00,1.0613,1.06267,1.0551,1.06212,227154.18
2023-03-16 16:00:00,1.06214,1.06251,1.05915,1.06148,118795.6
2023-03-16 20:00:00,1.06147,1.06171,1.06066,1.06135,18609.92
2023-03-17 00:00:00,1.06136,1.06447,1.06116,1.06402,52465.21
2023-03-17 04:00:00,1.06402,1.06693,1.06388,1.06625,65931.49
2023-03-17 08:00:00,1.06625,1.06699,1.06154,1.06295,92205.1
2023-03-17 12:00:00,1.06295,1.06479,1.06122,1.06462,65810.29
2023-03-17 16:00:00,1.06461,1.06852,1.06421,1.06612,47082.01
2023-03-17 20:00:00,1.06613,1.06666,1.06584,1.06647,5908.485
2023-03-19 20:00:00,1.06885,1.06886,1.06661,1.06804,12101.36
2023-03-20 00:00:00,1.06806,1.06898,1.06646,1.06692,19221.71
2023-03-20 04:00:00,1.06691,1.0681,1.06416,1.06554,51550.33
2023-03-20 08:00:00,1.06554,1.07086,1.06311,1.07068,167565.45
2023-03-20 12:00:00,1.07071,1.07309,1.07017,1.07211,142234.65
2023-03-20 16:00:00,1.07211,1.07283,1.07067,1.07231,71990.58
2023-03-20 20:00:00,1.07231,1.07243,1.07155,1.07185,31231.73
2023-03-21 00:00:00,1.07185,1.0726,1.0714,1.07157,47627.23
2023-03-21 04:00:00,1.07158,1.07219,1.07038,1.07189,47530.29
2023-03-21 08:00:00,1.0719,1.07846,1.07161,1.07785,105665.45
2023-03-21 12:00:00,1.07787,1.07886,1.07607,1.07688,129567.51
2023-03-21 16:00:00,1.07686,1.07783,1.07561,1.07693,56613.53
2023-03-21 20:00:00,1.07695,1.07739,1.07656,1.07727,10981.67
2023-03-22 00:00:00,1.07725,1.07767,1.07652,1.07698,35860.95
2023-03-22 04:00:00,1.07698,1.0775,1.0759,1.07657,49078.15
2023-03-22 08:00:00,1.07658,1.0798,1.0765,1.07972,85255.03
2023-03-22 12:00:00,1.07971,1.08002,1.07756,1.07912,83187.65
2023-03-22 16:00:00,1.07912,1.09124,1.07884,1.08653,182273.8
2023-03-22 20:00:00,1.08652,1.08717,1.08531,1.08688,23415.4
2023-03-23 00:00:00,1.08689,1.09056,1.08684,1.09008,55916.06
2023-03-23 04:00:00,1.09007,1.09296,1.08949,1.0906,85684.4
2023-03-23 08:00:00,1.09061,1.09104,1.08667,1.08759,113126.07
2023-03-23 12:00:00,1.08759,1.09079,1.08695,1.08898,122703.78
2023-03-23 16:00:00,1.08898,1.08986,1.0824,1.08397,123038.08
2023-03-23 20:00:00,1.08397,1.08407,1.0827,1.08345,23757.32
2023-03-24 00:00:00,1.08347,1.08351,1.08171,1.08286,59756.48
2023-03-24 04:00:00,1.08286,1.0837,1.08226,1.0828,55401.85
2023-03-24 08:00:00,1.08281,1.08309,1.07131,1.0738,199674.92
2023-03-24 12:00:00,1.0738,1.07673,1.07229,1.07611,161816.45
2023-03-24 16:00:00,1.07612,1.07675,1.07513,1.07589,56182.3
2023-03-24 20:00:00,1.07591,1.07628,1.07564,1.07566,4743.13
2023-03-26 20:00:00,1.07752,1.07798,1.07648,1.07776,17995.06
2023-03-27 00:00:00,1.07775,1.07775,1.07575,1.07715,50449.49
2023-03-27 04:00:00,1.07715,1.07821,1.07449,1.07515,68021.91
2023-03-27 08:00:00,1.07511,1.07807,1.07504,1.07716,81798.07
2023-03-27 12:00:00,1.07716,1.07948,1.07679,1.07878,91187.21
2023-03-27 16:00:00,1.07876,1.07986,1.0786,1.07972,33581.56
2023-03-27 20:00:00,1.07972,1.08076,1.07948,1.08062,9539.21
2023-03-28 00:00:00,1.08061,1.08194,1.08033,1.0815,41098.06
2023-03-28 04:00:00,1.08151,1.08339,1.0806,1.08204,62259.24
2023-03-28 08:00:00,1.08202,1.08365,1.08103,1.08312,77048.28
2023-03-28 12:00:00,1.08313,1.08468,1.08163,1.08427,104104.41
2023-03-28 16:00:00,1.08428,1.08485,1.08313,1.08476,34832.6
2023-03-28 20:00:00,1.08475,1.08475,1.08364,1.08388,12928.81
2023-03-29 00:00:00,1.0839,1.08494,1.08346,1.08364,32512.72
2023-03-29 04:00:00,1.08364,1.08438,1.08177,1.08368,50249.33
2023-03-29 08:00:00,1.08368,1.08713,1.08265,1.08551,65424.5
2023-03-29 12:00:00,1.08551,1.08599,1.08246,1.08249,107058.55
2023-03-29 16:00:00,1.08252,1.08481,1.08234,1.08393,41373.06
2023-03-29 20:00:00,1.08391,1.08485,1.08383,1.08425,10141.16
2023-03-30 00:00:00,1.08424,1.08434,1.08263,1.08329,28782.45
2023-03-30 04:00:00,1.0833,1.08577,1.08235,1.08547,56026.0
2023-03-30 08:00:00,1.08547,1.08844,1.08505,1.08787,65276.909999999996
2023-03-30 12:00:00,1.08788,1.09262,1.08785,1.08979,91620.97
2023-03-30 16:00:00,1.08979,1.09077,1.0892,1.09068,35170.34
2023-03-30 20:00:00,1.09067,1.09074,1.09018,1.09041,9262.64
2023-03-31 00:00:00,1.0904,1.09257,1.09012,1.09068,41270.45
2023-03-31 04:00:00,1.09067,1.09107,1.088,1.08845,56246.7
2023-03-31 08:00:00,1.08846,1.08959,1.08641,1.0867,84410.95
2023-03-31 12:00:00,1.08672,1.09018,1.08574,1.08718,125046.37
2023-03-31 16:00:00,1.08718,1.08723,1.0843,1.08456,36403.15
2023-03-31 20:00:00,1.08457,1.0846,1.08368,1.08386,4448.63
2023-04-02 20:00:00,1.08398,1.0844,1.08011,1.08023,19590.87
2023-04-03 00:00:00,1.08024,1.08167,1.07882,1.07899,40788.13
2023-04-03 04:00:00,1.079,1.08418,1.07891,1.0839,58263.91
2023-04-03 08:00:00,1.08389,1.08777,1.08299,1.08765,73328.2
2023-04-03 12:00:00,1.08764,1.09165,1.08615,1.08903,117924.88
2023-04-03 16:00:00,1.08902,1.09074,1.08799,1.09062,37122.86
2023-04-03 20:00:00,1.09061,1.09095,1.09,1.09066,10092.11
2023-04-04 00:00:00,1.09067,1.09097,1.08884,1.08885,43979.58
2023-04-04 04:00:00,1.08886,1.0938,1.08828,1.0925,65794.79
2023-04-04 08:00:00,1.0925,1.09359,1.08958,1.08974,86641.32
2023-04-04 12:00:00,1.08974,1.09733,1.08867,1.09506,135499.42
2023-04-04 16:00:00,1.09506,1.09576,1.09432,1.09571,31772.8
2023-04-04 20:00:00,1.09572,1.09614,1.09471,1.09575,9490.93
2023-04-05 00:00:00,1.09576,1.09695,1.09553,1.09596,38568.52
2023-04-05 04:00:00,1.09596,1.09673,1.09466,1.09501,56336.93
2023-04-05 08:00:00,1.09502,1.09603,1.09348,1.0941,67122.87
2023-04-05 12:00:00,1.0941,1.09668,1.09027,1.09173,132481.32
2023-04-05 16:00:00,1.09173,1.09197,1.0891,1.09037,35401.81
2023-04-05 20:00:00,1.09035,1.09103,1.09011,1.09029,7798.5
2023-04-06 00:00:00,1.09029,1.09043,1.08845,1.08918,32855.02
2023-04-06 04:00:00,1.08918,1.0917,1.08896,1.09066,51699.3
2023-04-06 08:00:00,1.09065,1.09167,1.08923,1.09151,62295.59
2023-04-06 12:00:00,1.0915,1.09283,1.08858,1.09259,98060.93000000001
2023-04-06 16:00:00,1.09258,1.09375,1.09213,1.09229,24429.94
2023-04-06 20:00:00,1.09229,1.09233,1.09156,1.09194,6287.16
2023-04-07 00:00:00,1.09195,1.0924,1.09141,1.09197,8649.87
2023-04-07 04:00:00,1.09196,1.09207,1.09113,1.09154,11493.210000000001
2023-04-07 08:00:00,1.09154,1.09216,1.09104,1.09173,10464.9
2023-04-07 12:00:00,1.09173,1.09176,1.08762,1.09114,33396.9
2023-04-07 16:00:00,1.09113,1.09123,1.08993,1.09037,11186.17
2023-04-07 20:00:00,1.09036,1.0907,1.08974,1.09029,7361.22
2023-04-09 20:00:00,1.0898,1.09134,1.0898,1.09129,9989.51
2023-04-10 00:00:00,1.09132,1.09145,1.08968,1.08991,28957.68
2023-04-10 04:00:00,1.08992,1.09169,1.08908,1.09166,22082.54
2023-04-10 08:00:00,1.09167,1.09171,1.08864,1.08888,31410.18
2023-04-10 12:00:00,1.08887,1.08914,1.08313,1.08391,78342.92
2023-04-10 16:00:00,1.08391,1.08629,1.0838,1.08629,30412.36
2023-04-10 20:00:00,1.08628,1.08699,1.08581,1.08687,18228.13
2023-04-11 00:00:00,1.08687,1.08877,1.0867,1.08815,45023.5
2023-04-11 04:00:00,1.08814,1.09044,1.08808,1.08954,62137.21
2023-04-11 08:00:00,1.08953,1.09266,1.08944,1.0905,71279.63
2023-04-11 12:00:00,1.0905,1.09279,1.09022,1.09046,81562.07
2023-04-11 16:00:00,1.09048,1.09168,1.0896,1.0914,30454.9
2023-04-11 20:00:00,1.0914,1.09176,1.09095,1.09163,5587.97
2023-04-12 00:00:00,1.09163,1.09287,1.09147,1.09241,27452.01
2023-04-12 04:00:00,1.0924,1.09373,1.09159,1.09266,44474.75
2023-04-12 08:00:00,1.09265,1.09359,1.0918,1.09224,46767.63
2023-04-12 12:00:00,1.09225,1.09998,1.09196,1.09865,157704.19
2023-04-12 16:00:00,1.09864,1.10004,1.09849,1.09883,47427.69
2023-04-12 20:00:00,1.09884,1.09995,1.09866,1.09968,9249.62
2023-04-13 00:00:00,1.09967,1.10049,1.09836,1.09883,40336.5
2023-04-13 04:00:00,1.09882,1.10006,1.09767,1.09991,47199.09
2023-04-13 08:00:00,1.09991,1.10316,1.09991,1.10099,64001.58
2023-04-13 12:00:00,1.101,1.10676,1.10083,1.10529,110610.2
2023-04-13 16:00:00,1.1053,1.10596,1.1044,1.10464,27770.78
2023-04-13 20:00:00,1.10466,1.10516,1.10451,1.10516,6031.09
2023-04-14 00:00:00,1.10517,1.10751,1.10488,1.10703,38077.31
2023-04-14 04:00:00,1.10702,1.10758,1.10593,1.10653,46075.71
2023-04-14 08:00:00,1.10653,1.10666,1.10477,1.10538,53688.8
2023-04-14 12:00:00,1.1054,1.10739,1.0975,1.09787,161068.01
2023-04-14 16:00:00,1.09789,1.09992,1.09722,1.09964,37908.43
2023-04-14 20:00:00,1.09964,1.09977,1.0992,1.09922,3125.18
2023-04-16 20:00:00,1.09888,1.09942,1.09832,1.09843,10756.23
2023-04-17 00:00:00,1.09844,1.09914,1.09615,1.09762,33420.56
2023-04-17 04:00:00,1.09761,1.09997,1.09756,1.09919,43096.31
2023-04-17 08:00:00,1.09918,1.09933,1.0964,1.09767,62425.55
2023-04-17 12:00:00,1.09766,1.09842,1.09091,1.09139,116641.62
2023-04-17 16:00:00,1.0914,1.09311,1.09105,1.09307,30167.28
2023-04-17 20:00:00,1.09307,1.09307,1.09233,1.09244,6913.98
2023-04-18 00:00:00,1.09245,1.0939,1.09222,1.09357,33162.84
2023-04-18 04:00:00,1.09356,1.09707,1.09337,1.09702,51698.39
2023-04-18 08:00:00,1.09702,1.09828,1.09656,1.09663,65163.09
2023-04-18 12:00:00,1.09662,1.09781,1.09427,1.09571,84803.09
2023-04-18 16:00:00,1.09573,1.09747,1.09547,1.09708,29238.11
2023-04-18 20:00:00,1.09707,1.09764,1.0968,1.09748,23181.81
2023-04-19 00:00:00,1.09749,1.0984,1.09649,1.09742,33159.39
2023-04-19 04:00:00,1.09742,1.09745,1.09463,1.09625,61809.69
2023-04-19 08:00:00,1.09626,1.09631,1.09172,1.09311,82807.28
2023-04-19 12:00:00,1.09311,1.09793,1.09272,1.0953,91885.94
2023-04-19 16:00:00,1.0953,1.09667,1.09516,1.09548,33108.51
2023-04-19 20:00:00,1.09548,1.09579,1.0947,1.09516,10389.91
2023-04-20 00:00:00,1.09517,1.09616,1.09494,1.09594,38619.82
2023-04-20 04:00:00,1.09593,1.0973,1.09498,1.09612,53746.38
2023-04-20 08:00:00,1.09612,1.09783,1.09536,1.09547,73414.23
2023-04-20 12:00:00,1.09546,1.09895,1.09334,1.09694,123842.43
2023-04-20 16:00:00,1.09696,1.09725,1.09562,1.09634,35466.92
2023-04-20 20:00:00,1.09634,1.09719,1.09632,1.09676,11105.3
2023-04-21 00:00:00,1.09676,1.09731,1.09618,1.09639,28543.59
2023-04-21 04:00:00,1.09639,1.09639,1.0938,1.09561,54883.09
2023-04-21 08:00:00,1.09561,1.09857,1.0949,1.09813,71013.73
2023-04-21 12:00:00,1.09815,1.09936,1.09425,1.09719,127407.22
2023-04-21 16:00:00,1.0972,1.09902,1.0969,1.09902,36934.48
2023-04-21 20:00:00,1.09901,1.09929,1.09851,1.09874,4792.91
2023-04-23 20:00:00,1.09913,1.09962,1.09864,1.09916,10191.61
2023-04-24 00:00:00,1.09916,1.0995,1.09798,1.09815,36899.9
2023-04-24 04:00:00,1.09813,1.09881,1.09658,1.09868,46435.45
2023-04-24 08:00:00,1.09869,1.10204,1.09839,1.10023,72592.88
2023-04-24 12:00:00,1.10022,1.10368,1.09992,1.10258,98776.31
2023-04-24 16:00:00,1.10258,1.105,1.10247,1.10431,30266.39
2023-04-24 20:00:00,1.10433,1.1057,1.10429,1.1057,10895.05
2023-04-25 00:00:00,1.10573,1.1067,1.10514,1.10527,41277.65
2023-04-25 04:00:00,1.10528,1.10588,1.10245,1.10326,73811.62
2023-04-25 08:00:00,1.10326,1.10439,1.10094,1.10167,61478.11
2023-04-25 12:00:00,1.10166,1.10294,1.09685,1.09685,106121.62
2023-04-25 16:00:00,1.09685,1.09759,1.09641,1.09698,46371.89
2023-04-25 20:00:00,1.097,1.09804,1.09668,1.09779,15144.9
2023-04-26 00:00:00,1.09778,1.09799,1.09683,1.09751,37610.43
2023-04-26 04:00:00,1.0975,1.10258,1.0972,1.10192,59493.07
2023-04-26 08:00:00,1.10191,1.10626,1.10159,1.10461,98965.19
2023-04-26 12:00:00,1.1046,1.10952,1.10355,1.10509,138258.97
2023-04-26 16:00:00,1.10509,1.10528,1.10323,1.10356,46528.2
2023-04-26 20:00:00,1.10356,1.10463,1.1035,1.1045,13654.82
2023-04-27 00:00:00,1.1045,1.1054,1.10389,1.10456,35511.81
2023-04-27 04:00:00,1.10456,1.10634,1.10398,1.10495,55125.44
2023-04-27 08:00:00,1.10496,1.10593,1.10306,1.10344,63251.03
2023-04-27 12:00:00,1.10344,1.10575,1.0992,1.10154,144174.17
2023-04-27 16:00:00,1.10156,1.10298,1.10055,1.1024,35350.0
2023-04-27 20:00:00,1.10241,1.10338,1.1022,1.10315,12391.72
2023-04-28 00:00:00,1.10315,1.10394,1.10125,1.10194,49294.95
2023-04-28 04:00:00,1.10193,1.10363,1.09938,1.10085,90900.5
2023-04-28 08:00:00,1.10085,1.10094,1.09723,1.09737,76003.49
2023-04-28 12:00:00,1.09736,1.10449,1.09624,1.10394,149192.94
2023-04-28 16:00:00,1.10394,1.10406,1.10119,1.10193,43893.92
2023-04-28 20:00:00,1.10194,1.10201,1.10139,1.10144,4366.11
2023-04-30 20:00:00,1.1024,1.1027,1.101,1.10105,12342.8
2023-05-01 00:00:00,1.10106,1.10143,1.10007,1.1014,23199.58
2023-05-01 04:00:00,1.10143,1.10143,1.09947,1.10033,35817.12
2023-05-01 08:00:00,1.10033,1.1014,1.09882,1.10133,35219.68
2023-05-01 12:00:00,1.10134,1.10355,1.09661,1.09692,103266.2
2023-05-01 16:00:00,1.09692,1.09756,1.09643,1.09727,37714.93
2023-05-01 20:00:00,1.09727,1.09766,1.09672,1.09687,10553.94
2023-05-02 00:00:00,1.09687,1.09943,1.09685,1.09839,33244.32
2023-05-02 04:00:00,1.0984,1.10066,1.0979,1.09855,64994.19
2023-05-02 08:00:00,1.09855,1.09865,1.0948,1.09676,82176.44
2023-05-02 12:00:00,1.09676,1.09975,1.09422,1.09965,125551.79
2023-05-02 16:00:00,1.09964,1.10078,1.0994,1.10057,37008.94
2023-05-02 20:00:00,1.10057,1.10137,1.09975,1.10107,11518.17
2023-05-03 00:00:00,1.1011,1.10297,1.10048,1.10294,23833.66
2023-05-03 04:00:00,1.10294,1.10411,1.10142,1.10343,47870.78
2023-05-03 08:00:00,1.10344,1.10468,1.10296,1.10395,61043.0
2023-05-03 12:00:00,1.10396,1.10593,1.1022,1.10478,99789.41
2023-05-03 16:00:00,1.10478,1.10916,1.10371,1.10544,146247.3
2023-05-03 20:00:00,1.10544,1.1078,1.10515,1.10685,27764.48
2023-05-04 00:00:00,1.10686,1.10875,1.10686,1.10812,47551.27
2023-05-04 04:00:00,1.10812,1.10917,1.10521,1.10578,69411.35
2023-05-04 08:00:00,1.10578,1.10765,1.10364,1.10743,70887.13
2023-05-04 12:00:00,1.10743,1.10842,1.0986,1.10082,199386.1
2023-05-04 16:00:00,1.10083,1.10315,1.10079,1.10146,52517.22
2023-05-04 20:00:00,1.10145,1.10244,1.10095,1.10229,11979.53
2023-05-05 00:00:00,1.10229,1.10444,1.10188,1.10439,29628.3
2023-05-05 04:00:00,1.10441,1.10477,1.10256,1.10267,56550.14
2023-05-05 08:00:00,1.10268,1.10319,1.10085,1.10093,52852.78
2023-05-05 12:00:00,1.10092,1.10267,1.09667,1.10245,139511.6
2023-05-05 16:00:00,1.10246,1.10365,1.10096,1.10182,47614.81
2023-05-05 20:00:00,1.10183,1.10197,1.10154,1.10162,5658.8
2023-05-07 20:00:00,1.10209,1.10228,1.10141,1.10181,11067.47
2023-05-08 00:00:00,1.10182,1.10399,1.10167,1.1039,33174.18
2023-05-08 04:00:00,1.1039,1.10505,1.10366,1.10492,41070.24
2023-05-08 08:00:00,1.10491,1.10535,1.10227,1.1035,57616.88
2023-05-08 12:00:00,1.10349,1.10442,1.10115,1.10196,71284.83
2023-05-08 16:00:00,1.10197,1.10292,1.10001,1.10017,33049.17
2023-05-08 20:00:00,1.10016,1.10054,1.09953,1.09965,12188.97
2023-05-09 00:00:00,1.09962,1.09974,1.09849,1.09936,31898.15
2023-05-09 04:00:00,1.09939,1.10007,1.09727,1.09779,54967.05
2023-05-09 08:00:00,1.0978,1.09862,1.0959,1.09635,57479.37
2023-05-09 12:00:00,1.09635,1.09671,1.0941,1.09527,81491.54
2023-05-09 16:00:00,1.09527,1.09724,1.09492,1.09627,39660.24
2023-05-09 20:00:00,1.09627,1.09688,1.09468,1.09645,11482.55
2023-05-10 00:00:00,1.09644,1.09772,1.09644,1.09761,23416.23
2023-05-10 04:00:00,1.0976,1.09824,1.09623,1.09646,46848.11
2023-05-10 08:00:00,1.09646,1.09647,1.09458,1.0949,61244.409999999996
2023-05-10 12:00:00,1.09489,1.10068,1.09414,1.09651,135767.74
2023-05-10 16:00:00,1.09652,1.09848,1.09616,1.09824,41794.47
2023-05-10 20:00:00,1.09823,1.0987,1.09794,1.09824,12929.35
2023-05-11 00:00:00,1.09826,1.09981,1.09735,1.09744,37615.16
2023-05-11 04:00:00,1.09744,1.09822,1.09241,1.093,66340.89
2023-05-11 08:00:00,1.093,1.09382,1.0918,1.09315,82003.29
2023-05-11 12:00:00,1.09315,1.09481,1.09,1.09155,134433.99
2023-05-11 16:00:00,1.09155,1.0929,1.09106,1.0917,35999.78
2023-05-11 20:00:00,1.09169,1.09199,1.09115,1.09122,10467.06
2023-05-12 00:00:00,1.09122,1.09252,1.09122,1.09222,28706.63
2023-05-12 04:00:00,1.09221,1.09354,1.09061,1.09076,52219.77
2023-05-12 08:00:00,1.09076,1.09172,1.08891,1.08919,55676.69
2023-05-12 12:00:00,1.08919,1.08973,1.08542,1.08555,92915.01
2023-05-12 16:00:00,1.08553,1.08569,1.08484,1.08517,35672.65
2023-05-12 20:00:00,1.08519,1.08521,1.08476,1.08477,4592.6
2023-05-14 20:00:00,1.0861,1.08618,1.08453,1.08527,7661.46
2023-05-15 00:00:00,1.08526,1.08643,1.0848,1.08599,37776.13
2023-05-15 04:00:00,1.08598,1.08771,1.08572,1.08739,47425.62
2023-05-15 08:00:00,1.08738,1.08805,1.08554,1.08775,51868.47
2023-05-15 12:00:00,1.08775,1.08908,1.08639,1.08732,83412.34
2023-05-15 16:00:00,1.08732,1.08788,1.08676,1.0875,31960.4
2023-05-15 20:00:00,1.08749,1.08772,1.08727,1.08735,14002.86
2023-05-16 00:00:00,1.08736,1.08845,1.08682,1.08824,33484.68
2023-05-16 04:00:00,1.08823,1.08945,1.08628,1.08884,60304.63
2023-05-16 08:00:00,1.08884,1.09046,1.0885,1.08868,62920.1
2023-05-16 12:00:00,1.08871,1.08896,1.0855,1.08645,117329.97
2023-05-16 16:00:00,1.08648,1.0872,1.0858,1.08628,41353.72
2023-05-16 20:00:00,1.08628,1.08655,1.08602,1.08653,12820.91
2023-05-17 00:00:00,1.08653,1.08736,1.08621,1.08654,41124.83
2023-05-17 04:00:00,1.08654,1.08676,1.08312,1.08317,54676.66
2023-05-17 08:00:00,1.08317,1.0848,1.08205,1.08251,69974.82
2023-05-17 12:00:00,1.08249,1.08389,1.08102,1.08292,106605.81999999999
2023-05-17 16:00:00,1.08292,1.0849,1.08289,1.08397,45111.46
2023-05-17 20:00:00,1.08397,1.08444,1.08347,1.08378,10276.34
2023-05-18 00:00:00,1.08377,1.08479,1.08348,1.08398,37151.85
2023-05-18 04:00:00,1.08398,1.08404,1.08091,1.08161,51266.3
2023-05-18 08:00:00,1.08165,1.08221,1.08055,1.0815,62980.96
2023-05-18 12:00:00,1.0815,1.08178,1.07631,1.07752,107976.59
2023-05-18 16:00:00,1.07752,1.07811,1.07624,1.07739,44490.67
2023-05-18 20:00:00,1.0774,1.07767,1.07687,1.07749,11568.29
2023-05-19 00:00:00,1.07749,1.078,1.076,1.07683,46947.59
2023-05-19 04:00:00,1.07683,1.0792,1.07605,1.07774,56231.7
2023-05-19 08:00:00,1.07773,1.08091,1.07709,1.08085,76245.28
2023-05-19 12:00:00,1.08086,1.08265,1.07821,1.08189,119424.18000000001
2023-05-19 16:00:00,1.08189,1.08287,1.07976,1.08059,53909.28
2023-05-19 20:00:00,1.08059,1.08082,1.08012,1.08019,5893.84
2023-05-21 20:00:00,1.08043,1.08241,1.08043,1.08218,8384.09
2023-05-22 00:00:00,1.08219,1.08298,1.08165,1.08208,51058.58
2023-05-22 04:00:00,1.08208,1.08241,1.07955,1.08068,60669.74
2023-05-22 08:00:00,1.08067,1.08294,1.0799,1.08217,64727.38
2023-05-22 12:00:00,1.08216,1.08313,1.07961,1.08051,100172.58
2023-05-22 16:00:00,1.08051,1.08216,1.08028,1.08112,40594.03
2023-05-22 20:00:00,1.08111,1.08147,1.08063,1.08104,19803.19
2023-05-23 00:00:00,1.08105,1.08204,1.08025,1.0808,40259.22
2023-05-23 04:00:00,1.08079,1.08129,1.07852,1.08034,60205.34
2023-05-23 08:00:00,1.08033,1.08079,1.07697,1.07727,61931.08
2023-05-23 12:00:00,1.07731,1.07954,1.07629,1.07707,113340.36
2023-05-23 16:00:00,1.07707,1.07807,1.07601,1.07674,42267.34
2023-05-23 20:00:00,1.07675,1.07735,1.07668,1.07691,12231.7125
2023-05-24 00:00:00,1.0769,1.07797,1.07676,1.07788,38483.9
2023-05-24 04:00:00,1.07787,1.07893,1.07702,1.07838,63254.14
2023-05-24 08:00:00,1.07839,1.07948,1.0748,1.07807,85753.11
2023-05-24 12:00:00,1.07807,1.08012,1.07546,1.07582,112993.2
2023-05-24 16:00:00,1.07584,1.07658,1.07494,1.07494,65713.03
2023-05-24 20:00:00,1.07494,1.07567,1.07421,1.07555,19252.510000000002
2023-05-25 00:00:00,1.07556,1.07556,1.0736,1.07374,40539.52
2023-05-25 04:00:00,1.07374,1.07438,1.0714,1.07208,65585.64
2023-05-25 08:00:00,1.07208,1.0738,1.07196,1.07328,72381.58
2023-05-25 12:00:00,1.07329,1.07402,1.07073,1.07242,118999.03
2023-05-25 16:00:00,1.07242,1.07292,1.07113,1.07206,45071.6
2023-05-25 20:00:00,1.07207,1.07278,1.07207,1.07234,15081.1
2023-05-26 00:00:00,1.07233,1.07385,1.07189,1.07374,37480.58
2023-05-26 04:00:00,1.07373,1.07444,1.07252,1.07404,54875.21
2023-05-26 08:00:00,1.07405,1.07585,1.07255,1.07524,61017.9
2023-05-26 12:00:00,1.07525,1.07572,1.07018,1.0712,135230.34
2023-05-26 16:00:00,1.07119,1.07327,1.07119,1.07296,36216.85
2023-05-26 20:00:00,1.07295,1.07301,1.07218,1.07227,5503.58
2023-05-28 20:00:00,1.07201,1.07292,1.07158,1.07214,11618.83
2023-05-29 00:00:00,1.07214,1.07354,1.07172,1.07303,28781.7
2023-05-29 04:00:00,1.07304,1.07434,1.07245,1.07281,32770.38
2023-05-29 08:00:00,1.07282,1.07292,1.07104,1.07105,33134.44
2023-05-29 12:00:00,1.07106,1.07158,1.07059,1.07138,26492.76
2023-05-29 16:00:00,1.07138,1.07148,1.0709,1.07091,9777.78
2023-05-29 20:00:00,1.07091,1.07128,1.07054,1.07067,9668.66
2023-05-30 00:00:00,1.07067,1.07262,1.07013,1.07065,40106.72
2023-05-30 04:00:00,1.07065,1.07086,1.06725,1.06902,70715.92
2023-05-30 08:00:00,1.06901,1.07446,1.06872,1.0744,82732.71
2023-05-30 12:00:00,1.07439,1.07465,1.07186,1.07215,91864.11
2023-05-30 16:00:00,1.07217,1.07303,1.07141,1.07299,37942.89
2023-05-30 20:00:00,1.07299,1.07356,1.07272,1.07316,9769.92
2023-05-31 00:00:00,1.07316,1.07356,1.06942,1.06977,50442.5
2023-05-31 04:00:00,1.06977,1.07006,1.06699,1.0674,65910.61
2023-05-31 08:00:00,1.06741,1.06872,1.06585,1.06795,51549.49
2023-05-31 12:00:00,1.06797,1.07051,1.06509,1.06525,96801.62
2023-05-31 16:00:00,1.06527,1.0689,1.06352,1.06862,48535.99
2023-05-31 20:00:00,1.06863,1.0697,1.06852,1.06933,17128.41
2023-06-01 00:00:00,1.06934,1.06951,1.06802,1.0687,47765.99
2023-06-01 04:00:00,1.0687,1.06914,1.06617,1.06701,55685.02
2023-06-01 08:00:00,1.067,1.07155,1.06645,1.0706,64009.56
2023-06-01 12:00:00,1.07059,1.07537,1.06845,1.07507,122577.28
2023-06-01 16:00:00,1.07507,1.07684,1.07476,1.07624,35877.16
2023-06-01 20:00:00,1.07625,1.07654,1.07578,1.07604,10410.02
2023-06-02 00:00:00,1.07603,1.0769,1.07581,1.0768,33317.95
2023-06-02 04:00:00,1.0768,1.07789,1.076,1.07618,48867.51
2023-06-02 08:00:00,1.07617,1.0777,1.07575,1.07576,43833.24
2023-06-02 12:00:00,1.07575,1.07709,1.07174,1.07231,130587.1
2023-06-02 16:00:00,1.0723,1.07236,1.07055,1.07077,31996.86
2023-06-02 20:00:00,1.07077,1.07086,1.0705,1.07063,3726.42
2023-06-04 20:00:00,1.07098,1.07107,1.06937,1.06967,12345.9
2023-06-05 00:00:00,1.0697,1.07045,1.06902,1.07025,37901.87
2023-06-05 04:00:00,1.07026,1.07036,1.06832,1.06898,49466.63
2023-06-05 08:00:00,1.06897,1.0699,1.06848,1.06896,46006.16
2023-06-05 12:00:00,1.06895,1.07224,1.06744,1.07207,83565.66
2023-06-05 16:00:00,1.07206,1.07211,1.07072,1.07124,29510.19
2023-06-05 20:00:00,1.07125,1.07142,1.07072,1.07113,8299.77
2023-06-06 00:00:00,1.07112,1.07246,1.07098,1.07159,23826.670000000002
2023-06-06 04:00:00,1.07161,1.07328,1.07071,1.07144,58367.67
2023-06-06 08:00:00,1.07145,1.07149,1.06762,1.06768,61849.26
2023-06-06 12:00:00,1.06771,1.06967,1.06669,1.06942,67705.8
2023-06-06 16:00:00,1.06943,1.06977,1.06822,1.06918,22762.33
2023-06-06 20:00:00,1.06919,1.06991,1.06902,1.06984,7078.42
2023-06-07 00:00:00,1.06985,1.07043,1.06887,1.06927,29958.49
2023-06-07 04:00:00,1.06926,1.06956,1.06682,1.0684,40083.75
2023-06-07 08:00:00,1.06841,1.07229,1.06792,1.07154,49437.25
2023-06-07 12:00:00,1.07153,1.07396,1.0695,1.07009,86871.49
2023-06-07 16:00:00,1.07009,1.07065,1.06909,1.06936,32082.81
2023-06-07 20:00:00,1.06937,1.0707,1.06937,1.07069,11931.17
2023-06-08 00:00:00,1.0707,1.07114,1.07028,1.07082,31268.45
2023-06-08 04:00:00,1.07082,1.0719,1.07009,1.07129,44539.54
2023-06-08 08:00:00,1.07129,1.07393,1.07097,1.07356,45946.69
2023-06-08 12:00:00,1.07357,1.07832,1.07333,1.07788,89611.6
2023-06-08 16:00:00,1.07788,1.07869,1.07736,1.0779,35990.93
2023-06-08 20:00:00,1.07789,1.07851,1.07787,1.07818,8146.07
2023-06-09 00:00:00,1.07819,1.0785,1.07757,1.07777,32178.92
2023-06-09 04:00:00,1.07777,1.07839,1.07674,1.07753,40165.32
2023-06-09 08:00:00,1.07753,1.07816,1.07564,1.07732,42409.56
2023-06-09 12:00:00,1.07732,1.07841,1.07466,1.07479,79490.64
2023-06-09 16:00:00,1.07479,1.07523,1.07428,1.0744,25465.78
2023-06-09 20:00:00,1.07441,1.07496,1.07438,1.07456,4206.34
2023-06-11 20:00:00,1.07459,1.07515,1.07431,1.07499,6871.17
2023-06-12 00:00:00,1.07499,1.07503,1.0733,1.07409,31216.06
2023-06-12 04:00:00,1.07409,1.07722,1.0739,1.07694,41188.97
2023-06-12 08:00:00,1.07694,1.079,1.07614,1.07629,65528.28
2023-06-12 12:00:00,1.07629,1.07714,1.0743,1.0746,75610.29
2023-06-12 16:00:00,1.0746,1.07634,1.07439,1.076,36495.36
2023-06-12 20:00:00,1.07601,1.07641,1.07546,1.07622,11276.74
2023-06-13 00:00:00,1.07621,1.07801,1.07591,1.0779,29900.56
2023-06-13 04:00:00,1.0779,1.08075,1.0776,1.07995,57046.46
2023-06-13 08:00:00,1.07995,1.08104,1.07919,1.07941,48526.6
2023-06-13 12:00:00,1.07941,1.08234,1.07781,1.07911,117956.21
2023-06-13 16:00:00,1.07912,1.08043,1.07828,1.07917,36687.3
2023-06-13 20:00:00,1.07918,1.07931,1.07881,1.07895,10850.16
2023-06-14 00:00:00,1.07896,1.0796,1.07856,1.07899,29129.7
2023-06-14 04:00:00,1.07899,1.07967,1.07739,1.07896,40671.91
2023-06-14 08:00:00,1.07895,1.08099,1.07858,1.08032,41057.05
2023-06-14 12:00:00,1.08033,1.0858,1.08033,1.08577,71123.03
2023-06-14 16:00:00,1.08577,1.0864,1.08013,1.08266,114230.21
2023-06-14 20:00:00,1.08265,1.08428,1.08247,1.08427,10618.98
2023-06-15 00:00:00,1.08427,1.08444,1.08081,1.08132,38945.659999999996
2023-06-15 04:00:00,1.08132,1.08288,1.08036,1.08269,48562.35
2023-06-15 08:00:00,1.08267,1.08487,1.08177,1.08177,50473.7
2023-06-15 12:00:00,1.08178,1.09356,1.08144,1.09326,125959.51
2023-06-15 16:00:00,1.09326,1.09525,1.0932,1.09476,40244.68
2023-06-15 20:00:00,1.09476,1.0951,1.09412,1.09455,13185.79
2023-06-16 00:00:00,1.09455,1.09507,1.09354,1.09381,37702.74
2023-06-16 04:00:00,1.09382,1.09624,1.09339,1.09426,53438.33
2023-06-16 08:00:00,1.09425,1.09658,1.09381,1.09603,52707.33
2023-06-16 12:00:00,1.09602,1.09704,1.09178,1.0924,109723.11
2023-06-16 16:00:00,1.0924,1.09454,1.09239,1.09351,33800.5
2023-06-16 20:00:00,1.09351,1.09426,1.09346,1.09376,4585.18
2023-06-18 20:00:00,1.09302,1.09429,1.09301,1.09397,7841.86
2023-06-19 00:00:00,1.09398,1.09462,1.09335,1.09369,33137.59
2023-06-19 04:00:00,1.09369,1.09412,1.09249,1.09292,52743.62
2023-06-19 08:00:00,1.09292,1.09385,1.0907,1.09211,48039.48
2023-06-19 12:00:00,1.09212,1.09294,1.09121,1.09218,45626.85
2023-06-19 16:00:00,1.09219,1.09261,1.09157,1.09183,10549.9
2023-06-19 20:00:00,1.09184,1.09261,1.09174,1.09235,7095.34
2023-06-20 00:00:00,1.09234,1.09261,1.09106,1.09197,46906.79
2023-06-20 04:00:00,1.09197,1.09461,1.09116,1.09438,63559.33
2023-06-20 08:00:00,1.09436,1.09447,1.09219,1.09287,65067.8
2023-06-20 12:00:00,1.09288,1.09357,1.08921,1.08996,113358.1
2023-06-20 16:00:00,1.08996,1.09175,1.08953,1.09126,43271.21
2023-06-20 20:00:00,1.09126,1.09222,1.09122,1.09198,10860.94
2023-06-21 00:00:00,1.09197,1.0921,1.09117,1.09149,49642.63
2023-06-21 04:00:00,1.09149,1.09197,1.09058,1.09128,59497.5
2023-06-21 08:00:00,1.09127,1.09336,1.09093,1.09242,65333.63
2023-06-21 12:00:00,1.09241,1.09639,1.09081,1.09505,110140.35
2023-06-21 16:00:00,1.09504,1.09899,1.09496,1.09879,53162.68
2023-06-21 20:00:00,1.09878,1.09923,1.0982,1.09915,14780.43
2023-06-22 00:00:00,1.09916,1.09949,1.09866,1.09929,32895.08
2023-06-22 04:00:00,1.09928,1.09999,1.09797,1.09943,52447.34
2023-06-22 08:00:00,1.09943,1.10122,1.09872,1.09892,71599.75
2023-06-22 12:00:00,1.09891,1.10016,1.09522,1.09525,116742.01
2023-06-22 16:00:00,1.09524,1.09616,1.09485,1.0958,44986.28
2023-06-22 20:00:00,1.0958,1.09585,1.09529,1.09554,13611.05
2023-06-23 00:00:00,1.09555,1.09585,1.09321,1.09356,45901.75
2023-06-23 04:00:00,1.09356,1.09368,1.08532,1.08685,71207.58
2023-06-23 08:00:00,1.08688,1.08792,1.08443,1.08761,68155.59
2023-06-23 12:00:00,1.08762,1.09025,1.08761,1.08862,111554.83
2023-06-23 16:00:00,1.08862,1.08962,1.08827,1.0891,38214.11
2023-06-23 20:00:00,1.0891,1.08962,1.089,1.08905,5777.62
2023-06-25 20:00:00,1.09042,1.0907,1.08978,1.09062,15091.85
2023-06-26 00:00:00,1.09064,1.09097,1.08988,1.0906,49569.93
2023-06-26 04:00:00,1.09061,1.09109,1.08955,1.09021,54369.36
2023-06-26 08:00:00,1.09021,1.09179,1.08873,1.09177,56298.34
2023-06-26 12:00:00,1.09176,1.092,1.09026,1.09093,61379.27
2023-06-26 16:00:00,1.09092,1.09152,1.08999,1.09061,33097.06
2023-06-26 20:00:00,1.0906,1.09119,1.0904,1.09099,11148.0
2023-06-27 00:00:00,1.09097,1.0935,1.09021,1.09266,46951.89
2023-06-27 04:00:00,1.09265,1.09414,1.09161,1.09394,52540.53
2023-06-27 08:00:00,1.09393,1.09528,1.0926,1.09444,66183.86
2023-06-27 12:00:00,1.09445,1.09766,1.09422,1.09598,111099.74
2023-06-27 16:00:00,1.09598,1.09655,1.0955,1.09625,42919.51
2023-06-27 20:00:00,1.09625,1.09632,1.09546,1.09575,14248.45
2023-06-28 00:00:00,1.09574,1.09614,1.09421,1.09508,52506.68
2023-06-28 04:00:00,1.09508,1.09568,1.0936,1.09525,52404.16
2023-06-28 08:00:00,1.09525,1.09621,1.09375,1.09403,68307.68
2023-06-28 12:00:00,1.09405,1.09445,1.08968,1.09034,116247.32
2023-06-28 16:00:00,1.09033,1.09238,1.09029,1.09159,45949.32
2023-06-28 20:00:00,1.0916,1.09187,1.09111,1.09151,10188.53
2023-06-29 00:00:00,1.09151,1.09161,1.08905,1.08929,45532.8
2023-06-29 04:00:00,1.08929,1.09206,1.08807,1.09165,64276.91
2023-06-29 08:00:00,1.09164,1.09397,1.09104,1.09385,47705.73
2023-06-29 12:00:00,1.09384,1.09414,1.08601,1.08804,134090.49
2023-06-29 16:00:00,1.08803,1.08836,1.08655,1.08692,41342.31
2023-06-29 20:00:00,1.08691,1.08695,1.0861,1.08673,13014.81
2023-06-30 00:00:00,1.08673,1.08754,1.08602,1.08713,45698.76
2023-06-30 04:00:00,1.08713,1.08754,1.08533,1.08563,57189.85
2023-06-30 08:00:00,1.08562,1.08592,1.08352,1.08535,63515.31
2023-06-30 12:00:00,1.08537,1.09317,1.08531,1.0919,138920.41
2023-06-30 16:00:00,1.09192,1.09228,1.09092,1.09129,50668.37
2023-06-30 20:00:00,1.0913,1.09131,1.09079,1.09095,5735.03
2023-07-02 20:00:00,1.09094,1.0913,1.09064,1.09075,8639.25
2023-07-03 00:00:00,1.09075,1.09176,1.09004,1.09127,45226.909999999996
2023-07-03 04:00:00,1.09127,1.09181,1.08702,1.08749,60088.97
2023-07-03 08:00:00,1.08748,1.09047,1.0873,1.08991,52579.46
2023-07-03 12:00:00,1.08989,1.09339,1.08937,1.09181,95061.8
2023-07-03 16:00:00,1.09181,1.09212,1.09083,1.09092,22541.19
2023-07-03 20:00:00,1.09092,1.09153,1.09088,1.09128,6767.89
2023-07-04 00:00:00,1.09127,1.09163,1.09024,1.09044,24442.66
2023-07-04 04:00:00,1.09046,1.09146,1.08939,1.09027,43976.74
2023-07-04 08:00:00,1.09028,1.09045,1.08897,1.08982,38226.58
2023-07-04 12:00:00,1.08982,1.09074,1.08936,1.0901,36115.4
2023-07-04 16:00:00,1.09009,1.09012,1.08809,1.08832,13701.03
2023-07-04 20:00:00,1.08833,1.08835,1.08768,1.08824,7977.71
2023-07-05 00:00:00,1.08827,1.08908,1.0875,1.08773,31019.99
2023-07-05 04:00:00,1.08774,1.09078,1.08677,1.08865,55151.44
2023-07-05 08:00:00,1.08865,1.08956,1.08662,1.0879,63101.05
2023-07-05 12:00:00,1.0879,1.09019,1.08649,1.0867,81832.08
2023-07-05 16:00:00,1.0867,1.0867,1.08509,1.0855,47323.32
2023-07-05 20:00:00,1.08548,1.08571,1.0852,1.08551,9591.71
2023-07-06 00:00:00,1.08554,1.08559,1.08399,1.084,38322.72
2023-07-06 04:00:00,1.08401,1.08753,1.08337,1.08556,64916.82
2023-07-06 08:00:00,1.08555,1.08977,1.08454,1.08952,81163.4
2023-07-06 12:00:00,1.08951,1.09006,1.08338,1.08722,162537.01
2023-07-06 16:00:00,1.08723,1.08888,1.08708,1.08883,43779.2
2023-07-06 20:00:00,1.08883,1.08949,1.08832,1.08896,8898.35
2023-07-07 00:00:00,1.08895,1.08915,1.08823,1.08878,32333.36
2023-07-07 04:00:00,1.08876,1.09002,1.08717,1.08759,52989.09
2023-07-07 08:00:00,1.08758,1.0897,1.08669,1.08875,67354.25
2023-07-07 12:00:00,1.08878,1.09634,1.08744,1.09629,152818.77
2023-07-07 16:00:00,1.0963,1.09731,1.09629,1.09667,46795.11
2023-07-07 20:00:00,1.09666,1.09693,1.09646,1.09646,4715.09
2023-07-09 20:00:00,1.09593,1.09697,1.09563,1.09669,12034.1
2023-07-10 00:00:00,1.0967,1.09695,1.09528,1.09559,46219.06
2023-07-10 04:00:00,1.0956,1.09655,1.0945,1.09544,55763.13
2023-07-10 08:00:00,1.09544,1.09733,1.09527,1.09538,57692.15
2023-07-10 12:00:00,1.09541,1.09927,1.09434,1.099,90720.4
2023-07-10 16:00:00,1.09899,1.10003,1.09825,1.0998,45879.65
2023-07-10 20:00:00,1.09982,1.10058,1.09968,1.10052,10078.53
2023-07-11 00:00:00,1.10053,1.102,1.10014,1.10173,44464.62
2023-07-11 04:00:00,1.10173,1.10269,1.10061,1.1008,73271.86
2023-07-11 08:00:00,1.1008,1.10155,1.0983,1.09837,59071.68
2023-07-11 12:00:00,1.09836,1.09946,1.09768,1.09917,81775.26
2023-07-11 16:00:00,1.09916,1.1009,1.09909,1.10062,34891.86
2023-07-11 20:00:00,1.10062,1.10143,1.10049,1.10136,10806.9
2023-07-12 00:00:00,1.10137,1.10334,1.10119,1.10295,47137.98
2023-07-12 04:00:00,1.10295,1.10368,1.10206,1.10272,53963.89
2023-07-12 08:00:00,1.10271,1.10304,1.10136,1.10147,52531.14
2023-07-12 12:00:00,1.10149,1.11253,1.10148,1.1122,145007.19
2023-07-12 16:00:00,1.1122,1.11403,1.11202,1.1137,57529.78
2023-07-12 20:00:00,1.1137,1.11405,1.11268,1.11405,12201.05
2023-07-13 00:00:00,1.11406,1.11486,1.11363,1.11456,41060.84
2023-07-13 04:00:00,1.11456,1.11577,1.11298,1.11553,67422.97
2023-07-13 08:00:00,1.11553,1.11778,1.11502,1.11742,62082.19
2023-07-13 12:00:00,1.11742,1.11965,1.11615,1.11927,121439.87
2023-07-13 16:00:00,1.11928,1.1227,1.11917,1.12263,50069.96
2023-07-13 20:00:00,1.12262,1.12296,1.12168,1.12234,14570.119999999999
2023-07-14 00:00:00,1.12235,1.12429,1.12134,1.12413,62525.56
2023-07-14 04:00:00,1.12413,1.12413,1.12041,1.12214,66654.72
2023-07-14 08:00:00,1.12213,1.12448,1.12154,1.12242,59466.58
2023-07-14 12:00:00,1.12243,1.12442,1.12101,1.12355,99579.69
2023-07-14 16:00:00,1.12356,1.1243,1.12258,1.12259,39938.38
2023-07-14 20:00:00,1.12258,1.12294,1.12231,1.12235,5876.82
2023-07-16 20:00:00,1.12284,1.1234,1.12232,1.12273,9704.02
2023-07-17 00:00:00,1.12271,1.12296,1.12147,1.12264,30993.06
2023-07-17 04:00:00,1.12263,1.1245,1.1222,1.12447,36467.51
2023-07-17 08:00:00,1.12448,1.12487,1.12291,1.1234,41575.91
2023-07-17 12:00:00,1.12338,1.12378,1.12033,1.1235,74815.74
2023-07-17 16:00:00,1.12349,1.1246,1.12299,1.12436,23466.72
2023-07-17 20:00:00,1.12438,1.12438,1.12326,1.12373,9472.16
2023-07-18 00:00:00,1.12374,1.12559,1.12345,1.12537,41438.97
2023-07-18 04:00:00,1.12539,1.12756,1.12403,1.12537,55645.82
2023-07-18 08:00:00,1.12538,1.12599,1.12279,1.12532,58640.85
2023-07-18 12:00:00,1.12533,1.12699,1.12167,1.12224,146154.17
2023-07-18 16:00:00,1.12225,1.12309,1.12089,1.12301,34144.04
2023-07-18 20:00:00,1.12302,1.12327,1.12251,1.12281,13538.53
2023-07-19 00:00:00,1.12282,1.12327,1.12161,1.12261,39482.64
2023-07-19 04:00:00,1.12262,1.12372,1.11959,1.12269,75842.79
2023-07-19 08:00:00,1.12269,1.124,1.12099,1.12131,68036.57
2023-07-19 12:00:00,1.12131,1.12246,1.11742,1.11937,95893.77
2023-07-19 16:00:00,1.11939,1.12049,1.118,1.12037,42511.99
2023-07-19 20:00:00,1.12036,1.12051,1.11961,1.12049,12704.78
2023-07-20 00:00:00,1.12048,1.12291,1.12037,1.12258,41775.62
2023-07-20 04:00:00,1.12259,1.12267,1.1198,1.12054,46641.95
2023-07-20 08:00:00,1.12053,1.12166,1.11987,1.12069,54758.83
2023-07-20 12:00:00,1.12069,1.12069,1.1132,1.11348,119349.86
2023-07-20 16:00:00,1.11349,1.11386,1.11184,1.11318,39566.840000000004
2023-07-20 20:00:00,1.11319,1.1138,1.11282,1.11344,10186.33
2023-07-21 00:00:00,1.11345,1.11417,1.11296,1.1136,37315.42
2023-07-21 04:00:00,1.11361,1.11449,1.11248,1.11278,53583.31
2023-07-21 08:00:00,1.11276,1.11376,1.11173,1.11182,65869.6
2023-07-21 12:00:00,1.11183,1.11379,1.11079,1.11195,83242.65
2023-07-21 16:00:00,1.11195,1.11302,1.11155,1.11254,22930.53
2023-07-21 20:00:00,1.11256,1.11291,1.11236,1.11244,3437.85
2023-07-23 20:00:00,1.11197,1.11321,1.11197,1.11243,6832.94
2023-07-24 00:00:00,1.11244,1.11327,1.11194,1.11255,35219.36
2023-07-24 04:00:00,1.11254,1.11469,1.10746,1.1081,65699.61
2023-07-24 08:00:00,1.10811,1.11091,1.10657,1.10972,76803.87
2023-07-24 12:00:00,1.10973,1.11045,1.10691,1.1082,98443.48
2023-07-24 16:00:00,1.10823,1.10844,1.10602,1.10602,40340.090000000004
2023-07-24 20:00:00,1.10602,1.10674,1.10597,1.1063,11864.48
2023-07-25 00:00:00,1.1063,1.10815,1.10627,1.10782,42206.73
2023-07-25 04:00:00,1.10782,1.10868,1.10687,1.1071,49318.23
2023-07-25 08:00:00,1.10712,1.10712,1.10393,1.10493,64082.88
2023-07-25 12:00:00,1.10492,1.10533,1.10207,1.1049,97205.65
2023-07-25 16:00:00,1.10491,1.10546,1.10354,1.10521,37819.19
2023-07-25 20:00:00,1.10521,1.10577,1.10485,1.10499,14684.3
2023-07-26 00:00:00,1.105,1.1053,1.10377,1.10493,41379.91
2023-07-26 04:00:00,1.10492,1.10748,1.10462,1.10693,48922.87
2023-07-26 08:00:00,1.10692,1.10861,1.10598,1.10627,52361.33
2023-07-26 12:00:00,1.10627,1.10796,1.10573,1.10767,85316.76
2023-07-26 16:00:00,1.10767,1.11066,1.10564,1.10963,118310.31999999999
2023-07-26 20:00:00,1.10963,1.10965,1.10778,1.10779,12406.18
2023-07-27 00:00:00,1.10778,1.11178,1.10774,1.11002,43645.78
2023-07-27 04:00:00,1.11002,1.1134,1.10879,1.11284,65646.43
2023-07-27 08:00:00,1.11284,1.11496,1.11243,1.11385,62240.53
2023-07-27 12:00:00,1.11384,1.11389,1.09839,1.09969,205979.32
2023-07-27 16:00:00,1.0997,1.10105,1.09658,1.09669,87111.0
2023-07-27 20:00:00,1.09669,1.09835,1.09662,1.09781,14448.72
2023-07-28 00:00:00,1.0978,1.09882,1.09714,1.09765,64999.26
2023-07-28 04:00:00,1.09766,1.09911,1.09435,1.09515,124097.06
2023-07-28 08:00:00,1.09518,1.10181,1.09477,1.10092,71297.69
2023-07-28 12:00:00,1.10091,1.10475,1.09931,1.10383,121727.91
2023-07-28 16:00:00,1.10382,1.1043,1.10151,1.1023,41768.28
2023-07-28 20:00:00,1.10229,1.10235,1.10123,1.10125,6301.87
2023-07-30 20:00:00,1.10206,1.10282,1.10095,1.10238,8122.86
2023-07-31 00:00:00,1.10239,1.10277,1.10091,1.10123,45344.59
2023-07-31 04:00:00,1.10124,1.10288,1.10051,1.10196,59182.61
2023-07-31 08:00:00,1.10198,1.10401,1.10113,1.10268,60707.36
2023-07-31 12:00:00,1.1027,1.10458,1.10122,1.10182,88866.78
2023-07-31 16:00:00,1.10183,1.10201,1.09937,1.09953,36806.59
2023-07-31 20:00:00,1.09953,1.10028,1.09931,1.09966,11780.94
2023-08-01 00:00:00,1.09967,1.10015,1.09803,1.09855,34179.95
2023-08-01 04:00:00,1.09854,1.10002,1.097,1.09796,57524.17
2023-08-01 08:00:00,1.09796,1.09866,1.09658,1.09755,55563.52
2023-08-01 12:00:00,1.09755,1.09892,1.09523,1.09702,108619.56
2023-08-01 16:00:00,1.09703,1.0985,1.09626,1.09826,26401.26
2023-08-01 20:00:00,1.0982,1.10192,1.09805,1.10075,26653.89
2023-08-02 00:00:00,1.10078,1.1008,1.09802,1.09868,45482.86
2023-08-02 04:00:00,1.09869,1.10006,1.09813,1.09899,66291.25
2023-08-02 08:00:00,1.09902,1.09927,1.09682,1.09784,68274.94
2023-08-02 12:00:00,1.09783,1.09871,1.09178,1.09381,128802.71
2023-08-02 16:00:00,1.09382,1.09575,1.09346,1.09396,49700.02
2023-08-02 20:00:00,1.09394,1.09456,1.09354,1.09435,13726.88
2023-08-03 00:00:00,1.09433,1.09492,1.09303,1.09347,38211.72
2023-08-03 04:00:00,1.09347,1.09432,1.09138,1.0919,73389.03
2023-08-03 08:00:00,1.09189,1.09487,1.09122,1.0935,85171.91
2023-08-03 12:00:00,1.09349,1.09561,1.09155,1.09466,148531.28
2023-08-03 16:00:00,1.09465,1.09628,1.09383,1.0944,37413.09
2023-08-03 20:00:00,1.09437,1.09533,1.09436,1.0951,14806.64
2023-08-04 00:00:00,1.09509,1.09615,1.09464,1.09542,39215.79
2023-08-04 04:00:00,1.09543,1.09583,1.09441,1.09473,52441.55
2023-08-04 08:00:00,1.09474,1.09527,1.09351,1.09378,52302.2
2023-08-04 12:00:00,1.09378,1.10419,1.09349,1.10348,155616.63999999998
2023-08-04 16:00:00,1.10347,1.10393,1.10037,1.10076,42894.54
2023-08-04 20:00:00,1.1007,1.10115,1.10029,1.10029,6723.82
2023-08-06 20:00:00,1.10141,1.10151,1.1001,1.10024,12282.99
2023-08-07 00:00:00,1.10024,1.10117,1.09951,1.09955,32119.9
2023-08-07 04:00:00,1.09955,1.09973,1.09708,1.09927,41874.34
2023-08-07 08:00:00,1.09926,1.09926,1.09654,1.09839,46228.57
2023-08-07 12:00:00,1.09841,1.10116,1.09795,1.09989,63807.07
2023-08-07 16:00:00,1.09989,1.10101,1.09921,1.10044,33859.4
2023-08-07 20:00:00,1.10044,1.1005,1.0999,1.10026,11265.02
2023-08-08 00:00:00,1.10026,1.10054,1.09768,1.09818,47326.88
2023-08-08 04:00:00,1.09817,1.10111,1.09736,1.09787,62309.909999999996
2023-08-08 08:00:00,1.09789,1.09872,1.09368,1.09413,65070.72
2023-08-08 12:00:00,1.09412,1.0956,1.0929,1.09501,82610.65
2023-08-08 16:00:00,1.09502,1.09619,1.09476,1.09571,40387.54
2023-08-08 20:00:00,1.09571,1.09594,1.09519,1.09592,10863.02
2023-08-09 00:00:00,1.09592,1.09707,1.09552,1.09665,37521.88
2023-08-09 04:00:00,1.09665,1.09847,1.09633,1.09842,47736.43
2023-08-09 08:00:00,1.09841,1.09887,1.09692,1.09698,48087.9
2023-08-09 12:00:00,1.09699,1.09953,1.0962,1.09742,88813.85
2023-08-09 16:00:00,1.09742,1.09916,1.09732,1.09735,40716.89
2023-08-09 20:00:00,1.09733,1.09786,1.09712,1.09771,12793.67
2023-08-10 00:00:00,1.09771,1.09819,1.09673,1.09791,28915.96
2023-08-10 04:00:00,1.09791,1.10186,1.09785,1.10083,50788.52
2023-08-10 08:00:00,1.10083,1.10296,1.10081,1.10165,47577.6
2023-08-10 12:00:00,1.10166,1.1065,1.10076,1.10151,150837.24
2023-08-10 16:00:00,1.10152,1.10191,1.09761,1.09791,68275.7
2023-08-10 20:00:00,1.09791,1.09845,1.09777,1.09815,11784.67
2023-08-11 00:00:00,1.09815,1.09979,1.09797,1.09872,32289.5
2023-08-11 04:00:00,1.09872,1.1002,1.09838,1.09922,45092.66
2023-08-11 08:00:00,1.09923,1.10031,1.09763,1.09973,57725.57
2023-08-11 12:00:00,1.09971,1.10049,1.0951,1.09561,125280.55
2023-08-11 16:00:00,1.09563,1.09646,1.09429,1.09468,30300.55
2023-08-11 20:00:00,1.09468,1.09491,1.09433,1.09433,4348.34
2023-08-13 20:00:00,1.09493,1.09517,1.09401,1.09432,6858.71
2023-08-14 00:00:00,1.09431,1.09467,1.09292,1.09321,33718.35
2023-08-14 04:00:00,1.09321,1.09561,1.09261,1.09519,50656.51
2023-08-14 08:00:00,1.09518,1.096,1.09367,1.0939,51344.85
2023-08-14 12:00:00,1.09389,1.09409,1.08747,1.09206,108970.56
2023-08-14 16:00:00,1.09205,1.09359,1.09028,1.09028,44060.5
2023-08-14 20:00:00,1.09028,1.09082,1.0902,1.09077,12476.69
2023-08-15 00:00:00,1.09076,1.09175,1.09003,1.09143,35206.31
2023-08-15 04:00:00,1.09145,1.09304,1.09062,1.09234,49506.95
2023-08-15 08:00:00,1.09233,1.09448,1.09178,1.09291,68748.8
2023-08-15 12:00:00,1.09293,1.09524,1.08969,1.09268,140506.3
2023-08-15 16:00:00,1.09269,1.09284,1.0899,1.09058,35497.22
2023-08-15 20:00:00,1.09059,1.09063,1.09011,1.09038,9301.88
2023-08-16 00:00:00,1.09038,1.09117,1.08989,1.09064,37488.63
2023-08-16 04:00:00,1.09064,1.09271,1.09059,1.09234,53507.46
2023-08-16 08:00:00,1.09233,1.09345,1.09064,1.09131,47157.31
2023-08-16 12:00:00,1.0913,1.09233,1.08961,1.09028,113453.19
2023-08-16 16:00:00,1.09027,1.09047,1.08714,1.08743,48337.37
2023-08-16 20:00:00,1.08743,1.08832,1.08733,1.08743,6168.45
2023-08-17 00:00:00,1.08744,1.08749,1.08618,1.08642,17504.67
2023-08-17 04:00:00,1.08642,1.08866,1.08626,1.08804,24457.74
2023-08-17 08:00:00,1.08802,1.08956,1.08636,1.08945,41200.34
2023-08-17 12:00:00,1.08945,1.0918,1.08668,1.08735,110999.6
2023-08-17 16:00:00,1.08737,1.08895,1.08563,1.08717,44247.33
2023-08-17 20:00:00,1.08716,1.08755,1.08664,1.08743,9286.72
2023-08-18 00:00:00,1.08742,1.08938,1.08717,1.08859,37291.64
2023-08-18 04:00:00,1.08861,1.08879,1.08644,1.0873,49290.51
2023-08-18 08:00:00,1.0873,1.08768,1.08601,1.08629,48510.25
2023-08-18 12:00:00,1.0863,1.08813,1.0845,1.08743,103045.47
2023-08-18 16:00:00,1.08742,1.08811,1.08679,1.08725,35617.13
2023-08-18 20:00:00,1.08724,1.08736,1.08678,1.08678,7613.69
2023-08-20 20:00:00,1.08672,1.08785,1.08664,1.08749,7350.95
2023-08-21 00:00:00,1.08747,1.08841,1.08695,1.08803,26792.43
2023-08-21 04:00:00,1.08804,1.08888,1.08723,1.08885,46703.53
2023-08-21 08:00:00,1.08885,1.09136,1.08822,1.09094,51621.17
2023-08-21 12:00:00,1.0909,1.0913,1.08753,1.08877,78854.3
2023-08-21 16:00:00,1.08877,1.09042,1.08874,1.08961,35228.909999999996
2023-08-21 20:00:00,1.08961,1.09015,1.08924,1.08975,7057.37
2023-08-22 00:00:00,1.08974,1.09158,1.08932,1.0915,31842.31
2023-08-22 04:00:00,1.09149,1.09303,1.09046,1.09255,43968.4
2023-08-22 08:00:00,1.09255,1.09285,1.08805,1.08847,42194.34
2023-08-22 12:00:00,1.08849,1.08906,1.08329,1.08455,84403.31
2023-08-22 16:00:00,1.08455,1.08553,1.08434,1.08457,28884.72
2023-08-22 20:00:00,1.08456,1.08489,1.08443,1.08464,7450.38
2023-08-23 00:00:00,1.08465,1.08596,1.08446,1.08574,28315.16
2023-08-23 04:00:00,1.08574,1.08713,1.08118,1.08179,54407.96
2023-08-23 08:00:00,1.08178,1.08303,1.0804,1.08111,63602.99
2023-08-23 12:00:00,1.08111,1.08627,1.08025,1.08613,105209.07
2023-08-23 16:00:00,1.08612,1.087,1.08558,1.08638,36766.74
2023-08-23 20:00:00,1.08637,1.08672,1.08609,1.08654,13713.57
2023-08-24 00:00:00,1.08655,1.0875,1.08583,1.08657,31816.69
2023-08-24 04:00:00,1.08658,1.08764,1.08519,1.08562,41251.55
2023-08-24 08:00:00,1.08561,1.08643,1.08416,1.08421,42178.37
2023-08-24 12:00:00,1.08423,1.08486,1.08142,1.08255,96902.67
2023-08-24 16:00:00,1.08254,1.08277,1.08056,1.08058,34865.36
2023-08-24 20:00:00,1.08057,1.08159,1.07928,1.0799,12012.36
2023-08-25 00:00:00,1.07989,1.0804,1.07799,1.07804,24813.51
2023-08-25 04:00:00,1.07804,1.0792,1.07683,1.07712,35721.82
2023-08-25 08:00:00,1.07711,1.08113,1.07661,1.08028,39182.93
2023-08-25 12:00:00,1.08027,1.08417,1.07658,1.07862,130446.43
2023-08-25 16:00:00,1.07866,1.08125,1.07856,1.08028,43583.35
2023-08-25 20:00:00,1.08029,1.08031,1.07906,1.07906,5438.64
2023-08-27 20:00:00,1.07957,1.0801,1.07933,1.07968,8922.97
2023-08-28 00:00:00,1.07969,1.08101,1.07961,1.08094,24073.21
2023-08-28 04:00:00,1.08093,1.08208,1.08052,1.08087,28579.61
2023-08-28 08:00:00,1.08085,1.08221,1.07993,1.08043,36779.76
2023-08-28 12:00:00,1.08045,1.08141,1.07989,1.0809,62706.13
2023-08-28 16:00:00,1.08089,1.08198,1.08039,1.08179,26466.41
2023-08-28 20:00:00,1.08179,1.08298,1.0814,1.08255,9343.52
2023-08-29 00:00:00,1.08255,1.08382,1.08213,1.08362,23606.61
2023-08-29 04:00:00,1.08362,1.08363,1.08083,1.08204,32532.48
2023-08-29 08:00:00,1.08205,1.08227,1.08037,1.08041,43440.2
2023-08-29 12:00:00,1.08042,1.08569,1.07822,1.085,115729.59
2023-08-29 16:00:00,1.08499,1.08919,1.08466,1.08852,48808.31
2023-08-29 20:00:00,1.08852,1.08854,1.08686,1.08691,12015.47
2023-08-30 00:00:00,1.08691,1.08721,1.08636,1.08691,31435.12
2023-08-30 04:00:00,1.0869,1.08766,1.08556,1.08647,47353.22
2023-08-30 08:00:00,1.08644,1.08935,1.08551,1.08787,50975.84
2023-08-30 12:00:00,1.08788,1.09454,1.08746,1.09258,121424.92
2023-08-30 16:00:00,1.09256,1.09328,1.09168,1.09216,42912.91
2023-08-30 20:00:00,1.09217,1.09315,1.0919,1.09294,12887.61
2023-08-31 00:00:00,1.09292,1.09394,1.092,1.09204,25910.66
2023-08-31 04:00:00,1.09205,1.09244,1.08899,1.08925,46547.68
2023-08-31 08:00:00,1.08925,1.08931,1.08575,1.08682,57141.22
2023-08-31 12:00:00,1.08683,1.08849,1.08366,1.08386,98419.92
2023-08-31 16:00:00,1.08385,1.08541,1.08351,1.08436,38352.7
2023-08-31 20:00:00,1.08437,1.0847,1.08347,1.08424,10686.81
2023-09-01 00:00:00,1.08422,1.08541,1.08363,1.08417,24804.74
2023-09-01 04:00:00,1.08416,1.08595,1.08284,1.08558,40016.66
2023-09-01 08:00:00,1.0856,1.08563,1.08331,1.08331,38152.06
2023-09-01 12:00:00,1.08332,1.08819,1.07863,1.07865,159046.35
2023-09-01 16:00:00,1.07865,1.0789,1.07722,1.07749,24650.05
2023-09-01 20:00:00,1.07749,1.07773,1.07716,1.07717,4052.74
2023-09-03 20:00:00,1.07748,1.07815,1.07716,1.07756,5037.46
2023-09-04 00:00:00,1.07758,1.07872,1.07731,1.07857,21176.71
2023-09-04 04:00:00,1.07857,1.08068,1.07811,1.07952,35383.83
2023-09-04 08:00:00,1.07952,1.08087,1.07907,1.08001,30705.39
2023-09-04 12:00:00,1.08002,1.08053,1.07832,1.07988,27184.579999999998
2023-09-04 16:00:00,1.07988,1.08,1.07922,1.07938,5662.75
2023-09-04 20:00:00,1.0794,1.07977,1.07897,1.07913,5057.26
2023-09-05 00:00:00,1.07912,1.07982,1.07807,1.07884,21552.63
2023-09-05 04:00:00,1.07884,1.07938,1.07544,1.07564,53342.96
2023-09-05 08:00:00,1.07563,1.07587,1.07292,1.07325,59015.21
2023-09-05 12:00:00,1.07325,1.07486,1.07062,1.07265,113079.34
2023-09-05 16:00:00,1.07265,1.0732,1.07193,1.07213,27890.86
2023-09-05 20:00:00,1.07213,1.0728,1.0719,1.07244,10095.08
2023-09-06 00:00:00,1.07246,1.07343,1.07131,1.07332,27871.01
2023-09-06 04:00:00,1.07331,1.0748,1.07242,1.07291,50055.15
2023-09-06 08:00:00,1.0729,1.07488,1.07231,1.07439,46393.5
2023-09-06 12:00:00,1.07438,1.07454,1.07025,1.0713,112082.25
2023-09-06 16:00:00,1.07129,1.07295,1.07112,1.07261,28125.99
2023-09-06 20:00:00,1.07266,1.0728,1.07214,1.07238,7787.29
2023-09-07 00:00:00,1.07238,1.07317,1.0719,1.07297,18219.670000000002
2023-09-07 04:00:00,1.07295,1.07302,1.07081,1.07155,45026.21
2023-09-07 08:00:00,1.07155,1.07177,1.0703,1.07053,45218.65
2023-09-07 12:00:00,1.07052,1.07107,1.06861,1.07032,81131.52
2023-09-07 16:00:00,1.07032,1.07096,1.06937,1.06949,25005.64
2023-09-07 20:00:00,1.06949,1.06986,1.06941,1.06973,5989.85
2023-09-08 00:00:00,1.06975,1.07232,1.06971,1.07164,31818.07
2023-09-08 04:00:00,1.07165,1.07279,1.07076,1.07086,44312.23
2023-09-08 08:00:00,1.07087,1.07174,1.06941,1.0699,50674.18
2023-09-08 12:00:00,1.0699,1.07438,1.06977,1.07087,81631.34
2023-09-08 16:00:00,1.07088,1.07134,1.06969,1.06992,35638.54
2023-09-08 20:00:00,1.06992,1.0703,1.06974,1.06974,5922.1
2023-09-10 20:00:00,1.07147,1.07204,1.07075,1.07162,10922.38
2023-09-11 00:00:00,1.07165,1.0728,1.07099,1.07225,31146.97
2023-09-11 04:00:00,1.07226,1.07412,1.07216,1.07258,46618.71
2023-09-11 08:00:00,1.07258,1.07343,1.07183,1.07197,42392.36
2023-09-11 12:00:00,1.07197,1.07593,1.07154,1.07425,70427.17
2023-09-11 16:00:00,1.07426,1.07578,1.07426,1.07489,23028.68
2023-09-11 20:00:00,1.07489,1.07533,1.07414,1.07476,8387.34
2023-09-12 00:00:00,1.07476,1.07692,1.07375,1.07463,31569.41
2023-09-12 04:00:00,1.07462,1.07464,1.07121,1.07135,44870.29
2023-09-12 08:00:00,1.07135,1.07259,1.07085,1.07181,48468.69
2023-09-12 12:00:00,1.07181,1.073,1.07055,1.07253,58750.51
2023-09-12 16:00:00,1.07256,1.07375,1.07215,1.07281,27900.43
2023-09-12 20:00:00,1.07281,1.07648,1.07276,1.07531,12818.41
2023-09-13 00:00:00,1.0753,1.07648,1.07446,1.07471,28999.56
2023-09-13 04:00:00,1.07472,1.07545,1.0731,1.07437,46364.29
2023-09-13 08:00:00,1.07436,1.07447,1.07285,1.07366,46074.32
2023-09-13 12:00:00,1.07364,1.07614,1.0711,1.07356,136191.96
2023-09-13 16:00:00,1.07357,1.07491,1.07278,1.07318,35582.86
2023-09-13 20:00:00,1.07318,1.07346,1.07281,1.07327,10048.86
2023-09-14 00:00:00,1.07327,1.07464,1.07301,1.07445,30634.3
2023-09-14 04:00:00,1.07446,1.07521,1.0733,1.07336,33550.46
2023-09-14 08:00:00,1.07336,1.074,1.07245,1.07303,40656.95
2023-09-14 12:00:00,1.07302,1.07476,1.06539,1.06587,161655.31
2023-09-14 16:00:00,1.06588,1.0663,1.06318,1.06426,43548.21
2023-09-14 20:00:00,1.06425,1.06468,1.06349,1.0635,9632.97
2023-09-15 00:00:00,1.06349,1.06483,1.06332,1.06474,30482.73
2023-09-15 04:00:00,1.06476,1.06674,1.06443,1.06635,44371.26
2023-09-15 08:00:00,1.06635,1.06692,1.06529,1.06546,35016.7
2023-09-15 12:00:00,1.06547,1.06877,1.06451,1.06721,105537.98
2023-09-15 16:00:00,1.06724,1.06802,1.06596,1.06598,28944.19
2023-09-15 20:00:00,1.06598,1.06628,1.06561,1.06576,9034.03
2023-09-17 20:00:00,1.06588,1.0669,1.06578,1.06679,5661.08
2023-09-18 00:00:00,1.0668,1.06736,1.06609,1.06641,23283.18
2023-09-18 04:00:00,1.06641,1.06777,1.06578,1.06621,31528.5
2023-09-18 08:00:00,1.06621,1.06747,1.06562,1.06631,33072.6
2023-09-18 12:00:00,1.06631,1.06986,1.06546,1.0694,61893.42
2023-09-18 16:00:00,1.0694,1.0698,1.06778,1.06866,33511.16
2023-09-18 20:00:00,1.06865,1.06937,1.0685,1.06919,9316.97
2023-09-19 00:00:00,1.06918,1.06965,1.06807,1.06826,18431.93
2023-09-19 04:00:00,1.06826,1.06952,1.0675,1.06942,33030.37
2023-09-19 08:00:00,1.06941,1.07097,1.06819,1.07087,41173.9
2023-09-19 12:00:00,1.07086,1.0718,1.068,1.06831,68052.92
2023-09-19 16:00:00,1.06831,1.06917,1.06761,1.06805,24050.95
2023-09-19 20:00:00,1.06806,1.06834,1.06746,1.06813,8651.02
2023-09-20 00:00:00,1.06814,1.06897,1.06781,1.06795,22274.27
2023-09-20 04:00:00,1.06794,1.0693,1.06729,1.06903,44534.99
2023-09-20 08:00:00,1.06904,1.07049,1.06897,1.07015,33881.29
2023-09-20 12:00:00,1.07014,1.07271,1.06921,1.07142,55875.78
2023-09-20 16:00:00,1.07142,1.07368,1.06579,1.06586,110823.51
2023-09-20 20:00:00,1.06587,1.06643,1.06478,1.06498,13978.71
2023-09-21 00:00:00,1.06498,1.06503,1.06167,1.06365,40438.51
2023-09-21 04:00:00,1.06366,1.0658,1.06326,1.06551,47826.59
2023-09-21 08:00:00,1.06551,1.06645,1.06335,1.06356,66737.37
2023-09-21 12:00:00,1.06357,1.06734,1.06246,1.06634,108725.5
2023-09-21 16:00:00,1.06633,1.06708,1.06544,1.06592,35354.43
2023-09-21 20:00:00,1.06591,1.06637,1.06558,1.06603,13891.8
2023-09-22 00:00:00,1.06603,1.06626,1.06409,1.06514,28993.98
2023-09-22 04:00:00,1.06514,1.06678,1.0615,1.06457,67764.58
2023-09-22 08:00:00,1.06456,1.06516,1.0634,1.06363,53573.39
2023-09-22 12:00:00,1.06363,1.06716,1.06363,1.06592,76532.31999999999
2023-09-22 16:00:00,1.06594,1.06616,1.06391,1.06436,27773.31
2023-09-22 20:00:00,1.06436,1.06473,1.06415,1.06419,8013.63
2023-09-24 20:00:00,1.06513,1.06518,1.06424,1.06482,7854.38
2023-09-25 00:00:00,1.06482,1.06555,1.0643,1.0648,22968.64
2023-09-25 04:00:00,1.06479,1.06531,1.06316,1.06378,31540.42
2023-09-25 08:00:00,1.06379,1.06435,1.06239,1.06305,56352.23
2023-09-25 12:00:00,1.06303,1.06346,1.05753,1.05901,77877.67
2023-09-25 16:00:00,1.059,1.05986,1.05854,1.05928,24221.670000000002
2023-09-25 20:00:00,1.05927,1.05966,1.059,1.05912,11224.539999999999
2023-09-26 00:00:00,1.05912,1.05919,1.05783,1.05858,24888.11
2023-09-26 04:00:00,1.05857,1.05929,1.05699,1.05849,39171.05
2023-09-26 08:00:00,1.05849,1.06033,1.05827,1.05994,46692.58
2023-09-26 12:00:00,1.05993,1.0609,1.05677,1.05724,88548.75
2023-09-26 16:00:00,1.05725,1.05767,1.0562,1.05701,26695.99
2023-09-26 20:00:00,1.05701,1.05755,1.05676,1.05691,11555.59
2023-09-27 00:00:00,1.05691,1.0572,1.05559,1.05619,30850.41
2023-09-27 04:00:00,1.05619,1.0574,1.05548,1.0565,37580.37
2023-09-27 08:00:00,1.05653,1.05698,1.05343,1.05394,49828.24
2023-09-27 12:00:00,1.05395,1.05513,1.05081,1.05087,104494.36
2023-09-27 16:00:00,1.0509,1.05187,1.0488,1.05056,62713.61
2023-09-27 20:00:00,1.05057,1.05081,1.04985,1.05052,14516.87
2023-09-28 00:00:00,1.05053,1.0516,1.04987,1.0504,26733.61
2023-09-28 04:00:00,1.0504,1.05188,1.0491,1.05085,48338.62
2023-09-28 08:00:00,1.05084,1.05483,1.05047,1.05413,67096.71
2023-09-28 12:00:00,1.05412,1.05788,1.05176,1.05762,147641.55
2023-09-28 16:00:00,1.05762,1.05782,1.05498,1.05639,44307.87
2023-09-28 20:00:00,1.05639,1.05674,1.05591,1.05621,10626.33
2023-09-29 00:00:00,1.05622,1.05827,1.05579,1.05754,24300.41
2023-09-29 04:00:00,1.05753,1.06106,1.05743,1.06062,53374.6
2023-09-29 08:00:00,1.06063,1.06169,1.05901,1.05943,57922.23
2023-09-29 12:00:00,1.05942,1.06102,1.05698,1.05833,122518.3
2023-09-29 16:00:00,1.05834,1.05867,1.05638,1.05722,49470.05
2023-09-29 20:00:00,1.05723,1.05761,1.05684,1.05694,6094.07
2023-10-01 20:00:00,1.05672,1.05721,1.05578,1.0564,12294.28
2023-10-02 00:00:00,1.05641,1.05707,1.05623,1.05698,21392.81
2023-10-02 04:00:00,1.05697,1.05919,1.05601,1.05722,47264.78
2023-10-02 08:00:00,1.05721,1.0578,1.05301,1.05313,54211.63
2023-10-02 12:00:00,1.05313,1.05375,1.04922,1.04988,110826.86
2023-10-02 16:00:00,1.04989,1.05051,1.04807,1.04809,42552.89
2023-10-02 20:00:00,1.04806,1.04827,1.04752,1.04798,12014.81
2023-10-03 00:00:00,1.04798,1.04803,1.04638,1.04683,28150.76
2023-10-03 04:00:00,1.04683,1.04842,1.04598,1.04824,42921.73
2023-10-03 08:00:00,1.04823,1.04933,1.04692,1.04735,52235.41
2023-10-03 12:00:00,1.04735,1.04857,1.04483,1.04525,141058.67
2023-10-03 16:00:00,1.04524,1.04795,1.04518,1.04714,44180.89
2023-10-03 20:00:00,1.04715,1.04735,1.0463,1.04686,9937.74
2023-10-04 00:00:00,1.04684,1.04755,1.0457,1.04592,24566.84
2023-10-04 04:00:00,1.04593,1.04853,1.04514,1.04846,43838.86
2023-10-04 08:00:00,1.04846,1.05164,1.04791,1.0498,61444.65
2023-10-04 12:00:00,1.04979,1.05321,1.04829,1.05176,143223.23
2023-10-04 16:00:00,1.05178,1.05217,1.04978,1.05154,49170.98
2023-10-04 20:00:00,1.05152,1.0516,1.05028,1.05069,10933.75
2023-10-05 00:00:00,1.05068,1.05288,1.05022,1.0525,28154.03
2023-10-05 04:00:00,1.05249,1.05263,1.05014,1.05087,36744.44
2023-10-05 08:00:00,1.05087,1.05252,1.05027,1.05236,54977.22
2023-10-05 12:00:00,1.05237,1.05373,1.05,1.05257,124146.72
2023-10-05 16:00:00,1.05257,1.05515,1.0524,1.05495,42243.63
2023-10-05 20:00:00,1.05495,1.05518,1.0545,1.05462,10203.58
2023-10-06 00:00:00,1.05463,1.05479,1.05381,1.05423,24381.73
2023-10-06 04:00:00,1.05424,1.0551,1.05314,1.05497,38905.84
2023-10-06 08:00:00,1.05497,1.05672,1.05421,1.0566,51641.01
2023-10-06 12:00:00,1.0566,1.05999,1.04824,1.05946,191844.08
2023-10-06 16:00:00,1.05945,1.05996,1.05755,1.05897,66253.3
2023-10-06 20:00:00,1.05897,1.05897,1.05823,1.05828,6200.02
2023-10-08 20:00:00,1.05529,1.05682,1.05494,1.05661,12822.01
2023-10-09 00:00:00,1.05662,1.05742,1.05515,1.05521,13069.31
2023-10-09 04:00:00,1.05522,1.05585,1.05194,1.0523,23252.96
2023-10-09 08:00:00,1.0523,1.0545,1.05203,1.05282,40852.64
2023-10-09 12:00:00,1.05281,1.05576,1.05224,1.05397,90594.41
2023-10-09 16:00:00,1.05396,1.05702,1.05344,1.05691,46366.08
2023-10-09 20:00:00,1.05691,1.05796,1.05606,1.05786,20870.84
2023-10-10 00:00:00,1.05788,1.05836,1.0566,1.05694,46857.51
2023-10-10 04:00:00,1.05693,1.05723,1.05542,1.05716,63392.15
2023-10-10 08:00:00,1.05717,1.0611,1.05698,1.05757,79490.36
2023-10-10 12:00:00,1.05755,1.06195,1.05742,1.0617,113712.55
2023-10-10 16:00:00,1.0617,1.06198,1.05924,1.06046,57251.68
2023-10-10 20:00:00,1.06048,1.06096,1.05998,1.06042,13652.01
2023-10-11 00:00:00,1.06043,1.06142,1.06012,1.06047,28465.0
2023-10-11 04:00:00,1.06047,1.06283,1.05953,1.05998,49816.92
2023-10-11 08:00:00,1.05999,1.06147,1.05933,1.06039,62236.29
2023-10-11 12:00:00,1.06038,1.06346,1.05806,1.06127,123675.73
2023-10-11 16:00:00,1.06127,1.06158,1.05849,1.06125,52257.82
2023-10-11 20:00:00,1.06125,1.06256,1.06116,1.06234,9849.9
2023-10-12 00:00:00,1.06234,1.0629,1.06199,1.06287,22851.53
2023-10-12 04:00:00,1.06285,1.06397,1.062,1.062,35587.98
2023-10-12 08:00:00,1.06201,1.06272,1.06132,1.06195,35226.97
2023-10-12 12:00:00,1.06194,1.06271,1.05444,1.05519,136321.65
2023-10-12 16:00:00,1.05521,1.05608,1.05257,1.05306,49730.03
2023-10-12 20:00:00,1.05308,1.05374,1.05268,1.05355,10640.69
2023-10-13 00:00:00,1.05358,1.0548,1.05345,1.05455,23380.32
2023-10-13 04:00:00,1.05453,1.05578,1.05313,1.05517,46133.27
2023-10-13 08:00:00,1.05516,1.05584,1.05139,1.05244,62694.55
2023-10-13 12:00:00,1.05247,1.05473,1.04954,1.05006,121161.02
2023-10-13 16:00:00,1.05007,1.05158,1.04995,1.05138,42801.39
2023-10-13 20:00:00,1.05137,1.05138,1.05056,1.05073,5106.86
2023-10-15 20:00:00,1.05083,1.05253,1.05025,1.0522,12664.06
2023-10-16 00:00:00,1.05221,1.05257,1.05156,1.05235,21328.62
2023-10-16 04:00:00,1.05234,1.05382,1.05223,1.05341,40646.48
2023-10-16 08:00:00,1.0534,1.05428,1.05235,1.05365,43041.31
2023-10-16 12:00:00,1.05365,1.05554,1.05256,1.05446,75316.47
2023-10-16 16:00:00,1.05447,1.05627,1.05403,1.05626,26029.15
2023-10-16 20:00:00,1.05627,1.05627,1.05529,1.05543,13750.34
2023-10-17 00:00:00,1.05543,1.05607,1.05462,1.05498,23113.91
2023-10-17 04:00:00,1.05499,1.05547,1.0534,1.05486,34738.21
2023-10-17 08:00:00,1.05485,1.05793,1.05328,1.05752,50743.91
2023-10-17 12:00:00,1.05751,1.05927,1.05383,1.05921,120419.02
2023-10-17 16:00:00,1.05921,1.05948,1.05641,1.05769,39838.94
2023-10-17 20:00:00,1.05768,1.05776,1.05718,1.05727,12434.72
2023-10-18 00:00:00,1.05726,1.05789,1.05604,1.05754,24844.96
2023-10-18 04:00:00,1.05754,1.05941,1.05704,1.05788,43863.26
2023-10-18 08:00:00,1.05787,1.05867,1.05521,1.05606,50438.01
2023-10-18 12:00:00,1.05606,1.05744,1.05259,1.05311,103574.62
2023-10-18 16:00:00,1.05312,1.05536,1.05231,1.05354,49354.61
2023-10-18 20:00:00,1.05353,1.05396,1.05327,1.05379,16136.04
2023-10-19 00:00:00,1.05381,1.05418,1.05323,1.05338,27339.2
2023-10-19 04:00:00,1.05336,1.05482,1.05282,1.05375,38399.59
2023-10-19 08:00:00,1.05375,1.05635,1.05294,1.05578,54365.42
2023-10-19 12:00:00,1.05577,1.05816,1.0556,1.05696,98112.06
2023-10-19 16:00:00,1.05698,1.06163,1.05561,1.0588,133825.19
2023-10-19 20:00:00,1.05879,1.05879,1.05781,1.05863,10841.69
2023-10-20 00:00:00,1.05862,1.05864,1.05683,1.05759,28768.62
2023-10-20 04:00:00,1.0576,1.05787,1.05649,1.05705,36874.86
2023-10-20 08:00:00,1.05707,1.05989,1.05683,1.05908,48423.98
2023-10-20 12:00:00,1.05907,1.06008,1.05653,1.0591,104988.72
2023-10-20 16:00:00,1.05909,1.06035,1.05812,1.05921,37964.06
2023-10-20 20:00:00,1.05921,1.05955,1.0591,1.05927,6147.7
2023-10-22 20:00:00,1.0595,1.05968,1.05883,1.05896,8350.37
2023-10-23 00:00:00,1.05893,1.05902,1.05733,1.05751,19163.88
2023-10-23 04:00:00,1.0575,1.05976,1.05714,1.05976,32896.36
2023-10-23 08:00:00,1.05976,1.06147,1.05904,1.06017,57518.18
2023-10-23 12:00:00,1.06016,1.06466,1.0591,1.06453,101375.93
2023-10-23 16:00:00,1.06453,1.06779,1.06409,1.06655,45192.08
2023-10-23 20:00:00,1.06654,1.06719,1.06634,1.06698,12237.87
2023-10-24 00:00:00,1.06699,1.06871,1.06668,1.06824,31967.74
2023-10-24 04:00:00,1.06825,1.06942,1.06569,1.06627,45955.89
2023-10-24 08:00:00,1.06627,1.06627,1.06217,1.06353,54521.2
2023-10-24 12:00:00,1.06352,1.06364,1.0583,1.05936,93497.22
2023-10-24 16:00:00,1.05937,1.06021,1.05834,1.05918,34258.39
2023-10-24 20:00:00,1.05917,1.0595,1.05888,1.05949,10108.7
2023-10-25 00:00:00,1.05952,1.0605,1.05897,1.0602,26522.54
2023-10-25 04:00:00,1.06019,1.06067,1.05783,1.05871,29013.28
2023-10-25 08:00:00,1.0587,1.05968,1.05658,1.05727,40657.73
2023-10-25 12:00:00,1.05728,1.05956,1.05668,1.05829,92596.97
2023-10-25 16:00:00,1.05829,1.05859,1.05658,1.05677,45273.96
2023-10-25 20:00:00,1.05678,1.05697,1.05601,1.05661,13474.42
2023-10-26 00:00:00,1.05661,1.05691,1.05414,1.05467,25542.56
2023-10-26 04:00:00,1.05467,1.05494,1.0533,1.05482,38051.79
2023-10-26 08:00:00,1.05481,1.05525,1.0531,1.05362,37388.07
2023-10-26 12:00:00,1.05362,1.05603,1.05221,1.05317,122673.86
2023-10-26 16:00:00,1.05316,1.05645,1.05249,1.05566,51141.07
2023-10-26 20:00:00,1.05565,1.05657,1.05551,1.05638,12337.42
2023-10-27 00:00:00,1.05637,1.05666,1.05525,1.05644,22386.83
2023-10-27 04:00:00,1.05644,1.05698,1.0552,1.05584,26069.94
2023-10-27 08:00:00,1.05583,1.05671,1.05354,1.0537,29907.95
2023-10-27 12:00:00,1.0537,1.0597,1.05355,1.05912,92169.23
2023-10-27 16:00:00,1.05913,1.05964,1.05573,1.05705,39045.12
2023-10-27 20:00:00,1.05707,1.05707,1.05605,1.05605,6026.16
2023-10-29 20:00:00,1.05644,1.05749,1.05588,1.05618,7605.18
2023-10-30 00:00:00,1.05618,1.05658,1.05551,1.05604,23931.68
2023-10-30 04:00:00,1.05603,1.05674,1.0553,1.05566,21528.63
2023-10-30 08:00:00,1.05565,1.05962,1.05471,1.05851,49974.23
2023-10-30 12:00:00,1.05852,1.0625,1.05819,1.06191,94210.52
2023-10-30 16:00:00,1.06189,1.06215,1.06002,1.06169,31141.75
2023-10-30 20:00:00,1.06169,1.06174,1.06117,1.06138,7564.41
2023-10-31 00:00:00,1.06139,1.06143,1.05906,1.05943,31709.8
2023-10-31 04:00:00,1.05943,1.06258,1.05907,1.06212,31443.08
2023-10-31 08:00:00,1.06212,1.06748,1.06154,1.06557,68825.68000000001
2023-10-31 12:00:00,1.06556,1.06609,1.05662,1.05669,124868.72
2023-10-31 16:00:00,1.05672,1.05856,1.05574,1.05807,51473.28
2023-10-31 20:00:00,1.05809,1.05835,1.0572,1.0578,10426.3
2023-11-01 00:00:00,1.05778,1.05806,1.05664,1.05705,23536.45
2023-11-01 04:00:00,1.05704,1.05774,1.0559,1.05646,27211.78
2023-11-01 08:00:00,1.05646,1.0568,1.05408,1.05428,46606.84
2023-11-01 12:00:00,1.05429,1.05708,1.05216,1.05372,131788.07
2023-11-01 16:00:00,1.05372,1.05706,1.05167,1.05672,130891.28
2023-11-01 20:00:00,1.05671,1.05867,1.05667,1.05866,14962.73
2023-11-02 00:00:00,1.05866,1.06021,1.05837,1.05998,30755.11
2023-11-02 04:00:00,1.05999,1.061,1.05936,1.06033,30412.39
2023-11-02 08:00:00,1.06032,1.06388,1.0591,1.06337,63841.24
2023-11-02 12:00:00,1.06338,1.06675,1.06168,1.06173,112965.15
2023-11-02 16:00:00,1.06172,1.06323,1.06105,1.06231,39180.840000000004
2023-11-02 20:00:00,1.06231,1.06244,1.06154,1.06155,8032.44
2023-11-03 00:00:00,1.06158,1.06287,1.06146,1.06253,14428.25
2023-11-03 04:00:00,1.06254,1.06338,1.06248,1.06292,18980.45
2023-11-03 08:00:00,1.06291,1.06526,1.06197,1.06467,37266.52
2023-11-03 12:00:00,1.06469,1.07353,1.06454,1.07321,154342.94
2023-11-03 16:00:00,1.0732,1.07467,1.07224,1.07247,46780.99
2023-11-03 20:00:00,1.07248,1.07325,1.07247,1.07295,5916.32
2023-11-05 20:00:00,1.07232,1.07334,1.07207,1.07313,3880.14
2023-11-06 00:00:00,1.07316,1.07343,1.07222,1.07343,22949.31
2023-11-06 04:00:00,1.07343,1.07437,1.07318,1.0733,22633.49
2023-11-06 08:00:00,1.07333,1.07562,1.07315,1.07514,43996.08
2023-11-06 12:00:00,1.07513,1.07541,1.07261,1.07436,67332.06
2023-11-06 16:00:00,1.07437,1.07492,1.0722,1.07242,35321.93
2023-11-06 20:00:00,1.07238,1.0724,1.07149,1.07182,14699.32
2023-11-07 00:00:00,1.07184,1.07193,1.07058,1.07089,21681.72
2023-11-07 04:00:00,1.07089,1.07116,1.06918,1.06968,28099.33
2023-11-07 08:00:00,1.06966,1.07063,1.06655,1.06738,49597.19
2023-11-07 12:00:00,1.0674,1.06898,1.0664,1.06849,75552.75
2023-11-07 16:00:00,1.06849,1.07047,1.06724,1.06952,51726.84
2023-11-07 20:00:00,1.06951,1.07008,1.06894,1.06956,17970.07
2023-11-08 00:00:00,1.06956,1.06992,1.06863,1.06898,21203.78
2023-11-08 04:00:00,1.06899,1.06928,1.06755,1.06803,24434.06
2023-11-08 08:00:00,1.06804,1.06827,1.06593,1.0677,50221.85
2023-11-08 12:00:00,1.06771,1.07077,1.06601,1.07051,63764.6
2023-11-08 16:00:00,1.07052,1.0716,1.07011,1.07021,51805.85
2023-11-08 20:00:00,1.07022,1.07112,1.06999,1.07112,16652.29
2023-11-09 00:00:00,1.07113,1.07156,1.07024,1.07078,17220.24
2023-11-09 04:00:00,1.07079,1.07117,1.07014,1.07052,22221.8
2023-11-09 08:00:00,1.07052,1.07098,1.06804,1.06882,43762.23
2023-11-09 12:00:00,1.06882,1.07254,1.06865,1.0715,76059.07
2023-11-09 16:00:00,1.0715,1.0717,1.06601,1.06672,96370.08
2023-11-09 20:00:00,1.06673,1.06755,1.06624,1.06669,23018.94
2023-11-10 00:00:00,1.06671,1.0675,1.06629,1.06699,20194.08
2023-11-10 04:00:00,1.067,1.06719,1.0656,1.06629,24074.03
2023-11-10 08:00:00,1.0663,1.06889,1.0663,1.06768,49539.59
2023-11-10 12:00:00,1.06769,1.06927,1.06624,1.06698,76234.38
2023-11-10 16:00:00,1.067,1.06875,1.0663,1.06796,43486.5
2023-11-10 20:00:00,1.06795,1.06874,1.0677,1.06848,9663.46
2023-11-12 20:00:00,1.06818,1.06906,1.06799,1.06905,5575.71
2023-11-13 00:00:00,1.06902,1.06905,1.0681,1.06856,17365.37
2023-11-13 04:00:00,1.06856,1.06974,1.06835,1.06927,18379.15
2023-11-13 08:00:00,1.06924,1.07013,1.0685,1.06871,35392.39
2023-11-13 12:00:00,1.06872,1.06927,1.0665,1.06887,63899.92
2023-11-13 16:00:00,1.06887,1.07061,1.06852,1.0702,36373.64
2023-11-13 20:00:00,1.07019,1.07042,1.06975,1.07012,12945.22
2023-11-14 00:00:00,1.07013,1.07023,1.06945,1.06965,16455.83
2023-11-14 04:00:00,1.06964,1.07096,1.06928,1.07061,17082.03
2023-11-14 08:00:00,1.07061,1.07305,1.0696,1.07193,45557.88
2023-11-14 12:00:00,1.07193,1.08423,1.07049,1.08376,144120.84
2023-11-14 16:00:00,1.08373,1.08826,1.08364,1.08814,56742.15
2023-11-14 20:00:00,1.08813,1.08875,1.08727,1.08777,14709.81
2023-11-15 00:00:00,1.08776,1.08827,1.08656,1.0882,29739.09
2023-11-15 04:00:00,1.08824,1.08836,1.08647,1.08727,30477.71
2023-11-15 08:00:00,1.08728,1.08794,1.08439,1.08661,50676.08
2023-11-15 12:00:00,1.08662,1.08858,1.08315,1.08651,105147.11
2023-11-15 16:00:00,1.08652,1.08687,1.0841,1.08462,45708.13
2023-11-15 20:00:00,1.08463,1.08541,1.08423,1.08541,14643.6725
2023-11-16 00:00:00,1.08542,1.08558,1.083,1.08324,27185.420000000002
2023-11-16 04:00:00,1.08326,1.08458,1.08322,1.08409,20519.33
2023-11-16 08:00:00,1.08407,1.08607,1.08383,1.08522,42386.85
2023-11-16 12:00:00,1.08521,1.08955,1.0839,1.08781,101783.93000000001
2023-11-16 16:00:00,1.08782,1.08828,1.08463,1.08556,50517.88
2023-11-16 20:00:00,1.08557,1.08581,1.08434,1.08529,19409.75
2023-11-17 00:00:00,1.0853,1.08569,1.08487,1.08539,20973.45
2023-11-17 04:00:00,1.0854,1.08563,1.08351,1.08383,28332.91
2023-11-17 08:00:00,1.08385,1.08746,1.08247,1.08662,61803.52
2023-11-17 12:00:00,1.0866,1.08933,1.08573,1.08867,85244.43
2023-11-17 16:00:00,1.08868,1.09045,1.08748,1.08996,45544.9
2023-11-17 20:00:00,1.08997,1.09148,1.08972,1.09138,14676.4
2023-11-19 20:00:00,1.09095,1.0911,1.09054,1.09055,6802.85
2023-11-20 00:00:00,1.09054,1.09249,1.08974,1.09238,31212.65
2023-11-20 04:00:00,1.09238,1.09358,1.09129,1.0916,33059.89
2023-11-20 08:00:00,1.0916,1.09401,1.09152,1.09228,47866.42
2023-11-20 12:00:00,1.09228,1.09457,1.09187,1.09382,58167.97
2023-11-20 16:00:00,1.09381,1.09517,1.09351,1.09464,45584.63
2023-11-20 20:00:00,1.09463,1.09475,1.09379,1.09446,13285.31
2023-11-21 00:00:00,1.09447,1.09641,1.09421,1.09635,33807.11
2023-11-21 04:00:00,1.09633,1.09651,1.09507,1.09538,30287.62
2023-11-21 08:00:00,1.09538,1.09639,1.0939,1.09392,53850.09
2023-11-21 12:00:00,1.09393,1.09612,1.09313,1.09341,80737.13
2023-11-21 16:00:00,1.09342,1.09437,1.09001,1.09151,55235.93
2023-11-21 20:00:00,1.09152,1.09185,1.09098,1.09169,12703.34
2023-11-22 00:00:00,1.0917,1.09229,1.09088,1.09142,28406.97
2023-11-22 04:00:00,1.09142,1.09166,1.08956,1.09145,31359.19
2023-11-22 08:00:00,1.09145,1.09197,1.08826,1.08999,57564.73
2023-11-22 12:00:00,1.09,1.09177,1.08522,1.08657,119279.48
2023-11-22 16:00:00,1.08657,1.08878,1.08614,1.08838,43560.93
2023-11-22 20:00:00,1.08838,1.08893,1.08817,1.08878,10337.91
2023-11-23 00:00:00,1.0888,1.09057,1.08878,1.09049,14438.45
2023-11-23 04:00:00,1.0905,1.09176,1.09009,1.09138,19842.23
2023-11-23 08:00:00,1.09137,1.09303,1.08955,1.09146,68703.55
2023-11-23 12:00:00,1.09146,1.09151,1.0887,1.09097,41356.56
2023-11-23 16:00:00,1.09096,1.09099,1.09024,1.09036,9956.3
2023-11-23 20:00:00,1.09037,1.0907,1.09021,1.09038,4688.75
2023-11-24 00:00:00,1.09037,1.09102,1.08949,1.0899,20383.01
2023-11-24 04:00:00,1.08992,1.09119,1.08973,1.09079,19101.47
2023-11-24 08:00:00,1.09079,1.09207,1.09014,1.09141,40181.52
2023-11-24 12:00:00,1.09141,1.09452,1.09068,1.09398,58599.62
2023-11-24 16:00:00,1.09397,1.09486,1.09282,1.09459,31908.86
2023-11-24 20:00:00,1.09458,1.09475,1.09341,1.09341,6598.78
2023-11-26 20:00:00,1.09438,1.09474,1.09384,1.09396,4636.0
2023-11-27 00:00:00,1.09397,1.09496,1.09267,1.09452,27256.39
2023-11-27 04:00:00,1.09453,1.09592,1.09419,1.09475,24725.88
2023-11-27 08:00:00,1.09474,1.09564,1.09392,1.09536,39741.18
2023-11-27 12:00:00,1.09537,1.09551,1.09251,1.09326,91075.11
2023-11-27 16:00:00,1.09327,1.09566,1.09278,1.09562,47624.18
2023-11-27 20:00:00,1.09562,1.09591,1.095,1.09589,15837.85
2023-11-28 00:00:00,1.09589,1.09628,1.09533,1.0955,24645.47
2023-11-28 04:00:00,1.0955,1.09552,1.09344,1.09358,22874.95
2023-11-28 08:00:00,1.09358,1.09575,1.09358,1.09499,46161.5
2023-11-28 12:00:00,1.09499,1.10019,1.09454,1.09809,105305.31
2023-11-28 16:00:00,1.09809,1.10088,1.09732,1.09911,78679.97
2023-11-28 20:00:00,1.0991,1.10055,1.09759,1.10039,17147.1
2023-11-29 00:00:00,1.10041,1.10171,1.09975,1.09984,35363.3
2023-11-29 04:00:00,1.09983,1.10045,1.09819,1.09845,36488.93
2023-11-29 08:00:00,1.09845,1.09983,1.09691,1.09847,70842.64
2023-11-29 12:00:00,1.09845,1.09948,1.09601,1.09747,105138.52
2023-11-29 16:00:00,1.09746,1.09947,1.09615,1.09831,45648.31
2023-11-29 20:00:00,1.0983,1.09838,1.09678,1.09732,15809.77
2023-11-30 00:00:00,1.09731,1.09838,1.09672,1.09742,23301.85
2023-11-30 04:00:00,1.09742,1.09817,1.09404,1.09514,34203.23
2023-11-30 08:00:00,1.09515,1.09592,1.0909,1.09157,67086.37
2023-11-30 12:00:00,1.09157,1.09496,1.08924,1.0911,129733.99
2023-11-30 16:00:00,1.0911,1.09168,1.08836,1.08901,62909.729999999996
2023-11-30 20:00:00,1.089,1.08946,1.08794,1.08916,22559.59
2023-12-01 00:00:00,1.08917,1.09127,1.08916,1.09006,28148.83
2023-12-01 04:00:00,1.09005,1.09122,1.08944,1.08946,30122.84
2023-12-01 08:00:00,1.08949,1.09046,1.08826,1.08973,65089.48
2023-12-01 12:00:00,1.08974,1.0901,1.08327,1.08378,103915.78
2023-12-01 16:00:00,1.08377,1.08928,1.08287,1.08719,101546.95
2023-12-01 20:00:00,1.08721,1.08846,1.08707,1.08788,11616.69
2023-12-03 20:00:00,1.08771,1.08948,1.08766,1.08857,14945.93
2023-12-04 00:00:00,1.08858,1.08865,1.08665,1.08801,42780.88
2023-12-04 04:00:00,1.088,1.08805,1.08498,1.08538,40519.41
2023-12-04 08:00:00,1.08538,1.08807,1.08538,1.0869,60900.58
2023-12-04 12:00:00,1.0869,1.08759,1.0804,1.08147,94525.48
2023-12-04 16:00:00,1.08148,1.0829,1.08116,1.08276,54134.69
2023-12-04 20:00:00,1.08276,1.08377,1.08276,1.08373,13687.73
2023-12-05 00:00:00,1.08373,1.08461,1.08345,1.08404,27519.28
2023-12-05 04:00:00,1.08403,1.08474,1.0804,1.08071,39253.91
2023-12-05 08:00:00,1.08071,1.08425,1.08059,1.08187,71733.18000000001
2023-12-05 12:00:00,1.08187,1.08388,1.0799,1.08055,121467.4
2023-12-05 16:00:00,1.08055,1.08132,1.07781,1.07838,61752.72
2023-12-05 20:00:00,1.07839,1.07987,1.07818,1.07932,14886.48
2023-12-06 00:00:00,1.07933,1.07985,1.07879,1.07966,24405.49
2023-12-06 04:00:00,1.07965,1.08017,1.0778,1.07901,32264.04
2023-12-06 08:00:00,1.07898,1.07977,1.0775,1.07798,59466.56
2023-12-06 12:00:00,1.07798,1.08047,1.07725,1.079,90641.81
2023-12-06 16:00:00,1.07899,1.08002,1.07671,1.07684,47439.59
2023-12-06 20:00:00,1.07683,1.07695,1.07586,1.07661,15506.61
2023-12-07 00:00:00,1.07664,1.07721,1.07593,1.07596,25538.71
2023-12-07 04:00:00,1.07595,1.07811,1.07552,1.07807,43297.97
2023-12-07 08:00:00,1.07808,1.07845,1.07636,1.07707,74062.65
2023-12-07 12:00:00,1.07706,1.07979,1.07593,1.07839,117995.21
2023-12-07 16:00:00,1.07839,1.08175,1.07839,1.07981,71352.69
2023-12-07 20:00:00,1.07982,1.08037,1.07894,1.07895,18796.01
2023-12-08 00:00:00,1.07896,1.08005,1.07836,1.07919,48010.14
2023-12-08 04:00:00,1.07917,1.07919,1.0773,1.07791,41131.63
2023-12-08 08:00:00,1.07792,1.07911,1.07723,1.07827,68215.07
2023-12-08 12:00:00,1.07827,1.07859,1.07236,1.07682,146002.08
2023-12-08 16:00:00,1.07683,1.07703,1.07402,1.07587,49931.26
2023-12-08 20:00:00,1.07587,1.07664,1.07569,1.07592,10827.84
2023-12-10 20:00:00,1.07592,1.07676,1.07556,1.07651,3853.29
2023-12-11 00:00:00,1.07653,1.07739,1.07635,1.07649,25263.92
2023-12-11 04:00:00,1.07648,1.07709,1.0753,1.07557,27777.68
2023-12-11 08:00:00,1.07557,1.07789,1.07513,1.07682,52503.08
2023-12-11 12:00:00,1.07681,1.07704,1.07417,1.07441,68041.77
2023-12-11 16:00:00,1.07442,1.07696,1.07415,1.07612,48567.01
2023-12-11 20:00:00,1.07612,1.07654,1.07586,1.07653,12408.67
2023-12-12 00:00:00,1.07653,1.07703,1.07612,1.07682,18261.92
2023-12-12 04:00:00,1.07682,1.07832,1.07641,1.07777,23245.58
2023-12-12 08:00:00,1.07777,1.08072,1.07731,1.07963,48550.84
2023-12-12 12:00:00,1.07963,1.08279,1.07671,1.07842,127095.51
2023-12-12 16:00:00,1.07846,1.07986,1.0781,1.07902,44555.95
2023-12-12 20:00:00,1.07901,1.07992,1.07891,1.07982,16906.07
2023-12-13 00:00:00,1.07983,1.07998,1.07842,1.07873,20036.15
2023-12-13 04:00:00,1.07872,1.07922,1.07801,1.07853,24470.0
2023-12-13 08:00:00,1.07851,1.07928,1.07731,1.07836,47237.08
2023-12-13 12:00:00,1.07836,1.08093,1.0781,1.07944,74500.08
2023-12-13 16:00:00,1.07945,1.08914,1.07799,1.08878,114085.23
2023-12-13 20:00:00,1.08881,1.08965,1.08648,1.08825,60167.7
2023-12-14 00:00:00,1.08826,1.09153,1.08791,1.09058,51892.26
2023-12-14 04:00:00,1.09058,1.09095,1.08808,1.08809,67207.18
2023-12-14 08:00:00,1.08811,1.09317,1.088,1.09296,90083.08
2023-12-14 12:00:00,1.09295,1.09972,1.09062,1.09935,169187.21
2023-12-14 16:00:00,1.09936,1.10092,1.09795,1.0992,76709.45
2023-12-14 20:00:00,1.09922,1.09968,1.09879,1.09932,27460.39
2023-12-15 00:00:00,1.09934,1.10007,1.09768,1.09989,34494.99
2023-12-15 04:00:00,1.09991,1.10036,1.09806,1.09938,44248.62
2023-12-15 08:00:00,1.09938,1.09992,1.0946,1.09683,83997.63
2023-12-15 12:00:00,1.09684,1.09694,1.09041,1.09157,121670.64
2023-12-15 16:00:00,1.09157,1.09166,1.08885,1.08995,58951.9
2023-12-15 20:00:00,1.08995,1.0909,1.0892,1.08922,15619.35
2023-12-17 20:00:00,1.08973,1.0898,1.0892,1.08948,6411.22
2023-12-18 00:00:00,1.08948,1.09136,1.08939,1.09109,23876.63
2023-12-18 04:00:00,1.09109,1.09299,1.09089,1.09216,27969.81
2023-12-18 08:00:00,1.09215,1.09282,1.09071,1.09127,53593.46
2023-12-18 12:00:00,1.09129,1.09311,1.0909,1.09141,79333.31
2023-12-18 16:00:00,1.0914,1.09279,1.09131,1.09166,44720.04
2023-12-18 20:00:00,1.09167,1.09243,1.09137,1.09231,17365.77
2023-12-19 00:00:00,1.09231,1.09289,1.09148,1.09254,34271.22
2023-12-19 04:00:00,1.09255,1.09412,1.09201,1.09283,39487.97
2023-12-19 08:00:00,1.09285,1.09493,1.09272,1.09372,52615.29
2023-12-19 12:00:00,1.09371,1.09873,1.09371,1.09858,96877.33
2023-12-19 16:00:00,1.09858,1.09862,1.09693,1.09761,43051.0
2023-12-19 20:00:00,1.09763,1.09843,1.0972,1.09792,15771.99
2023-12-20 00:00:00,1.09793,1.09793,1.09672,1.09698,22873.96
2023-12-20 04:00:00,1.09698,1.09708,1.09506,1.09668,33085.51
2023-12-20 08:00:00,1.09665,1.09713,1.09356,1.09374,55891.409999999996
2023-12-20 12:00:00,1.09375,1.09748,1.09339,1.09738,78204.47
2023-12-20 16:00:00,1.09739,1.09756,1.09427,1.09465,43357.51
2023-12-20 20:00:00,1.09464,1.09486,1.09298,1.09432,30031.57
2023-12-21 00:00:00,1.09433,1.09542,1.0941,1.0949,28049.21
2023-12-21 04:00:00,1.0949,1.09558,1.09424,1.09469,26345.06
2023-12-21 08:00:00,1.09471,1.09848,1.09352,1.09798,56073.06
2023-12-21 12:00:00,1.09799,1.10023,1.09724,1.09896,122326.6
2023-12-21 16:00:00,1.09897,1.10008,1.0978,1.09991,86486.86
2023-12-21 20:00:00,1.0999,1.10125,1.09927,1.10056,30588.81
2023-12-22 00:00:00,1.10057,1.10096,1.09954,1.09977,29443.03
2023-12-22 04:00:00,1.09977,1.10076,1.09938,1.10002,30099.3
2023-12-22 08:00:00,1.10002,1.10298,1.09992,1.10257,65973.21
2023-12-22 12:00:00,1.10258,1.10401,1.10016,1.10113,121236.57
2023-12-22 16:00:00,1.10112,1.10236,1.1,1.10156,86415.27
2023-12-22 20:00:00,1.10155,1.10157,1.10077,1.10135,15486.02
2023-12-24 20:00:00,1.10108,1.10159,1.10108,1.10149,94.5
2023-12-25 00:00:00,1.10149,1.10149,1.09933,1.10012,779.61
2023-12-25 04:00:00,1.10012,1.10202,1.09974,1.10097,2197.8
2023-12-25 20:00:00,1.10009,1.1023,1.10009,1.10186,4815.57
2023-12-26 00:00:00,1.10187,1.10286,1.10156,1.10277,16616.89
2023-12-26 04:00:00,1.10275,1.10277,1.10209,1.10223,15720.71
2023-12-26 08:00:00,1.10226,1.10265,1.10096,1.10137,31714.71
2023-12-26 12:00:00,1.10137,1.10324,1.10085,1.10249,66761.34
2023-12-26 16:00:00,1.10249,1.10448,1.10242,1.10443,35513.35
2023-12-26 20:00:00,1.10444,1.1045,1.10402,1.10422,15869.3
2023-12-27 00:00:00,1.10422,1.10424,1.10286,1.10362,25403.77
2023-12-27 04:00:00,1.10362,1.10491,1.10362,1.10412,21713.2
2023-12-27 08:00:00,1.10411,1.10594,1.10379,1.10589,31831.72
2023-12-27 12:00:00,1.10589,1.11156,1.10485,1.11072,65553.01
2023-12-27 16:00:00,1.11071,1.11226,1.10988,1.11014,48950.89
2023-12-27 20:00:00,1.11015,1.11096,1.10968,1.11082,15388.6
2023-12-28 00:00:00,1.11081,1.11224,1.1108,1.11184,26236.04
2023-12-28 04:00:00,1.11183,1.11255,1.11048,1.11167,34814.71
2023-12-28 08:00:00,1.11167,1.11394,1.11042,1.112,61080.47
2023-12-28 12:00:00,1.11199,1.112,1.10722,1.11066,77084.35
2023-12-28 16:00:00,1.11067,1.11067,1.10552,1.10645,51708.24
2023-12-28 20:00:00,1.10645,1.10706,1.10588,1.10677,21644.77
2023-12-29 00:00:00,1.10678,1.10842,1.10637,1.10651,33705.69
2023-12-29 04:00:00,1.10652,1.10762,1.10608,1.10658,30632.78
2023-12-29 08:00:00,1.10655,1.10774,1.10442,1.10763,56477.24
2023-12-29 12:00:00,1.10764,1.10806,1.10425,1.10471,83311.96
2023-12-29 16:00:00,1.10472,1.10667,1.10381,1.10407,76045.41
2023-12-29 20:00:00,1.10409,1.10507,1.10339,1.10374,13378.36
2024-01-01 20:00:00,1.10427,1.10447,1.10356,1.10365,3923.96
2024-01-02 00:00:00,1.10366,1.10432,1.10176,1.10245,24509.62
2024-01-02 04:00:00,1.10245,1.1038,1.10151,1.10153,30174.74
2024-01-02 08:00:00,1.10156,1.10387,1.09665,1.0969,70041.65
2024-01-02 12:00:00,1.09691,1.09717,1.0941,1.09435,86422.11
2024-01-02 16:00:00,1.09436,1.09616,1.09408,1.09465,44511.0
2024-01-02 20:00:00,1.09465,1.09511,1.09375,1.09416,21566.2
2024-01-03 00:00:00,1.09416,1.09622,1.09412,1.09608,17838.9
2024-01-03 04:00:00,1.09607,1.09627,1.09511,1.09603,25321.98
2024-01-03 08:00:00,1.09602,1.09654,1.09154,1.09195,60202.29
2024-01-03 12:00:00,1.09195,1.09385,1.0898,1.09044,122224.77
2024-01-03 16:00:00,1.09045,1.09257,1.08929,1.09176,78473.57
2024-01-03 20:00:00,1.09177,1.09275,1.0915,1.09258,23305.94
2024-01-04 00:00:00,1.09259,1.09306,1.0916,1.09261,19690.41
2024-01-04 04:00:00,1.09261,1.09436,1.09208,1.09375,34647.37
2024-01-04 08:00:00,1.09375,1.09721,1.09345,1.09479,65475.57
2024-01-04 12:00:00,1.09477,1.09652,1.09327,1.0955,94080.12
2024-01-04 16:00:00,1.09551,1.09639,1.09418,1.0947,48131.76
2024-01-04 20:00:00,1.09469,1.095,1.0943,1.09462,19461.42
2024-01-05 00:00:00,1.09461,1.09558,1.09391,1.09392,24102.52
2024-01-05 04:00:00,1.09392,1.09411,1.09226,1.09231,29235.37
2024-01-05 08:00:00,1.09231,1.09305,1.09028,1.09142,53689.02
2024-01-05 12:00:00,1.09142,1.09984,1.08767,1.09781,167761.0
2024-01-05 16:00:00,1.09782,1.09805,1.09352,1.09452,67854.04
2024-01-05 20:00:00,1.09452,1.09471,1.09357,1.09392,14300.5
2024-01-07 20:00:00,1.09386,1.09456,1.09349,1.09415,4674.37
2024-01-08 00:00:00,1.09413,1.0953,1.09313,1.09329,16574.85
2024-01-08 04:00:00,1.09329,1.09522,1.09306,1.09451,26067.1
2024-01-08 08:00:00,1.09454,1.09506,1.09226,1.09379,64036.97
2024-01-08 12:00:00,1.09378,1.09745,1.09372,1.09697,80994.12
2024-01-08 16:00:00,1.09696,1.09788,1.09488,1.09609,47300.07
2024-01-08 20:00:00,1.0961,1.0961,1.09493,1.09497,17702.09
2024-01-09 00:00:00,1.09497,1.09663,1.09492,1.09627,21187.32
2024-01-09 04:00:00,1.09628,1.09629,1.09461,1.09566,25964.239999999998
2024-01-09 08:00:00,1.09566,1.09566,1.09287,1.09314,51283.71
2024-01-09 12:00:00,1.09313,1.09513,1.09175,1.09178,94401.42
2024-01-09 16:00:00,1.09178,1.094,1.09103,1.09252,59589.64
2024-01-09 20:00:00,1.09252,1.09326,1.0925,1.09317,23410.68
2024-01-10 00:00:00,1.09316,1.09363,1.09261,1.09292,28203.86
2024-01-10 04:00:00,1.09292,1.09453,1.09235,1.0926,33302.95
2024-01-10 08:00:00,1.09261,1.09553,1.09228,1.09459,54830.95
2024-01-10 12:00:00,1.09459,1.0969,1.0932,1.09673,69274.72
2024-01-10 16:00:00,1.09674,1.09707,1.09523,1.09703,41441.36
2024-01-10 20:00:00,1.09703,1.09747,1.09615,1.0974,30552.81
2024-01-11 00:00:00,1.09742,1.09847,1.0973,1.09803,35849.58
2024-01-11 04:00:00,1.09802,1.09885,1.09744,1.09788,27608.63
2024-01-11 08:00:00,1.0979,1.09824,1.09585,1.09785,58005.87
2024-01-11 12:00:00,1.09786,1.1,1.09302,1.09464,175412.1
2024-01-11 16:00:00,1.09466,1.09829,1.09366,1.09819,93228.0
2024-01-11 20:00:00,1.0982,1.09825,1.09561,1.09824,29541.77
2024-01-12 00:00:00,1.09823,1.09853,1.09725,1.09776,30378.21
2024-01-12 04:00:00,1.09774,1.09803,1.09608,1.09666,29970.57
2024-01-12 08:00:00,1.09666,1.09827,1.09465,1.09496,58120.41
2024-01-12 12:00:00,1.09495,1.09868,1.09359,1.09661,127518.76
2024-01-12 16:00:00,1.09662,1.09738,1.0947,1.09559,51814.29
2024-01-12 20:00:00,1.09559,1.09563,1.09481,1.09483,10770.37
2024-01-14 20:00:00,1.0948,1.09502,1.0944,1.09451,5573.34
2024-01-15 00:00:00,1.09451,1.09675,1.09407,1.09643,30058.07
2024-01-15 04:00:00,1.09642,1.09666,1.09515,1.09533,29663.64
2024-01-15 08:00:00,1.09535,1.09649,1.09335,1.09453,54527.86
2024-01-15 12:00:00,1.09453,1.09589,1.09381,1.09496,52184.07
2024-01-15 16:00:00,1.09497,1.09536,1.0946,1.09504,13938.8
2024-01-15 20:00:00,1.09506,1.09517,1.09447,1.09449,19706.53
2024-01-16 00:00:00,1.09447,1.09461,1.09154,1.09189,37253.77
2024-01-16 04:00:00,1.09187,1.09265,1.09086,1.09184,31656.23
2024-01-16 08:00:00,1.09184,1.09233,1.08739,1.08922,89241.91
2024-01-16 12:00:00,1.08923,1.08979,1.08656,1.08857,120066.85
2024-01-16 16:00:00,1.08856,1.08946,1.0862,1.08736,98382.66
2024-01-16 20:00:00,1.08737,1.08786,1.087,1.08784,20445.6
2024-01-17 00:00:00,1.08786,1.08844,1.08651,1.08663,28589.35
2024-01-17 04:00:00,1.08662,1.08737,1.08554,1.08701,45309.02
2024-01-17 08:00:00,1.08701,1.08839,1.08609,1.08785,68921.23
2024-01-17 12:00:00,1.08785,1.08813,1.08445,1.0849,115627.31
2024-01-17 16:00:00,1.08489,1.08787,1.08476,1.08738,61166.35
2024-01-17 20:00:00,1.08737,1.0886,1.08702,1.0886,22671.87
2024-01-18 00:00:00,1.08861,1.09028,1.08802,1.08954,41217.46
2024-01-18 04:00:00,1.08953,1.09067,1.08863,1.08881,36442.81
2024-01-18 08:00:00,1.08878,1.08995,1.08766,1.08891,57090.32
2024-01-18 12:00:00,1.0889,1.08939,1.08466,1.08521,139701.13
2024-01-18 16:00:00,1.08519,1.08701,1.08501,1.08617,71201.95
2024-01-18 20:00:00,1.08617,1.08804,1.08607,1.08799,19569.2375
2024-01-19 00:00:00,1.088,1.08896,1.08762,1.08889,24223.28
2024-01-19 04:00:00,1.0889,1.08894,1.08745,1.08794,31255.93
2024-01-19 08:00:00,1.08793,1.0893,1.08681,1.08873,47495.8
2024-01-19 12:00:00,1.08873,1.089,1.08656,1.08825,89647.81999999999
2024-01-19 16:00:00,1.08824,1.08963,1.088,1.08922,52728.85
2024-01-19 20:00:00,1.08924,1.08983,1.08899,1.0896,13136.02
2024-01-21 20:00:00,1.08906,1.08976,1.08878,1.0892,5146.0
2024-01-22 00:00:00,1.0892,1.09091,1.08912,1.09019,24878.38
2024-01-22 04:00:00,1.09021,1.09094,1.08972,1.08977,28189.29
2024-01-22 08:00:00,1.08975,1.09023,1.08815,1.08898,51278.27
2024-01-22 12:00:00,1.08899,1.08995,1.088,1.08852,69121.3
2024-01-22 16:00:00,1.08851,1.09,1.08803,1.08847,37617.96
2024-01-22 20:00:00,1.08849,1.08854,1.08768,1.08772,22744.94
2024-01-23 00:00:00,1.08776,1.08949,1.08756,1.08927,28505.44
2024-01-23 04:00:00,1.08928,1.09162,1.08916,1.09083,43448.13
2024-01-23 08:00:00,1.09084,1.09105,1.086,1.08663,56746.71
2024-01-23 12:00:00,1.08663,1.08758,1.08215,1.08308,83010.83
2024-01-23 16:00:00,1.0831,1.08477,1.08244,1.08451,49202.69
2024-01-23 20:00:00,1.08452,1.08593,1.08435,1.08572,17423.38
2024-01-24 00:00:00,1.08573,1.08614,1.08514,1.08589,28162.31
2024-01-24 04:00:00,1.08592,1.08794,1.08581,1.08732,38141.74
2024-01-24 08:00:00,1.08733,1.09077,1.08625,1.08927,80575.03
2024-01-24 12:00:00,1.08928,1.09323,1.08874,1.09007,121981.27
2024-01-24 16:00:00,1.09007,1.09086,1.08813,1.08883,66384.72
2024-01-24 20:00:00,1.08882,1.08905,1.08776,1.0881,21999.43
2024-01-25 00:00:00,1.08811,1.08818,1.08702,1.08778,27701.92
2024-01-25 04:00:00,1.08777,1.08913,1.08744,1.08878,20548.16
2024-01-25 08:00:00,1.08877,1.08996,1.08828,1.08948,52964.13
2024-01-25 12:00:00,1.08949,1.09018,1.08293,1.08317,170131.48
2024-01-25 16:00:00,1.08316,1.08519,1.08216,1.08359,76395.1
2024-01-25 20:00:00,1.08358,1.08479,1.08334,1.08454,16338.54
2024-01-26 00:00:00,1.08455,1.08488,1.08373,1.08449,25538.67
2024-01-26 04:00:00,1.08449,1.08449,1.08128,1.08194,38861.76
2024-01-26 08:00:00,1.08193,1.08761,1.08173,1.08745,72776.39
2024-01-26 12:00:00,1.08745,1.08854,1.0855,1.08641,102966.86
2024-01-26 16:00:00,1.0864,1.08704,1.08537,1.08581,39554.89
2024-01-26 20:00:00,1.08582,1.08622,1.08502,1.08504,8943.89
2024-01-28 20:00:00,1.08468,1.0849,1.08414,1.08422,11513.13
2024-01-29 00:00:00,1.08423,1.08489,1.08393,1.08451,20764.46
2024-01-29 04:00:00,1.08452,1.085,1.08349,1.08371,24579.5
2024-01-29 08:00:00,1.0837,1.08418,1.08139,1.08228,48698.42
2024-01-29 12:00:00,1.08228,1.08368,1.07962,1.07972,63012.81
2024-01-29 16:00:00,1.07974,1.08199,1.07958,1.08189,34503.17
2024-01-29 20:00:00,1.08189,1.08404,1.08189,1.08336,29677.44
2024-01-30 00:00:00,1.08336,1.08422,1.08299,1.08305,27562.06
2024-01-30 04:00:00,1.08307,1.08335,1.08119,1.08227,35570.43
2024-01-30 08:00:00,1.08228,1.08481,1.08162,1.08419,59727.99
2024-01-30 12:00:00,1.08418,1.08573,1.08281,1.08369,103710.16
2024-01-30 16:00:00,1.08368,1.08471,1.08315,1.08459,43383.12
2024-01-30 20:00:00,1.0846,1.08485,1.08399,1.08428,19335.18
2024-01-31 00:00:00,1.08429,1.08481,1.08159,1.08186,35802.3
2024-01-31 04:00:00,1.08185,1.08222,1.0806,1.0816,27969.7
2024-01-31 08:00:00,1.08159,1.08404,1.08092,1.08389,66833.13
2024-01-31 12:00:00,1.0839,1.08874,1.08335,1.08613,127931.75
2024-01-31 16:00:00,1.08611,1.08678,1.08157,1.08403,125698.53
2024-01-31 20:00:00,1.08402,1.08417,1.07949,1.08039,60423.53
2024-02-01 00:00:00,1.08039,1.08217,1.08016,1.08116,35451.87
2024-02-01 04:00:00,1.08117,1.08135,1.07838,1.07932,37906.98
2024-02-01 08:00:00,1.07932,1.08132,1.07799,1.08083,74065.88
2024-02-01 12:00:00,1.08084,1.08318,1.08056,1.08264,152780.61000000002
2024-02-01 16:00:00,1.08263,1.08748,1.08263,1.08718,97918.44
2024-02-01 20:00:00,1.08719,1.08761,1.08668,1.08742,22062.38
2024-02-02 00:00:00,1.08741,1.08796,1.08701,1.08767,29364.03
2024-02-02 04:00:00,1.08765,1.08869,1.08719,1.08808,35696.04
2024-02-02 08:00:00,1.08809,1.08974,1.08735,1.08835,49640.17
2024-02-02 12:00:00,1.08837,1.0886,1.07832,1.08023,139884.1
2024-02-02 16:00:00,1.08024,1.08037,1.07804,1.07925,73009.2
2024-02-02 20:00:00,1.07926,1.07974,1.07849,1.07849,14091.94
2024-02-04 20:00:00,1.07854,1.07858,1.07698,1.07796,10488.33
2024-02-05 00:00:00,1.07796,1.07831,1.07673,1.07791,42380.3
2024-02-05 04:00:00,1.0779,1.07847,1.07726,1.07802,29496.07
2024-02-05 08:00:00,1.07802,1.07861,1.07469,1.07548,57594.72
2024-02-05 12:00:00,1.07551,1.07575,1.07231,1.07252,86295.75
2024-02-05 16:00:00,1.07252,1.07465,1.07246,1.07429,37732.89
2024-02-05 20:00:00,1.07429,1.0744,1.07367,1.0741,16036.45
2024-02-06 00:00:00,1.07409,1.0749,1.07409,1.07439,23368.24
2024-02-06 04:00:00,1.07439,1.07623,1.07434,1.07517,30854.64
2024-02-06 08:00:00,1.07517,1.076,1.07242,1.07385,53723.85
2024-02-06 12:00:00,1.07384,1.07483,1.07225,1.07432,89259.24
2024-02-06 16:00:00,1.07431,1.07556,1.0739,1.07493,63483.5
2024-02-06 20:00:00,1.07494,1.07574,1.07492,1.07566,23459.58
2024-02-07 00:00:00,1.07569,1.07665,1.07559,1.07588,22572.77
2024-02-07 04:00:00,1.07587,1.07728,1.07566,1.07725,30693.53
2024-02-07 08:00:00,1.07725,1.07739,1.07578,1.07709,59532.31
2024-02-07 12:00:00,1.07709,1.07838,1.07556,1.07566,95016.25
2024-02-07 16:00:00,1.07567,1.07753,1.07562,1.07719,64013.6
2024-02-07 20:00:00,1.07718,1.0777,1.07679,1.07754,17019.86
2024-02-08 00:00:00,1.07754,1.07848,1.07744,1.07823,29917.6
2024-02-08 04:00:00,1.07822,1.07889,1.07767,1.078,31237.21
2024-02-08 08:00:00,1.07801,1.07855,1.0761,1.07629,49046.35
2024-02-08 12:00:00,1.0763,1.07675,1.07416,1.07611,86667.66
2024-02-08 16:00:00,1.07611,1.07827,1.07601,1.07747,43133.73
2024-02-08 20:00:00,1.07748,1.07799,1.07738,1.07776,15926.67
2024-02-09 00:00:00,1.07775,1.07786,1.07701,1.07708,24448.31
2024-02-09 04:00:00,1.07709,1.07827,1.07693,1.07801,21972.63
2024-02-09 08:00:00,1.07803,1.07847,1.07621,1.07716,54217.97
2024-02-09 12:00:00,1.07717,1.07951,1.0763,1.07863,115692.73
2024-02-09 16:00:00,1.07864,1.07908,1.07792,1.07825,36947.72
2024-02-09 20:00:00,1.07824,1.07885,1.07797,1.07821,8974.72
2024-02-11 20:00:00,1.07767,1.07983,1.07766,1.07979,12133.99
2024-02-12 00:00:00,1.0798,1.07997,1.07911,1.07918,21205.79
2024-02-12 04:00:00,1.07918,1.08055,1.07893,1.08031,18145.21
2024-02-12 08:00:00,1.0803,1.0803,1.0763,1.07693,45426.92
2024-02-12 12:00:00,1.07695,1.07741,1.07559,1.07674,57569.93
2024-02-12 16:00:00,1.07673,1.0786,1.07652,1.07693,42111.98
2024-02-12 20:00:00,1.07693,1.07751,1.07693,1.07717,12833.85
2024-02-13 00:00:00,1.07718,1.07744,1.07606,1.07617,16812.21
2024-02-13 04:00:00,1.07616,1.07776,1.07612,1.07712,21391.83
2024-02-13 08:00:00,1.07711,1.07818,1.07567,1.07778,53176.26
2024-02-13 12:00:00,1.07777,1.07985,1.07006,1.07166,134386.37
2024-02-13 16:00:00,1.07166,1.0722,1.07005,1.07012,52324.99
2024-02-13 20:00:00,1.07012,1.07116,1.07005,1.07083,16526.44
2024-02-14 00:00:00,1.07083,1.07144,1.07032,1.07126,25218.25
2024-02-14 04:00:00,1.07124,1.07186,1.0705,1.07075,30380.19
2024-02-14 08:00:00,1.07074,1.07103,1.06949,1.07078,52957.41
2024-02-14 12:00:00,1.07079,1.07252,1.0701,1.07212,82354.88
2024-02-14 16:00:00,1.07211,1.07344,1.07191,1.07281,48785.01
2024-02-14 20:00:00,1.07282,1.07322,1.07246,1.07319,17421.52
2024-02-15 00:00:00,1.07321,1.07354,1.0725,1.07256,22906.14
2024-02-15 04:00:00,1.07255,1.07413,1.07246,1.07328,29127.94
2024-02-15 08:00:00,1.07328,1.074,1.07279,1.07353,50205.05
2024-02-15 12:00:00,1.07354,1.07847,1.07353,1.07611,135273.07
2024-02-15 16:00:00,1.07611,1.07723,1.07552,1.07687,46853.7
2024-02-15 20:00:00,1.07687,1.07768,1.0768,1.07726,16400.9
2024-02-16 00:00:00,1.07726,1.07736,1.0759,1.07598,22466.24
2024-02-16 04:00:00,1.07599,1.07678,1.07573,1.07606,16822.82
2024-02-16 08:00:00,1.07607,1.078,1.07595,1.07775,35317.91
2024-02-16 12:00:00,1.07773,1.0778,1.07319,1.07707,114097.92
2024-02-16 16:00:00,1.0771,1.07874,1.07626,1.0777,54494.01
2024-02-16 20:00:00,1.0777,1.07778,1.07729,1.07749,17945.170000000002
2024-02-18 20:00:00,1.07718,1.0785,1.07718,1.0784,4106.93
2024-02-19 00:00:00,1.07838,1.07889,1.0775,1.07754,21858.79
2024-02-19 04:00:00,1.07753,1.07894,1.07748,1.07826,18967.2
2024-02-19 08:00:00,1.0783,1.07873,1.07721,1.0777,37971.36
2024-02-19 12:00:00,1.07769,1.07794,1.07621,1.07674,30622.82
2024-02-19 16:00:00,1.07673,1.07836,1.07626,1.07783,10475.5
2024-02-19 20:00:00,1.07786,1.07823,1.07737,1.07754,7289.89
2024-02-20 00:00:00,1.07753,1.07769,1.07615,1.07678,30409.08
2024-02-20 04:00:00,1.07678,1.07748,1.07651,1.07697,27963.07
2024-02-20 08:00:00,1.07695,1.08094,1.07688,1.07983,68260.5
2024-02-20 12:00:00,1.07984,1.08387,1.07954,1.08226,94545.25
2024-02-20 16:00:00,1.08227,1.08248,1.08064,1.08064,39592.04
2024-02-20 20:00:00,1.08063,1.08126,1.08043,1.08098,16998.7
2024-02-21 00:00:00,1.081,1.08189,1.08055,1.08178,22732.65
2024-02-21 04:00:00,1.08179,1.08191,1.08064,1.08107,25646.26
2024-02-21 08:00:00,1.08106,1.08146,1.07899,1.0799,43006.83
2024-02-21 12:00:00,1.0799,1.08199,1.07964,1.08051,60731.71
2024-02-21 16:00:00,1.08051,1.08243,1.07999,1.08165,66075.1
2024-02-21 20:00:00,1.08164,1.08226,1.08124,1.08202,29186.28
2024-02-22 00:00:00,1.08201,1.08321,1.0819,1.08257,26036.3
2024-02-22 04:00:00,1.08258,1.08538,1.08252,1.08531,23321.86
2024-02-22 08:00:00,1.08531,1.08882,1.08448,1.08573,60541.53
2024-02-22 12:00:00,1.08572,1.08586,1.08026,1.08102,79466.04
2024-02-22 16:00:00,1.08101,1.08261,1.08088,1.08223,30101.4
2024-02-22 20:00:00,1.08224,1.08258,1.08174,1.08253,13033.41
2024-02-23 00:00:00,1.08253,1.08318,1.08149,1.08252,19568.85
2024-02-23 04:00:00,1.08253,1.08318,1.08213,1.08294,22433.6
2024-02-23 08:00:00,1.08295,1.08324,1.0814,1.08271,35297.21
2024-02-23 12:00:00,1.08271,1.08395,1.08117,1.08206,53448.12
2024-02-23 16:00:00,1.08206,1.08296,1.08149,1.08229,33637.4
2024-02-23 20:00:00,1.08229,1.08245,1.08174,1.08174,12345.84
2024-02-25 20:00:00,1.08318,1.08322,1.08182,1.0819,3850.15
2024-02-26 00:00:00,1.08188,1.08202,1.08126,1.08185,17129.22
2024-02-26 04:00:00,1.08185,1.08366,1.08175,1.08321,21906.1
2024-02-26 08:00:00,1.08322,1.0854,1.0827,1.08519,30536.81
2024-02-26 12:00:00,1.0852,1.08597,1.08386,1.08509,42914.24
2024-02-26 16:00:00,1.08509,1.08555,1.08397,1.08462,27007.27
2024-02-26 20:00:00,1.08462,1.08525,1.08461,1.08503,19380.15
2024-02-27 00:00:00,1.08504,1.08534,1.08454,1.08528,7124.35
2024-02-27 04:00:00,1.08529,1.08626,1.0847,1.0856,9244.08
2024-02-27 08:00:00,1.08558,1.08659,1.08418,1.08576,29230.0
2024-02-27 12:00:00,1.08576,1.0863,1.0833,1.08469,41958.74
2024-02-27 16:00:00,1.08469,1.08577,1.08408,1.08442,30841.64
2024-02-27 20:00:00,1.08441,1.08475,1.0841,1.0841,13822.88
2024-02-28 00:00:00,1.08411,1.08455,1.08328,1.08343,15929.52
2024-02-28 04:00:00,1.08344,1.08357,1.08164,1.08232,20361.46
2024-02-28 08:00:00,1.08233,1.08241,1.07966,1.08154,45245.35
2024-02-28 12:00:00,1.08154,1.08379,1.08067,1.08343,58467.24
2024-02-28 16:00:00,1.08342,1.08458,1.08312,1.08336,30553.82
2024-02-28 20:00:00,1.08336,1.08401,1.0833,1.08383,14103.01
2024-02-29 00:00:00,1.08384,1.08403,1.0828,1.08369,27238.45
2024-02-29 04:00:00,1.08368,1.08393,1.08259,1.08288,26918.24
2024-02-29 08:00:00,1.08288,1.08542,1.08285,1.08343,48245.01
2024-02-29 12:00:00,1.08343,1.08558,1.0819,1.08224,80214.99
2024-02-29 16:00:00,1.08223,1.0825,1.07958,1.08025,46666.36
2024-02-29 20:00:00,1.08025,1.08095,1.07998,1.08055,27825.72
2024-03-01 00:00:00,1.08055,1.08218,1.08052,1.08168,16684.45
2024-03-01 04:00:00,1.08169,1.08174,1.08082,1.08125,13161.69
2024-03-01 08:00:00,1.08127,1.08227,1.07984,1.08187,49106.96
2024-03-01 12:00:00,1.08187,1.08416,1.07981,1.0835,87583.06999999999
2024-03-01 16:00:00,1.08349,1.08432,1.08233,1.08412,28800.82
2024-03-01 20:00:00,1.08412,1.08412,1.08333,1.08368,9900.51
2024-03-03 20:00:00,1.08359,1.0844,1.0835,1.08416,9784.9
2024-03-04 00:00:00,1.08417,1.0848,1.08385,1.08438,16027.75
2024-03-04 04:00:00,1.0844,1.08539,1.08428,1.08537,14221.2
2024-03-04 08:00:00,1.08537,1.08578,1.08377,1.08562,30625.14
2024-03-04 12:00:00,1.08562,1.08636,1.08401,1.08632,43636.67
2024-03-04 16:00:00,1.08633,1.08667,1.08553,1.08565,22818.49
2024-03-04 20:00:00,1.08565,1.08594,1.08526,1.08541,22632.27
2024-03-05 00:00:00,1.0854,1.08552,1.08475,1.08541,12711.47
2024-03-05 04:00:00,1.08542,1.08542,1.08414,1.08463,17836.16
2024-03-05 08:00:00,1.08464,1.08558,1.0843,1.08498,27126.65
2024-03-05 12:00:00,1.08498,1.0876,1.08403,1.08714,56373.8
2024-03-05 16:00:00,1.08715,1.08719,1.08513,1.08528,31397.4
2024-03-05 20:00:00,1.08528,1.08589,1.08489,1.08555,15377.86
2024-03-06 00:00:00,1.08554,1.08556,1.08421,1.08507,18662.21
2024-03-06 04:00:00,1.08507,1.08663,1.08495,1.08619,20911.32
2024-03-06 08:00:00,1.08619,1.08795,1.08592,1.08757,24675.65
2024-03-06 12:00:00,1.08757,1.09087,1.08675,1.09052,60313.88
2024-03-06 16:00:00,1.09053,1.09153,1.08933,1.08968,52537.58
2024-03-06 20:00:00,1.08967,1.09013,1.08928,1.08995,17013.725
2024-03-07 00:00:00,1.08994,1.09073,1.08936,1.09006,16488.83
2024-03-07 04:00:00,1.09005,1.09055,1.08912,1.08937,19372.94
2024-03-07 08:00:00,1.08938,1.09027,1.08876,1.08939,29454.21
2024-03-07 12:00:00,1.08939,1.09309,1.08678,1.09299,84803.68000000001
2024-03-07 16:00:00,1.09299,1.09487,1.09247,1.09468,35024.37
2024-03-07 20:00:00,1.09469,1.09513,1.09426,1.09509,16393.91
2024-03-08 00:00:00,1.0951,1.09556,1.09442,1.09473,9886.51
2024-03-08 04:00:00,1.09476,1.0951,1.09318,1.09336,13816.0
2024-03-08 08:00:00,1.09336,1.0939,1.09261,1.09345,34256.159999999996
2024-03-08 12:00:00,1.09346,1.09812,1.09183,1.09609,96204.28
2024-03-08 16:00:00,1.09609,1.09613,1.09334,1.09416,54627.98
2024-03-08 20:00:00,1.09417,1.09438,1.09345,1.09348,13428.06
2024-03-10 20:00:00,1.09411,1.09436,1.09359,1.09426,8995.56
2024-03-11 00:00:00,1.09427,1.09465,1.09373,1.09412,17587.87
2024-03-11 04:00:00,1.09411,1.09473,1.09353,1.09421,16173.81
2024-03-11 08:00:00,1.09419,1.0948,1.09329,1.09429,28598.99
2024-03-11 12:00:00,1.09427,1.09432,1.09145,1.09272,60698.32
2024-03-11 16:00:00,1.09273,1.09302,1.09182,1.09261,42529.88
2024-03-11 20:00:00,1.09262,1.09309,1.09195,1.09304,12183.95
2024-03-12 00:00:00,1.09306,1.09381,1.09267,1.09363,19394.37
2024-03-12 04:00:00,1.09362,1.09393,1.09315,1.09319,24527.78
2024-03-12 08:00:00,1.09318,1.09353,1.09212,1.09335,36044.5
2024-03-12 12:00:00,1.09334,1.09438,1.09023,1.09176,127525.13
2024-03-12 16:00:00,1.09176,1.09259,1.09127,1.09257,38726.73
2024-03-12 20:00:00,1.09257,1.09289,1.0925,1.09267,20964.68
2024-03-13 00:00:00,1.09268,1.09306,1.09233,1.09278,38101.79
2024-03-13 04:00:00,1.09278,1.09318,1.09207,1.09267,29418.6
2024-03-13 08:00:00,1.09267,1.09457,1.09201,1.0942,39327.56
2024-03-13 12:00:00,1.09421,1.09473,1.09313,1.09435,60439.75
2024-03-13 16:00:00,1.09434,1.09638,1.094,1.09472,46269.3
2024-03-13 20:00:00,1.09472,1.0953,1.0947,1.0953,13555.7
2024-03-14 00:00:00,1.09529,1.09547,1.09413,1.09422,20191.35
2024-03-14 04:00:00,1.09421,1.0943,1.09317,1.09352,29583.91
2024-03-14 08:00:00,1.09352,1.09454,1.09351,1.09414,37860.59
2024-03-14 12:00:00,1.09415,1.09447,1.08829,1.08876,100048.64
2024-03-14 16:00:00,1.08876,1.08926,1.08806,1.0891,39789.3
2024-03-14 20:00:00,1.0891,1.08918,1.08817,1.08827,23433.2
2024-03-15 00:00:00,1.08828,1.08845,1.0873,1.08769,21787.79
2024-03-15 04:00:00,1.08768,1.08847,1.08732,1.08808,22342.16
2024-03-15 08:00:00,1.08807,1.08996,1.0878,1.08935,35489.94
2024-03-15 12:00:00,1.08935,1.08948,1.08814,1.08876,65382.2
2024-03-15 16:00:00,1.08876,1.08913,1.08834,1.08892,32508.03
2024-03-15 20:00:00,1.08892,1.08899,1.08861,1.08869,5213.41
2024-03-17 20:00:00,1.08905,1.08911,1.08817,1.08835,7451.51
2024-03-18 00:00:00,1.08836,1.08917,1.08805,1.08854,22796.54
2024-03-18 04:00:00,1.08853,1.08965,1.08852,1.08924,20206.04
2024-03-18 08:00:00,1.08922,1.09061,1.08908,1.09024,28760.36
2024-03-18 12:00:00,1.09023,1.09049,1.0881,1.08853,39255.81
2024-03-18 16:00:00,1.08853,1.08853,1.08661,1.08693,25807.49
2024-03-18 20:00:00,1.08692,1.08739,1.08691,1.08732,10516.53
2024-03-19 00:00:00,1.08732,1.08763,1.08667,1.08738,25531.73
2024-03-19 04:00:00,1.08739,1.08765,1.08516,1.08547,32832.68
2024-03-19 08:00:00,1.08546,1.08561,1.08347,1.08503,28622.63
2024-03-19 12:00:00,1.08504,1.08654,1.08457,1.08584,55045.04
2024-03-19 16:00:00,1.08584,1.08676,1.08545,1.08648,26523.49
2024-03-19 20:00:00,1.08647,1.0867,1.08616,1.08616,17741.49
2024-03-20 00:00:00,1.08617,1.08711,1.08582,1.08699,19132.46
2024-03-20 04:00:00,1.08699,1.0872,1.08648,1.08655,20197.78
2024-03-20 08:00:00,1.08654,1.08654,1.08364,1.08425,31010.420000000002
2024-03-20 12:00:00,1.08427,1.08561,1.08373,1.08546,30321.09
2024-03-20 16:00:00,1.08546,1.09227,1.08535,1.09209,98693.7
2024-03-20 20:00:00,1.09209,1.09374,1.09179,1.09373,22594.46
2024-03-21 00:00:00,1.09373,1.09389,1.09307,1.0935,21019.89
2024-03-21 04:00:00,1.09349,1.09426,1.09256,1.09287,18121.17
2024-03-21 08:00:00,1.09283,1.09284,1.08872,1.09096,48289.14
2024-03-21 12:00:00,1.09097,1.0917,1.08556,1.08604,63522.19
2024-03-21 16:00:00,1.08603,1.08661,1.08554,1.08567,25128.17
2024-03-21 20:00:00,1.08567,1.08628,1.08566,1.08618,11125.46
2024-03-22 00:00:00,1.08622,1.08679,1.08359,1.08379,30733.63
2024-03-22 04:00:00,1.08379,1.08419,1.08209,1.08246,28653.09
2024-03-22 08:00:00,1.08246,1.08294,1.08081,1.0816,34366.95
2024-03-22 12:00:00,1.08162,1.08317,1.08104,1.08158,56446.69
2024-03-22 16:00:00,1.08157,1.0817,1.08017,1.08056,26199.81
2024-03-22 20:00:00,1.08056,1.08096,1.08049,1.08065,5600.0
2024-03-24 20:00:00,1.08068,1.08104,1.08046,1.08071,4197.02
2024-03-25 00:00:00,1.08071,1.0822,1.08021,1.08135,26345.32
2024-03-25 04:00:00,1.08134,1.08228,1.08106,1.08137,21113.92
2024-03-25 08:00:00,1.08138,1.08295,1.08071,1.08284,26593.34
2024-03-25 12:00:00,1.08282,1.08424,1.08279,1.08366,33749.07
2024-03-25 16:00:00,1.08366,1.08399,1.0833,1.08391,15069.9
2024-03-25 20:00:00,1.08393,1.08409,1.08347,1.0837,17238.17
2024-03-26 00:00:00,1.0837,1.08454,1.08358,1.08367,15028.44
2024-03-26 04:00:00,1.08368,1.08529,1.08364,1.08422,20510.21
2024-03-26 08:00:00,1.08421,1.08643,1.08386,1.08568,34112.21
2024-03-26 12:00:00,1.08569,1.08593,1.08252,1.08281,49554.43
2024-03-26 16:00:00,1.0828,1.08357,1.08242,1.08286,21568.02
2024-03-26 20:00:00,1.08287,1.08331,1.08284,1.08325,8711.46
2024-03-27 00:00:00,1.08326,1.08327,1.08205,1.08261,19771.03
2024-03-27 04:00:00,1.08262,1.08337,1.08229,1.08262,19180.51
2024-03-27 08:00:00,1.08262,1.0839,1.0818,1.08209,36066.47
2024-03-27 12:00:00,1.08209,1.08224,1.08108,1.08203,38153.74
2024-03-27 16:00:00,1.08202,1.08275,1.08174,1.0827,21208.6
2024-03-27 20:00:00,1.0827,1.0829,1.08101,1.08123,15379.55
2024-03-28 00:00:00,1.08123,1.0826,1.0808,1.08216,17444.36
2024-03-28 04:00:00,1.08215,1.08265,1.08003,1.08007,13548.22
2024-03-28 08:00:00,1.08008,1.0802,1.07751,1.07839,29374.21
2024-03-28 12:00:00,1.07839,1.08188,1.07835,1.08013,72353.32
2024-03-28 16:00:00,1.08012,1.08052,1.07846,1.07879,27656.59
2024-03-28 20:00:00,1.07878,1.07935,1.07849,1.07911,36106.57
2024-03-29 00:00:00,1.07912,1.07913,1.07736,1.07743,26034.98
2024-03-29 04:00:00,1.07743,1.07815,1.07678,1.0768,16838.69
2024-03-29 08:00:00,1.0768,1.07916,1.07679,1.07867,34999.19
2024-03-29 12:00:00,1.07868,1.08051,1.07796,1.07919,50377.14
2024-03-29 16:00:00,1.0792,1.07931,1.07867,1.07904,22384.62
2024-03-29 20:00:00,1.07904,1.07951,1.07898,1.07898,15789.21
2024-03-31 20:00:00,1.07882,1.07965,1.07848,1.0793,8405.0725
2024-04-01 00:00:00,1.07932,1.07987,1.07847,1.07903,12557.77
2024-04-01 04:00:00,1.07902,1.07921,1.07827,1.07859,11520.78
2024-04-01 08:00:00,1.07859,1.07915,1.07796,1.07839,17226.16
2024-04-01 12:00:00,1.0784,1.07857,1.07309,1.07326,53970.25
2024-04-01 16:00:00,1.07327,1.0744,1.07312,1.07418,22119.04
2024-04-01 20:00:00,1.07418,1.07446,1.07355,1.07372,11069.32
2024-04-02 00:00:00,1.0737,1.07388,1.07295,1.073,22147.77
2024-04-02 04:00:00,1.07302,1.07427,1.07246,1.07418,27843.17
2024-04-02 08:00:00,1.07419,1.07535,1.07264,1.07515,37121.2
2024-04-02 12:00:00,1.07515,1.0779,1.07455,1.07689,72667.95
2024-04-02 16:00:00,1.07689,1.07702,1.07601,1.0768,20198.29
2024-04-02 20:00:00,1.07679,1.07734,1.07657,1.07679,8720.75
2024-04-03 00:00:00,1.07678,1.07793,1.07658,1.07772,17566.5
2024-04-03 04:00:00,1.07773,1.0778,1.0764,1.07705,26714.31
2024-04-03 08:00:00,1.07704,1.07849,1.07651,1.07838,27026.82
2024-04-03 12:00:00,1.0784,1.08305,1.0773,1.08266,83826.05
2024-04-03 16:00:00,1.08268,1.08368,1.08202,1.08334,32853.93
2024-04-03 20:00:00,1.08334,1.08407,1.08312,1.0838,10958.83
2024-04-04 00:00:00,1.0838,1.08444,1.08347,1.08425,18524.33
2024-04-04 04:00:00,1.08425,1.08583,1.08389,1.08571,36680.09
2024-04-04 08:00:00,1.08569,1.08654,1.08508,1.08527,30767.8
2024-04-04 12:00:00,1.08529,1.08765,1.08507,1.08648,46614.99
2024-04-04 16:00:00,1.08649,1.0867,1.08332,1.08336,49746.7
2024-04-04 20:00:00,1.08336,1.08412,1.08317,1.08364,22476.76
2024-04-05 00:00:00,1.08363,1.08439,1.08233,1.08267,28764.14
2024-04-05 04:00:00,1.08266,1.08409,1.08224,1.08391,31341.11
2024-04-05 08:00:00,1.0839,1.08463,1.08307,1.08349,26016.53
2024-04-05 12:00:00,1.0835,1.08479,1.07913,1.08402,106698.77
2024-04-05 16:00:00,1.08401,1.08444,1.08306,1.08354,30352.92
2024-04-05 20:00:00,1.08354,1.08376,1.08337,1.08352,6422.56
2024-04-07 20:00:00,1.08347,1.08379,1.08272,1.08297,6612.67
2024-04-08 00:00:00,1.08297,1.08432,1.0823,1.08333,30701.31
2024-04-08 04:00:00,1.08334,1.08377,1.08284,1.08322,25819.68
2024-04-08 08:00:00,1.08321,1.08351,1.08208,1.08237,33330.45
2024-04-08 12:00:00,1.08237,1.08589,1.08215,1.08526,52572.17
2024-04-08 16:00:00,1.08526,1.08621,1.08467,1.08567,16959.64
2024-04-08 20:00:00,1.08567,1.08634,1.08528,1.0862,14253.28
2024-04-09 00:00:00,1.0862,1.08635,1.0854,1.08553,18464.95
2024-04-09 04:00:00,1.08554,1.08626,1.08512,1.08531,25714.89
2024-04-09 08:00:00,1.08534,1.08728,1.0849,1.08613,30336.44
2024-04-09 12:00:00,1.08614,1.0885,1.08522,1.08556,56650.68
2024-04-09 16:00:00,1.08555,1.086,1.08477,1.08566,21149.99
2024-04-09 20:00:00,1.08565,1.08597,1.08554,1.08588,13442.56
2024-04-10 00:00:00,1.08587,1.08588,1.08509,1.08529,18463.13
2024-04-10 04:00:00,1.0853,1.0857,1.08477,1.08553,23105.76
2024-04-10 08:00:00,1.08552,1.08665,1.08513,1.08556,25986.64
2024-04-10 12:00:00,1.08555,1.08646,1.07334,1.07366,133014.0
2024-04-10 16:00:00,1.07367,1.07542,1.07288,1.07438,54575.76
2024-04-10 20:00:00,1.07436,1.07456,1.07392,1.0741,9760.74
2024-04-11 00:00:00,1.07411,1.07489,1.07383,1.07446,19035.829999999998
2024-04-11 04:00:00,1.07446,1.07471,1.07265,1.0743,26988.46
2024-04-11 08:00:00,1.07432,1.07498,1.07255,1.07285,37766.77
2024-04-11 12:00:00,1.07283,1.07564,1.06992,1.0721,111439.73
2024-04-11 16:00:00,1.07212,1.07345,1.07135,1.07288,35422.27
2024-04-11 20:00:00,1.07287,1.07293,1.07238,1.0726,5197.9
2024-04-12 00:00:00,1.0726,1.07281,1.07153,1.0717,14717.78
2024-04-12 04:00:00,1.07171,1.07174,1.06742,1.06842,34546.32
2024-04-12 08:00:00,1.06842,1.06852,1.06439,1.06509,36636.79
2024-04-12 12:00:00,1.0651,1.06556,1.06226,1.06467,75327.21
2024-04-12 16:00:00,1.06467,1.06505,1.06372,1.06382,35660.99
2024-04-12 20:00:00,1.06381,1.06442,1.06371,1.06385,4000.1
2024-04-14 20:00:00,1.06352,1.06514,1.06309,1.0646,11819.8
2024-04-15 00:00:00,1.06461,1.06549,1.06391,1.06519,20557.73
2024-04-15 04:00:00,1.06519,1.06648,1.0647,1.06581,30609.14
2024-04-15 08:00:00,1.0658,1.06651,1.06515,1.06548,33139.93
2024-04-15 12:00:00,1.06548,1.06607,1.06218,1.06434,90496.74
2024-04-15 16:00:00,1.06433,1.06474,1.06202,1.06264,41891.94
2024-04-15 20:00:00,1.06263,1.06284,1.06209,1.06247,13149.6
2024-04-16 00:00:00,1.06246,1.06253,1.06061,1.06113,28301.99
2024-04-16 04:00:00,1.06114,1.06228,1.06023,1.06178,34523.27
2024-04-16 08:00:00,1.06179,1.06473,1.06125,1.06424,42409.9
2024-04-16 12:00:00,1.06424,1.06535,1.06216,1.06278,96397.87
2024-04-16 16:00:00,1.06276,1.0635,1.0601,1.06219,67017.03
2024-04-16 20:00:00,1.06218,1.06251,1.06126,1.0621,12119.64
2024-04-17 00:00:00,1.0621,1.06355,1.06171,1.06271,12966.77
2024-04-17 04:00:00,1.06272,1.06378,1.0606,1.06253,18645.37
2024-04-17 08:00:00,1.06253,1.06491,1.0624,1.06355,37673.25
2024-04-17 12:00:00,1.06356,1.06528,1.063,1.06429,54459.65
2024-04-17 16:00:00,1.06429,1.06796,1.0636,1.06712,56093.06
2024-04-17 20:00:00,1.06712,1.06751,1.0668,1.06689,8093.72
2024-04-18 00:00:00,1.0669,1.06802,1.06643,1.06799,16087.39
2024-04-18 04:00:00,1.06799,1.069,1.06749,1.0681,20663.42
2024-04-18 08:00:00,1.0681,1.06839,1.06699,1.06772,25922.06
2024-04-18 12:00:00,1.06771,1.06796,1.06464,1.06598,75678.72
2024-04-18 16:00:00,1.06599,1.06617,1.06419,1.06436,30430.64
2024-04-18 20:00:00,1.06436,1.06457,1.06402,1.06425,9022.05
2024-04-19 00:00:00,1.06424,1.06446,1.06104,1.06371,77593.28
2024-04-19 04:00:00,1.06372,1.06592,1.0627,1.06554,57809.54
2024-04-19 08:00:00,1.06553,1.06621,1.0643,1.06517,40375.11
2024-04-19 12:00:00,1.06519,1.06775,1.06496,1.06548,73094.31
2024-04-19 16:00:00,1.06548,1.06596,1.06401,1.06547,30921.01
2024-04-19 20:00:00,1.06546,1.06578,1.06523,1.06526,3189.97
2024-04-21 20:00:00,1.06495,1.06614,1.06456,1.06575,5360.68
2024-04-22 00:00:00,1.06577,1.06706,1.06527,1.06617,18288.3
2024-04-22 04:00:00,1.06617,1.06691,1.06524,1.06584,18372.31
2024-04-22 08:00:00,1.06584,1.06623,1.0633,1.06351,32180.04
2024-04-22 12:00:00,1.06351,1.06479,1.06239,1.06471,39195.99
2024-04-22 16:00:00,1.06471,1.06607,1.06461,1.06519,18292.57
2024-04-22 20:00:00,1.06518,1.06558,1.06504,1.06537,6366.74
2024-04-23 00:00:00,1.06537,1.06605,1.06534,1.06561,12443.33
2024-04-23 04:00:00,1.06561,1.0695,1.06385,1.06793,33388.8
2024-04-23 08:00:00,1.06786,1.06831,1.06532,1.06745,37942.71
2024-04-23 12:00:00,1.06746,1.07112,1.066,1.06946,75373.42
2024-04-23 16:00:00,1.06946,1.07076,1.06922,1.07028,16203.67
2024-04-23 20:00:00,1.07028,1.07044,1.06995,1.07024,6594.1
2024-04-24 00:00:00,1.07025,1.07142,1.07002,1.07062,16718.98
2024-04-24 04:00:00,1.07062,1.07088,1.06849,1.06881,22942.67
2024-04-24 08:00:00,1.06881,1.06925,1.06808,1.06891,21146.32
2024-04-24 12:00:00,1.06891,1.07025,1.06779,1.06863,52994.11
2024-04-24 16:00:00,1.06863,1.07065,1.06833,1.07006,25490.45
2024-04-24 20:00:00,1.07006,1.07006,1.06928,1.06999,9049.27
2024-04-25 00:00:00,1.07001,1.07087,1.06969,1.07058,9688.72
2024-04-25 04:00:00,1.07058,1.07277,1.07051,1.07209,16868.96
2024-04-25 08:00:00,1.0721,1.07297,1.07171,1.07202,24658.56
2024-04-25 12:00:00,1.07201,1.07402,1.06783,1.07203,102087.09
2024-04-25 16:00:00,1.07202,1.07387,1.0715,1.07294,28010.16
2024-04-25 20:00:00,1.07292,1.07308,1.07263,1.07267,3860.72
2024-04-26 00:00:00,1.07267,1.07291,1.07185,1.07231,15947.01
2024-04-26 04:00:00,1.07231,1.07387,1.0721,1.07295,19202.89
2024-04-26 08:00:00,1.07293,1.07527,1.07151,1.07158,49530.9
2024-04-26 12:00:00,1.07157,1.07416,1.06738,1.06854,73996.65
2024-04-26 16:00:00,1.06854,1.07072,1.06838,1.06999,16276.69
2024-04-26 20:00:00,1.06998,1.07016,1.06908,1.06911,3962.88
2024-04-28 20:00:00,1.06898,1.0707,1.06898,1.07069,8217.09
2024-04-29 00:00:00,1.0707,1.07199,1.07061,1.07162,27424.56
2024-04-29 04:00:00,1.07161,1.07337,1.07081,1.07177,81895.05
2024-04-29 08:00:00,1.07172,1.07271,1.06973,1.07144,38606.96
2024-04-29 12:00:00,1.07143,1.07236,1.06902,1.07167,42632.99
2024-04-29 16:00:00,1.07166,1.07295,1.07151,1.0721,34308.8
2024-04-29 20:00:00,1.07211,1.0723,1.07141,1.07147,7086.75
2024-04-30 00:00:00,1.07146,1.07178,1.07026,1.07054,17260.34
2024-04-30 04:00:00,1.07055,1.07098,1.06899,1.07051,28535.0
2024-04-30 08:00:00,1.0705,1.07353,1.06929,1.07201,38519.18
2024-04-30 12:00:00,1.07199,1.07239,1.06831,1.06837,90962.57
2024-04-30 16:00:00,1.06836,1.06867,1.06717,1.06725,23919.48
2024-04-30 20:00:00,1.06725,1.06734,1.06635,1.06659,11382.64
2024-05-01 00:00:00,1.0666,1.06671,1.06558,1.06564,11647.49
2024-05-01 04:00:00,1.06565,1.06617,1.06494,1.06609,19369.43
2024-05-01 08:00:00,1.0661,1.06732,1.0661,1.06717,19381.47
2024-05-01 12:00:00,1.06718,1.06913,1.06715,1.06792,45447.2
2024-05-01 16:00:00,1.06789,1.07326,1.06707,1.06895,101274.25
2024-05-01 20:00:00,1.06892,1.07229,1.06867,1.0717,26166.73
2024-05-02 00:00:00,1.0717,1.07207,1.07069,1.07146,24893.26
2024-05-02 04:00:00,1.07147,1.07281,1.07122,1.07153,36363.4
2024-05-02 08:00:00,1.07153,1.07191,1.06955,1.07023,36234.78
2024-05-02 12:00:00,1.07024,1.07122,1.06742,1.07049,74018.7
2024-05-02 16:00:00,1.07052,1.07302,1.07018,1.07271,27883.55
2024-05-02 20:00:00,1.07271,1.07308,1.07227,1.07298,8747.51
2024-05-03 00:00:00,1.073,1.07393,1.07243,1.07348,20563.86
2024-05-03 04:00:00,1.07349,1.07381,1.07244,1.07345,29694.06
2024-05-03 08:00:00,1.07344,1.07496,1.07323,1.07455,25060.59
2024-05-03 12:00:00,1.07456,1.08124,1.07436,1.07691,133027.93
2024-05-03 16:00:00,1.0769,1.07732,1.07592,1.07641,21630.4
2024-05-03 20:00:00,1.07641,1.07667,1.07594,1.07594,3614.69
2024-05-05 20:00:00,1.076,1.07646,1.07575,1.07583,4344.63
2024-05-06 00:00:00,1.07582,1.07715,1.07553,1.07648,18222.8
2024-05-06 04:00:00,1.07647,1.07695,1.07593,1.07614,22999.67
2024-05-06 08:00:00,1.07615,1.07761,1.07576,1.07725,25375.96
2024-05-06 12:00:00,1.07724,1.07907,1.07722,1.07788,32373.46
2024-05-06 16:00:00,1.07787,1.07788,1.07666,1.07674,19453.829999999998
2024-05-06 20:00:00,1.07676,1.07709,1.07656,1.07672,5670.65
2024-05-07 00:00:00,1.07671,1.07768,1.07607,1.07687,21196.27
2024-05-07 04:00:00,1.07687,1.07696,1.07542,1.07647,27048.19
2024-05-07 08:00:00,1.07644,1.07702,1.07552,1.07666,26762.11
2024-05-07 12:00:00,1.07666,1.07873,1.0764,1.07666,36308.81
2024-05-07 16:00:00,1.07668,1.07742,1.07478,1.07564,24973.94
2024-05-07 20:00:00,1.07565,1.07565,1.07473,1.07498,6996.82
2024-05-08 00:00:00,1.07498,1.07541,1.0738,1.07411,21634.49
2024-05-08 04:00:00,1.07411,1.0749,1.07371,1.07385,19452.02
2024-05-08 08:00:00,1.07385,1.07539,1.0735,1.0746,29019.83
2024-05-08 12:00:00,1.07462,1.07574,1.07397,1.07548,31742.45
2024-05-08 16:00:00,1.07547,1.07548,1.07409,1.07453,20301.29
2024-05-08 20:00:00,1.07454,1.07505,1.07438,1.07468,7022.81
2024-05-09 00:00:00,1.07468,1.07515,1.07423,1.07476,14576.15
2024-05-09 04:00:00,1.07477,1.07504,1.07296,1.07346,21489.27
2024-05-09 08:00:00,1.07345,1.07384,1.07239,1.07273,30570.76
2024-05-09 12:00:00,1.07272,1.07817,1.0727,1.07703,60840.71
2024-05-09 16:00:00,1.07704,1.07844,1.07703,1.07823,18245.24
2024-05-09 20:00:00,1.07822,1.07858,1.078,1.07817,4983.24
2024-05-10 00:00:00,1.07817,1.07825,1.07731,1.0776,15128.4
2024-05-10 04:00:00,1.07761,1.0784,1.07715,1.0781,21111.03
2024-05-10 08:00:00,1.07812,1.07866,1.07752,1.07792,28728.81
2024-05-10 12:00:00,1.07791,1.079,1.07603,1.07721,40683.39
2024-05-10 16:00:00,1.07721,1.07793,1.07695,1.07718,14574.21
2024-05-10 20:00:00,1.07717,1.07722,1.07684,1.07694,2610.84
2024-05-12 20:00:00,1.07721,1.07752,1.07663,1.07702,6523.05
2024-05-13 00:00:00,1.07701,1.07731,1.07658,1.07716,19548.42
2024-05-13 04:00:00,1.07715,1.07798,1.07687,1.07757,19125.63
2024-05-13 08:00:00,1.07756,1.07944,1.07735,1.07892,21443.46
2024-05-13 12:00:00,1.07892,1.08068,1.07888,1.07953,37386.26
2024-05-13 16:00:00,1.07952,1.07989,1.07867,1.07889,11388.15
2024-05-13 20:00:00,1.0789,1.07935,1.07859,1.0792,3805.13
2024-05-14 00:00:00,1.07922,1.07922,1.07843,1.07876,5423.08
2024-05-14 04:00:00,1.07876,1.07893,1.07828,1.07871,8584.7
2024-05-14 08:00:00,1.07871,1.07989,1.07753,1.07925,26742.42
2024-05-14 12:00:00,1.07927,1.08256,1.07669,1.08182,65139.04
2024-05-14 16:00:00,1.08179,1.0823,1.08137,1.082,12518.5
2024-05-14 20:00:00,1.08201,1.08209,1.08136,1.08138,6185.28
2024-05-15 00:00:00,1.08137,1.08277,1.0813,1.08261,6789.35
2024-05-15 04:00:00,1.08261,1.08324,1.08205,1.08258,12741.65
2024-05-15 08:00:00,1.08258,1.08345,1.08218,1.08293,19064.6
2024-05-15 12:00:00,1.08293,1.08744,1.0828,1.08597,90321.01
2024-05-15 16:00:00,1.08598,1.08829,1.08561,1.08817,21492.35
2024-05-15 20:00:00,1.08817,1.08901,1.08784,1.08883,9225.41
2024-05-16 00:00:00,1.08883,1.08949,1.08814,1.08872,22245.72
2024-05-16 04:00:00,1.08872,1.08872,1.0873,1.08745,25631.33
2024-05-16 08:00:00,1.08743,1.08764,1.08617,1.08666,19320.99
2024-05-16 12:00:00,1.08667,1.08757,1.08544,1.08751,48232.11
2024-05-16 16:00:00,1.08751,1.08754,1.08658,1.08669,18225.5
2024-05-16 20:00:00,1.08668,1.08691,1.08637,1.08677,5705.64
2024-05-17 00:00:00,1.08679,1.08688,1.08543,1.0859,14499.48
2024-05-17 04:00:00,1.08588,1.08683,1.08554,1.08588,18974.27
2024-05-17 08:00:00,1.08588,1.08594,1.08356,1.08431,21626.29
2024-05-17 12:00:00,1.08432,1.08784,1.0839,1.08686,32891.24
2024-05-17 16:00:00,1.08686,1.08768,1.08671,1.08724,17346.79
2024-05-17 20:00:00,1.08726,1.08727,1.08674,1.08674,3855.71
2024-05-19 20:00:00,1.08664,1.08741,1.0864,1.08724,4133.39
2024-05-20 00:00:00,1.08725,1.08786,1.08689,1.08779,13993.7
2024-05-20 04:00:00,1.0878,1.08844,1.08693,1.0873,22801.62
2024-05-20 08:00:00,1.08729,1.08763,1.08598,1.086,17666.1
2024-05-20 12:00:00,1.08602,1.08697,1.0854,1.08605,35874.57
2024-05-20 16:00:00,1.08606,1.08706,1.08591,1.08597,14267.62
2024-05-20 20:00:00,1.08596,1.08607,1.08553,1.08602,5528.93
2024-05-21 00:00:00,1.08603,1.08618,1.08509,1.08559,23492.44
2024-05-21 04:00:00,1.08557,1.08669,1.08552,1.08644,21647.3
2024-05-21 08:00:00,1.08643,1.08747,1.08598,1.08682,29578.73
2024-05-21 12:00:00,1.08685,1.08706,1.08425,1.08539,60576.19
2024-05-21 16:00:00,1.08539,1.08566,1.08463,1.08558,15328.14
2024-05-21 20:00:00,1.08559,1.08594,1.08531,1.0854,8182.28
2024-05-22 00:00:00,1.08539,1.08633,1.08536,1.08556,21182.05
2024-05-22 04:00:00,1.08557,1.08633,1.08501,1.08576,29161.41
2024-05-22 08:00:00,1.08577,1.0858,1.08219,1.08274,29286.08
2024-05-22 12:00:00,1.08274,1.08422,1.08264,1.08361,40430.87
2024-05-22 16:00:00,1.08361,1.08469,1.08174,1.08209,34255.3
2024-05-22 20:00:00,1.0821,1.08269,1.08202,1.0825,6367.4800000000005
2024-05-23 00:00:00,1.08251,1.08312,1.08219,1.08303,14612.71
2024-05-23 04:00:00,1.08302,1.08346,1.08124,1.0829,29230.1
2024-05-23 08:00:00,1.0829,1.08525,1.08282,1.08505,31223.68
2024-05-23 12:00:00,1.08506,1.0861,1.08203,1.08262,69098.97
2024-05-23 16:00:00,1.08261,1.08311,1.08048,1.08101,30472.46
2024-05-23 20:00:00,1.08099,1.08158,1.08086,1.08116,4957.08
2024-05-24 00:00:00,1.08115,1.08137,1.08056,1.08063,10139.53
2024-05-24 04:00:00,1.08063,1.08257,1.08054,1.08243,12539.96
2024-05-24 08:00:00,1.08243,1.08441,1.08197,1.08409,23217.39
2024-05-24 12:00:00,1.08409,1.08558,1.08375,1.08512,54320.48
2024-05-24 16:00:00,1.08511,1.08578,1.08459,1.08488,15622.53
2024-05-24 20:00:00,1.08488,1.08492,1.08442,1.0846,2653.89
2024-05-26 20:00:00,1.0845,1.08513,1.0843,1.08466,3254.15
2024-05-27 00:00:00,1.08467,1.08519,1.08466,1.0849,12034.68
2024-05-27 04:00:00,1.08492,1.08524,1.08442,1.08504,10038.06
2024-05-27 08:00:00,1.08505,1.08674,1.0845,1.08573,20771.05
2024-05-27 12:00:00,1.08576,1.086,1.08405,1.08595,30748.45
2024-05-27 16:00:00,1.08595,1.08619,1.08571,1.08597,6280.74
2024-05-27 20:00:00,1.08597,1.08618,1.08521,1.08614,5276.04
2024-05-28 00:00:00,1.08615,1.08785,1.08608,1.08784,27688.03
2024-05-28 04:00:00,1.08784,1.088,1.08716,1.08774,28650.38
2024-05-28 08:00:00,1.08773,1.0889,1.0867,1.0884,27301.34
2024-05-28 12:00:00,1.0884,1.08846,1.08578,1.08781,47540.65
2024-05-28 16:00:00,1.08782,1.08788,1.08551,1.08611,24627.41
2024-05-28 20:00:00,1.08611,1.08614,1.08511,1.08512,10571.04
2024-05-29 00:00:00,1.08512,1.08569,1.08457,1.08471,17729.41
2024-05-29 04:00:00,1.0847,1.08588,1.08439,1.0852,24255.13
2024-05-29 08:00:00,1.08519,1.08562,1.08291,1.08496,39704.57
2024-05-29 12:00:00,1.08495,1.08585,1.08088,1.08109,53043.71
2024-05-29 16:00:00,1.08109,1.08173,1.07999,1.08017,23000.69
2024-05-29 20:00:00,1.08018,1.08054,1.07996,1.08011,7556.13
2024-05-30 00:00:00,1.08011,1.08044,1.07938,1.07979,24313.07
2024-05-30 04:00:00,1.07979,1.08112,1.07883,1.08084,36530.75
2024-05-30 08:00:00,1.08083,1.08216,1.08033,1.08184,31407.02
2024-05-30 12:00:00,1.08182,1.08451,1.08129,1.08362,64660.33
2024-05-30 16:00:00,1.08364,1.08433,1.08268,1.08301,18787.48
2024-05-30 20:00:00,1.083,1.08343,1.0827,1.08312,7397.68
2024-05-31 00:00:00,1.08312,1.08335,1.08112,1.08191,20295.49
2024-05-31 04:00:00,1.08193,1.08255,1.08145,1.08228,27117.61
2024-05-31 08:00:00,1.08227,1.08552,1.08225,1.08526,30317.03
2024-05-31 12:00:00,1.08526,1.08822,1.08416,1.08459,77331.29
2024-05-31 16:00:00,1.0846,1.08526,1.08397,1.0851,24119.54
2024-05-31 20:00:00,1.0851,1.08521,1.08438,1.0845,2894.31
2024-06-02 20:00:00,1.08462,1.08544,1.08453,1.08526,7738.47
2024-06-03 00:00:00,1.08526,1.08587,1.08493,1.08497,17094.78
2024-06-03 04:00:00,1.08497,1.08587,1.08397,1.08398,26837.22
2024-06-03 08:00:00,1.08397,1.08448,1.08278,1.08432,31028.31
2024-06-03 12:00:00,1.08433,1.08904,1.08405,1.08896,58066.19
2024-06-03 16:00:00,1.08895,1.08999,1.08812,1.08999,30452.36
2024-06-03 20:00:00,1.08998,1.09098,1.08995,1.09071,10013.63
2024-06-04 00:00:00,1.09072,1.0916,1.09051,1.09074,17988.68
2024-06-04 04:00:00,1.09074,1.09108,1.08847,1.08901,30368.58
2024-06-04 08:00:00,1.08902,1.08907,1.0859,1.08615,42013.17
2024-06-04 12:00:00,1.08615,1.08835,1.08615,1.08776,56250.74
2024-06-04 16:00:00,1.08777,1.08877,1.08774,1.08809,29193.41
2024-06-04 20:00:00,1.08809,1.08819,1.08778,1.08817,5221.22
2024-06-05 00:00:00,1.08816,1.0886,1.08766,1.08784,16140.11
2024-06-05 04:00:00,1.08783,1.08822,1.08708,1.08715,23936.87
2024-06-05 08:00:00,1.08715,1.08772,1.08599,1.0868,25092.77
2024-06-05 12:00:00,1.08682,1.08915,1.08618,1.08648,70899.2
2024-06-05 16:00:00,1.08648,1.08773,1.08544,1.0874,13355.0
2024-06-05 20:00:00,1.08742,1.08744,1.08679,1.08739,5228.72
2024-06-06 00:00:00,1.08738,1.08957,1.08738,1.08906,15654.06
2024-06-06 04:00:00,1.08906,1.08907,1.08758,1.08782,24663.56
2024-06-06 08:00:00,1.0878,1.0882,1.08619,1.08675,21194.82
2024-06-06 12:00:00,1.08676,1.0902,1.08643,1.08819,70322.98
2024-06-06 16:00:00,1.0882,1.08942,1.08798,1.08892,16535.1
2024-06-06 20:00:00,1.08892,1.08933,1.08873,1.08916,7752.33
2024-06-07 00:00:00,1.08915,1.08978,1.08867,1.08945,24221.52
2024-06-07 04:00:00,1.08944,1.08983,1.0888,1.08926,31823.76
2024-06-07 08:00:00,1.08927,1.09018,1.08831,1.08982,44938.6
2024-06-07 12:00:00,1.08984,1.09012,1.08041,1.08064,94416.81
2024-06-07 16:00:00,1.08065,1.08122,1.08,1.08002,25904.69
2024-06-07 20:00:00,1.08003,1.08038,1.07993,1.08017,2354.9
2024-06-09 20:00:00,1.07783,1.07798,1.07644,1.07788,10918.14
2024-06-10 00:00:00,1.07788,1.07814,1.07554,1.07555,11532.77
2024-06-10 04:00:00,1.07554,1.07663,1.07478,1.07644,25444.42
2024-06-10 08:00:00,1.07644,1.07681,1.07327,1.07536,42395.71
2024-06-10 12:00:00,1.07537,1.07603,1.07332,1.075,42209.58
2024-06-10 16:00:00,1.07501,1.07656,1.075,1.0763,32487.24
2024-06-10 20:00:00,1.07629,1.07681,1.07594,1.07633,7417.0
2024-06-11 00:00:00,1.07635,1.0769,1.07612,1.07685,18017.17
2024-06-11 04:00:00,1.07683,1.07734,1.0761,1.0764,25135.39
2024-06-11 08:00:00,1.07639,1.07645,1.07237,1.07289,58128.86
2024-06-11 12:00:00,1.0729,1.07366,1.07194,1.07323,53431.96
2024-06-11 16:00:00,1.07324,1.07493,1.07324,1.07401,17652.62
2024-06-11 20:00:00,1.07401,1.07427,1.0739,1.07399,6856.42
2024-06-12 00:00:00,1.07398,1.07432,1.07346,1.07402,25201.5
2024-06-12 04:00:00,1.07401,1.0747,1.07355,1.07444,24077.62
2024-06-12 08:00:00,1.07445,1.07654,1.07441,1.07642,27454.69
2024-06-12 12:00:00,1.07643,1.08521,1.07621,1.08423,88098.20999999999
2024-06-12 16:00:00,1.08424,1.0848,1.08036,1.08065,123926.92
2024-06-12 20:00:00,1.08065,1.0815,1.0804,1.08127,11154.21
2024-06-13 00:00:00,1.08126,1.08157,1.08038,1.08068,22252.5
2024-06-13 04:00:00,1.08068,1.08163,1.08004,1.08142,25401.44
2024-06-13 08:00:00,1.08141,1.08144,1.07826,1.07832,35792.04
2024-06-13 12:00:00,1.07832,1.08162,1.07533,1.07553,86297.52
2024-06-13 16:00:00,1.07553,1.07556,1.07328,1.07406,31041.26
2024-06-13 20:00:00,1.07405,1.07432,1.07335,1.07374,6731.7
2024-06-14 00:00:00,1.07374,1.07449,1.07353,1.07401,20804.4
2024-06-14 04:00:00,1.07401,1.07409,1.0706,1.07075,48396.16
2024-06-14 08:00:00,1.07075,1.07117,1.06717,1.06938,74621.29
2024-06-14 12:00:00,1.06939,1.06998,1.06676,1.06987,74349.2
2024-06-14 16:00:00,1.06986,1.0706,1.0693,1.07059,19608.35
2024-06-14 20:00:00,1.0706,1.07075,1.06975,1.07025,3272.54
2024-06-16 20:00:00,1.07028,1.07089,1.06995,1.07025,9709.81
2024-06-17 00:00:00,1.07026,1.07072,1.06989,1.07036,20309.9
2024-06-17 04:00:00,1.07037,1.07088,1.06863,1.07006,40801.05
2024-06-17 08:00:00,1.07005,1.07178,1.06995,1.07094,45149.01
2024-06-17 12:00:00,1.07095,1.07247,1.0707,1.07222,43672.51
2024-06-17 16:00:00,1.07223,1.07378,1.07207,1.07321,25895.48
2024-06-17 20:00:00,1.07322,1.0741,1.07304,1.07398,4042.17
2024-06-18 00:00:00,1.074,1.07407,1.07209,1.07246,11786.16
2024-06-18 04:00:00,1.07246,1.07351,1.07182,1.07233,21156.26
2024-06-18 08:00:00,1.07232,1.07256,1.07099,1.07162,38213.53
2024-06-18 12:00:00,1.07163,1.07615,1.07106,1.07385,68198.64
2024-06-18 16:00:00,1.07387,1.07433,1.07321,1.07389,20144.93
2024-06-18 20:00:00,1.07389,1.07411,1.07359,1.07386,2971.35
2024-06-19 00:00:00,1.07385,1.07423,1.07353,1.07377,9355.76
2024-06-19 04:00:00,1.07377,1.07414,1.07248,1.07367,18140.39
2024-06-19 08:00:00,1.07367,1.07533,1.07325,1.07508,39484.8
2024-06-19 12:00:00,1.07509,1.07529,1.07408,1.07492,23360.8
2024-06-19 16:00:00,1.07491,1.07491,1.07424,1.07448,3229.01
2024-06-19 20:00:00,1.07445,1.07487,1.07412,1.0747,4771.66
2024-06-20 00:00:00,1.07469,1.07483,1.07388,1.07419,21357.44
2024-06-20 04:00:00,1.07419,1.07449,1.07243,1.07247,21546.25
2024-06-20 08:00:00,1.07246,1.07321,1.07126,1.07147,38268.67
2024-06-20 12:00:00,1.07147,1.07307,1.0707,1.07073,59186.67
2024-06-20 16:00:00,1.07072,1.07177,1.07033,1.0705,25517.12
2024-06-20 20:00:00,1.0705,1.07075,1.07012,1.07059,6503.76
2024-06-21 00:00:00,1.07059,1.07175,1.07033,1.07162,25848.87
2024-06-21 04:00:00,1.07162,1.07205,1.0671,1.06777,40618.6
2024-06-21 08:00:00,1.06776,1.06981,1.06759,1.06889,41787.31
2024-06-21 12:00:00,1.0689,1.06977,1.06779,1.06936,61331.41
2024-06-21 16:00:00,1.06937,1.06968,1.06895,1.06916,17322.88
2024-06-21 20:00:00,1.06916,1.0695,1.0691,1.06918,3225.32
2024-06-23 20:00:00,1.06849,1.06955,1.06849,1.06877,6850.18
2024-06-24 00:00:00,1.06878,1.06936,1.06837,1.06916,12260.67
2024-06-24 04:00:00,1.06916,1.07149,1.06914,1.07125,7025.24
2024-06-24 08:00:00,1.07126,1.07358,1.07088,1.07357,39265.21
2024-06-24 12:00:00,1.07357,1.07463,1.07233,1.0727,49240.55
2024-06-24 16:00:00,1.07272,1.07382,1.0722,1.07361,18661.39
2024-06-24 20:00:00,1.07358,1.07373,1.07308,1.07322,7725.97
2024-06-25 00:00:00,1.07322,1.07394,1.07319,1.07385,15033.08
2024-06-25 04:00:00,1.07385,1.07441,1.07208,1.0727,25339.41
2024-06-25 08:00:00,1.07269,1.07358,1.07091,1.07093,31083.96
2024-06-25 12:00:00,1.07093,1.07149,1.06906,1.07039,45746.94
2024-06-25 16:00:00,1.0704,1.07175,1.0702,1.07159,18162.19
2024-06-25 20:00:00,1.07159,1.07159,1.07072,1.07091,7979.11
2024-06-26 00:00:00,1.0709,1.07179,1.07061,1.0711,17641.39
2024-06-26 04:00:00,1.07109,1.07115,1.06852,1.06938,26451.75
2024-06-26 08:00:00,1.06937,1.06998,1.06795,1.0694,35878.89
2024-06-26 12:00:00,1.06941,1.06958,1.0666,1.06818,68738.12
2024-06-26 16:00:00,1.06818,1.06908,1.0675,1.0681,23477.62
2024-06-26 20:00:00,1.06809,1.0682,1.06776,1.06797,5880.13
2024-06-27 00:00:00,1.06798,1.06923,1.0677,1.06908,20845.6
2024-06-27 04:00:00,1.06907,1.06989,1.06882,1.06901,27803.54
2024-06-27 08:00:00,1.06901,1.07043,1.06805,1.06927,39021.97
2024-06-27 12:00:00,1.06928,1.07264,1.06927,1.07069,72954.4
2024-06-27 16:00:00,1.0707,1.07101,1.07012,1.07028,24283.420000000002
2024-06-27 20:00:00,1.07028,1.07092,1.07027,1.07076,6810.88
2024-06-28 00:00:00,1.07078,1.07108,1.06852,1.06921,24767.1
2024-06-28 04:00:00,1.06921,1.0704,1.06856,1.06969,26703.94
2024-06-28 08:00:00,1.06968,1.07116,1.0692,1.06971,40103.91
2024-06-28 12:00:00,1.06971,1.07221,1.06924,1.07112,101062.96
2024-06-28 16:00:00,1.07112,1.07246,1.07061,1.07111,23661.34
2024-06-28 20:00:00,1.07111,1.07145,1.07078,1.07119,7315.24
2024-06-30 20:00:00,1.07438,1.07455,1.0732,1.07349,9805.2
2024-07-01 00:00:00,1.0735,1.07615,1.07348,1.07528,35468.69
2024-07-01 04:00:00,1.07527,1.07763,1.07513,1.07545,46107.06
2024-07-01 08:00:00,1.07544,1.0772,1.07426,1.07489,36217.01
2024-07-01 12:00:00,1.07487,1.07697,1.07197,1.07269,65107.43
2024-07-01 16:00:00,1.07272,1.07392,1.07242,1.07384,22467.41
2024-07-01 20:00:00,1.07384,1.07426,1.07347,1.07365,11354.06
2024-07-02 00:00:00,1.07364,1.07385,1.07308,1.07322,19564.35
2024-07-02 04:00:00,1.07323,1.07357,1.0712,1.07181,32965.96
2024-07-02 08:00:00,1.07181,1.07246,1.071,1.07239,32624.53
2024-07-02 12:00:00,1.07239,1.07469,1.07239,1.07363,72957.02
2024-07-02 16:00:00,1.07362,1.07465,1.07306,1.07462,17117.0
2024-07-02 20:00:00,1.0746,1.07491,1.07408,1.0748,8842.33
2024-07-03 00:00:00,1.0748,1.07542,1.07404,1.07435,19697.53
2024-07-03 04:00:00,1.07434,1.07617,1.07363,1.07595,29704.81
2024-07-03 08:00:00,1.07595,1.07635,1.07525,1.07576,34526.19
2024-07-03 12:00:00,1.07576,1.08168,1.07549,1.07987,75922.83
2024-07-03 16:00:00,1.07987,1.08003,1.07781,1.07848,19169.88
2024-07-03 20:00:00,1.07848,1.07916,1.07833,1.0791,3613.0
2024-07-04 00:00:00,1.0791,1.07949,1.07836,1.07852,13723.59
2024-07-04 04:00:00,1.07852,1.07965,1.07847,1.07944,20792.72
2024-07-04 08:00:00,1.07943,1.0803,1.07939,1.0797,25866.53
2024-07-04 12:00:00,1.07969,1.08138,1.07948,1.08106,21240.43
2024-07-04 16:00:00,1.08107,1.08137,1.08096,1.08129,6621.64
2024-07-04 20:00:00,1.08129,1.0814,1.08093,1.08103,5530.95
2024-07-05 00:00:00,1.08105,1.08245,1.08102,1.08218,13885.7
2024-07-05 04:00:00,1.08216,1.08302,1.08164,1.0829,23357.93
2024-07-05 08:00:00,1.08289,1.08319,1.08184,1.0819,27946.97
2024-07-05 12:00:00,1.0819,1.08423,1.07993,1.08277,113925.53
2024-07-05 16:00:00,1.08278,1.08426,1.08232,1.08414,18955.2
2024-07-05 20:00:00,1.08412,1.08412,1.08363,1.0837,4130.04
2024-07-07 20:00:00,1.08014,1.08329,1.07998,1.08256,15078.61
2024-07-08 00:00:00,1.08255,1.08363,1.0819,1.08314,32113.6
2024-07-08 04:00:00,1.08314,1.08382,1.08146,1.08368,46668.22
2024-07-08 08:00:00,1.08369,1.0843,1.08235,1.08334,35787.48
2024-07-08 12:00:00,1.08335,1.0845,1.08311,1.08346,49350.08
2024-07-08 16:00:00,1.08345,1.08361,1.08223,1.0825,19898.92
2024-07-08 20:00:00,1.0825,1.08313,1.08226,1.08305,6079.78
2024-07-09 00:00:00,1.08307,1.08333,1.08192,1.08281,20240.84
2024-07-09 04:00:00,1.08283,1.08311,1.0817,1.08174,32983.22
2024-07-09 08:00:00,1.08174,1.08283,1.08121,1.08137,35290.5
2024-07-09 12:00:00,1.08138,1.08282,1.08054,1.08125,69813.9
2024-07-09 16:00:00,1.08126,1.08162,1.08058,1.08142,25090.27
2024-07-09 20:00:00,1.08143,1.08165,1.08124,1.08142,5826.31
2024-07-10 00:00:00,1.08142,1.0821,1.08108,1.08199,23379.67
2024-07-10 04:00:00,1.082,1.08249,1.08147,1.08161,29397.26
2024-07-10 08:00:00,1.08161,1.08269,1.08118,1.08256,31953.73
2024-07-10 12:00:00,1.08255,1.08288,1.08199,1.08223,49481.81
2024-07-10 16:00:00,1.08224,1.08295,1.08173,1.08287,23698.77
2024-07-10 20:00:00,1.08287,1.08365,1.08254,1.08333,8232.92
2024-07-11 00:00:00,1.08332,1.084,1.08325,1.08379,16869.47
2024-07-11 04:00:00,1.08379,1.08399,1.08322,1.08394,15453.81
2024-07-11 08:00:00,1.08396,1.08577,1.08382,1.08547,23880.24
2024-07-11 12:00:00,1.08547,1.08999,1.08443,1.08697,148470.89
2024-07-11 16:00:00,1.08697,1.08705,1.08597,1.08647,36034.7
2024-07-11 20:00:00,1.08645,1.08743,1.08614,1.0874,13025.14
2024-07-12 00:00:00,1.0874,1.08744,1.08634,1.08687,28447.46
2024-07-12 04:00:00,1.08686,1.08761,1.08617,1.08754,25328.18
2024-07-12 08:00:00,1.08754,1.08922,1.08753,1.08876,38781.18
2024-07-12 12:00:00,1.08876,1.09109,1.08734,1.09012,99314.6
2024-07-12 16:00:00,1.09011,1.09113,1.09005,1.09063,19596.71
2024-07-12 20:00:00,1.09066,1.0908,1.09039,1.09054,5370.5199999999995
2024-07-14 20:00:00,1.08852,1.0895,1.08818,1.08856,11550.11
2024-07-15 00:00:00,1.08857,1.08956,1.08833,1.0894,10186.67
2024-07-15 04:00:00,1.0894,1.08963,1.08837,1.08956,20340.82
2024-07-15 08:00:00,1.08956,1.09203,1.08956,1.09055,51750.16
2024-07-15 12:00:00,1.09055,1.09222,1.0902,1.09118,63968.04
2024-07-15 16:00:00,1.09118,1.09171,1.08932,1.08987,52858.28
2024-07-15 20:00:00,1.08988,1.08991,1.08935,1.08981,13960.55
2024-07-16 00:00:00,1.0898,1.08981,1.08887,1.0893,24699.55
2024-07-16 04:00:00,1.08929,1.09003,1.08836,1.08992,38674.7
2024-07-16 08:00:00,1.08992,1.09041,1.08938,1.09021,53770.52
2024-07-16 12:00:00,1.0902,1.09054,1.08715,1.08844,69632.12
2024-07-16 16:00:00,1.08845,1.09029,1.08812,1.09018,18873.85
2024-07-16 20:00:00,1.09017,1.09029,1.08975,1.0902,11891.83
2024-07-17 00:00:00,1.09019,1.09068,1.08955,1.09061,22013.52
2024-07-17 04:00:00,1.09062,1.09134,1.0895,1.09083,47940.61
2024-07-17 08:00:00,1.09085,1.0945,1.09075,1.09347,64552.09
2024-07-17 12:00:00,1.09345,1.0948,1.09275,1.09324,72681.73
2024-07-17 16:00:00,1.09323,1.09397,1.09237,1.09362,27151.79
2024-07-17 20:00:00,1.09362,1.0941,1.09352,1.09402,10394.25
2024-07-18 00:00:00,1.09402,1.09407,1.09321,1.09328,31260.59
2024-07-18 04:00:00,1.09329,1.09382,1.09261,1.09314,35995.23
2024-07-18 08:00:00,1.09314,1.09388,1.09262,1.09276,31987.28
2024-07-18 12:00:00,1.09275,1.09369,1.0905,1.09123,80906.65
2024-07-18 16:00:00,1.09122,1.09164,1.08935,1.0897,41692.86
2024-07-18 20:00:00,1.0897,1.09017,1.08951,1.09003,8808.04
2024-07-19 00:00:00,1.09002,1.09003,1.08863,1.08883,27917.6
2024-07-19 04:00:00,1.08883,1.08905,1.08818,1.08878,33835.24
2024-07-19 08:00:00,1.08877,1.08932,1.08761,1.08931,44453.94
2024-07-19 12:00:00,1.08932,1.08941,1.08792,1.08879,61183.43
2024-07-19 16:00:00,1.08882,1.08911,1.08756,1.08793,27187.53
2024-07-19 20:00:00,1.08793,1.08836,1.08779,1.08779,4860.32
2024-07-21 20:00:00,1.08861,1.09027,1.08807,1.08988,13140.67
2024-07-22 00:00:00,1.08988,1.08998,1.08846,1.08915,24652.9
2024-07-22 04:00:00,1.08916,1.08927,1.08788,1.08871,46059.64
2024-07-22 08:00:00,1.08871,1.08953,1.08838,1.08857,41121.71
2024-07-22 12:00:00,1.08856,1.08884,1.0873,1.08798,53508.8
2024-07-22 16:00:00,1.08797,1.08917,1.08788,1.08872,20412.41
2024-07-22 20:00:00,1.08872,1.08933,1.08862,1.08889,6842.66
2024-07-23 00:00:00,1.08888,1.08967,1.0887,1.08941,24007.49
2024-07-23 04:00:00,1.08941,1.08947,1.08739,1.0876,37596.35
2024-07-23 08:00:00,1.0876,1.08824,1.0856,1.0857,42203.25
2024-07-23 12:00:00,1.08569,1.08634,1.08438,1.08542,53653.81
2024-07-23 16:00:00,1.08543,1.08578,1.08492,1.08507,22624.78
2024-07-23 20:00:00,1.08508,1.08563,1.08485,1.08496,9319.92
2024-07-24 00:00:00,1.08495,1.08503,1.08416,1.0845,26814.62
2024-07-24 04:00:00,1.08451,1.08537,1.08256,1.0829,54541.47
2024-07-24 08:00:00,1.0829,1.08489,1.08257,1.08461,41388.15
2024-07-24 12:00:00,1.08464,1.08664,1.08456,1.08527,71106.6
2024-07-24 16:00:00,1.08528,1.08549,1.08359,1.08389,27417.41
2024-07-24 20:00:00,1.08388,1.0842,1.08374,1.08378,6922.74
2024-07-25 00:00:00,1.08379,1.08439,1.08349,1.08427,30801.96
2024-07-25 04:00:00,1.08427,1.08531,1.08282,1.08487,43799.85
2024-07-25 08:00:00,1.08487,1.08588,1.08433,1.08457,59879.18
2024-07-25 12:00:00,1.08456,1.08646,1.08302,1.08598,93753.49
2024-07-25 16:00:00,1.08599,1.08699,1.08454,1.08459,37072.18
2024-07-25 20:00:00,1.08459,1.08514,1.08434,1.08513,9688.63
2024-07-26 00:00:00,1.08514,1.08604,1.08514,1.08583,20886.71
2024-07-26 04:00:00,1.08582,1.08607,1.08449,1.08491,31544.21
2024-07-26 08:00:00,1.08491,1.08614,1.0842,1.0861,31782.48
2024-07-26 12:00:00,1.08611,1.08681,1.08484,1.08579,54451.81
2024-07-26 16:00:00,1.08579,1.08669,1.08554,1.08577,20458.35
2024-07-26 20:00:00,1.08576,1.08578,1.08547,1.08547,3863.79
2024-07-28 20:00:00,1.08553,1.08599,1.08527,1.08527,8300.38
2024-07-29 00:00:00,1.08524,1.087,1.08508,1.08622,22589.96
2024-07-29 04:00:00,1.08623,1.08637,1.08432,1.08445,26508.42
2024-07-29 08:00:00,1.08443,1.08443,1.08167,1.08177,35257.3
2024-07-29 12:00:00,1.08178,1.08239,1.08028,1.08189,56544.83
2024-07-29 16:00:00,1.0819,1.08259,1.08149,1.08237,16023.51
2024-07-29 20:00:00,1.08238,1.08238,1.08182,1.0819,7318.96
2024-07-30 00:00:00,1.08191,1.08224,1.08142,1.08221,15425.49
2024-07-30 04:00:00,1.0822,1.08268,1.08163,1.08187,33146.35
2024-07-30 08:00:00,1.08187,1.08356,1.0816,1.08242,34215.82
2024-07-30 12:00:00,1.0824,1.08259,1.07982,1.08087,68169.62
2024-07-30 16:00:00,1.08088,1.08176,1.08068,1.08106,33376.25
2024-07-30 20:00:00,1.08107,1.08178,1.08085,1.08157,12753.0636
2024-07-31 00:00:00,1.08156,1.08302,1.08127,1.0822,40758.67
2024-07-31 04:00:00,1.0822,1.08268,1.08115,1.08181,55601.75
2024-07-31 08:00:00,1.08181,1.08401,1.08065,1.08281,51944.64
2024-07-31 12:00:00,1.08281,1.08493,1.08172,1.08231,85250.35
2024-07-31 16:00:00,1.08228,1.08329,1.08019,1.08227,66149.93000000001
2024-07-31 20:00:00,1.08226,1.08309,1.08169,1.08238,10458.13
2024-08-01 00:00:00,1.08235,1.08345,1.08232,1.08328,32808.21
2024-08-01 04:00:00,1.08328,1.08354,1.07991,1.08009,48140.6
2024-08-01 08:00:00,1.08009,1.08021,1.07774,1.07918,53720.99
2024-08-01 12:00:00,1.07919,1.08182,1.07836,1.07886,112295.47
2024-08-01 16:00:00,1.07887,1.07967,1.07802,1.07897,50722.97
2024-08-01 20:00:00,1.07897,1.07932,1.07863,1.07864,17831.52
2024-08-02 00:00:00,1.07864,1.07951,1.07818,1.0793,37844.43
2024-08-02 04:00:00,1.07931,1.08087,1.07861,1.0804,59217.94
2024-08-02 08:00:00,1.08041,1.08372,1.08031,1.08312,59204.77
2024-08-02 12:00:00,1.08313,1.09265,1.08292,1.09132,148247.95
2024-08-02 16:00:00,1.09132,1.09166,1.09032,1.09126,51715.82
2024-08-02 20:00:00,1.09127,1.09147,1.0908,1.09098,3790.64
2024-08-04 20:00:00,1.09225,1.09234,1.09028,1.09103,18971.81
2024-08-05 00:00:00,1.09104,1.09311,1.09068,1.09305,67451.01
2024-08-05 04:00:00,1.09305,1.0967,1.08923,1.09487,173937.87
2024-08-05 08:00:00,1.09488,1.09748,1.0933,1.09629,115116.19
2024-08-05 12:00:00,1.09628,1.10088,1.09559,1.09561,186729.8
2024-08-05 16:00:00,1.09561,1.09643,1.09472,1.09587,74831.52
2024-08-05 20:00:00,1.0959,1.09619,1.09462,1.09505,23466.61
2024-08-06 00:00:00,1.09506,1.09631,1.09437,1.0954,52465.74
2024-08-06 04:00:00,1.09541,1.09558,1.09218,1.09268,108783.76
2024-08-06 08:00:00,1.09267,1.0935,1.09037,1.09167,80371.63
2024-08-06 12:00:00,1.09166,1.09348,1.09046,1.09251,98096.78
2024-08-06 16:00:00,1.09253,1.09335,1.09207,1.09299,41744.36
2024-08-06 20:00:00,1.09298,1.09321,1.09238,1.09259,11405.94
2024-08-07 00:00:00,1.09259,1.09305,1.09109,1.09157,21848.89
2024-08-07 04:00:00,1.09157,1.09278,1.09053,1.09222,25935.97
2024-08-07 08:00:00,1.09222,1.09279,1.09085,1.09232,50455.18
2024-08-07 12:00:00,1.09233,1.09366,1.09124,1.09246,59906.97
2024-08-07 16:00:00,1.09246,1.09271,1.09174,1.09233,46922.17
2024-08-07 20:00:00,1.09233,1.09338,1.09173,1.09273,17798.48
2024-08-08 00:00:00,1.09275,1.09354,1.09235,1.09348,18439.27
2024-08-08 04:00:00,1.09348,1.09451,1.09298,1.09399,26689.75
2024-08-08 08:00:00,1.09399,1.09443,1.09208,1.09304,33551.86
2024-08-08 12:00:00,1.09305,1.09325,1.08814,1.0913,100069.2
2024-08-08 16:00:00,1.0913,1.09188,1.0905,1.09159,46609.58
2024-08-08 20:00:00,1.09159,1.09193,1.091,1.09149,6826.04
2024-08-09 00:00:00,1.09147,1.09243,1.09114,1.09228,14748.39
2024-08-09 04:00:00,1.09228,1.0929,1.09175,1.09218,20745.78
2024-08-09 08:00:00,1.09218,1.09257,1.09112,1.0916,34587.72
2024-08-09 12:00:00,1.09159,1.09313,1.0909,1.09241,43853.39
2024-08-09 16:00:00,1.0924,1.09245,1.09151,1.09187,20709.89
2024-08-09 20:00:00,1.09186,1.09194,1.09148,1.09167,3954.79
2024-08-11 20:00:00,1.09142,1.09196,1.091,1.09127,7496.49
2024-08-12 00:00:00,1.09125,1.0923,1.09116,1.0914,15118.83
2024-08-12 04:00:00,1.09138,1.09284,1.09136,1.09221,28444.21
2024-08-12 08:00:00,1.09223,1.09299,1.0916,1.09259,28437.64
2024-08-12 12:00:00,1.09259,1.09393,1.09152,1.09279,48125.27
2024-08-12 16:00:00,1.09278,1.0935,1.09218,1.09314,23531.88
2024-08-12 20:00:00,1.09314,1.09363,1.09249,1.09361,6703.92
2024-08-13 00:00:00,1.0936,1.09384,1.09292,1.09369,14757.06
2024-08-13 04:00:00,1.09369,1.09411,1.09262,1.09301,26246.67
2024-08-13 08:00:00,1.093,1.09322,1.09137,1.09302,27291.5
2024-08-13 12:00:00,1.09301,1.09623,1.09254,1.09535,51745.99
2024-08-13 16:00:00,1.09536,1.09996,1.09529,1.09959,44488.37
2024-08-13 20:00:00,1.0996,1.09989,1.09754,1.09959,17419.36
2024-08-14 00:00:00,1.09958,1.09971,1.09887,1.099,31799.67
2024-08-14 04:00:00,1.099,1.10079,1.09863,1.10057,31595.59
2024-08-14 08:00:00,1.10056,1.10286,1.10025,1.10225,36214.11
2024-08-14 12:00:00,1.10227,1.10473,1.10039,1.10231,84076.7
2024-08-14 16:00:00,1.10232,1.10241,1.10108,1.10129,35857.35
2024-08-14 20:00:00,1.1013,1.10154,1.10097,1.10116,9383.42
2024-08-15 00:00:00,1.10117,1.10142,1.1003,1.1008,17420.26
2024-08-15 04:00:00,1.10082,1.10154,1.10075,1.10134,22257.96
2024-08-15 08:00:00,1.10132,1.10141,1.10033,1.10133,20935.31
2024-08-15 12:00:00,1.10132,1.10142,1.09495,1.09854,80911.51
2024-08-15 16:00:00,1.09855,1.09892,1.09715,1.09741,31341.4
2024-08-15 20:00:00,1.0974,1.09748,1.09703,1.09723,8097.03
2024-08-16 00:00:00,1.09723,1.09825,1.09718,1.0977,14993.63
2024-08-16 04:00:00,1.09771,1.09866,1.0976,1.0985,22951.15
2024-08-16 08:00:00,1.09853,1.09949,1.09788,1.09921,31365.5
2024-08-16 12:00:00,1.09922,1.10044,1.09826,1.0996,46676.98
2024-08-16 16:00:00,1.0996,1.10247,1.09956,1.10244,21229.51
2024-08-16 20:00:00,1.10245,1.10296,1.10201,1.10211,5016.74
2024-08-18 20:00:00,1.10265,1.1034,1.10227,1.10246,7464.12
2024-08-19 00:00:00,1.10246,1.10403,1.10231,1.10389,21819.33
2024-08-19 04:00:00,1.1039,1.10501,1.10365,1.10427,35441.95
2024-08-19 08:00:00,1.10428,1.10504,1.10308,1.10422,41520.61
2024-08-19 12:00:00,1.10424,1.10735,1.10301,1.10691,63528.74
2024-08-19 16:00:00,1.10691,1.10863,1.10671,1.10836,30867.09
2024-08-19 20:00:00,1.10835,1.10875,1.10804,1.10854,10385.63
2024-08-20 00:00:00,1.10855,1.10871,1.1075,1.10755,28066.65
2024-08-20 04:00:00,1.10756,1.1087,1.10719,1.10866,47424.36
2024-08-20 08:00:00,1.10868,1.10888,1.10749,1.10808,53493.15
2024-08-20 12:00:00,1.10809,1.11168,1.10804,1.11051,92428.8
2024-08-20 16:00:00,1.11057,1.11273,1.11041,1.11245,48758.01
2024-08-20 20:00:00,1.11248,1.11317,1.11236,1.11275,14530.75
2024-08-21 00:00:00,1.11274,1.11325,1.11171,1.1121,18874.6
2024-08-21 04:00:00,1.1121,1.11287,1.11103,1.11142,32091.62
2024-08-21 08:00:00,1.11143,1.11259,1.111,1.11147,29727.79
2024-08-21 12:00:00,1.11149,1.11476,1.10992,1.1142,67403.95
2024-08-21 16:00:00,1.11421,1.1174,1.11415,1.11516,22687.21
2024-08-21 20:00:00,1.11517,1.1158,1.11468,1.11548,7447.96
2024-08-22 00:00:00,1.11549,1.11567,1.11404,1.11446,14473.98
2024-08-22 04:00:00,1.11446,1.11646,1.11272,1.11367,23261.6
2024-08-22 08:00:00,1.11367,1.11509,1.1132,1.11367,26434.33
2024-08-22 12:00:00,1.11368,1.11431,1.1098,1.1113,44130.43
2024-08-22 16:00:00,1.1113,1.11175,1.10987,1.11084,17624.13
2024-08-22 20:00:00,1.11083,1.11177,1.11071,1.1116,6264.24
2024-08-23 00:00:00,1.11159,1.11286,1.11129,1.11247,13475.07
2024-08-23 04:00:00,1.11248,1.11318,1.11124,1.11192,15827.4
2024-08-23 08:00:00,1.11193,1.11271,1.11109,1.11189,18768.48
2024-08-23 12:00:00,1.11188,1.1196,1.11055,1.11753,59126.74
2024-08-23 16:00:00,1.11753,1.12008,1.11642,1.11911,25967.29
2024-08-23 20:00:00,1.11909,1.11941,1.11874,1.1191,2740.64
2024-08-25 20:00:00,1.11854,1.11948,1.11854,1.11892,5784.6
2024-08-26 00:00:00,1.11892,1.12015,1.11815,1.11834,17318.21
2024-08-26 04:00:00,1.11834,1.11892,1.11757,1.11807,19247.61
2024-08-26 08:00:00,1.11808,1.11848,1.1163,1.11652,38320.79
2024-08-26 12:00:00,1.11651,1.11788,1.115,1.11636,65379.39
2024-08-26 16:00:00,1.11635,1.11753,1.11586,1.11595,39413.44
2024-08-26 20:00:00,1.11596,1.11668,1.11575,1.11644,11037.85
2024-08-27 00:00:00,1.11646,1.11706,1.11595,1.11667,22147.67
2024-08-27 04:00:00,1.11667,1.11724,1.11612,1.1164,28700.14
2024-08-27 08:00:00,1.11638,1.11786,1.11605,1.11605,29664.06
2024-08-27 12:00:00,1.11606,1.11718,1.11501,1.11597,56626.8
2024-08-27 16:00:00,1.11597,1.11905,1.11595,1.11842,21972.72
2024-08-27 20:00:00,1.11841,1.11858,1.11747,1.11769,6003.86
2024-08-28 00:00:00,1.11769,1.118,1.11624,1.11657,11186.59
2024-08-28 04:00:00,1.11657,1.11679,1.11351,1.11562,22485.26
2024-08-28 08:00:00,1.11561,1.11593,1.11173,1.11205,41270.17
2024-08-28 12:00:00,1.11206,1.11377,1.1105,1.1126,68276.39
2024-08-28 16:00:00,1.11261,1.11261,1.11053,1.11132,38892.85
2024-08-28 20:00:00,1.11132,1.11261,1.11123,1.11244,9872.46
2024-08-29 00:00:00,1.11245,1.11357,1.11241,1.11356,20936.15
2024-08-29 04:00:00,1.11357,1.11399,1.11162,1.11299,24914.52
2024-08-29 08:00:00,1.11299,1.11299,1.10719,1.10958,57384.27
2024-08-29 12:00:00,1.10956,1.10976,1.10556,1.10848,91667.83
2024-08-29 16:00:00,1.10849,1.10879,1.10747,1.10757,38167.87
2024-08-29 20:00:00,1.10756,1.1083,1.10743,1.108,6626.61
2024-08-30 00:00:00,1.10802,1.10828,1.10697,1.10737,21569.85
2024-08-30 04:00:00,1.10736,1.10888,1.10719,1.1084,31810.05
2024-08-30 08:00:00,1.10841,1.1095,1.10735,1.10813,48028.48
2024-08-30 12:00:00,1.10816,1.1088,1.1053,1.10597,108545.14
2024-08-30 16:00:00,1.10596,1.10597,1.10438,1.10527,48101.51
2024-08-30 20:00:00,1.10525,1.10551,1.10453,1.10456,8984.81
2024-09-01 20:00:00,1.10462,1.10496,1.1044,1.10446,8172.49
2024-09-02 00:00:00,1.10445,1.10556,1.10419,1.10484,22527.57
2024-09-02 04:00:00,1.10485,1.10702,1.10439,1.10666,30543.35
2024-09-02 08:00:00,1.10666,1.10773,1.10596,1.10596,44526.53
2024-09-02 12:00:00,1.10594,1.10718,1.10585,1.10678,27989.9
2024-09-02 16:00:00,1.10678,1.10727,1.10623,1.10722,4889.7699999999995
2024-09-02 20:00:00,1.10721,1.10727,1.10613,1.1067,3212.62
2024-09-03 00:00:00,1.10671,1.10702,1.10573,1.10579,13703.99
2024-09-03 04:00:00,1.10579,1.10676,1.1051,1.1056,25219.04
2024-09-03 08:00:00,1.10557,1.10596,1.1033,1.10363,43043.15
2024-09-03 12:00:00,1.10362,1.1069,1.10335,1.10422,122724.34
2024-09-03 16:00:00,1.10424,1.1047,1.10263,1.10418,39058.55
2024-09-03 20:00:00,1.10418,1.10503,1.10363,1.10485,10871.46
2024-09-04 00:00:00,1.10485,1.10562,1.10464,1.1054,26207.24
2024-09-04 04:00:00,1.10538,1.10628,1.10468,1.10559,35526.26
2024-09-04 08:00:00,1.10556,1.10588,1.10427,1.10503,37061.5
2024-09-04 12:00:00,1.10503,1.10951,1.104,1.10809,79017.51
2024-09-04 16:00:00,1.10809,1.10865,1.10653,1.10781,26139.44
2024-09-04 20:00:00,1.10782,1.10863,1.10755,1.10801,9808.78
2024-09-05 00:00:00,1.108,1.10854,1.10756,1.10769,20890.61
2024-09-05 04:00:00,1.10769,1.10903,1.10746,1.10871,29012.579999999998
2024-09-05 08:00:00,1.1087,1.11082,1.1084,1.1095,44321.08
2024-09-05 12:00:00,1.10952,1.11197,1.10762,1.10952,99402.83
2024-09-05 16:00:00,1.10952,1.11132,1.10952,1.11036,33157.26
2024-09-05 20:00:00,1.11038,1.11123,1.11038,1.1111,8895.88
2024-09-06 00:00:00,1.11111,1.11161,1.11092,1.11151,23773.98
2024-09-06 04:00:00,1.11151,1.11208,1.11108,1.11158,27320.85
2024-09-06 08:00:00,1.11157,1.11207,1.11026,1.11069,35319.19
2024-09-06 12:00:00,1.1107,1.11556,1.10656,1.10856,203670.84
2024-09-06 16:00:00,1.10854,1.10895,1.10695,1.10884,55519.9
2024-09-06 20:00:00,1.10886,1.10887,1.10822,1.10825,7471.43
2024-09-08 20:00:00,1.10781,1.10908,1.10781,1.10867,13890.97
2024-09-09 00:00:00,1.10864,1.1091,1.10786,1.10799,29200.01
2024-09-09 04:00:00,1.10798,1.10802,1.10549,1.10591,33684.76
2024-09-09 08:00:00,1.10591,1.10624,1.10357,1.10448,43414.97
2024-09-09 12:00:00,1.10448,1.1052,1.1034,1.10415,56576.72
2024-09-09 16:00:00,1.10414,1.10536,1.10376,1.10382,36197.43
2024-09-09 20:00:00,1.10382,1.10396,1.10331,1.10352,8812.02
2024-09-10 00:00:00,1.10352,1.10391,1.10283,1.10384,18018.99
2024-09-10 04:00:00,1.10384,1.10496,1.10337,1.1037,32368.36
2024-09-10 08:00:00,1.1037,1.10438,1.10267,1.10312,38902.22
2024-09-10 12:00:00,1.10311,1.10368,1.10151,1.1025,67439.89
2024-09-10 16:00:00,1.10251,1.10288,1.10205,1.10268,22864.18
2024-09-10 20:00:00,1.10267,1.1027,1.10182,1.102,8427.03
2024-09-11 00:00:00,1.102,1.10443,1.10166,1.10385,29686.51
2024-09-11 04:00:00,1.10386,1.1052,1.10379,1.10412,28586.19
2024-09-11 08:00:00,1.10412,1.10549,1.10366,1.10436,38801.12
2024-09-11 12:00:00,1.10435,1.10488,1.10019,1.1012,134281.14
2024-09-11 16:00:00,1.10119,1.10265,1.10097,1.10174,43643.08
2024-09-11 20:00:00,1.10175,1.1018,1.10101,1.10102,8665.03
2024-09-12 00:00:00,1.10101,1.1014,1.10059,1.10136,22141.87
2024-09-12 04:00:00,1.10136,1.10238,1.10059,1.10076,28375.91
2024-09-12 08:00:00,1.10077,1.10235,1.10055,1.10138,44363.0
2024-09-12 12:00:00,1.10139,1.10471,1.10089,1.10401,103633.42
2024-09-12 16:00:00,1.10401,1.10716,1.1037,1.10703,51503.11
2024-09-12 20:00:00,1.10704,1.10791,1.10685,1.10789,12981.45
2024-09-13 00:00:00,1.10786,1.10902,1.10775,1.10869,28632.22
2024-09-13 04:00:00,1.1087,1.1094,1.1073,1.10924,32282.68
2024-09-13 08:00:00,1.10924,1.11007,1.10812,1.10841,60109.45
2024-09-13 12:00:00,1.10842,1.11017,1.10791,1.10844,68492.74
2024-09-13 16:00:00,1.10845,1.10858,1.1076,1.10777,30236.7
2024-09-13 20:00:00,1.10777,1.10782,1.10721,1.10732,6387.84
2024-09-15 20:00:00,1.10757,1.10894,1.10743,1.10873,8289.98
2024-09-16 00:00:00,1.10872,1.11049,1.10867,1.1104,22883.52
2024-09-16 04:00:00,1.1104,1.11197,1.10956,1.1115,33736.71
2024-09-16 08:00:00,1.11149,1.11293,1.11138,1.11237,42255.86
2024-09-16 12:00:00,1.11238,1.11374,1.11165,1.11225,60613.83
2024-09-16 16:00:00,1.11226,1.113,1.1116,1.11289,27028.22
2024-09-16 20:00:00,1.11288,1.11332,1.11232,1.11291,11098.71
2024-09-17 00:00:00,1.11291,1.11311,1.11219,1.11239,21436.96
2024-09-17 04:00:00,1.1124,1.11378,1.11156,1.11361,28182.579999999998
2024-09-17 08:00:00,1.11361,1.11461,1.11302,1.11385,44590.78
2024-09-17 12:00:00,1.11384,1.11436,1.11117,1.11173,112411.41
2024-09-17 16:00:00,1.11172,1.11235,1.11109,1.11158,46968.25
2024-09-17 20:00:00,1.11158,1.11238,1.11124,1.1122,10397.93
2024-09-18 00:00:00,1.11221,1.11303,1.11215,1.11262,23304.96
2024-09-18 04:00:00,1.11262,1.11311,1.11152,1.11311,39869.06
2024-09-18 08:00:00,1.11311,1.11398,1.11224,1.11244,41548.340000000004
2024-09-18 12:00:00,1.11243,1.11398,1.11082,1.11158,60229.3
2024-09-18 16:00:00,1.11158,1.11891,1.10966,1.11056,146340.17
2024-09-18 20:00:00,1.11054,1.1124,1.11043,1.11139,19731.26
2024-09-19 00:00:00,1.1114,1.11191,1.10683,1.11185,55214.06
2024-09-19 04:00:00,1.11185,1.1153,1.11149,1.11458,69344.11
2024-09-19 08:00:00,1.11457,1.11787,1.11448,1.1158,70767.39
2024-09-19 12:00:00,1.11581,1.11582,1.11164,1.11468,123240.62
2024-09-19 16:00:00,1.11469,1.11678,1.11452,1.1162,62487.34
2024-09-19 20:00:00,1.1162,1.11642,1.11584,1.11593,9957.76
2024-09-20 00:00:00,1.11593,1.11692,1.11571,1.11656,34295.8
2024-09-20 04:00:00,1.11657,1.11818,1.11594,1.11627,44983.89
2024-09-20 08:00:00,1.11626,1.11691,1.11523,1.11615,53622.31
2024-09-20 12:00:00,1.11615,1.11768,1.1136,1.11588,86913.71
2024-09-20 16:00:00,1.11588,1.11757,1.11571,1.1162,63399.07
2024-09-20 20:00:00,1.11619,1.11638,1.11561,1.11626,7163.34
2024-09-22 20:00:00,1.1158,1.11647,1.1158,1.11591,6471.67
2024-09-23 00:00:00,1.11589,1.11648,1.11558,1.11615,17704.73
2024-09-23 04:00:00,1.11615,1.11672,1.10978,1.11013,53769.23
2024-09-23 08:00:00,1.11012,1.11258,1.10831,1.11196,57900.909999999996
2024-09-23 12:00:00,1.11197,1.11433,1.11085,1.11302,89846.23
2024-09-23 16:00:00,1.11299,1.11299,1.11119,1.11145,39341.73
2024-09-23 20:00:00,1.11146,1.11148,1.11074,1.11109,7874.08
2024-09-24 00:00:00,1.1111,1.11137,1.11033,1.11126,26366.03
2024-09-24 04:00:00,1.11125,1.11322,1.11042,1.11272,50163.56
2024-09-24 08:00:00,1.11271,1.11459,1.11221,1.1129,50921.81
2024-09-24 12:00:00,1.11289,1.11635,1.11289,1.11497,94858.62
2024-09-24 16:00:00,1.11497,1.11767,1.11493,1.11766,29604.49
2024-09-24 20:00:00,1.11766,1.1191,1.1175,1.11909,10075.49
2024-09-25 00:00:00,1.11907,1.11987,1.11853,1.1198,29958.53
2024-09-25 04:00:00,1.1198,1.11987,1.11858,1.11917,27840.91
2024-09-25 08:00:00,1.11917,1.11974,1.11782,1.11959,39533.75
2024-09-25 12:00:00,1.11959,1.1214,1.11418,1.11432,92235.12
2024-09-25 16:00:00,1.1143,1.11476,1.11215,1.11259,36630.43
2024-09-25 20:00:00,1.1126,1.11334,1.11249,1.11296,10611.99
2024-09-26 00:00:00,1.11297,1.11451,1.1129,1.11405,22675.64
2024-09-26 04:00:00,1.11404,1.11579,1.11336,1.11348,40078.38
2024-09-26 08:00:00,1.11347,1.11614,1.11257,1.1154,55394.88
2024-09-26 12:00:00,1.11541,1.11893,1.11257,1.11828,80879.85
2024-09-26 16:00:00,1.11827,1.11841,1.11662,1.11778,26809.96
2024-09-26 20:00:00,1.11778,1.11787,1.11736,1.11769,13919.74
2024-09-27 00:00:00,1.1177,1.11776,1.11624,1.1169,34751.88
2024-09-27 04:00:00,1.11689,1.1176,1.11248,1.1133,80516.93
2024-09-27 08:00:00,1.11328,1.11709,1.11263,1.11624,60853.73
2024-09-27 12:00:00,1.11625,1.1203,1.1154,1.11584,112271.21
2024-09-27 16:00:00,1.11585,1.11678,1.11463,1.1164,40697.03
2024-09-27 20:00:00,1.11639,1.11677,1.11589,1.11619,5222.51
2024-09-29 20:00:00,1.11582,1.11723,1.11526,1.11689,8642.05
2024-09-30 00:00:00,1.11688,1.11739,1.11562,1.11581,28763.19
2024-09-30 04:00:00,1.11582,1.11754,1.1156,1.11722,38561.840000000004
2024-09-30 08:00:00,1.11721,1.12089,1.11721,1.11975,63620.91
2024-09-30 12:00:00,1.11976,1.12012,1.1135,1.11441,80533.03
2024-09-30 16:00:00,1.11442,1.11629,1.11136,1.11326,70510.1
2024-09-30 20:00:00,1.11326,1.11426,1.11289,1.11365,8785.539999999999
2024-10-01 00:00:00,1.11365,1.11433,1.11271,1.11377,13981.0
2024-10-01 04:00:00,1.11377,1.11439,1.11116,1.1115,28190.16
2024-10-01 08:00:00,1.11153,1.11201,1.10785,1.10845,56322.33
2024-10-01 12:00:00,1.10845,1.10886,1.10565,1.10662,118841.7
2024-10-01 16:00:00,1.10662,1.10773,1.10458,1.10675,56813.47
2024-10-01 20:00:00,1.10677,1.10727,1.10634,1.10644,10939.09
2024-10-02 00:00:00,1.10645,1.10739,1.10633,1.10706,27343.55
2024-10-02 04:00:00,1.10706,1.10737,1.10541,1.10665,52350.25
2024-10-02 08:00:00,1.10664,1.10828,1.10612,1.10756,51517.11
2024-10-02 12:00:00,1.10755,1.10773,1.10325,1.10494,80589.98
2024-10-02 16:00:00,1.10495,1.10548,1.10367,1.10488,33521.7
2024-10-02 20:00:00,1.10488,1.10524,1.1043,1.10458,14318.08
2024-10-03 00:00:00,1.10459,1.10465,1.1032,1.10357,30984.77
2024-10-03 04:00:00,1.10356,1.10421,1.10248,1.1033,53255.95
2024-10-03 08:00:00,1.1033,1.10465,1.10293,1.10428,54192.78
2024-10-03 12:00:00,1.10427,1.10468,1.10082,1.10145,138607.15
2024-10-03 16:00:00,1.10147,1.10361,1.10141,1.10284,39106.14
2024-10-03 20:00:00,1.10284,1.1037,1.1026,1.10351,10696.51
2024-10-04 00:00:00,1.1035,1.10395,1.10255,1.1027,29527.12
2024-10-04 04:00:00,1.1027,1.10355,1.10251,1.10278,44538.71
2024-10-04 08:00:00,1.10278,1.10367,1.10201,1.10324,46016.05
2024-10-04 12:00:00,1.10321,1.1033,1.09548,1.09606,111448.06
2024-10-04 16:00:00,1.09606,1.09777,1.09512,1.09763,30752.9
2024-10-04 20:00:00,1.09764,1.09777,1.09725,1.09739,11744.96
2024-10-06 20:00:00,1.0962,1.09717,1.0962,1.09705,12480.08
2024-10-07 00:00:00,1.09705,1.09775,1.09681,1.09719,36691.08
2024-10-07 04:00:00,1.0972,1.09735,1.09581,1.09693,43587.84
2024-10-07 08:00:00,1.09695,1.09805,1.09542,1.09767,58703.76
2024-10-07 12:00:00,1.09768,1.09848,1.09695,1.09758,77442.59
2024-10-07 16:00:00,1.09759,1.09868,1.09657,1.09723,37988.84
2024-10-07 20:00:00,1.09723,1.09791,1.09689,1.09742,12744.78
2024-10-08 00:00:00,1.09742,1.09868,1.09727,1.09832,36912.49
2024-10-08 04:00:00,1.09832,1.09956,1.09785,1.09951,42668.74
2024-10-08 08:00:00,1.09952,1.09971,1.09785,1.09876,46039.99
2024-10-08 12:00:00,1.09876,1.09898,1.09608,1.09697,63143.27
2024-10-08 16:00:00,1.09698,1.09782,1.09657,1.09778,30227.670000000002
2024-10-08 20:00:00,1.09778,1.09809,1.09743,1.09753,8357.37
2024-10-09 00:00:00,1.09754,1.09787,1.09667,1.09678,18989.3
2024-10-09 04:00:00,1.09678,1.0976,1.0951,1.09602,28452.42
2024-10-09 08:00:00,1.09603,1.09707,1.09533,1.0954,32065.41
2024-10-09 12:00:00,1.09539,1.09598,1.09396,1.09506,57162.06
2024-10-09 16:00:00,1.09505,1.09505,1.09362,1.09386,30102.88
2024-10-09 20:00:00,1.09386,1.09426,1.09366,1.094095,8498.22
2024-10-10 00:00:00,1.094098,1.09459,1.09389,1.09435,29914.01
2024-10-10 04:00:00,1.09435,1.09445,1.0933,1.09374,32875.61
2024-10-10 08:00:00,1.09378,1.09396,1.0927,1.0931,34084.48
2024-10-10 12:00:00,1.0931,1.09548,1.09088,1.09248,122558.84
2024-10-10 16:00:00,1.09249,1.09345,1.09,1.09344,46750.45
2024-10-10 20:00:00,1.09344,1.09376,1.09116,1.09334,8987.78
2024-10-11 00:00:00,1.09335,1.09407,1.09294,1.09395,21876.67
2024-10-11 04:00:00,1.09395,1.09453,1.09321,1.09446,27150.24
2024-10-11 08:00:00,1.09446,1.09537,1.09273,1.09309,30969.18
2024-10-11 12:00:00,1.09309,1.09524,1.0926,1.09412,70725.74
2024-10-11 16:00:00,1.09413,1.09475,1.09332,1.09332,21383.95
2024-10-11 20:00:00,1.09332,1.09381,1.09324,1.09353,6585.94
2024-10-13 20:00:00,1.0931,1.09335,1.09221,1.0923,7255.55
2024-10-14 00:00:00,1.09231,1.09291,1.09153,1.09256,22657.4
2024-10-14 04:00:00,1.09255,1.09311,1.09223,1.09282,22565.01
2024-10-14 08:00:00,1.09282,1.09366,1.09091,1.09126,39023.15
2024-10-14 12:00:00,1.09124,1.09272,1.09047,1.09068,55139.42
2024-10-14 16:00:00,1.09069,1.09085,1.08881,1.09038,25559.22
2024-10-14 20:00:00,1.09038,1.09103,1.09028,1.0909,7355.63
2024-10-15 00:00:00,1.0909,1.09097,1.08957,1.08964,19591.37
2024-10-15 04:00:00,1.08964,1.08987,1.08849,1.08986,31431.04
2024-10-15 08:00:00,1.08985,1.09161,1.08971,1.09008,37390.49
2024-10-15 12:00:00,1.0901,1.09167,1.08986,1.08989,49971.36
2024-10-15 16:00:00,1.08989,1.09023,1.08819,1.08868,24135.25
2024-10-15 20:00:00,1.08868,1.08927,1.08831,1.08832,9415.75
2024-10-16 00:00:00,1.08832,1.08956,1.08821,1.08909,22048.07
2024-10-16 04:00:00,1.08908,1.0893,1.08752,1.08821,33366.47
2024-10-16 08:00:00,1.08821,1.08972,1.08777,1.08943,37256.17
2024-10-16 12:00:00,1.08944,1.09014,1.08661,1.08724,53278.59
2024-10-16 16:00:00,1.08723,1.08767,1.08532,1.08577,24843.85
2024-10-16 20:00:00,1.08577,1.08705,1.08562,1.08587,11276.85
2024-10-17 00:00:00,1.08588,1.0865,1.08512,1.0853,38099.19
2024-10-17 04:00:00,1.0853,1.08583,1.0849,1.08546,35443.75
2024-10-17 08:00:00,1.08545,1.08673,1.0849,1.08632,40422.76
2024-10-17 12:00:00,1.08633,1.08737,1.0811,1.08365,105526.51
2024-10-17 16:00:00,1.08366,1.08369,1.0821,1.08279,28784.48
2024-10-17 20:00:00,1.08279,1.08331,1.08252,1.08291,10344.44
2024-10-18 00:00:00,1.08291,1.08396,1.08274,1.08385,34158.8
2024-10-18 04:00:00,1.08386,1.08486,1.08369,1.08409,38103.96
2024-10-18 08:00:00,1.0841,1.08518,1.08341,1.08482,41326.52
2024-10-18 12:00:00,1.08481,1.08645,1.08466,1.08535,56117.159999999996
2024-10-18 16:00:00,1.08534,1.08682,1.08528,1.08638,25312.62
2024-10-18 20:00:00,1.08638,1.08694,1.0863,1.08655,5327.2
2024-10-20 20:00:00,1.08605,1.08717,1.08605,1.08681,5088.08
2024-10-21 00:00:00,1.08682,1.08688,1.08636,1.08662,36314.77
2024-10-21 04:00:00,1.08662,1.08662,1.08462,1.0848,31685.07
2024-10-21 08:00:00,1.0848,1.08582,1.08447,1.08557,30591.39
2024-10-21 12:00:00,1.08557,1.0859,1.08199,1.08199,50777.03
2024-10-21 16:00:00,1.08199,1.0823,1.08111,1.08153,25778.56
2024-10-21 20:00:00,1.08152,1.08176,1.08121,1.08153,10184.99
2024-10-22 00:00:00,1.08151,1.08213,1.08142,1.0819,29570.65
2024-10-22 04:00:00,1.0819,1.0838,1.0818,1.08366,29168.57
2024-10-22 08:00:00,1.08365,1.0837,1.08143,1.08175,40532.05
2024-10-22 12:00:00,1.08174,1.08216,1.08009,1.08045,59476.03
2024-10-22 16:00:00,1.08044,1.08143,1.07939,1.07948,27164.99
2024-10-22 20:00:00,1.07947,1.07999,1.07926,1.07962,9322.86
2024-10-23 00:00:00,1.07962,1.08053,1.07922,1.08021,38173.97
2024-10-23 04:00:00,1.08022,1.08066,1.07806,1.07817,46231.85
2024-10-23 08:00:00,1.07816,1.07914,1.0763,1.07631,49558.23
2024-10-23 12:00:00,1.07632,1.07862,1.07612,1.07787,59943.11
2024-10-23 16:00:00,1.07787,1.07865,1.07672,1.07857,34885.17
2024-10-23 20:00:00,1.07858,1.07864,1.07794,1.07803,7922.52
2024-10-24 00:00:00,1.07804,1.07898,1.07798,1.07868,35528.08
2024-10-24 04:00:00,1.07868,1.07987,1.07706,1.07955,54796.01
2024-10-24 08:00:00,1.07954,1.0808,1.0792,1.0795,50058.75
2024-10-24 12:00:00,1.0795,1.08113,1.07881,1.08049,75640.43
2024-10-24 16:00:00,1.0805,1.08289,1.08026,1.08289,31115.39
2024-10-24 20:00:00,1.0829,1.08298,1.08226,1.08237,7949.33
2024-10-25 00:00:00,1.08239,1.08275,1.082,1.08217,20694.6
2024-10-25 04:00:00,1.08216,1.08273,1.08136,1.08242,24781.19
2024-10-25 08:00:00,1.08242,1.08372,1.08214,1.08214,22730.58
2024-10-25 12:00:00,1.08214,1.08392,1.08107,1.08121,51400.39
2024-10-25 16:00:00,1.08121,1.08121,1.0793,1.07956,28343.23
2024-10-25 20:00:00,1.07957,1.07972,1.07945,1.07945,8091.9
2024-10-27 20:00:00,1.07933,1.08015,1.07866,1.0796,13450.16
2024-10-28 00:00:00,1.0796,1.08012,1.0782,1.07828,43902.15
2024-10-28 04:00:00,1.07829,1.08056,1.07819,1.08042,31708.32
2024-10-28 08:00:00,1.08042,1.08213,1.08009,1.08194,39801.72
2024-10-28 12:00:00,1.08194,1.08276,1.08131,1.08188,51033.56
2024-10-28 16:00:00,1.08187,1.08262,1.08099,1.08152,30181.95
2024-10-28 20:00:00,1.08153,1.08178,1.08107,1.08176,8250.05
2024-10-29 00:00:00,1.08175,1.08192,1.08061,1.0808,33590.61
2024-10-29 04:00:00,1.0808,1.08161,1.08054,1.08095,29189.67
2024-10-29 08:00:00,1.08094,1.08263,1.07967,1.07992,45002.9
2024-10-29 12:00:00,1.07991,1.08121,1.07688,1.07975,94403.27
2024-10-29 16:00:00,1.07974,1.08163,1.07923,1.08139,46759.67
2024-10-29 20:00:00,1.08139,1.08217,1.08121,1.08197,10063.75
2024-10-30 00:00:00,1.08196,1.08259,1.08136,1.08141,41225.69
2024-10-30 04:00:00,1.08141,1.08263,1.0813,1.08191,28556.33
2024-10-30 08:00:00,1.0819,1.08593,1.0819,1.08242,65228.95
2024-10-30 12:00:00,1.08242,1.08668,1.08079,1.08637,104567.52
2024-10-30 16:00:00,1.08636,1.08713,1.08537,1.08604,42306.33
2024-10-30 20:00:00,1.08605,1.08618,1.08538,1.08582,13658.91
2024-10-31 00:00:00,1.08581,1.08592,1.08441,1.08498,30374.88
2024-10-31 04:00:00,1.08497,1.08635,1.0845,1.08589,36646.04
2024-10-31 08:00:00,1.0859,1.08753,1.08511,1.0868,48335.52
2024-10-31 12:00:00,1.08682,1.08881,1.08461,1.08554,104248.27
2024-10-31 16:00:00,1.08554,1.08783,1.08536,1.08773,48490.36
2024-10-31 20:00:00,1.08775,1.08863,1.08772,1.08839,12076.01
2024-11-01 00:00:00,1.08838,1.08885,1.08751,1.08763,37293.1
2024-11-01 04:00:00,1.08762,1.08789,1.08679,1.08679,31475.45
2024-11-01 08:00:00,1.08679,1.08693,1.08524,1.08679,40753.11
2024-11-01 12:00:00,1.0868,1.09057,1.08472,1.08484,119193.09
2024-11-01 16:00:00,1.08485,1.08543,1.0834,1.08358,40365.64
2024-11-01 20:00:00,1.08359,1.0837,1.08317,1.08327,8644.44
2024-11-03 20:00:00,1.08778,1.08811,1.08719,1.08727,11347.11
2024-11-04 00:00:00,1.08728,1.09049,1.08699,1.09015,49880.87
2024-11-04 04:00:00,1.09015,1.0903,1.08871,1.08912,50202.82
2024-11-04 08:00:00,1.08913,1.0914,1.08892,1.09134,45056.55
2024-11-04 12:00:00,1.09133,1.09147,1.08933,1.08992,71367.33
2024-11-04 16:00:00,1.08992,1.09009,1.08777,1.08788,39068.36
2024-11-04 20:00:00,1.08788,1.08814,1.08733,1.08735,10397.2
2024-11-05 00:00:00,1.08736,1.08797,1.08724,1.08757,21963.47
2024-11-05 04:00:00,1.08757,1.08907,1.08743,1.08886,24700.84
2024-11-05 08:00:00,1.08888,1.09017,1.08842,1.08994,36761.14
2024-11-05 12:00:00,1.08994,1.09122,1.08894,1.0902,56623.22
2024-11-05 16:00:00,1.09021,1.09365,1.09011,1.0931,43867.01
2024-11-05 20:00:00,1.09311,1.09369,1.09118,1.09339,17878.28
2024-11-06 00:00:00,1.09338,1.09339,1.0719,1.07464,231875.91
2024-11-06 04:00:00,1.07463,1.07944,1.07027,1.07342,193984.17
2024-11-06 08:00:00,1.07342,1.07812,1.07011,1.0708,135750.36
2024-11-06 12:00:00,1.07081,1.07397,1.06824,1.07383,159353.07
2024-11-06 16:00:00,1.07383,1.0758,1.07257,1.07351,83806.21
2024-11-06 20:00:00,1.07352,1.07384,1.07249,1.07315,22370.04
2024-11-07 00:00:00,1.07316,1.07413,1.07129,1.07398,42302.01
2024-11-07 04:00:00,1.07398,1.07701,1.07341,1.0752,42686.64
2024-11-07 08:00:00,1.07522,1.07716,1.07459,1.07589,71010.27
2024-11-07 12:00:00,1.0759,1.08247,1.07566,1.0811,103646.03
2024-11-07 16:00:00,1.0811,1.08149,1.07669,1.07817,96133.19
2024-11-07 20:00:00,1.07819,1.08094,1.078,1.07954,36567.65
2024-11-08 00:00:00,1.07954,1.07973,1.07769,1.07781,48368.09
2024-11-08 04:00:00,1.07781,1.07863,1.07727,1.07796,43516.37
2024-11-08 08:00:00,1.07796,1.07974,1.07609,1.07829,81579.25
2024-11-08 12:00:00,1.07831,1.07843,1.07402,1.07483,88707.06
2024-11-08 16:00:00,1.07483,1.07502,1.06868,1.07136,75647.25
2024-11-08 20:00:00,1.07136,1.07214,1.07103,1.07182,24093.39
2024-11-10 20:00:00,1.07093,1.07169,1.07075,1.07132,6688.48
2024-11-11 00:00:00,1.07131,1.07277,1.07087,1.07167,27667.44
2024-11-11 04:00:00,1.07167,1.07221,1.06858,1.06899,29503.829999999998
2024-11-11 08:00:00,1.069,1.06942,1.06557,1.06624,57815.8
2024-11-11 12:00:00,1.06628,1.06645,1.06286,1.06473,62380.01
2024-11-11 16:00:00,1.06473,1.06573,1.06448,1.06511,29392.67
2024-11-11 20:00:00,1.06512,1.06631,1.06512,1.06631,10921.69
2024-11-12 00:00:00,1.0663,1.06631,1.0638,1.06382,43582.38
2024-11-12 04:00:00,1.06382,1.06457,1.06214,1.0632,45442.75
2024-11-12 08:00:00,1.06319,1.06341,1.06111,1.06188,62022.19
2024-11-12 12:00:00,1.06188,1.06272,1.06019,1.06089,79376.73
2024-11-12 16:00:00,1.0609,1.06185,1.05951,1.06124,51652.48
2024-11-12 20:00:00,1.06124,1.06266,1.06094,1.06166,18391.08
2024-11-13 00:00:00,1.06166,1.06294,1.06109,1.06191,15728.2
2024-11-13 04:00:00,1.0619,1.06225,1.06024,1.0603,19763.69
2024-11-13 08:00:00,1.06029,1.0638,1.05933,1.06375,36096.78
2024-11-13 12:00:00,1.06375,1.0654,1.05556,1.05886,149877.84
2024-11-13 16:00:00,1.05887,1.0592,1.05564,1.05655,63641.39
2024-11-13 20:00:00,1.05655,1.05688,1.05577,1.05657,14990.9992
2024-11-14 00:00:00,1.05656,1.05686,1.05454,1.05477,38969.99
2024-11-14 04:00:00,1.05477,1.05546,1.05339,1.0551,40588.52
2024-11-14 08:00:00,1.0551,1.05579,1.0496,1.05288,65740.57
2024-11-14 12:00:00,1.0529,1.05777,1.05134,1.05748,124450.92
2024-11-14 16:00:00,1.05747,1.05825,1.05433,1.05477,54104.78
2024-11-14 20:00:00,1.05478,1.05489,1.05119,1.05295,54492.9144
2024-11-15 00:00:00,1.05295,1.05459,1.05236,1.05402,43385.23
2024-11-15 04:00:00,1.05402,1.05639,1.05336,1.05565,39657.61
2024-11-15 08:00:00,1.05566,1.05799,1.05523,1.05772,54464.54
2024-11-15 12:00:00,1.05771,1.0593,1.05231,1.05352,129956.9
2024-11-15 16:00:00,1.05351,1.056,1.0533,1.05371,80563.98
2024-11-15 20:00:00,1.05371,1.05404,1.05163,1.05394,17353.06
2024-11-17 20:00:00,1.0528,1.05384,1.0528,1.05362,4535.42
2024-11-18 00:00:00,1.05362,1.05505,1.05302,1.05341,27120.33
2024-11-18 04:00:00,1.0534,1.05482,1.05334,1.05472,22488.21
2024-11-18 08:00:00,1.05472,1.05711,1.05325,1.05423,63390.74
2024-11-18 12:00:00,1.05424,1.05754,1.05346,1.05736,70844.71
2024-11-18 16:00:00,1.05735,1.06071,1.05652,1.05908,45438.7
2024-11-18 20:00:00,1.05907,1.06004,1.0589,1.05945,11861.86
2024-11-19 00:00:00,1.05945,1.06007,1.05871,1.05967,36025.32
2024-11-19 04:00:00,1.05969,1.06007,1.05744,1.05775,40269.37
2024-11-19 08:00:00,1.05774,1.0588,1.05233,1.05619,119645.84
2024-11-19 12:00:00,1.0562,1.0601,1.05595,1.05866,108577.59
2024-11-19 16:00:00,1.05867,1.05952,1.05708,1.05936,54262.72
2024-11-19 20:00:00,1.05935,1.0608,1.05859,1.0607,16314.36
2024-11-20 00:00:00,1.0607,1.06097,1.05883,1.05897,29284.39
2024-11-20 04:00:00,1.05896,1.05954,1.05765,1.05783,41064.409999999996
2024-11-20 08:00:00,1.05782,1.0579,1.05421,1.05543,67437.14
2024-11-20 12:00:00,1.05545,1.05679,1.05159,1.05214,75323.93
2024-11-20 16:00:00,1.05215,1.05423,1.05068,1.05395,54752.07
2024-11-20 20:00:00,1.05393,1.05459,1.05362,1.05456,15739.34
2024-11-21 00:00:00,1.05457,1.05531,1.05424,1.0553,27436.9
2024-11-21 04:00:00,1.05531,1.05548,1.05295,1.05364,51109.2
2024-11-21 08:00:00,1.05365,1.05432,1.05138,1.052,73916.53
2024-11-21 12:00:00,1.052,1.05447,1.05089,1.05103,101723.35
2024-11-21 16:00:00,1.05103,1.05146,1.04645,1.04844,74300.39
2024-11-21 20:00:00,1.04843,1.04867,1.04676,1.0469,14215.39
2024-11-22 00:00:00,1.04689,1.04782,1.04663,1.0475,35246.03
2024-11-22 04:00:00,1.0475,1.04892,1.04615,1.04861,43504.07
2024-11-22 08:00:00,1.04861,1.04981,1.03325,1.04165,122401.53
2024-11-22 12:00:00,1.04167,1.04346,1.03951,1.04106,120807.09
2024-11-22 16:00:00,1.04107,1.04254,1.03919,1.04109,51522.59
2024-11-22 20:00:00,1.04108,1.04201,1.0408,1.04193,11582.83
2024-11-24 20:00:00,1.04806,1.05013,1.04618,1.04793,23692.89
2024-11-25 00:00:00,1.04792,1.049,1.04735,1.04778,54777.53
2024-11-25 04:00:00,1.04778,1.04895,1.04498,1.04504,50719.82
2024-11-25 08:00:00,1.04505,1.0497,1.0449,1.04793,97903.03
2024-11-25 12:00:00,1.04794,1.05303,1.0474,1.04884,120185.26
2024-11-25 16:00:00,1.04884,1.05107,1.04667,1.05055,55362.04
2024-11-25 20:00:00,1.05052,1.05093,1.04428,1.04437,32036.89
2024-11-26 00:00:00,1.04437,1.04801,1.0425,1.04779,93536.08
2024-11-26 04:00:00,1.04779,1.04904,1.0472,1.0472,54023.37
2024-11-26 08:00:00,1.0472,1.05209,1.047,1.05132,90860.37
2024-11-26 12:00:00,1.05132,1.05447,1.04786,1.04796,118792.35
2024-11-26 16:00:00,1.04796,1.04862,1.04571,1.04727,73301.86
2024-11-26 20:00:00,1.04727,1.0492,1.04717,1.04918,19448.43
2024-11-27 00:00:00,1.04918,1.04964,1.04777,1.04829,37235.95
2024-11-27 04:00:00,1.04829,1.05052,1.04744,1.04982,36020.1
2024-11-27 08:00:00,1.04982,1.05402,1.04961,1.05261,101021.67
2024-11-27 12:00:00,1.05261,1.05797,1.05199,1.05706,119603.61
2024-11-27 16:00:00,1.05706,1.05876,1.05549,1.05628,60454.79
2024-11-27 20:00:00,1.05628,1.05692,1.05593,1.05619,17780.86
2024-11-28 00:00:00,1.05619,1.05627,1.05473,1.05522,32725.81
2024-11-28 04:00:00,1.05524,1.0558,1.05319,1.05415,35311.7
2024-11-28 08:00:00,1.05414,1.05563,1.05275,1.055,89787.19
2024-11-28 12:00:00,1.05498,1.0557,1.05302,1.05525,65952.75
2024-11-28 16:00:00,1.05524,1.05568,1.05475,1.05566,14565.28
2024-11-28 20:00:00,1.05566,1.05621,1.05502,1.056,6515.2
2024-11-29 00:00:00,1.05601,1.0576,1.05564,1.05736,37697.01
2024-11-29 04:00:00,1.05736,1.05971,1.05652,1.05795,44541.68
2024-11-29 08:00:00,1.05794,1.0582,1.05518,1.05625,95273.5
2024-11-29 12:00:00,1.05626,1.05684,1.05454,1.05612,101005.16
2024-11-29 16:00:00,1.05612,1.058,1.05414,1.05795,70072.02
2024-11-29 20:00:00,1.05796,1.05843,1.05747,1.05748,21015.27
2024-12-01 20:00:00,1.05711,1.05733,1.05336,1.05439,11421.03
2024-12-02 00:00:00,1.05439,1.05463,1.052,1.05235,47651.91
2024-12-02 04:00:00,1.05235,1.0537,1.05018,1.05027,64798.6
2024-12-02 08:00:00,1.05027,1.05288,1.04959,1.05229,88718.83
2024-12-02 12:00:00,1.05229,1.05382,1.0462,1.0469,128527.18
2024-12-02 16:00:00,1.04691,1.04989,1.04607,1.04903,70340.91
2024-12-02 20:00:00,1.04902,1.05158,1.04887,1.05008,32292.04
2024-12-03 00:00:00,1.05008,1.05014,1.04823,1.04903,52238.89
2024-12-03 04:00:00,1.04903,1.05115,1.04807,1.0498,44234.29
2024-12-03 08:00:00,1.04981,1.05307,1.04972,1.05226,79944.17
2024-12-03 12:00:00,1.05225,1.0529,1.0492,1.05166,96300.49
2024-12-03 16:00:00,1.05165,1.0535,1.05031,1.05045,65937.3
2024-12-03 20:00:00,1.05045,1.05126,1.05028,1.05099,17916.47
2024-12-04 00:00:00,1.05098,1.05125,1.04879,1.04936,44419.04
2024-12-04 04:00:00,1.04936,1.05289,1.04908,1.0509,48663.36
2024-12-04 08:00:00,1.0509,1.05148,1.04825,1.05048,76063.91
2024-12-04 12:00:00,1.05047,1.05439,1.04723,1.05294,120391.78
2024-12-04 16:00:00,1.05293,1.05425,1.05072,1.05138,77932.81
2024-12-04 20:00:00,1.05138,1.05173,1.05049,1.05123,16643.2
2024-12-05 00:00:00,1.05124,1.05232,1.05081,1.05229,32770.88
2024-12-05 04:00:00,1.05228,1.05386,1.05171,1.05353,34427.9
2024-12-05 08:00:00,1.05352,1.05463,1.05213,1.05364,59776.99
2024-12-05 12:00:00,1.05364,1.05896,1.05237,1.05722,95528.32
2024-12-05 16:00:00,1.05721,1.05886,1.0557,1.05873,66935.77
2024-12-05 20:00:00,1.05873,1.05883,1.0581,1.05865,17844.92
2024-12-06 00:00:00,1.05864,1.05864,1.05659,1.05759,39983.51
2024-12-06 04:00:00,1.05759,1.05845,1.05674,1.05836,31063.51
2024-12-06 08:00:00,1.05837,1.0594,1.05713,1.05869,51621.09
2024-12-06 12:00:00,1.05869,1.06298,1.05441,1.05633,138403.04
2024-12-06 16:00:00,1.05633,1.05754,1.05423,1.05543,55739.36
2024-12-06 20:00:00,1.05544,1.05694,1.0554,1.05673,11322.23
2024-12-08 20:00:00,1.05544,1.05692,1.05544,1.05656,5853.05
2024-12-09 00:00:00,1.05657,1.05659,1.05366,1.05372,33294.84
2024-12-09 04:00:00,1.05373,1.05664,1.0532,1.05642,42546.84
2024-12-09 08:00:00,1.05641,1.05853,1.05566,1.05688,70742.0
2024-12-09 12:00:00,1.05688,1.05928,1.05578,1.05911,72863.32
2024-12-09 16:00:00,1.05912,1.05944,1.05516,1.05552,32672.8
2024-12-09 20:00:00,1.05552,1.05576,1.05471,1.05541,14557.71
2024-12-10 00:00:00,1.05542,1.05614,1.05452,1.05564,40593.6
2024-12-10 04:00:00,1.05566,1.0568,1.05469,1.05488,34904.29
2024-12-10 08:00:00,1.05487,1.05515,1.0523,1.05312,56745.41
2024-12-10 12:00:00,1.05313,1.05337,1.04984,1.05037,70270.22
2024-12-10 16:00:00,1.05039,1.05312,1.04997,1.05268,40732.44
2024-12-10 20:00:00,1.05267,1.05318,1.05236,1.05311,11357.44
2024-12-11 00:00:00,1.05312,1.05393,1.05276,1.05282,30944.69
2024-12-11 04:00:00,1.05281,1.05303,1.0488,1.04899,49502.840000000004
2024-12-11 08:00:00,1.049,1.05124,1.0487,1.05033,66756.33
2024-12-11 12:00:00,1.05033,1.05373,1.04802,1.04906,115388.04
2024-12-11 16:00:00,1.04907,1.05119,1.04816,1.04911,57221.86
2024-12-11 20:00:00,1.04912,1.05064,1.04882,1.05053,11798.1
2024-12-12 00:00:00,1.05054,1.05087,1.05009,1.05053,9254.02
2024-12-12 04:00:00,1.05052,1.05308,1.05034,1.05163,18260.29
2024-12-12 08:00:00,1.05162,1.05207,1.04942,1.05025,35275.25
2024-12-12 12:00:00,1.05025,1.05209,1.04637,1.04728,101031.11
2024-12-12 16:00:00,1.04727,1.05174,1.04718,1.04726,68613.47
2024-12-12 20:00:00,1.04725,1.04746,1.04641,1.04736,15189.35
2024-12-13 00:00:00,1.04736,1.04808,1.04595,1.04602,21749.36
2024-12-13 04:00:00,1.04602,1.04661,1.04531,1.04592,15611.07
2024-12-13 08:00:00,1.04592,1.04958,1.04562,1.04887,41606.34
2024-12-13 12:00:00,1.04887,1.05241,1.04822,1.0489,48982.25
2024-12-13 16:00:00,1.0489,1.0506,1.04868,1.04946,40978.86
2024-12-13 20:00:00,1.04949,1.05045,1.04927,1.05017,8497.42
2024-12-15 20:00:00,1.04854,1.05107,1.04847,1.05096,8104.372
2024-12-16 00:00:00,1.05095,1.05228,1.05091,1.05117,30065.24
2024-12-16 04:00:00,1.05119,1.05214,1.05043,1.05048,29034.61
2024-12-16 08:00:00,1.05048,1.05247,1.04833,1.04906,54290.11
2024-12-16 12:00:00,1.04906,1.05127,1.04745,1.05065,53298.61
2024-12-16 16:00:00,1.05066,1.05226,1.04951,1.05099,31670.3
2024-12-16 20:00:00,1.05099,1.05185,1.05066,1.0517,7574.4927
2024-12-17 00:00:00,1.0517,1.05343,1.05113,1.05122,14437.51
2024-12-17 04:00:00,1.05123,1.05125,1.04956,1.04975,16299.3
2024-12-17 08:00:00,1.04974,1.05003,1.0479,1.04913,41799.81
2024-12-17 12:00:00,1.04913,1.05115,1.04882,1.04989,43050.98
2024-12-17 16:00:00,1.04989,1.05159,1.04879,1.04883,26727.53
2024-12-17 20:00:00,1.04883,1.04952,1.04851,1.04944,6602.15
2024-12-18 00:00:00,1.04943,1.05037,1.04928,1.0499,11607.45
2024-12-18 04:00:00,1.04989,1.05127,1.04935,1.04968,13974.27
2024-12-18 08:00:00,1.04967,1.05034,1.04874,1.04966,23603.56
2024-12-18 12:00:00,1.04966,1.05032,1.047,1.04738,48870.590000000004
2024-12-18 16:00:00,1.04738,1.04924,1.03732,1.03774,58601.2
2024-12-18 20:00:00,1.03774,1.03803,1.03439,1.03506,38445.44
2024-12-19 00:00:00,1.03506,1.03909,1.03504,1.03782,22149.89
2024-12-19 04:00:00,1.03781,1.04094,1.03749,1.03949,24735.44
2024-12-19 08:00:00,1.03949,1.04222,1.03904,1.04034,52989.31
2024-12-19 12:00:00,1.04035,1.04139,1.03767,1.03799,90979.8
2024-12-19 16:00:00,1.03798,1.03843,1.03545,1.03613,66996.32
2024-12-19 20:00:00,1.03614,1.03691,1.03586,1.03643,13794.25
2024-12-20 00:00:00,1.03644,1.03692,1.03587,1.03618,14656.02
2024-12-20 04:00:00,1.03619,1.03853,1.03429,1.03828,22938.53
2024-12-20 08:00:00,1.03828,1.03983,1.03759,1.03915,51026.47
2024-12-20 12:00:00,1.03916,1.0419,1.0386,1.03967,90104.76
2024-12-20 16:00:00,1.03967,1.04474,1.03959,1.04447,80087.07
2024-12-20 20:00:00,1.04446,1.04471,1.04219,1.04254,16528.66
2024-12-22 20:00:00,1.04308,1.04451,1.04279,1.04336,7548.82
2024-12-23 00:00:00,1.04335,1.04431,1.04268,1.04392,13972.4
2024-12-23 04:00:00,1.04391,1.04452,1.04112,1.04127,27439.27
2024-12-23 08:00:00,1.04126,1.04195,1.03867,1.03999,50178.74
2024-12-23 12:00:00,1.03999,1.04084,1.03842,1.03908,78619.98
2024-12-23 16:00:00,1.03908,1.04179,1.03893,1.04114,32007.28
2024-12-23 20:00:00,1.04113,1.04141,1.0403,1.0404,7917.18
2024-12-24 00:00:00,1.04041,1.04086,1.03887,1.03908,7958.76
2024-12-24 04:00:00,1.03909,1.03985,1.03903,1.03904,17329.98
2024-12-24 08:00:00,1.03906,1.04055,1.03891,1.03947,36263.71
2024-12-24 12:00:00,1.03949,1.04098,1.0389,1.03917,48362.17
2024-12-24 16:00:00,1.03916,1.03977,1.03835,1.0393,26684.14
2024-12-24 20:00:00,1.03934,1.04031,1.0386,1.03952,8760.63
2024-12-25 00:00:00,1.03952,1.04106,1.03952,1.0405,364.05
2024-12-25 04:00:00,1.04051,1.04083,1.0397,1.04004,570.03
2024-12-25 20:00:00,1.04012,1.04055,1.03951,1.03991,4920.82
2024-12-26 00:00:00,1.0399,1.04042,1.0393,1.04009,12144.37
2024-12-26 04:00:00,1.04007,1.04027,1.03905,1.03976,14987.48
2024-12-26 08:00:00,1.03975,1.0403,1.03914,1.04012,15896.44
2024-12-26 12:00:00,1.04011,1.04151,1.03926,1.04089,47596.94
2024-12-26 16:00:00,1.04089,1.04301,1.04063,1.04175,36111.55
2024-12-26 20:00:00,1.04175,1.04241,1.04146,1.04216,16883.8474
2024-12-27 00:00:00,1.04216,1.04237,1.04065,1.04125,13548.01
2024-12-27 04:00:00,1.04126,1.04248,1.04049,1.04218,26814.12
2024-12-27 08:00:00,1.04217,1.04407,1.0409,1.04386,49501.62
2024-12-27 12:00:00,1.04387,1.0444,1.04157,1.04219,75805.92
2024-12-27 16:00:00,1.04219,1.04324,1.04144,1.04282,46879.45
2024-12-27 20:00:00,1.04283,1.04283,1.04216,1.04225,10840.9
2024-12-29 20:00:00,1.04247,1.04346,1.04247,1.04292,3144.25
2024-12-30 00:00:00,1.04297,1.04311,1.04208,1.04245,8258.48
2024-12-30 04:00:00,1.04245,1.04314,1.04209,1.04267,23053.51
2024-12-30 08:00:00,1.04266,1.04521,1.04093,1.04479,57571.88
2024-12-30 12:00:00,1.0448,1.04583,1.03717,1.03804,86217.39
2024-12-30 16:00:00,1.03803,1.0407,1.03747,1.03965,35117.86
2024-12-30 20:00:00,1.03966,1.04071,1.03951,1.04056,9061.42
2024-12-31 00:00:00,1.04057,1.04148,1.03969,1.04085,12395.73
2024-12-31 04:00:00,1.04084,1.04129,1.03996,1.04118,12254.0
2024-12-31 08:00:00,1.0412,1.04243,1.04051,1.04103,33694.25
2024-12-31 12:00:00,1.04103,1.04143,1.03525,1.03547,76535.14
2024-12-31 16:00:00,1.03548,1.03646,1.0344,1.03547,30184.98
2024-12-31 20:00:00,1.03547,1.0363,1.03526,1.03526,4499.56
2025-01-01 20:00:00,1.03503,1.03577,1.03462,1.03507,5890.59
2025-01-02 00:00:00,1.03508,1.0374,1.03442,1.03715,14326.72
2025-01-02 04:00:00,1.03716,1.03756,1.03599,1.03627,18505.16
2025-01-02 08:00:00,1.03628,1.03709,1.03135,1.03321,39017.840000000004
2025-01-02 12:00:00,1.03321,1.03342,1.02725,1.02741,79600.81
2025-01-02 16:00:00,1.0274,1.02762,1.02237,1.0251,49370.74
2025-01-02 20:00:00,1.02511,1.02687,1.02506,1.02678,8403.71
2025-01-03 00:00:00,1.02679,1.02745,1.02659,1.02707,8075.21
2025-01-03 04:00:00,1.02706,1.02847,1.02646,1.02807,12555.57
2025-01-03 08:00:00,1.02806,1.03028,1.02729,1.02972,38281.09
2025-01-03 12:00:00,1.02971,1.03057,1.02729,1.02891,41148.37
2025-01-03 16:00:00,1.02891,1.03059,1.02835,1.03012,23764.22
2025-01-03 20:00:00,1.03011,1.03099,1.02987,1.03066,5045.42
2025-01-05 20:00:00,1.03015,1.0308,1.02932,1.03051,2260.84
2025-01-06 00:00:00,1.03051,1.03182,1.02955,1.03163,11177.26
2025-01-06 04:00:00,1.03162,1.03284,1.03076,1.03272,13221.84
2025-01-06 08:00:00,1.03274,1.04325,1.03267,1.04217,57211.61
2025-01-06 12:00:00,1.04218,1.04367,1.03527,1.03935,102974.76
2025-01-06 16:00:00,1.03936,1.04027,1.0377,1.03882,45548.89
2025-01-06 20:00:00,1.03883,1.03921,1.03816,1.03831,9135.41
2025-01-07 00:00:00,1.03831,1.03929,1.03761,1.03927,10662.9
2025-01-07 04:00:00,1.03927,1.04244,1.03905,1.04145,15833.82
2025-01-07 08:00:00,1.04147,1.04343,1.04031,1.04133,42823.77
2025-01-07 12:00:00,1.04134,1.04168,1.03551,1.03727,121884.03
2025-01-07 16:00:00,1.03727,1.03811,1.03493,1.03551,55354.28
2025-01-07 20:00:00,1.0355,1.0356,1.03388,1.03415,17001.73
2025-01-08 00:00:00,1.03416,1.03547,1.03416,1.03477,23560.34
2025-01-08 04:00:00,1.03476,1.03575,1.03285,1.03324,35058.04
2025-01-08 08:00:00,1.03324,1.03397,1.02731,1.02976,81560.45
2025-01-08 12:00:00,1.02975,1.03098,1.02808,1.03016,114442.75
2025-01-08 16:00:00,1.03017,1.03242,1.02944,1.0309,50805.18
2025-01-08 20:00:00,1.03091,1.03196,1.03079,1.03132,6767.83
2025-01-09 00:00:00,1.03133,1.03214,1.03049,1.0311,22710.99
2025-01-09 04:00:00,1.03109,1.03125,1.02877,1.02909,35221.92
2025-01-09 08:00:00,1.0291,1.03175,1.02836,1.03011,68151.67
2025-01-09 12:00:00,1.03011,1.0319,1.02947,1.02992,48316.83
2025-01-09 16:00:00,1.02993,1.03024,1.0291,1.02979,26147.71
2025-01-09 20:00:00,1.0298,1.03035,1.02956,1.02964,7686.15
2025-01-10 00:00:00,1.02965,1.03044,1.0292,1.02985,7785.45
2025-01-10 04:00:00,1.02983,1.02998,1.02811,1.0297,23727.56
2025-01-10 08:00:00,1.02971,1.03118,1.02927,1.03016,50798.63
2025-01-10 12:00:00,1.03016,1.03118,1.02127,1.02503,128756.21
2025-01-10 16:00:00,1.02503,1.02511,1.02275,1.02454,47049.61
2025-01-10 20:00:00,1.02454,1.02488,1.0237,1.024,12186.66
2025-01-12 20:00:00,1.02357,1.02468,1.02357,1.02429,5847.32
2025-01-13 00:00:00,1.0243,1.02499,1.02128,1.02153,36799.69
2025-01-13 04:00:00,1.02154,1.02248,1.02074,1.02152,45018.79
2025-01-13 08:00:00,1.02151,1.02312,1.01772,1.01958,74096.88
2025-01-13 12:00:00,1.01958,1.02207,1.01878,1.01968,52198.94
2025-01-13 16:00:00,1.01969,1.02213,1.01916,1.02071,25888.33
2025-01-13 20:00:00,1.02071,1.02774,1.02069,1.02639,14508.08
2025-01-14 00:00:00,1.02637,1.02637,1.02384,1.02486,19224.61
2025-01-14 04:00:00,1.02485,1.0266,1.02422,1.02543,18919.23
2025-01-14 08:00:00,1.02544,1.02748,1.02519,1.0254,35970.73
2025-01-14 12:00:00,1.0254,1.02958,1.02394,1.02949,85050.4
2025-01-14 16:00:00,1.02948,1.03054,1.0279,1.02981,27313.01
2025-01-14 20:00:00,1.02981,1.03086,1.02965,1.03062,8783.42
2025-01-15 00:00:00,1.03061,1.03061,1.02953,1.03019,11283.119999999999
2025-01-15 04:00:00,1.03019,1.03081,1.02866,1.03058,20304.829999999998
2025-01-15 08:00:00,1.03058,1.03171,1.02942,1.03011,40904.14
2025-01-15 12:00:00,1.0301,1.03544,1.02934,1.03061,107435.56
2025-01-15 16:00:00,1.0306,1.03077,1.0259,1.02932,44361.69
2025-01-15 20:00:00,1.02931,1.02988,1.0288,1.0295,8734.51
2025-01-16 00:00:00,1.0295,1.02998,1.02845,1.02888,15343.29
2025-01-16 04:00:00,1.02888,1.03014,1.02809,1.02975,24187.53
2025-01-16 08:00:00,1.02976,1.02999,1.02816,1.02901,51913.89
2025-01-16 12:00:00,1.029,1.03056,1.02604,1.03008,95052.78
2025-01-16 16:00:00,1.03009,1.03149,1.02861,1.03019,53230.92
2025-01-16 20:00:00,1.03017,1.03042,1.02966,1.03014,9836.42
2025-01-17 00:00:00,1.03012,1.03093,1.02979,1.03005,12886.789999999999
2025-01-17 04:00:00,1.03005,1.03009,1.02776,1.02844,25655.15
2025-01-17 08:00:00,1.02844,1.031,1.02844,1.03045,43217.79
2025-01-17 12:00:00,1.03045,1.03306,1.02652,1.02989,92535.83
2025-01-17 16:00:00,1.02988,1.03003,1.02727,1.02761,50053.16
2025-01-17 20:00:00,1.02762,1.02815,1.02681,1.0271,10479.26
2025-01-19 20:00:00,1.02792,1.02812,1.02663,1.02804,7298.3
2025-01-20 00:00:00,1.02805,1.03064,1.02782,1.03062,33654.59
2025-01-20 04:00:00,1.03063,1.03188,1.02994,1.03167,25003.9
2025-01-20 08:00:00,1.03167,1.03263,1.0305,1.0326,48975.63
2025-01-20 12:00:00,1.03261,1.043,1.03077,1.04003,82790.18
2025-01-20 16:00:00,1.04005,1.0423,1.03534,1.04207,27497.76
2025-01-20 20:00:00,1.04206,1.04342,1.04097,1.04208,15305.72
2025-01-21 00:00:00,1.04209,1.04343,1.03528,1.03874,54558.3
2025-01-21 04:00:00,1.03874,1.03989,1.03651,1.03734,19558.02
2025-01-21 08:00:00,1.03734,1.03734,1.0342,1.03533,41369.22
2025-01-21 12:00:00,1.03532,1.04104,1.03456,1.04006,52257.26
2025-01-21 16:00:00,1.04005,1.04353,1.03984,1.04179,26596.64
2025-01-21 20:00:00,1.04178,1.04334,1.03921,1.04057,17741.52
2025-01-22 00:00:00,1.04057,1.04245,1.04057,1.04119,15748.59
2025-01-22 04:00:00,1.04119,1.04213,1.03998,1.04117,17722.43
2025-01-22 08:00:00,1.04117,1.04573,1.04095,1.04427,45168.64
2025-01-22 12:00:00,1.04426,1.04457,1.04141,1.04199,55263.89
2025-01-22 16:00:00,1.04198,1.04227,1.04117,1.04201,26308.07
2025-01-22 20:00:00,1.042,1.04228,1.04052,1.04077,13401.6
2025-01-23 00:00:00,1.04076,1.04158,1.03967,1.04088,17832.13
2025-01-23 04:00:00,1.04086,1.04127,1.03899,1.04,19889.53
2025-01-23 08:00:00,1.03999,1.04203,1.03902,1.04031,33969.85
2025-01-23 12:00:00,1.04032,1.04179,1.03869,1.03972,52425.03
2025-01-23 16:00:00,1.03973,1.04378,1.03719,1.04227,47799.08
2025-01-23 20:00:00,1.04227,1.04289,1.04126,1.04156,11549.14
2025-01-24 00:00:00,1.04155,1.04537,1.04115,1.0446,29855.87
2025-01-24 04:00:00,1.04459,1.04708,1.04434,1.04608,30464.56
2025-01-24 08:00:00,1.04608,1.0515,1.04577,1.04859,48035.68
2025-01-24 12:00:00,1.04858,1.05206,1.04636,1.05162,52468.93
2025-01-24 16:00:00,1.05162,1.05213,1.0492,1.04952,31212.27
2025-01-24 20:00:00,1.04952,1.04972,1.04881,1.04919,5928.58
2025-01-26 20:00:00,1.04763,1.04851,1.04651,1.04673,4930.96
2025-01-27 00:00:00,1.04673,1.04787,1.04588,1.04684,22292.24
2025-01-27 04:00:00,1.04685,1.04711,1.04539,1.0457,26391.86
2025-01-27 08:00:00,1.04568,1.0518,1.04543,1.05129,62517.68
2025-01-27 12:00:00,1.05129,1.0533,1.04938,1.04989,66585.36
2025-01-27 16:00:00,1.04989,1.05076,1.04791,1.04925,42684.6
2025-01-27 20:00:00,1.04926,1.04942,1.04283,1.04369,29450.22
2025-01-28 00:00:00,1.04369,1.04564,1.04244,1.04292,29442.12
2025-01-28 04:00:00,1.04291,1.04442,1.04254,1.04341,20287.43
2025-01-28 08:00:00,1.04341,1.04441,1.04194,1.04232,35836.94
2025-01-28 12:00:00,1.04235,1.04409,1.04137,1.0424,47994.56
2025-01-28 16:00:00,1.04241,1.04381,1.04224,1.04348,37808.409999999996
2025-01-28 20:00:00,1.04349,1.04354,1.04237,1.04271,12097.26
2025-01-29 00:00:00,1.04272,1.0439,1.04256,1.04372,16031.11
2025-01-29 04:00:00,1.04373,1.04434,1.04131,1.04158,19675.53
2025-01-29 08:00:00,1.04168,1.04303,1.03947,1.04014,34021.85
2025-01-29 12:00:00,1.04014,1.0427,1.03822,1.04193,48243.51
2025-01-29 16:00:00,1.04193,1.04288,1.03883,1.0416,61497.19
2025-01-29 20:00:00,1.04157,1.04271,1.04048,1.04245,28720.37
2025-01-30 00:00:00,1.04244,1.04288,1.04188,1.04252,10505.11
2025-01-30 04:00:00,1.04251,1.04276,1.04093,1.04236,16042.3
2025-01-30 08:00:00,1.04237,1.04288,1.03911,1.03917,38345.58
2025-01-30 12:00:00,1.03917,1.04677,1.03901,1.04311,61513.32
2025-01-30 16:00:00,1.04313,1.04346,1.04093,1.0428,25650.65
2025-01-30 20:00:00,1.04281,1.04322,1.0385,1.03966,37416.24
2025-01-31 00:00:00,1.03968,1.04022,1.03768,1.03848,19168.85
2025-01-31 04:00:00,1.03848,1.04125,1.03826,1.0404,19239.17
2025-01-31 08:00:00,1.04039,1.04066,1.03652,1.03757,40837.77
2025-01-31 12:00:00,1.03758,1.04006,1.03601,1.03962,61210.37
2025-01-31 16:00:00,1.03964,1.0434,1.03614,1.03763,69690.9
2025-01-31 20:00:00,1.03763,1.0387,1.03496,1.03602,23218.7108
2025-02-02 20:00:00,1.02327,1.02698,1.02324,1.02467,21261.3
2025-02-03 00:00:00,1.02467,1.02671,1.02103,1.02211,46875.44
2025-02-03 04:00:00,1.02211,1.02515,1.02203,1.02247,32122.49
2025-02-03 08:00:00,1.02248,1.02557,1.02126,1.02522,35080.74
2025-02-03 12:00:00,1.02521,1.03351,1.02434,1.03161,81202.72
2025-02-03 16:00:00,1.03162,1.03212,1.02699,1.02843,59385.69
2025-02-03 20:00:00,1.02844,1.03503,1.02826,1.03279,19830.85
2025-02-04 00:00:00,1.03279,1.03309,1.03083,1.03146,22303.89
2025-02-04 04:00:00,1.03148,1.03171,1.02721,1.0311,30081.72
2025-02-04 08:00:00,1.03111,1.03494,1.03087,1.03221,33273.95
2025-02-04 12:00:00,1.0322,1.03857,1.03201,1.03799,47156.57
2025-02-04 16:00:00,1.038,1.03872,1.03656,1.03816,32742.68
2025-02-04 20:00:00,1.03817,1.03874,1.03707,1.03712,10048.66
2025-02-05 00:00:00,1.03712,1.03864,1.03696,1.03794,21532.72
2025-02-05 04:00:00,1.03795,1.04096,1.03732,1.04025,21346.54
2025-02-05 08:00:00,1.04024,1.04304,1.03899,1.04147,36225.14
2025-02-05 12:00:00,1.04144,1.04424,1.04013,1.04221,49911.93
2025-02-05 16:00:00,1.0422,1.04245,1.04044,1.04069,23729.92
2025-02-05 20:00:00,1.04068,1.04069,1.03959,1.03985,9087.92
2025-02-06 00:00:00,1.03985,1.04053,1.03895,1.03918,15460.88
2025-02-06 04:00:00,1.03918,1.03937,1.03779,1.03799,16531.59
2025-02-06 08:00:00,1.03798,1.03808,1.03557,1.03617,28506.7
2025-02-06 12:00:00,1.03619,1.03762,1.03523,1.03692,43817.29
2025-02-06 16:00:00,1.03692,1.03964,1.03657,1.03845,26264.75
2025-02-06 20:00:00,1.03844,1.03906,1.03815,1.0385,6723.5245
2025-02-07 00:00:00,1.03849,1.03909,1.03741,1.03796,18733.78
2025-02-07 04:00:00,1.03796,1.03899,1.03724,1.03891,17952.02
2025-02-07 08:00:00,1.0389,1.03997,1.03773,1.03822,24606.4
2025-02-07 12:00:00,1.03822,1.04124,1.03271,1.03551,64420.4594
2025-02-07 16:00:00,1.0355,1.03608,1.03049,1.03322,54002.840000000004
2025-02-07 20:00:00,1.03322,1.03381,1.03214,1.0326,8543.4
2025-02-09 20:00:00,1.02918,1.03134,1.02839,1.03095,8759.44
2025-02-10 00:00:00,1.03096,1.03183,1.02985,1.03114,20469.59
2025-02-10 04:00:00,1.03114,1.03253,1.03098,1.03128,15326.98
2025-02-10 08:00:00,1.03129,1.03363,1.03064,1.03205,33087.35
2025-02-10 12:00:00,1.03205,1.03262,1.03041,1.0315,30345.12
2025-02-10 16:00:00,1.0315,1.03181,1.03043,1.03066,17004.22
2025-02-10 20:00:00,1.03067,1.03089,1.02982,1.03005,8128.77
2025-02-11 00:00:00,1.03006,1.03065,1.02919,1.02981,18067.92
2025-02-11 04:00:00,1.02979,1.03103,1.02974,1.0303,21433.54
2025-02-11 08:00:00,1.0303,1.03251,1.02998,1.03218,28863.62
2025-02-11 12:00:00,1.03216,1.03432,1.03164,1.03398,31729.67
2025-02-11 16:00:00,1.03397,1.03813,1.03388,1.03578,22661.0
2025-02-11 20:00:00,1.0358,1.03674,1.03574,1.0363,11121.44
2025-02-12 00:00:00,1.03638,1.03677,1.03537,1.03621,16071.0
2025-02-12 04:00:00,1.03619,1.03791,1.03547,1.03757,19071.78
2025-02-12 08:00:00,1.03758,1.03856,1.03646,1.0375,30242.29
2025-02-12 12:00:00,1.0375,1.03825,1.03168,1.03743,63971.87
2025-02-12 16:00:00,1.03743,1.04298,1.03501,1.0391,49984.6
2025-02-12 20:00:00,1.03908,1.03973,1.03804,1.0392,13605.86
2025-02-13 00:00:00,1.0392,1.04217,1.03871,1.04189,18968.1
2025-02-13 04:00:00,1.04189,1.04398,1.04186,1.04253,35300.7
2025-02-13 08:00:00,1.04256,1.04289,1.03924,1.04029,32320.61
2025-02-13 12:00:00,1.04029,1.0438,1.03756,1.04332,59056.68
2025-02-13 16:00:00,1.04332,1.04451,1.03727,1.0437,40289.52
2025-02-13 20:00:00,1.0437,1.04685,1.04353,1.04614,13589.61
2025-02-14 00:00:00,1.04614,1.04668,1.04536,1.04586,17538.2
2025-02-14 04:00:00,1.04587,1.0472,1.0447,1.04645,20092.23
2025-02-14 08:00:00,1.04645,1.04875,1.04628,1.04674,25968.92
2025-02-14 12:00:00,1.04674,1.0514,1.04567,1.05083,29670.71
2025-02-14 16:00:00,1.05081,1.051,1.0494,1.04984,10946.14
2025-02-14 20:00:00,1.04981,1.04981,1.04882,1.04913,3625.89
2025-02-16 20:00:00,1.04858,1.04938,1.04847,1.04883,2564.39
2025-02-17 00:00:00,1.04886,1.05062,1.04853,1.04945,7640.78
2025-02-17 04:00:00,1.04944,1.04981,1.04803,1.04824,9505.53
2025-02-17 08:00:00,1.04825,1.04891,1.04708,1.04818,17156.1
2025-02-17 12:00:00,1.04819,1.04848,1.04667,1.04796,11995.8
2025-02-17 16:00:00,1.04796,1.04847,1.04767,1.04815,3795.42
2025-02-17 20:00:00,1.04815,1.04856,1.04698,1.04848,3665.1752
2025-02-18 00:00:00,1.04847,1.04862,1.04619,1.0463,11478.09
2025-02-18 04:00:00,1.04628,1.04691,1.04521,1.04635,11174.39
2025-02-18 08:00:00,1.04634,1.04691,1.04547,1.04626,10988.58
2025-02-18 12:00:00,1.04628,1.04669,1.04414,1.04662,20548.25
2025-02-18 16:00:00,1.04662,1.04692,1.0435,1.04451,13076.45
2025-02-18 20:00:00,1.04449,1.04517,1.0441,1.04479,7926.63
2025-02-19 00:00:00,1.0448,1.04521,1.04409,1.0451,8543.92
2025-02-19 04:00:00,1.0451,1.04613,1.0448,1.04511,10080.46
2025-02-19 08:00:00,1.04514,1.0456,1.04188,1.04244,19728.9
2025-02-19 12:00:00,1.04243,1.04412,1.04215,1.0424,40710.4
2025-02-19 16:00:00,1.04239,1.04324,1.04009,1.04256,25516.21
2025-02-19 20:00:00,1.04255,1.04264,1.04163,1.04206,6812.47
2025-02-20 00:00:00,1.04205,1.04375,1.04185,1.04311,29877.97
2025-02-20 04:00:00,1.04309,1.04343,1.04233,1.04313,23970.5
2025-02-20 08:00:00,1.04313,1.04461,1.04284,1.04383,26297.5
2025-02-20 12:00:00,1.04384,1.04752,1.04331,1.04739,41905.6
2025-02-20 16:00:00,1.04736,1.05031,1.0464,1.05014,23943.91
2025-02-20 20:00:00,1.05015,1.05054,1.04951,1.05001,9516.8345
2025-02-21 00:00:00,1.04999,1.05045,1.04843,1.05023,18553.96
2025-02-21 04:00:00,1.05023,1.05047,1.04876,1.04919,19922.71
2025-02-21 08:00:00,1.0492,1.04939,1.04629,1.0469,32141.87
2025-02-21 12:00:00,1.0469,1.04923,1.04525,1.04539,41206.86
2025-02-21 16:00:00,1.04538,1.04678,1.04492,1.0462,32141.1
2025-02-21 20:00:00,1.04619,1.04643,1.0455,1.0457,8276.579
2025-02-23 20:00:00,1.04706,1.04846,1.04618,1.04736,6813.65
2025-02-24 00:00:00,1.04738,1.05282,1.04716,1.05192,31858.95
2025-02-24 04:00:00,1.05194,1.05206,1.04865,1.04909,25275.96
2025-02-24 08:00:00,1.04912,1.04925,1.04637,1.04683,28490.14
2025-02-24 12:00:00,1.04683,1.04753,1.04527,1.04689,35896.14
2025-02-24 16:00:00,1.04688,1.04856,1.04655,1.04749,27362.22
2025-02-24 20:00:00,1.0475,1.04792,1.04602,1.04611,13183.25
2025-02-25 00:00:00,1.04611,1.04761,1.04596,1.0473,21379.69
2025-02-25 04:00:00,1.04731,1.04799,1.04633,1.0464,20422.57
2025-02-25 08:00:00,1.04642,1.04896,1.0456,1.04891,34763.82
2025-02-25 12:00:00,1.04893,1.05191,1.04882,1.04984,46126.14
2025-02-25 16:00:00,1.04983,1.05179,1.04837,1.05104,29036.36
2025-02-25 20:00:00,1.05103,1.05227,1.0509,1.05204,11212.73
2025-02-26 00:00:00,1.05205,1.0525,1.05011,1.05043,21083.57
2025-02-26 04:00:00,1.05043,1.05054,1.04868,1.04938,24195.83
2025-02-26 08:00:00,1.04938,1.05113,1.04865,1.04914,35461.92
2025-02-26 12:00:00,1.04914,1.0509,1.04747,1.05058,44255.1
2025-02-26 16:00:00,1.05061,1.05287,1.04819,1.04908,55001.02
2025-02-26 20:00:00,1.04908,1.04922,1.04782,1.04876,11231.1481
2025-02-27 00:00:00,1.04877,1.04878,1.04647,1.04656,22996.46
2025-02-27 04:00:00,1.04656,1.048,1.04589,1.0475,22903.97
2025-02-27 08:00:00,1.04752,1.04871,1.04702,1.04757,30466.38
2025-02-27 12:00:00,1.04756,1.04893,1.04093,1.04148,65122.31
2025-02-27 16:00:00,1.04149,1.04179,1.04001,1.04042,36069.76
2025-02-27 20:00:00,1.04043,1.04082,1.03882,1.03936,11276.09
2025-02-28 00:00:00,1.03936,1.04042,1.03802,1.03882,25878.36
2025-02-28 04:00:00,1.03882,1.04005,1.03825,1.03959,24251.94
2025-02-28 08:00:00,1.03959,1.04078,1.03922,1.03986,30444.32
2025-02-28 12:00:00,1.03985,1.04198,1.03932,1.03998,44110.83
2025-02-28 16:00:00,1.03998,1.04114,1.03597,1.03677,50937.28
2025-02-28 20:00:00,1.03676,1.03769,1.0362,1.03747,12832.1
2025-03-02 20:00:00,1.04032,1.04208,1.03992,1.04119,8691.64
2025-03-03 00:00:00,1.04119,1.04231,1.04021,1.04168,27710.98
2025-03-03 04:00:00,1.04167,1.04203,1.04018,1.04054,24526.36
2025-03-03 08:00:00,1.04053,1.04579,1.03883,1.04524,41111.28
2025-03-03 12:00:00,1.04525,1.05036,1.04525,1.04845,50413.6
2025-03-03 16:00:00,1.04844,1.05032,1.04721,1.04728,31932.29
2025-03-03 20:00:00,1.04727,1.04925,1.04665,1.04851,24198.15
2025-03-04 00:00:00,1.04851,1.04959,1.04747,1.04771,31758.23
2025-03-04 04:00:00,1.0477,1.05003,1.04708,1.04927,33010.81
2025-03-04 08:00:00,1.04928,1.05443,1.04861,1.05439,43108.63
2025-03-04 12:00:00,1.0544,1.05596,1.04962,1.05263,58579.36
2025-03-04 16:00:00,1.0526,1.06019,1.05151,1.06006,51665.49
2025-03-04 20:00:00,1.06005,1.06369,1.06004,1.0623,28350.83
2025-03-05 00:00:00,1.0623,1.06274,1.06018,1.0618,42624.24
2025-03-05 04:00:00,1.06181,1.06763,1.06152,1.06745,40516.68
2025-03-05 08:00:00,1.06743,1.0722,1.06585,1.06787,54516.2
2025-03-05 12:00:00,1.06787,1.07769,1.06784,1.07649,76378.26
2025-03-05 16:00:00,1.07651,1.07907,1.0761,1.079,58019.98
2025-03-05 20:00:00,1.079,1.07965,1.07853,1.07941,14673.210000000001
2025-03-06 00:00:00,1.07942,1.082,1.07871,1.07893,30240.28
2025-03-06 04:00:00,1.07894,1.08221,1.0784,1.07989,36716.66
2025-03-06 08:00:00,1.07989,1.08167,1.07802,1.0799,57499.81
2025-03-06 12:00:00,1.0799,1.08534,1.0788,1.0817,77712.67
2025-03-06 16:00:00,1.08172,1.08381,1.07655,1.08014,54723.67
2025-03-06 20:00:00,1.08013,1.08032,1.07748,1.07871,16809.24
2025-03-07 00:00:00,1.07872,1.08146,1.0781,1.08057,24627.6
2025-03-07 04:00:00,1.08055,1.08406,1.08027,1.08295,26644.51
2025-03-07 08:00:00,1.08298,1.08714,1.08259,1.08492,41837.96
2025-03-07 12:00:00,1.08491,1.08884,1.08352,1.08699,80365.92
2025-03-07 16:00:00,1.08699,1.08725,1.08254,1.08425,46190.41
2025-03-07 20:00:00,1.08424,1.08511,1.08292,1.08292,8709.91
2025-03-09 20:00:00,1.08312,1.08653,1.08269,1.086,12990.51
2025-03-10 00:00:00,1.08602,1.08711,1.08301,1.08314,27521.21
2025-03-10 04:00:00,1.08313,1.08446,1.08107,1.08224,29850.55
2025-03-10 08:00:00,1.08227,1.08744,1.08051,1.08505,63417.8
2025-03-10 12:00:00,1.08505,1.08599,1.08206,1.08369,53179.34
2025-03-10 16:00:00,1.08368,1.08456,1.08175,1.08315,35691.65
2025-03-10 20:00:00,1.08316,1.08432,1.08254,1.0839,9155.7
2025-03-11 00:00:00,1.0839,1.08604,1.08389,1.08542,26842.99
2025-03-11 04:00:00,1.0854,1.09014,1.08354,1.08906,31742.49
2025-03-11 08:00:00,1.08906,1.09207,1.0881,1.09044,41265.45
2025-03-11 12:00:00,1.09044,1.09306,1.08949,1.0927,56401.69
2025-03-11 16:00:00,1.09269,1.09471,1.09177,1.09196,34222.95
2025-03-11 20:00:00,1.09199,1.09209,1.09068,1.09136,9255.46
2025-03-12 00:00:00,1.09137,1.09157,1.08959,1.0897,23981.79
2025-03-12 04:00:00,1.0897,1.09086,1.08872,1.09013,29179.61
2025-03-12 08:00:00,1.09012,1.09263,1.08975,1.09007,43207.43
2025-03-12 12:00:00,1.09007,1.09314,1.08755,1.09241,65539.81
2025-03-12 16:00:00,1.09242,1.09277,1.08795,1.089,32423.25
2025-03-12 20:00:00,1.08901,1.08934,1.08831,1.08852,7187.54
2025-03-13 00:00:00,1.08852,1.0897,1.08823,1.08849,20030.68
2025-03-13 04:00:00,1.08848,1.08933,1.08596,1.08652,27888.76
2025-03-13 08:00:00,1.08654,1.08852,1.08451,1.0856,41858.61
2025-03-13 12:00:00,1.08559,1.08773,1.08222,1.08585,53261.54
2025-03-13 16:00:00,1.08584,1.08781,1.08475,1.08482,29590.87
2025-03-13 20:00:00,1.08482,1.08556,1.0844,1.08548,7652.27
2025-03-14 00:00:00,1.08543,1.08583,1.08341,1.08454,24577.69
2025-03-14 04:00:00,1.08452,1.08513,1.08304,1.08388,30078.18
2025-03-14 08:00:00,1.0839,1.09125,1.08351,1.08964,45951.5
2025-03-14 12:00:00,1.08963,1.09112,1.08652,1.08715,42493.57
2025-03-14 16:00:00,1.08716,1.08898,1.08703,1.08829,18359.98
2025-03-14 20:00:00,1.08828,1.08855,1.08742,1.08765,2882.8
2025-03-16 20:00:00,1.08766,1.0885,1.08744,1.08792,6558.41
2025-03-17 00:00:00,1.08794,1.08901,1.08741,1.08833,14678.97
2025-03-17 04:00:00,1.08831,1.08936,1.08685,1.0876,20069.62
2025-03-17 08:00:00,1.08762,1.09119,1.08703,1.09019,41886.19
2025-03-17 12:00:00,1.09019,1.09297,1.0887,1.09214,36743.97
2025-03-17 16:00:00,1.09214,1.09264,1.09114,1.09204,16522.79
2025-03-17 20:00:00,1.09208,1.09276,1.09125,1.0918,5461.75
2025-03-18 00:00:00,1.0918,1.09209,1.09062,1.09081,19269.94
2025-03-18 04:00:00,1.09082,1.09366,1.09033,1.09349,22226.79
2025-03-18 08:00:00,1.09351,1.09545,1.0914,1.09162,38809.92
2025-03-18 12:00:00,1.09162,1.09341,1.08924,1.09264,56151.67
2025-03-18 16:00:00,1.09264,1.09517,1.09234,1.09461,26529.93
2025-03-18 20:00:00,1.09461,1.09485,1.09375,1.09385,6623.0002
2025-03-19 00:00:00,1.09386,1.09449,1.09316,1.09381,10090.84
2025-03-19 04:00:00,1.09378,1.09378,1.08731,1.08924,27240.25
2025-03-19 08:00:00,1.08928,1.09129,1.08912,1.09082,37869.38
2025-03-19 12:00:00,1.09085,1.09174,1.08753,1.08766,40482.34
2025-03-19 16:00:00,1.08769,1.0913,1.08603,1.08986,46231.23
2025-03-19 20:00:00,1.08986,1.09129,1.08955,1.09115,10945.45
2025-03-20 00:00:00,1.09116,1.09171,1.09034,1.09096,16782.46
2025-03-20 04:00:00,1.09095,1.09104,1.08647,1.08791,22222.84
2025-03-20 08:00:00,1.08795,1.08857,1.08332,1.08493,48828.75
2025-03-20 12:00:00,1.08494,1.08559,1.08145,1.08472,46678.21
2025-03-20 16:00:00,1.0847,1.08541,1.08389,1.08529,21021.6
2025-03-20 20:00:00,1.08529,1.08589,1.084,1.08532,7226.0
2025-03-21 00:00:00,1.08535,1.08586,1.08331,1.08345,27606.66
2025-03-21 04:00:00,1.08345,1.08416,1.08197,1.08386,23414.85
2025-03-21 08:00:00,1.08386,1.08512,1.08239,1.08506,28707.55
2025-03-21 12:00:00,1.08505,1.08611,1.0797,1.08062,46664.63
2025-03-21 16:00:00,1.0806,1.08266,1.08042,1.08175,26010.58
2025-03-21 20:00:00,1.08174,1.08174,1.08115,1.08121,2906.13
2025-03-23 20:00:00,1.0813,1.08367,1.08115,1.08358,5683.19
2025-03-24 00:00:00,1.08358,1.08398,1.08199,1.08202,24470.96
2025-03-24 04:00:00,1.08201,1.08499,1.08169,1.08379,21714.45
2025-03-24 08:00:00,1.08381,1.08579,1.08283,1.08323,34263.27
2025-03-24 12:00:00,1.08323,1.08344,1.07903,1.07936,47741.63
2025-03-24 16:00:00,1.07939,1.0813,1.07813,1.08021,25112.87
2025-03-24 20:00:00,1.0802,1.0806,1.07946,1.08022,7038.67
2025-03-25 00:00:00,1.08022,1.08084,1.0794,1.08029,11143.29
2025-03-25 04:00:00,1.08031,1.08087,1.07849,1.07871,19994.16
2025-03-25 08:00:00,1.07873,1.08275,1.07767,1.08176,50779.26
2025-03-25 12:00:00,1.08178,1.083,1.0797,1.0803,55098.65
2025-03-25 16:00:00,1.0803,1.08167,1.07906,1.07952,36802.13
2025-03-25 20:00:00,1.07951,1.07956,1.07852,1.07888,5792.27
2025-03-26 00:00:00,1.07889,1.0797,1.07777,1.07857,12445.51
2025-03-26 04:00:00,1.07858,1.07913,1.07777,1.0786,16293.27
2025-03-26 08:00:00,1.07859,1.08025,1.07851,1.07922,23961.27
2025-03-26 12:00:00,1.07922,1.07951,1.07673,1.07807,41844.07
2025-03-26 16:00:00,1.07807,1.07915,1.07437,1.07512,34661.31
2025-03-26 20:00:00,1.07512,1.07565,1.07328,1.07409,12961.23
2025-03-27 00:00:00,1.07411,1.07798,1.07407,1.0778,15188.58
2025-03-27 04:00:00,1.07782,1.07869,1.0754,1.07644,22102.28
2025-03-27 08:00:00,1.07646,1.07995,1.07554,1.07868,33641.81
2025-03-27 12:00:00,1.07868,1.0821,1.07762,1.07995,37761.27
2025-03-27 16:00:00,1.07995,1.08085,1.07881,1.07947,20356.29
2025-03-27 20:00:00,1.07945,1.0802,1.07936,1.08006,5213.46
2025-03-28 00:00:00,1.08005,1.08005,1.07879,1.07917,12562.27
2025-03-28 04:00:00,1.07917,1.07998,1.07815,1.0787,15366.960000000001
2025-03-28 08:00:00,1.07867,1.07964,1.07644,1.07716,27170.65
2025-03-28 12:00:00,1.07717,1.08447,1.07651,1.08248,43400.97
2025-03-28 16:00:00,1.08249,1.0833,1.0812,1.08255,21264.35
2025-03-28 20:00:00,1.08254,1.08359,1.08237,1.08237,3431.22
2025-03-30 20:00:00,1.08228,1.0829,1.08049,1.08234,11788.92
2025-03-31 00:00:00,1.08235,1.08458,1.0823,1.08327,21443.67
2025-03-31 04:00:00,1.08328,1.08492,1.08206,1.08313,31574.18
2025-03-31 08:00:00,1.08313,1.0834,1.08054,1.0819,33219.82
2025-03-31 12:00:00,1.08192,1.08212,1.07838,1.0794,49078.3
2025-03-31 16:00:00,1.07943,1.08197,1.07852,1.0814,22269.75
2025-03-31 20:00:00,1.08141,1.08195,1.08093,1.08173,7181.79
2025-04-01 00:00:00,1.08174,1.08281,1.08168,1.08265,13680.99
2025-04-01 04:00:00,1.08266,1.08299,1.07986,1.08016,22139.74
2025-04-01 08:00:00,1.08013,1.08291,1.07782,1.0781,33380.45
2025-04-01 12:00:00,1.07811,1.08122,1.07791,1.07991,42947.94
2025-04-01 16:00:00,1.07991,1.08046,1.07851,1.07896,18211.9
2025-04-01 20:00:00,1.07895,1.08079,1.0785,1.0794,9882.56
2025-04-02 00:00:00,1.07947,1.08017,1.07869,1.07955,11075.87
2025-04-02 04:00:00,1.07955,1.07972,1.078,1.07915,17094.21
2025-04-02 08:00:00,1.07915,1.08081,1.07857,1.08022,26467.47
2025-04-02 12:00:00,1.08023,1.0873,1.07961,1.08673,43984.21
2025-04-02 16:00:00,1.08673,1.08675,1.08467,1.08496,24092.14
2025-04-02 20:00:00,1.08496,1.09242,1.08047,1.09041,50952.51
2025-04-03 00:00:00,1.09038,1.09244,1.08795,1.09147,43785.39
2025-04-03 04:00:00,1.09148,1.099,1.09053,1.09705,50089.58
2025-04-03 08:00:00,1.09704,1.11462,1.09702,1.10875,74446.09
2025-04-03 12:00:00,1.10876,1.11349,1.10409,1.10504,79906.04
2025-04-03 16:00:00,1.10508,1.10556,1.10157,1.10273,36041.89
2025-04-03 20:00:00,1.10272,1.10714,1.10219,1.1045,13924.14
2025-04-04 00:00:00,1.10448,1.10984,1.10364,1.10933,33449.83
2025-04-04 04:00:00,1.10932,1.11076,1.09995,1.10039,51036.72
2025-04-04 08:00:00,1.10039,1.10797,1.09642,1.106,103436.24
2025-04-04 12:00:00,1.10603,1.10898,1.09599,1.10136,134732.6
2025-04-04 16:00:00,1.10136,1.10196,1.09242,1.0943,79017.57
2025-04-04 20:00:00,1.0943,1.0966,1.09322,1.09573,7767.83
2025-04-06 20:00:00,1.08894,1.10006,1.08792,1.09832,27775.11
2025-04-07 00:00:00,1.09833,1.09837,1.09198,1.09502,56731.78
2025-04-07 04:00:00,1.09501,1.10498,1.09479,1.10003,71369.99
2025-04-07 08:00:00,1.10008,1.10216,1.09349,1.09692,84253.37
2025-04-07 12:00:00,1.09693,1.09912,1.09007,1.09112,129057.49
2025-04-07 16:00:00,1.09112,1.09524,1.09039,1.09158,62181.5
2025-04-07 20:00:00,1.0916,1.09203,1.09013,1.09146,13496.93
2025-04-08 00:00:00,1.09147,1.09802,1.09146,1.09633,35101.03
2025-04-08 04:00:00,1.09632,1.09916,1.09211,1.09233,47842.52
2025-04-08 08:00:00,1.09233,1.09486,1.0911,1.09339,57873.86
2025-04-08 12:00:00,1.09342,1.09684,1.08886,1.09113,72261.34
2025-04-08 16:00:00,1.09115,1.09778,1.08984,1.0954,64946.15
2025-04-08 20:00:00,1.09539,1.09849,1.09388,1.09773,19946.09
2025-04-09 00:00:00,1.09771,1.10397,1.09709,1.10193,66196.76
2025-04-09 04:00:00,1.10192,1.10897,1.10091,1.1015,106406.16
2025-04-09 08:00:00,1.1015,1.10577,1.09976,1.1035,95551.84
2025-04-09 12:00:00,1.10351,1.10948,1.10258,1.10381,90514.76
2025-04-09 16:00:00,1.10386,1.10632,1.09132,1.0934,105861.91
2025-04-09 20:00:00,1.09346,1.09626,1.09285,1.09507,24838.9
2025-04-10 00:00:00,1.09504,1.09891,1.09499,1.09814,40222.93
2025-04-10 04:00:00,1.09813,1.10306,1.09624,1.10261,49532.3
2025-04-10 08:00:00,1.10264,1.10883,1.10159,1.107,57676.43
2025-04-10 12:00:00,1.107,1.12287,1.10677,1.11901,83632.59
2025-04-10 16:00:00,1.11907,1.12414,1.11584,1.12069,74728.78
2025-04-10 20:00:00,1.1205,1.12623,1.11809,1.12576,31558.47
2025-04-11 00:00:00,1.12574,1.13852,1.1251,1.13407,83536.38
2025-04-11 04:00:00,1.13406,1.13688,1.12466,1.13642,62389.19
2025-04-11 08:00:00,1.13639,1.14736,1.13199,1.13289,104827.53
2025-04-11 12:00:00,1.13285,1.14121,1.13124,1.13247,126166.22
2025-04-11 16:00:00,1.13247,1.13435,1.12763,1.13415,62565.22
2025-04-11 20:00:00,1.13415,1.13617,1.13365,1.13554,7334.02
2025-04-13 20:00:00,1.13108,1.13546,1.13108,1.1342,21988.05
2025-04-14 00:00:00,1.13419,1.14087,1.13407,1.13714,47276.78
2025-04-14 04:00:00,1.13721,1.14244,1.13526,1.13897,46474.58
2025-04-14 08:00:00,1.13899,1.14094,1.13714,1.13837,47217.61
2025-04-14 12:00:00,1.13837,1.13885,1.12956,1.1357,68760.53
2025-04-14 16:00:00,1.1357,1.13704,1.13282,1.13546,36730.3
2025-04-14 20:00:00,1.13545,1.1361,1.13333,1.1336,11260.51
2025-04-15 00:00:00,1.1336,1.13528,1.13157,1.13474,25436.54
2025-04-15 04:00:00,1.1347,1.13677,1.13203,1.13571,44857.42
2025-04-15 08:00:00,1.13569,1.13789,1.13139,1.13263,51125.84
2025-04-15 12:00:00,1.13265,1.13413,1.12821,1.12885,64210.26
2025-04-15 16:00:00,1.12888,1.12918,1.12639,1.12822,30874.79
2025-04-15 20:00:00,1.12826,1.1299,1.1279,1.12932,12383.01
2025-04-16 00:00:00,1.1293,1.13433,1.12925,1.1343,38807.84
2025-04-16 04:00:00,1.13431,1.1392,1.13326,1.13868,42410.29
2025-04-16 08:00:00,1.1387,1.1388,1.13379,1.13631,58962.34
2025-04-16 12:00:00,1.13632,1.13865,1.13403,1.13813,58859.86
2025-04-16 16:00:00,1.13815,1.14127,1.1359,1.13864,38822.58
2025-04-16 20:00:00,1.13864,1.1409,1.13816,1.13953,15873.77
2025-04-17 00:00:00,1.13955,1.13967,1.13551,1.1364,27128.14
2025-04-17 04:00:00,1.13639,1.13788,1.13433,1.13766,26184.63
2025-04-17 08:00:00,1.13769,1.13884,1.13556,1.13564,30529.239999999998
2025-04-17 12:00:00,1.13562,1.13855,1.13349,1.13631,64298.14
2025-04-17 16:00:00,1.13633,1.1376,1.13399,1.13731,32978.3
2025-04-17 20:00:00,1.13731,1.13765,1.1358,1.13715,20907.74
2025-04-18 00:00:00,1.13717,1.13853,1.13637,1.13733,63343.53
2025-04-18 04:00:00,1.13731,1.13763,1.13578,1.13694,78440.9221
2025-04-18 08:00:00,1.13693,1.13826,1.13668,1.13807,131467.73
2025-04-18 12:00:00,1.13807,1.13972,1.13769,1.13916,88208.76
2025-04-18 16:00:00,1.13914,1.13965,1.13868,1.13935,44319.27
2025-04-18 20:00:00,1.13932,1.1394,1.13898,1.13901,2750.87
2025-04-20 20:00:00,1.13946,1.14582,1.13925,1.14488,22114.86
2025-04-21 00:00:00,1.14491,1.15319,1.14488,1.15148,41274.01
2025-04-21 04:00:00,1.15149,1.15672,1.14987,1.15552,34126.6
2025-04-21 08:00:00,1.15552,1.15729,1.15129,1.15428,42695.48
2025-04-21 12:00:00,1.15427,1.15498,1.14815,1.15069,49436.340000000004
2025-04-21 16:00:00,1.1507,1.15267,1.14934,1.15126,22999.329999999998
2025-04-21 20:00:00,1.15129,1.15249,1.15043,1.15137,10563.6
2025-04-22 00:00:00,1.15139,1.15406,1.14818,1.15346,37351.61
2025-04-22 04:00:00,1.15348,1.1547,1.14831,1.15053,66895.87
2025-04-22 08:00:00,1.15054,1.15151,1.14837,1.14856,39913.82
2025-04-22 12:00:00,1.14856,1.1492,1.14558,1.14647,49426.21
2025-04-22 16:00:00,1.14652,1.14686,1.14196,1.14208,37952.58
2025-04-22 20:00:00,1.14209,1.14298,1.13077,1.13504,39497.88
2025-04-23 00:00:00,1.13502,1.14152,1.1349,1.13789,42032.04
2025-04-23 04:00:00,1.13788,1.14087,1.13705,1.13853,40601.64
2025-04-23 08:00:00,1.13853,1.14399,1.13796,1.14107,38303.59
2025-04-23 12:00:00,1.14106,1.14195,1.13277,1.13487,79013.73
2025-04-23 16:00:00,1.13489,1.13656,1.13151,1.13273,34236.1
2025-04-23 20:00:00,1.13273,1.13468,1.13102,1.13292,13491.08
2025-04-24 00:00:00,1.13293,1.13574,1.13212,1.13379,25169.23
2025-04-24 04:00:00,1.1338,1.13803,1.13304,1.13794,25517.04
2025-04-24 08:00:00,1.13797,1.13944,1.1363,1.13727,33191.51
2025-04-24 12:00:00,1.13726,1.13874,1.13475,1.13606,46217.96
2025-04-24 16:00:00,1.13609,1.13973,1.13576,1.13845,22440.62
2025-04-24 20:00:00,1.13845,1.13975,1.13703,1.13725,10553.69
2025-04-25 00:00:00,1.13725,1.13725,1.13249,1.13258,33869.17
2025-04-25 04:00:00,1.1326,1.1368,1.13155,1.13597,42762.03
2025-04-25 08:00:00,1.13597,1.13665,1.13339,1.13492,31804.43
2025-04-25 12:00:00,1.13492,1.13821,1.13327,1.138,35968.14
2025-04-25 16:00:00,1.13799,1.13885,1.13585,1.13592,17828.72
2025-04-25 20:00:00,1.13592,1.13641,1.13568,1.13628,2936.29
2025-04-27 20:00:00,1.13636,1.13644,1.13398,1.13448,6614.3
2025-04-28 00:00:00,1.13449,1.13664,1.13432,1.13561,14732.08
2025-04-28 04:00:00,1.13556,1.13805,1.13292,1.13483,26340.33
2025-04-28 08:00:00,1.13481,1.13602,1.13352,1.13513,20856.3
2025-04-28 12:00:00,1.13517,1.14137,1.13393,1.13862,42525.69
2025-04-28 16:00:00,1.13859,1.14248,1.13849,1.14216,21537.02
2025-04-28 20:00:00,1.14219,1.14246,1.14006,1.14075,8144.37
2025-04-29 00:00:00,1.14076,1.14199,1.13863,1.13903,20856.5
2025-04-29 04:00:00,1.13904,1.1412,1.13738,1.14035,24491.49
2025-04-29 08:00:00,1.14036,1.14081,1.13709,1.13744,27615.85
2025-04-29 12:00:00,1.13743,1.14173,1.137,1.13958,49127.37
2025-04-29 16:00:00,1.1396,1.14186,1.13758,1.13814,21235.64
2025-04-29 20:00:00,1.13813,1.13955,1.13783,1.13902,7943.04
2025-04-30 00:00:00,1.13904,1.13951,1.13547,1.13685,22353.49
2025-04-30 04:00:00,1.13685,1.13994,1.13657,1.13773,25140.97
2025-04-30 08:00:00,1.13779,1.1385,1.13558,1.1373,29834.62
2025-04-30 12:00:00,1.1373,1.13884,1.1323,1.13479,59950.159999999996
2025-04-30 16:00:00,1.13482,1.13646,1.13281,1.13298,22020.93
2025-04-30 20:00:00,1.13295,1.13311,1.1317,1.13219,10761.2
2025-05-01 00:00:00,1.13221,1.13291,1.12997,1.13118,17304.57
2025-05-01 04:00:00,1.13119,1.1314,1.12874,1.13099,24501.72
2025-05-01 08:00:00,1.13098,1.13409,1.13097,1.13199,22121.3
2025-05-01 12:00:00,1.13199,1.13388,1.12657,1.12789,44804.62
2025-05-01 16:00:00,1.12788,1.12933,1.12727,1.12883,22012.76
2025-05-01 20:00:00,1.12882,1.12988,1.12839,1.12955,8365.45
2025-05-02 00:00:00,1.12955,1.13153,1.1274,1.13126,24169.86
2025-05-02 04:00:00,1.13127,1.13379,1.13009,1.13279,27355.41
2025-05-02 08:00:00,1.13278,1.1355,1.13159,1.13462,32722.75
2025-05-02 12:00:00,1.13464,1.13808,1.1304,1.13287,68967.4
2025-05-02 16:00:00,1.13291,1.13389,1.12922,1.13043,31266.46
2025-05-02 20:00:00,1.13042,1.1305,1.12934,1.12946,2391.17
2025-05-04 20:00:00,1.12987,1.13278,1.12905,1.1321,8833.25
2025-05-05 00:00:00,1.13212,1.13466,1.1314,1.13321,26532.91
2025-05-05 04:00:00,1.13321,1.13473,1.1313,1.13131,33438.27
2025-05-05 08:00:00,1.13127,1.13574,1.13111,1.13423,39571.79
2025-05-05 12:00:00,1.13422,1.13646,1.13123,1.13141,43591.95
2025-05-05 16:00:00,1.13141,1.13208,1.12969,1.13146,26858.24
2025-05-05 20:00:00,1.13147,1.132,1.13097,1.1312,5686.36
2025-05-06 00:00:00,1.13121,1.13172,1.12797,1.13149,31111.7
2025-05-06 04:00:00,1.13148,1.13477,1.13133,1.13387,30426.27
2025-05-06 08:00:00,1.13387,1.13494,1.13051,1.1327,31107.670000000002
2025-05-06 12:00:00,1.13273,1.13694,1.13167,1.13433,38731.21
2025-05-06 16:00:00,1.13434,1.13808,1.13306,1.13724,20386.05
2025-05-06 20:00:00,1.13724,1.13794,1.13258,1.13397,23814.89
2025-05-07 00:00:00,1.13396,1.13514,1.13248,1.13455,37966.97
2025-05-07 04:00:00,1.13456,1.1378,1.13427,1.1362,26444.47
2025-05-07 08:00:00,1.13621,1.13737,1.13469,1.13572,25304.36
2025-05-07 12:00:00,1.13573,1.13708,1.13413,1.13468,35351.909999999996
2025-05-07 16:00:00,1.1347,1.1365,1.13005,1.13065,48606.66
2025-05-07 20:00:00,1.13067,1.13141,1.12917,1.13027,11460.59
2025-05-08 00:00:00,1.13032,1.13361,1.13019,1.1327,26827.82
2025-05-08 04:00:00,1.13271,1.13308,1.12701,1.12971,37233.97
2025-05-08 08:00:00,1.12971,1.13048,1.1275,1.12957,29701.47
2025-05-08 12:00:00,1.12957,1.13202,1.12343,1.12477,57181.86
2025-05-08 16:00:00,1.12477,1.12495,1.12118,1.12259,36552.35
2025-05-08 20:00:00,1.12258,1.12328,1.12197,1.12267,8230.44
2025-05-09 00:00:00,1.12268,1.12332,1.11964,1.12223,30608.78
2025-05-09 04:00:00,1.12226,1.12581,1.1218,1.12515,27628.52
2025-05-09 08:00:00,1.12511,1.12605,1.1242,1.12542,31497.22
2025-05-09 12:00:00,1.12542,1.12928,1.1247,1.12695,32040.9
2025-05-09 16:00:00,1.12695,1.12752,1.12484,1.1257,15736.0
2025-05-09 20:00:00,1.12565,1.12574,1.12456,1.1246,2252.69
2025-05-11 20:00:00,1.119,1.12363,1.119,1.12276,10697.02
2025-05-12 00:00:00,1.12281,1.12426,1.12223,1.12328,23584.09
2025-05-12 04:00:00,1.12327,1.12355,1.10977,1.11048,49388.13
2025-05-12 08:00:00,1.11047,1.11452,1.10718,1.11111,72590.29
2025-05-12 12:00:00,1.1111,1.11346,1.11003,1.11049,48170.17
2025-05-12 16:00:00,1.11051,1.11108,1.10651,1.10919,27605.85
2025-05-12 20:00:00,1.10919,1.10999,1.10833,1.10953,10731.39
2025-05-13 00:00:00,1.10954,1.11168,1.10948,1.11161,26007.71
2025-05-13 04:00:00,1.11163,1.11242,1.11012,1.11156,33550.45
2025-05-13 08:00:00,1.11156,1.11175,1.10968,1.11068,30516.39
2025-05-13 12:00:00,1.11069,1.11776,1.11064,1.11749,49983.75
2025-05-13 16:00:00,1.1175,1.11917,1.11645,1.11897,18656.98
2025-05-13 20:00:00,1.11896,1.11971,1.11813,1.11856,7788.22
2025-05-14 00:00:00,1.11858,1.11976,1.1182,1.11952,28637.54
2025-05-14 04:00:00,1.11952,1.12164,1.11798,1.12148,26550.09
2025-05-14 08:00:00,1.12147,1.12655,1.12125,1.12172,51648.02
2025-05-14 12:00:00,1.12172,1.12352,1.11973,1.12048,55113.69
2025-05-14 16:00:00,1.12049,1.1213,1.11654,1.11672,27894.53
2025-05-14 20:00:00,1.11672,1.1188,1.11645,1.11812,7145.45
2025-05-15 00:00:00,1.11811,1.12012,1.11758,1.11965,25855.7
2025-05-15 04:00:00,1.11965,1.12279,1.11853,1.11971,27612.13
2025-05-15 08:00:00,1.1197,1.1213,1.1179,1.11825,26229.25
2025-05-15 12:00:00,1.11828,1.12236,1.11727,1.11879,45602.22
2025-05-15 16:00:00,1.11879,1.11906,1.117,1.11836,18264.34
2025-05-15 20:00:00,1.11835,1.11937,1.11796,1.11918,7085.27
2025-05-16 00:00:00,1.11915,1.12086,1.11902,1.12002,22473.45
2025-05-16 04:00:00,1.12004,1.12195,1.11961,1.12084,25981.76
2025-05-16 08:00:00,1.12084,1.1209,1.11878,1.11944,24825.1
2025-05-16 12:00:00,1.11942,1.12058,1.11399,1.11403,38224.46
2025-05-16 16:00:00,1.11401,1.11584,1.11308,1.11489,19624.23
2025-05-16 20:00:00,1.11488,1.11657,1.11446,1.11612,3901.27
2025-05-18 20:00:00,1.11749,1.11939,1.11711,1.11884,7876.095
2025-05-19 00:00:00,1.11885,1.11988,1.11721,1.1181,23715.47
2025-05-19 04:00:00,1.11809,1.12448,1.11761,1.12383,29996.01
2025-05-19 08:00:00,1.12386,1.12879,1.12357,1.12727,40146.72
2025-05-19 12:00:00,1.12728,1.12733,1.12333,1.1236,40789.04
2025-05-19 16:00:00,1.1236,1.12418,1.12239,1.124,15197.05
2025-05-19 20:00:00,1.12399,1.12447,1.12314,1.12321,3876.3
2025-05-20 00:00:00,1.1232,1.12512,1.12178,1.12449,21871.33
2025-05-20 04:00:00,1.12448,1.12778,1.12403,1.12762,28977.51
2025-05-20 08:00:00,1.1276,1.12762,1.12429,1.12457,29328.63
2025-05-20 12:00:00,1.12458,1.12697,1.12235,1.12528,29971.65
2025-05-20 16:00:00,1.12528,1.12825,1.1245,1.12804,19282.57
2025-05-20 20:00:00,1.12806,1.129,1.12782,1.12881,5735.81
2025-05-21 00:00:00,1.12881,1.13398,1.12866,1.1334,21085.8
2025-05-21 04:00:00,1.13339,1.1353,1.1314,1.13233,25239.47
2025-05-21 08:00:00,1.13231,1.1362,1.13121,1.13235,26946.96
2025-05-21 12:00:00,1.13235,1.13543,1.13172,1.13424,34697.32
2025-05-21 16:00:00,1.13426,1.13628,1.13181,1.13188,40832.99
2025-05-21 20:00:00,1.13187,1.13322,1.13107,1.13318,12075.93
2025-05-22 00:00:00,1.13318,1.13448,1.13172,1.1333,28065.32
2025-05-22 04:00:00,1.1333,1.13417,1.12953,1.1321,32917.65
2025-05-22 08:00:00,1.13209,1.13347,1.12902,1.13085,34258.66
2025-05-22 12:00:00,1.13086,1.13148,1.12657,1.12803,40991.840000000004
2025-05-22 16:00:00,1.12801,1.12878,1.12558,1.12784,22068.66
2025-05-22 20:00:00,1.12786,1.12888,1.12768,1.12819,5077.5
2025-05-23 00:00:00,1.12818,1.13186,1.12787,1.13112,18563.88
2025-05-23 04:00:00,1.13112,1.13439,1.13077,1.13395,24657.02
2025-05-23 08:00:00,1.13394,1.13754,1.12984,1.13212,33317.770000000004
2025-05-23 12:00:00,1.13213,1.13593,1.12973,1.13491,47159.61
2025-05-23 16:00:00,1.13495,1.13691,1.1341,1.13633,18694.55
2025-05-23 20:00:00,1.13633,1.13681,1.1359,1.13592,2332.97
2025-05-25 20:00:00,1.13617,1.13816,1.13585,1.13744,12726.16
2025-05-26 00:00:00,1.13747,1.14185,1.13743,1.14114,34740.04
2025-05-26 04:00:00,1.14114,1.14183,1.13883,1.13889,25052.6
2025-05-26 08:00:00,1.13893,1.13952,1.13739,1.13768,19722.79
2025-05-26 12:00:00,1.13769,1.13854,1.13688,1.13809,17410.03
2025-05-26 16:00:00,1.1381,1.13853,1.13757,1.13852,5371.56
2025-05-26 20:00:00,1.13852,1.13946,1.13786,1.13883,5914.28
2025-05-27 00:00:00,1.13885,1.14071,1.13878,1.13934,19059.51
2025-05-27 04:00:00,1.13935,1.13977,1.1337,1.13406,33809.22
2025-05-27 08:00:00,1.13407,1.13578,1.13387,1.13509,26070.54
2025-05-27 12:00:00,1.13511,1.13753,1.1323,1.13251,32111.95
2025-05-27 16:00:00,1.13252,1.13386,1.13232,1.13307,25832.13
2025-05-27 20:00:00,1.13306,1.13378,1.13242,1.13366,8582.2018
2025-05-28 00:00:00,1.13367,1.13454,1.13004,1.13072,30334.89
2025-05-28 04:00:00,1.13072,1.13309,1.12953,1.13264,27036.79
2025-05-28 08:00:00,1.13264,1.13406,1.13164,1.13177,25970.76
2025-05-28 12:00:00,1.13177,1.13246,1.12837,1.12844,43158.82
2025-05-28 16:00:00,1.12848,1.13007,1.12839,1.12892,24201.83
2025-05-28 20:00:00,1.12893,1.12969,1.12103,1.12296,21739.26
2025-05-29 00:00:00,1.12294,1.12568,1.1223,1.12484,42918.67
2025-05-29 04:00:00,1.12484,1.12826,1.12309,1.12755,29587.62
2025-05-29 08:00:00,1.12755,1.12911,1.12619,1.12709,23193.33
2025-05-29 12:00:00,1.12708,1.13705,1.12708,1.13694,43217.72
2025-05-29 16:00:00,1.13694,1.13843,1.13615,1.13665,24709.79
2025-05-29 20:00:00,1.13667,1.13791,1.13606,1.13765,10674.43
2025-05-30 00:00:00,1.13768,1.13897,1.13456,1.13494,32063.2
2025-05-30 04:00:00,1.13496,1.13544,1.13276,1.13375,27516.27
2025-05-30 08:00:00,1.13379,1.13445,1.13231,1.1338,24132.07
2025-05-30 12:00:00,1.13378,1.13584,1.13123,1.13461,45498.3
2025-05-30 16:00:00,1.13461,1.13669,1.13433,1.13563,27652.94
2025-05-30 20:00:00,1.13562,1.13562,1.13447,1.13453,3768.52
2025-06-01 20:00:00,1.13439,1.13602,1.13435,1.13526,9268.6
2025-06-02 00:00:00,1.13527,1.13819,1.13524,1.13616,23392.99
2025-06-02 04:00:00,1.13617,1.14367,1.13596,1.14236,24943.43
2025-06-02 08:00:00,1.14237,1.14368,1.14092,1.14141,25146.35
2025-06-02 12:00:00,1.1414,1.14498,1.14042,1.14304,31801.23
2025-06-02 16:00:00,1.14305,1.14455,1.14116,1.14451,23540.08
2025-06-02 20:00:00,1.14451,1.14538,1.14367,1.14531,10674.9
2025-06-03 00:00:00,1.1453,1.14544,1.14158,1.14196,24161.6
2025-06-03 04:00:00,1.14196,1.14322,1.14119,1.14157,22026.31
2025-06-03 08:00:00,1.14157,1.14184,1.13862,1.13904,21345.35
2025-06-03 12:00:00,1.13906,1.1395,1.13639,1.13718,32662.48
2025-06-03 16:00:00,1.1372,1.13833,1.13674,1.13684,15173.8
2025-06-03 20:00:00,1.13684,1.13859,1.13681,1.1384,7214.1295
2025-06-04 00:00:00,1.13838,1.13931,1.13654,1.13676,34979.18
2025-06-04 04:00:00,1.13677,1.13969,1.13568,1.13865,31528.33
2025-06-04 08:00:00,1.13864,1.14039,1.13747,1.13791,20003.05
2025-06-04 12:00:00,1.13792,1.14344,1.13792,1.14233,38802.71
2025-06-04 16:00:00,1.14234,1.14343,1.14121,1.14122,13679.39
2025-06-04 20:00:00,1.14122,1.14285,1.14101,1.14205,6287.1
2025-06-05 00:00:00,1.14209,1.14347,1.14087,1.14104,22072.53
2025-06-05 04:00:00,1.14103,1.1425,1.14045,1.14118,24527.55
2025-06-05 08:00:00,1.1412,1.14326,1.14089,1.1426,20035.5
2025-06-05 12:00:00,1.1426,1.14948,1.14129,1.14389,55966.28
2025-06-05 16:00:00,1.14391,1.14481,1.1431,1.14379,24457.7
2025-06-05 20:00:00,1.1438,1.14536,1.14352,1.14533,10358.67
2025-06-06 00:00:00,1.14532,1.14572,1.14328,1.14401,22490.12
2025-06-06 04:00:00,1.144,1.14424,1.14214,1.14267,20901.22
2025-06-06 08:00:00,1.14266,1.14292,1.14108,1.14178,21761.72
2025-06-06 12:00:00,1.14178,1.14312,1.13715,1.13965,57312.85
2025-06-06 16:00:00,1.13963,1.14019,1.13844,1.1396,18706.63
2025-06-06 20:00:00,1.13958,1.13976,1.13907,1.13935,1748.95
2025-06-08 20:00:00,1.13952,1.14111,1.13903,1.14061,4784.39
2025-06-09 00:00:00,1.14063,1.14253,1.13927,1.14119,19896.94
2025-06-09 04:00:00,1.14118,1.14295,1.14108,1.14222,19813.59
2025-06-09 08:00:00,1.14222,1.14391,1.14055,1.14172,20458.55
2025-06-09 12:00:00,1.14174,1.14254,1.13864,1.14242,24558.78
2025-06-09 16:00:00,1.14243,1.14307,1.14152,1.14228,10900.88
2025-06-09 20:00:00,1.14226,1.14283,1.14171,1.14261,3233.0299999999997
2025-06-10 00:00:00,1.1426,1.14355,1.13859,1.14029,18538.08
2025-06-10 04:00:00,1.14029,1.14146,1.13729,1.1392,26367.41
2025-06-10 08:00:00,1.1392,1.14341,1.13912,1.1429,22770.04
2025-06-10 12:00:00,1.14291,1.14475,1.14156,1.14223,23967.48
2025-06-10 16:00:00,1.14223,1.14364,1.14159,1.14258,13000.02
2025-06-10 20:00:00,1.14257,1.14393,1.14191,1.14372,9991.21
2025-06-11 00:00:00,1.14375,1.14387,1.14061,1.14161,12418.92
2025-06-11 04:00:00,1.14162,1.14236,1.14052,1.14195,16903.68
2025-06-11 08:00:00,1.14195,1.14457,1.14182,1.14325,15363.79
2025-06-11 12:00:00,1.14327,1.14903,1.14281,1.14892,37323.83
2025-06-11 16:00:00,1.14891,1.14994,1.14792,1.14827,15680.49
2025-06-11 20:00:00,1.14828,1.15129,1.148,1.15099,9427.25
2025-06-12 00:00:00,1.15102,1.15291,1.15017,1.15196,16428.26
2025-06-12 04:00:00,1.15196,1.15326,1.15056,1.15263,21678.22
2025-06-12 08:00:00,1.15262,1.16105,1.1523,1.15894,33438.05
2025-06-12 12:00:00,1.15894,1.16311,1.15673,1.15768,38254.1
2025-06-12 16:00:00,1.15769,1.15806,1.15636,1.1576,16446.84
2025-06-12 20:00:00,1.15759,1.16093,1.15755,1.16084,7143.1
2025-06-13 00:00:00,1.16083,1.16143,1.15275,1.1537,47929.91
2025-06-13 04:00:00,1.15371,1.15603,1.15117,1.15355,37087.33
2025-06-13 08:00:00,1.15354,1.15468,1.1489,1.151,30856.15
2025-06-13 12:00:00,1.15098,1.15694,1.15011,1.1556,31389.96
2025-06-13 16:00:00,1.1556,1.15659,1.15334,1.15499,19561.31
2025-06-13 20:00:00,1.15497,1.15529,1.15377,1.15457,3947.2
2025-06-15 20:00:00,1.15309,1.15469,1.15256,1.15376,13630.35
2025-06-16 00:00:00,1.15376,1.15463,1.15238,1.15272,24968.18
2025-06-16 04:00:00,1.15273,1.15865,1.15273,1.15786,28976.25
2025-06-16 08:00:00,1.15789,1.15858,1.15696,1.15728,22991.12
2025-06-16 12:00:00,1.15729,1.16147,1.15707,1.15799,31608.02
2025-06-16 16:00:00,1.15801,1.15859,1.15547,1.15554,17533.62
2025-06-16 20:00:00,1.15552,1.15636,1.15489,1.15534,9892.51
2025-06-17 00:00:00,1.15536,1.15638,1.15423,1.15619,25687.92
2025-06-17 04:00:00,1.1562,1.15723,1.15453,1.15578,27301.51
2025-06-17 08:00:00,1.15578,1.15735,1.15499,1.15617,18966.37
2025-06-17 12:00:00,1.15618,1.15796,1.15105,1.15341,34045.69
2025-06-17 16:00:00,1.15339,1.15391,1.14749,1.14843,31130.02
2025-06-17 20:00:00,1.14844,1.14858,1.14743,1.14816,6826.67
2025-06-18 00:00:00,1.14817,1.15049,1.14807,1.14997,23172.38
2025-06-18 04:00:00,1.15,1.15234,1.14965,1.15132,20966.96
2025-06-18 08:00:00,1.15131,1.15161,1.14917,1.15074,16748.14
2025-06-18 12:00:00,1.15072,1.153,1.1484,1.15203,32960.02
2025-06-18 16:00:00,1.15202,1.15289,1.14608,1.14742,50280.44
2025-06-18 20:00:00,1.14741,1.14887,1.14707,1.14758,8899.97
2025-06-19 00:00:00,1.14758,1.14835,1.14502,1.14657,24687.72
2025-06-19 04:00:00,1.1466,1.14768,1.14461,1.14614,18715.71
2025-06-19 08:00:00,1.14613,1.14874,1.14564,1.1481,22758.18
2025-06-19 12:00:00,1.14807,1.1486,1.14583,1.14597,20132.88
2025-06-19 16:00:00,1.14596,1.14999,1.14545,1.14974,7384.67
2025-06-19 20:00:00,1.14974,1.15125,1.14914,1.15113,8122.25
2025-06-20 00:00:00,1.15112,1.15302,1.15105,1.15293,21539.31
2025-06-20 04:00:00,1.15292,1.15323,1.15099,1.15163,22856.95
2025-06-20 08:00:00,1.15162,1.15349,1.15114,1.15211,15446.94
2025-06-20 12:00:00,1.1521,1.15287,1.1495,1.15195,27409.57
2025-06-20 16:00:00,1.15196,1.15439,1.15153,1.15156,13223.86
2025-06-20 20:00:00,1.15155,1.15227,1.15137,1.15189,2019.94
2025-06-22 20:00:00,1.14602,1.15073,1.14544,1.14995,10413.67
2025-06-23 00:00:00,1.14995,1.15066,1.1472,1.14939,24447.45
2025-06-23 04:00:00,1.14937,1.15211,1.1485,1.14986,24369.87
2025-06-23 08:00:00,1.14985,1.15019,1.14533,1.14727,29123.76
2025-06-23 12:00:00,1.14726,1.15519,1.1457,1.15371,44562.45
2025-06-23 16:00:00,1.15371,1.15787,1.15177,1.15782,27952.81
2025-06-23 20:00:00,1.15783,1.16082,1.1574,1.15979,16064.28
2025-06-24 00:00:00,1.15977,1.16096,1.15865,1.16056,21467.72
2025-06-24 04:00:00,1.16056,1.16221,1.15798,1.15918,30892.09
2025-06-24 08:00:00,1.15909,1.16178,1.15853,1.16084,19719.95
2025-06-24 12:00:00,1.16082,1.16417,1.1582,1.16071,34957.16
2025-06-24 16:00:00,1.16072,1.16324,1.16049,1.16124,16101.44
2025-06-24 20:00:00,1.16125,1.16156,1.16042,1.16121,6516.61
2025-06-25 00:00:00,1.1612,1.16314,1.16109,1.16116,18003.56
2025-06-25 04:00:00,1.16117,1.16224,1.15898,1.15987,18689.28
2025-06-25 08:00:00,1.15988,1.16132,1.1592,1.15993,14946.13
2025-06-25 12:00:00,1.15991,1.16296,1.15901,1.16198,21951.04
2025-06-25 16:00:00,1.16196,1.1665,1.16195,1.16582,15325.09
2025-06-25 20:00:00,1.16583,1.16845,1.16509,1.16831,7866.16
2025-06-26 00:00:00,1.16832,1.17174,1.16673,1.16945,14491.98
2025-06-26 04:00:00,1.16945,1.17132,1.16716,1.17101,20919.08
2025-06-26 08:00:00,1.17101,1.17449,1.16938,1.16946,21422.48
2025-06-26 12:00:00,1.16949,1.17209,1.16898,1.17167,33605.67
2025-06-26 16:00:00,1.17168,1.17401,1.1704,1.17044,13557.74
2025-06-26 20:00:00,1.17044,1.17084,1.16806,1.1693,8739.039999999999
2025-06-27 00:00:00,1.16931,1.17093,1.16859,1.16959,17636.21
2025-06-27 04:00:00,1.16958,1.17269,1.16837,1.17145,13856.45
2025-06-27 08:00:00,1.17147,1.1726,1.17011,1.1714,14074.29
2025-06-27 12:00:00,1.17141,1.17539,1.17029,1.17235,30071.63
2025-06-27 16:00:00,1.17233,1.17321,1.16879,1.17066,17933.04
2025-06-27 20:00:00,1.17063,1.17205,1.17058,1.17162,2957.04
2025-06-29 20:00:00,1.17287,1.17385,1.17215,1.17263,6397.29
2025-06-30 00:00:00,1.17264,1.17347,1.17115,1.17121,15922.9
2025-06-30 04:00:00,1.17123,1.17506,1.1712,1.17246,17643.57
2025-06-30 08:00:00,1.17243,1.17328,1.17135,1.17224,15994.72
2025-06-30 12:00:00,1.17227,1.17716,1.17075,1.17697,34014.27
2025-06-30 16:00:00,1.17694,1.17805,1.17488,1.17795,13935.32
2025-06-30 20:00:00,1.17796,1.17907,1.17774,1.17863,7888.72
2025-07-01 00:00:00,1.17862,1.18076,1.17776,1.17892,16258.93
2025-07-01 04:00:00,1.17894,1.17937,1.17673,1.17858,14998.45
2025-07-01 08:00:00,1.17856,1.18298,1.17743,1.18139,24360.56
2025-07-01 12:00:00,1.18137,1.18174,1.17689,1.17758,31659.57
2025-07-01 16:00:00,1.17757,1.17913,1.17611,1.17909,18622.8
2025-07-01 20:00:00,1.17908,1.18068,1.17906,1.1805,9291.06
2025-07-02 00:00:00,1.18048,1.18098,1.1788,1.18002,15842.5
2025-07-02 04:00:00,1.18001,1.18011,1.17708,1.17738,14196.27
2025-07-02 08:00:00,1.17737,1.17814,1.17467,1.17494,16853.87
2025-07-02 12:00:00,1.17494,1.17898,1.1747,1.17891,43755.56
2025-07-02 16:00:00,1.17891,1.18031,1.17855,1.18021,13871.85
2025-07-02 20:00:00,1.18021,1.18023,1.17869,1.17985,5131.91
2025-07-03 00:00:00,1.17985,1.181,1.1789,1.17916,10695.74
2025-07-03 04:00:00,1.17914,1.18099,1.17868,1.18012,16246.53
2025-07-03 08:00:00,1.18013,1.18082,1.1783,1.17847,16848.89
2025-07-03 12:00:00,1.17848,1.17897,1.17169,1.17568,52344.21
2025-07-03 16:00:00,1.1757,1.17582,1.17399,1.17476,6923.49
2025-07-03 20:00:00,1.17475,1.17712,1.17464,1.17688,5460.61
2025-07-04 00:00:00,1.1769,1.17725,1.17561,1.17701,11939.94
2025-07-04 04:00:00,1.177,1.17854,1.17675,1.17696,13913.73
2025-07-04 08:00:00,1.17698,1.1782,1.17679,1.17687,13172.84
2025-07-04 12:00:00,1.17689,1.17873,1.17636,1.17783,9296.55
2025-07-04 16:00:00,1.17783,1.17815,1.17718,1.17748,20137.61
2025-07-04 20:00:00,1.17747,1.17829,1.17719,1.17719,15666.42
2025-07-06 20:00:00,1.17793,1.17825,1.17732,1.178,2644.38
2025-07-07 00:00:00,1.17805,1.17901,1.17644,1.17689,10373.92
2025-07-07 04:00:00,1.17689,1.17737,1.17452,1.17456,16328.48
2025-07-07 08:00:00,1.17455,1.17473,1.1722,1.17294,18197.95
2025-07-07 12:00:00,1.17293,1.17453,1.17179,1.17327,17584.38
2025-07-07 16:00:00,1.1733,1.17396,1.16868,1.17193,35911.53
2025-07-07 20:00:00,1.17193,1.17386,1.17063,1.17363,8464.03
2025-07-08 00:00:00,1.17365,1.17487,1.17305,1.17467,16175.07
2025-07-08 04:00:00,1.17467,1.1765,1.17315,1.17599,15448.17
2025-07-08 08:00:00,1.17598,1.17605,1.17212,1.17218,14286.62
2025-07-08 12:00:00,1.17217,1.17244,1.16825,1.17067,38358.409999999996
2025-07-08 16:00:00,1.17067,1.17296,1.16962,1.17243,16696.44
2025-07-08 20:00:00,1.17242,1.17291,1.17135,1.17233,8000.52
2025-07-09 00:00:00,1.17233,1.17258,1.17027,1.17038,21267.65
2025-07-09 04:00:00,1.17035,1.17284,1.17015,1.17076,13837.67
2025-07-09 08:00:00,1.17073,1.17199,1.16895,1.16909,16324.59
2025-07-09 12:00:00,1.16911,1.17245,1.16911,1.1706,22865.44
2025-07-09 16:00:00,1.17062,1.17232,1.17007,1.1719,8402.09
2025-07-09 20:00:00,1.17188,1.17396,1.17117,1.17378,4279.31
2025-07-10 00:00:00,1.17375,1.17494,1.17336,1.17338,13451.19
2025-07-10 04:00:00,1.17339,1.17433,1.1726,1.17331,11675.46
2025-07-10 08:00:00,1.17329,1.17343,1.17079,1.17114,26054.68
2025-07-10 12:00:00,1.17117,1.17146,1.16623,1.16872,35770.56
2025-07-10 16:00:00,1.16873,1.16989,1.16815,1.16955,15739.08
2025-07-10 20:00:00,1.16955,1.17071,1.16944,1.17018,5070.3584
2025-07-11 00:00:00,1.17016,1.17047,1.16645,1.16817,18302.12
2025-07-11 04:00:00,1.16815,1.16958,1.16691,1.16889,13674.18
2025-07-11 08:00:00,1.1689,1.17011,1.16794,1.16878,17171.58
2025-07-11 12:00:00,1.16876,1.17138,1.16741,1.16961,22483.95
2025-07-11 16:00:00,1.16958,1.16978,1.16856,1.16878,11382.95
2025-07-11 20:00:00,1.1688,1.16936,1.16787,1.16852,2597.58
2025-07-13 20:00:00,1.16658,1.16843,1.16611,1.16822,6009.17
2025-07-14 00:00:00,1.16822,1.16978,1.16725,1.16809,12099.79
2025-07-14 04:00:00,1.16808,1.16874,1.16541,1.16857,12248.97
2025-07-14 08:00:00,1.16855,1.1697,1.16793,1.16887,15407.87
2025-07-14 12:00:00,1.16885,1.16958,1.16668,1.1671,16397.69
2025-07-14 16:00:00,1.1671,1.16756,1.1659,1.16678,23201.07
2025-07-14 20:00:00,1.16679,1.16689,1.166,1.1665,4423.133
2025-07-15 00:00:00,1.1665,1.16775,1.16646,1.16756,15733.460000000001
2025-07-15 04:00:00,1.16758,1.16925,1.16716,1.16903,11621.47
2025-07-15 08:00:00,1.16902,1.16912,1.16675,1.16695,10962.2
2025-07-15 12:00:00,1.16694,1.1691,1.16007,1.16178,59126.05
2025-07-15 16:00:00,1.16179,1.16203,1.15927,1.16008,18332.47
2025-07-15 20:00:00,1.16007,1.16077,1.1597,1.1607,3365.43
2025-07-16 00:00:00,1.16073,1.16152,1.16023,1.16108,10350.38
2025-07-16 04:00:00,1.16109,1.16281,1.161,1.16184,14840.44
2025-07-16 08:00:00,1.16182,1.16264,1.16008,1.16034,14304.630000000001
2025-07-16 12:00:00,1.16036,1.17212,1.15623,1.16286,72226.65
2025-07-16 16:00:00,1.16281,1.16584,1.16155,1.16357,29033.31
2025-07-16 20:00:00,1.16356,1.16425,1.16328,1.16353,8446.89
2025-07-17 00:00:00,1.16353,1.16361,1.16136,1.16188,30488.0
2025-07-17 04:00:00,1.16189,1.16271,1.15733,1.15905,19363.56
2025-07-17 08:00:00,1.15905,1.16052,1.157,1.15744,11545.74
2025-07-17 12:00:00,1.15743,1.16024,1.15566,1.15962,29207.2
2025-07-17 16:00:00,1.15962,1.16018,1.15799,1.15975,10881.23
2025-07-17 20:00:00,1.15974,1.16196,1.15901,1.1615,5714.948
2025-07-18 00:00:00,1.16151,1.1634,1.16143,1.16237,10080.23
2025-07-18 04:00:00,1.16237,1.16312,1.16119,1.16288,9979.87
2025-07-18 08:00:00,1.16287,1.16478,1.16281,1.16442,14191.98
2025-07-18 12:00:00,1.16442,1.16716,1.16427,1.16445,28939.41
2025-07-18 16:00:00,1.16446,1.16487,1.1617,1.16223,10562.0
2025-07-18 20:00:00,1.16219,1.1628,1.16189,1.16207,1899.99
2025-07-20 20:00:00,1.16236,1.1634,1.16221,1.16294,4815.38
2025-07-21 00:00:00,1.16296,1.16362,1.16145,1.16253,9695.96
2025-07-21 04:00:00,1.16251,1.16472,1.1623,1.16434,19498.6
2025-07-21 08:00:00,1.16433,1.16698,1.16336,1.16676,19757.25
2025-07-21 12:00:00,1.16674,1.17166,1.16577,1.17045,21944.79
2025-07-21 16:00:00,1.17045,1.17055,1.16858,1.16894,9723.03
2025-07-21 20:00:00,1.16893,1.16966,1.16881,1.16945,3979.44
2025-07-22 00:00:00,1.1695,1.16955,1.16823,1.16871,8306.6
2025-07-22 04:00:00,1.16873,1.16944,1.16815,1.16857,10380.41
2025-07-22 08:00:00,1.16857,1.17092,1.16837,1.17014,14058.539999999999
2025-07-22 12:00:00,1.17013,1.17488,1.16788,1.17477,28343.93
2025-07-22 16:00:00,1.1748,1.17607,1.17417,1.17514,10291.460000000001
2025-07-22 20:00:00,1.17513,1.17559,1.17361,1.17378,5796.24
2025-07-23 00:00:00,1.17377,1.17488,1.17303,1.17387,14327.41
2025-07-23 04:00:00,1.17389,1.17527,1.17273,1.17419,13908.49
2025-07-23 08:00:00,1.17419,1.17479,1.17229,1.17257,16893.24
2025-07-23 12:00:00,1.17257,1.17579,1.17109,1.17466,23318.41
2025-07-23 16:00:00,1.17467,1.17749,1.17429,1.17732,21029.05
2025-07-23 20:00:00,1.17733,1.17789,1.17662,1.17733,6654.2
2025-07-24 00:00:00,1.17732,1.178,1.17621,1.1775,15241.53
2025-07-24 04:00:00,1.17748,1.17781,1.1755,1.17612,12723.4
2025-07-24 08:00:00,1.17617,1.17679,1.17433,1.17558,13349.12
2025-07-24 12:00:00,1.17558,1.17887,1.17303,1.17645,32192.67
2025-07-24 16:00:00,1.17647,1.17779,1.17568,1.17581,10060.07
2025-07-24 20:00:00,1.1758,1.17599,1.1735,1.17545,6176.52
2025-07-25 00:00:00,1.17548,1.17585,1.17339,1.17425,10637.46
2025-07-25 04:00:00,1.17423,1.17609,1.17344,1.17524,14746.98
2025-07-25 08:00:00,1.17524,1.17578,1.17112,1.17208,20531.26
2025-07-25 12:00:00,1.17211,1.17386,1.17028,1.17287,27361.55
2025-07-25 16:00:00,1.17292,1.17469,1.17202,1.17436,9212.12
2025-07-25 20:00:00,1.17436,1.17437,1.17374,1.17396,1937.3
2025-07-27 20:00:00,1.17552,1.17686,1.17507,1.17554,4400.2
2025-07-28 00:00:00,1.17554,1.177,1.17463,1.17562,9518.94
2025-07-28 04:00:00,1.17563,1.17579,1.16703,1.16745,18321.97
2025-07-28 08:00:00,1.16745,1.16902,1.16435,1.1651,23152.52
2025-07-28 12:00:00,1.16511,1.16649,1.16078,1.16086,27747.81
2025-07-28 16:00:00,1.16088,1.16107,1.15851,1.15915,11425.0
2025-07-28 20:00:00,1.15915,1.15965,1.1585,1.15963,4245.37
2025-07-29 00:00:00,1.1596,1.15989,1.15814,1.15829,12374.2
2025-07-29 04:00:00,1.15827,1.15902,1.15265,1.15547,21393.04
2025-07-29 08:00:00,1.15545,1.15884,1.15372,1.15399,19414.56
2025-07-29 12:00:00,1.15399,1.15515,1.15188,1.15333,33038.77
2025-07-29 16:00:00,1.15335,1.15605,1.15335,1.15498,15787.25
2025-07-29 20:00:00,1.155,1.15524,1.15438,1.15506,4367.34
2025-07-30 00:00:00,1.15506,1.15725,1.15504,1.15616,28002.89
2025-07-30 04:00:00,1.15615,1.15685,1.15399,1.1553,17686.64
2025-07-30 08:00:00,1.15531,1.15605,1.15218,1.15308,21800.79
2025-07-30 12:00:00,1.15311,1.15345,1.1458,1.14686,40547.4
2025-07-30 16:00:00,1.14688,1.15031,1.14141,1.14238,33956.61
2025-07-30 20:00:00,1.14238,1.14305,1.14008,1.14278,12115.539999999999
2025-07-31 00:00:00,1.14278,1.14379,1.14073,1.14233,11371.53
2025-07-31 04:00:00,1.14232,1.14606,1.14193,1.14484,15225.85
2025-07-31 08:00:00,1.14484,1.14548,1.14207,1.14486,16702.44
2025-07-31 12:00:00,1.14489,1.1451,1.14058,1.14301,32161.95
2025-07-31 16:00:00,1.14299,1.1433,1.14121,1.14121,11704.17
2025-07-31 20:00:00,1.14122,1.14259,1.14093,1.14217,9270.73
2026-01-01 20:00:00,1.17387,1.17507,1.17387,1.17506,3652.99
2026-01-02 00:00:00,1.17509,1.17649,1.17498,1.17644,4588.39
2026-01-02 04:00:00,1.17645,1.17647,1.1732,1.17347,9678.47
2026-01-02 08:00:00,1.17344,1.17382,1.17132,1.17219,28663.27
2026-01-02 12:00:00,1.17218,1.1752,1.17158,1.17504,25261.08
2026-01-02 16:00:00,1.17505,1.17542,1.17141,1.17231,16350.62
2026-01-02 20:00:00,1.17234,1.17236,1.17152,1.17199,4286.79
2026-01-04 20:00:00,1.17203,1.17219,1.16999,1.1705,4246.75
2026-01-05 00:00:00,1.1705,1.1711,1.16721,1.16752,13976.01
2026-01-05 04:00:00,1.1675,1.1692,1.16731,1.16862,12715.75
2026-01-05 08:00:00,1.1686,1.16948,1.16736,1.16813,25637.53
2026-01-05 12:00:00,1.16814,1.17045,1.16588,1.17045,34494.44
2026-01-05 16:00:00,1.17045,1.17286,1.1704,1.17271,16453.19
2026-01-05 20:00:00,1.17269,1.17286,1.17128,1.17144,4899.1
2026-01-06 00:00:00,1.17144,1.17382,1.17106,1.17343,9381.93
2026-01-06 04:00:00,1.17343,1.17428,1.17257,1.17289,13777.62
2026-01-06 08:00:00,1.17288,1.17388,1.17049,1.17061,18997.25
2026-01-06 12:00:00,1.17063,1.17174,1.16838,1.16952,31011.25
2026-01-06 16:00:00,1.16952,1.1702,1.16837,1.16896,18732.79
2026-01-06 20:00:00,1.16897,1.16931,1.16844,1.16868,9355.6
2026-01-07 00:00:00,1.1687,1.17025,1.16851,1.16983,10882.25
2026-01-07 04:00:00,1.16985,1.17019,1.16784,1.16827,10386.68
2026-01-07 08:00:00,1.16825,1.16939,1.16728,1.16892,15355.2
2026-01-07 12:00:00,1.16892,1.16985,1.16797,1.16901,27688.59
2026-01-07 16:00:00,1.169,1.16948,1.16786,1.16823,21886.0
2026-01-07 20:00:00,1.16825,1.16838,1.16727,1.16767,4669.66
2026-01-08 00:00:00,1.16768,1.16828,1.16724,1.16799,5715.53
2026-01-08 04:00:00,1.16797,1.16828,1.16747,1.16778,8838.49
2026-01-08 08:00:00,1.16779,1.16817,1.16687,1.16775,11998.35
2026-01-08 12:00:00,1.16774,1.16777,1.16561,1.16664,19630.49
2026-01-08 16:00:00,1.16662,1.16673,1.16425,1.16501,13152.98
2026-01-08 20:00:00,1.165,1.16624,1.16496,1.16578,6142.38
2026-01-09 00:00:00,1.16579,1.1659,1.16459,1.16561,6808.05
2026-01-09 04:00:00,1.16559,1.16569,1.16399,1.16506,7033.82
2026-01-09 08:00:00,1.16508,1.16529,1.16367,1.1646,11368.0
2026-01-09 12:00:00,1.1646,1.16604,1.16179,1.16405,40451.18
2026-01-09 16:00:00,1.16405,1.16431,1.16276,1.16346,14688.7
2026-01-09 20:00:00,1.16348,1.16377,1.16292,1.16298,2799.09
2026-01-11 20:00:00,1.16296,1.16348,1.1623,1.16235,1680.31
2026-01-12 00:00:00,1.16237,1.16713,1.16216,1.16551,14914.79
2026-01-12 04:00:00,1.16549,1.16876,1.16528,1.16849,10687.31
2026-01-12 08:00:00,1.16847,1.16957,1.16755,1.16784,17830.81
2026-01-12 12:00:00,1.16785,1.16984,1.16728,1.16811,24323.8
2026-01-12 16:00:00,1.16812,1.1682,1.16651,1.1672,12353.93
2026-01-12 20:00:00,1.1672,1.1673,1.16628,1.16673,6576.73
2026-01-13 00:00:00,1.16673,1.16673,1.16561,1.16586,6149.38
2026-01-13 04:00:00,1.16584,1.16674,1.16537,1.1664,9548.84
2026-01-13 08:00:00,1.16639,1.16742,1.16586,1.16685,15308.94
2026-01-13 12:00:00,1.16685,1.16776,1.1644,1.16518,33542.74
2026-01-13 16:00:00,1.16519,1.16545,1.1634,1.1649,14699.31
2026-01-13 20:00:00,1.16489,1.16498,1.16408,1.1642,5368.33
2026-01-14 00:00:00,1.16421,1.16487,1.16359,1.16469,6254.56
2026-01-14 04:00:00,1.16467,1.16519,1.16413,1.16459,6377.67
2026-01-14 08:00:00,1.16461,1.16578,1.1641,1.16467,17301.89
2026-01-14 12:00:00,1.16469,1.16606,1.16447,1.16599,32071.21
2026-01-14 16:00:00,1.16599,1.16615,1.16354,1.16362,13733.6
2026-01-14 20:00:00,1.16362,1.16472,1.16362,1.16449,9088.94
2026-01-15 00:00:00,1.1645,1.16455,1.16329,1.16387,11331.31
2026-01-15 04:00:00,1.1639,1.16393,1.16259,1.16287,11209.56
2026-01-15 08:00:00,1.16287,1.16409,1.16267,1.16308,14128.33
2026-01-15 12:00:00,1.16307,1.16349,1.1593,1.16021,27582.28
2026-01-15 16:00:00,1.16021,1.16174,1.15981,1.16136,12982.66
2026-01-15 20:00:00,1.16137,1.16155,1.16025,1.16088,6018.96
2026-01-16 00:00:00,1.16087,1.16141,1.16023,1.1612,9493.73
2026-01-16 04:00:00,1.1612,1.16147,1.16042,1.1612,9003.41
2026-01-16 08:00:00,1.16121,1.16233,1.16079,1.16191,16157.13
2026-01-16 12:00:00,1.1619,1.16273,1.15843,1.15935,39245.43
2026-01-16 16:00:00,1.15933,1.16058,1.15893,1.15963,19806.3
2026-01-16 20:00:00,1.15964,1.16022,1.1595,1.1595,3818.0
2026-01-18 20:00:00,1.15815,1.16268,1.15777,1.16241,9014.51
2026-01-19 00:00:00,1.1624,1.16378,1.16043,1.16245,22391.09
2026-01-19 04:00:00,1.16244,1.16412,1.16229,1.16259,15078.85
2026-01-19 08:00:00,1.1626,1.16297,1.1611,1.16277,19406.11
2026-01-19 12:00:00,1.16277,1.16433,1.1625,1.16398,18791.12
2026-01-19 16:00:00,1.16398,1.16487,1.16376,1.16431,6571.88
2026-01-19 20:00:00,1.16431,1.16473,1.16383,1.16393,3516.5
2026-01-20 00:00:00,1.16395,1.16586,1.16324,1.16565,9498.79
2026-01-20 04:00:00,1.16566,1.16936,1.16559,1.16885,19967.56
2026-01-20 08:00:00,1.16885,1.17388,1.16873,1.17348,42128.17
2026-01-20 12:00:00,1.17347,1.17688,1.17151,1.17269,57549.81
2026-01-20 16:00:00,1.17268,1.17426,1.17114,1.17122,24977.42
2026-01-20 20:00:00,1.17122,1.17289,1.17106,1.1727,9958.09
2026-01-21 00:00:00,1.1727,1.17342,1.17104,1.17188,13298.63
2026-01-21 04:00:00,1.17188,1.17253,1.17097,1.1717,15826.26
2026-01-21 08:00:00,1.17167,1.17202,1.17012,1.17141,23041.43
2026-01-21 12:00:00,1.17141,1.1743,1.17005,1.17019,38380.89
2026-01-21 16:00:00,1.17018,1.17115,1.16768,1.16914,29562.829999999998
2026-01-21 20:00:00,1.16915,1.16919,1.16697,1.16728,9593.49
2026-01-22 00:00:00,1.16727,1.16935,1.16727,1.16888,9440.04
2026-01-22 04:00:00,1.1689,1.16972,1.16841,1.16905,10546.97
2026-01-22 08:00:00,1.16903,1.17041,1.16841,1.17022,19556.93
2026-01-22 12:00:00,1.17022,1.1734,1.16999,1.17338,26830.05
2026-01-22 16:00:00,1.17338,1.17505,1.17266,1.17439,18700.69
2026-01-22 20:00:00,1.1744,1.17591,1.17419,1.17538,5761.2338
2026-01-23 00:00:00,1.17537,1.17537,1.17435,1.17435,9852.81
2026-01-23 04:00:00,1.17436,1.17539,1.1735,1.17358,17439.75
2026-01-23 08:00:00,1.1736,1.17452,1.17283,1.17374,20178.52
2026-01-23 12:00:00,1.17373,1.17612,1.17318,1.17579,18170.65
2026-01-23 16:00:00,1.17579,1.18148,1.17463,1.18116,38658.85
2026-01-23 20:00:00,1.18117,1.18336,1.181,1.1828,9609.88
2026-01-25 20:00:00,1.18661,1.18976,1.18506,1.18602,10062.52
2026-01-26 00:00:00,1.18601,1.18764,1.18443,1.18623,24361.89
2026-01-26 04:00:00,1.18624,1.18697,1.18364,1.18386,21468.079999999998
2026-01-26 08:00:00,1.18386,1.18674,1.18381,1.18557,32356.79
2026-01-26 12:00:00,1.18557,1.18969,1.18347,1.18953,32682.17
2026-01-26 16:00:00,1.18952,1.19069,1.18705,1.18792,28414.16
2026-01-26 20:00:00,1.1879,1.18862,1.18716,1.18738,10230.09
2026-01-27 00:00:00,1.18736,1.18993,1.18724,1.18795,16426.48
2026-01-27 04:00:00,1.18797,1.18823,1.18608,1.18637,15410.99
2026-01-27 08:00:00,1.18634,1.18971,1.18502,1.18954,30478.32
2026-01-27 12:00:00,1.18953,1.19724,1.18941,1.19508,59891.3
2026-01-27 16:00:00,1.19506,1.199,1.19495,1.19771,36758.04
2026-01-27 20:00:00,1.1977,1.20822,1.19716,1.20227,36980.75
2026-01-28 00:00:00,1.20227,1.20235,1.1987,1.19969,20127.21
2026-01-28 04:00:00,1.1997,1.20257,1.19748,1.19912,22217.14
2026-01-28 08:00:00,1.19913,1.20047,1.19617,1.19679,35610.51
2026-01-28 12:00:00,1.19678,1.19834,1.19231,1.19434,52540.16
2026-01-28 16:00:00,1.19432,1.19526,1.18957,1.19403,42412.44
2026-01-28 20:00:00,1.19402,1.19808,1.19293,1.19808,16241.52
2026-01-29 00:00:00,1.19807,1.19868,1.19532,1.19864,20818.94
2026-01-29 04:00:00,1.19863,1.19964,1.19671,1.1974,20588.92
2026-01-29 08:00:00,1.19738,1.19856,1.19379,1.19468,29872.27
2026-01-29 12:00:00,1.19471,1.19725,1.19059,1.19294,62276.05
2026-01-29 16:00:00,1.19292,1.19648,1.19273,1.19513,41691.93
2026-01-29 20:00:00,1.19512,1.19745,1.19457,1.19674,8589.21
2026-01-30 00:00:00,1.19673,1.19729,1.18948,1.19197,36037.7
2026-01-30 04:00:00,1.19197,1.19423,1.19138,1.19377,29235.84
2026-01-30 08:00:00,1.19377,1.19505,1.18981,1.1949,38387.08
2026-01-30 12:00:00,1.19489,1.19546,1.18831,1.18951,56476.78
2026-01-30 16:00:00,1.18954,1.18975,1.18544,1.18693,55360.48
2026-01-30 20:00:00,1.18693,1.18693,1.18489,1.1849,11730.25
2026-02-01 20:00:00,1.18492,1.18569,1.18395,1.18461,10395.42
2026-02-02 00:00:00,1.18464,1.18747,1.18463,1.18641,30901.8
2026-02-02 04:00:00,1.18641,1.18725,1.18409,1.18532,29241.01
2026-02-02 08:00:00,1.18533,1.18712,1.18435,1.18646,31157.98
2026-02-02 12:00:00,1.18645,1.18698,1.17902,1.17923,50295.04
2026-02-02 16:00:00,1.17922,1.18124,1.17758,1.17886,36265.11
2026-02-02 20:00:00,1.17888,1.17989,1.17802,1.17987,11231.47
2026-02-03 00:00:00,1.17986,1.18149,1.17979,1.18093,12953.38
2026-02-03 04:00:00,1.18092,1.18243,1.18048,1.18149,14426.42
2026-02-03 08:00:00,1.1815,1.18193,1.17825,1.17871,24002.93
2026-02-03 12:00:00,1.17872,1.18135,1.178,1.18129,33375.29
2026-02-03 16:00:00,1.18131,1.18288,1.18058,1.18133,29744.17
2026-02-03 20:00:00,1.18135,1.18253,1.18094,1.18155,8967.16
2026-02-04 00:00:00,1.18155,1.18317,1.18086,1.18268,12864.24
2026-02-04 04:00:00,1.18268,1.18361,1.18241,1.1832,11145.23
2026-02-04 08:00:00,1.18317,1.18379,1.18046,1.18103,21685.97
2026-02-04 12:00:00,1.18102,1.18268,1.17933,1.17961,36361.82
2026-02-04 16:00:00,1.17962,1.1815,1.17903,1.18091,33857.38
2026-02-04 20:00:00,1.18088,1.18096,1.18002,1.18015,7558.91
2026-02-05 00:00:00,1.18014,1.18082,1.17826,1.17892,15322.83
2026-02-05 04:00:00,1.17893,1.18033,1.17841,1.17989,11816.61
2026-02-05 08:00:00,1.17987,1.18088,1.17802,1.17935,20636.74
2026-02-05 12:00:00,1.17935,1.18218,1.17818,1.17911,52725.97
2026-02-05 16:00:00,1.17913,1.18041,1.1785,1.17941,23760.32
2026-02-05 20:00:00,1.17939,1.17947,1.17749,1.17764,9018.2418
2026-02-06 00:00:00,1.17763,1.17916,1.17654,1.17874,14185.45
2026-02-06 04:00:00,1.17878,1.18016,1.17872,1.17913,11556.35
2026-02-06 08:00:00,1.17913,1.17997,1.17855,1.179,20027.58
2026-02-06 12:00:00,1.17899,1.1826,1.17881,1.18193,27926.71
2026-02-06 16:00:00,1.18192,1.18228,1.18099,1.1819,15995.63
2026-02-06 20:00:00,1.18191,1.18239,1.18113,1.18115,4265.65
2026-02-08 20:00:00,1.18106,1.18277,1.18097,1.18266,5032.9
2026-02-09 00:00:00,1.18267,1.18335,1.18159,1.18187,15118.93
2026-02-09 04:00:00,1.18188,1.18598,1.18188,1.18558,16457.5
2026-02-09 08:00:00,1.18558,1.1872,1.18517,1.18691,27044.49
2026-02-09 12:00:00,1.18691,1.19266,1.18691,1.1912,44155.24
2026-02-09 16:00:00,1.19122,1.19222,1.18929,1.19202,19575.75
2026-02-09 20:00:00,1.19201,1.1921,1.19016,1.19036,6988.31
2026-02-10 00:00:00,1.19035,1.19169,1.18965,1.19114,11168.15
2026-02-10 04:00:00,1.19113,1.19131,1.18993,1.19086,11088.49
2026-02-10 08:00:00,1.19084,1.19198,1.18996,1.19037,18507.71
2026-02-10 12:00:00,1.19039,1.19285,1.18885,1.19139,43819.45
2026-02-10 16:00:00,1.1914,1.19149,1.18866,1.19022,18906.89
2026-02-10 20:00:00,1.19021,1.19033,1.18866,1.18876,6166.36
2026-02-11 00:00:00,1.18877,1.19137,1.18862,1.19115,12766.96
2026-02-11 04:00:00,1.19114,1.19256,1.19066,1.19178,16106.32
2026-02-11 08:00:00,1.19175,1.19272,1.19049,1.19081,16973.04
2026-02-11 12:00:00,1.19081,1.19092,1.18331,1.18591,65810.16
2026-02-11 16:00:00,1.1859,1.18934,1.18531,1.18798,25356.2
2026-02-11 20:00:00,1.18796,1.18809,1.18685,1.18746,7230.93
2026-02-12 00:00:00,1.18747,1.18846,1.18652,1.18695,14054.66
2026-02-12 04:00:00,1.18695,1.18751,1.18522,1.18728,16898.49
2026-02-12 08:00:00,1.1873,1.18878,1.18712,1.18844,16325.64
2026-02-12 12:00:00,1.18844,1.18883,1.18669,1.18856,31257.71
2026-02-12 16:00:00,1.18858,1.18899,1.18561,1.18699,42044.08
2026-02-12 20:00:00,1.18699,1.18725,1.18636,1.18691,6920.5
2026-02-13 00:00:00,1.18689,1.18734,1.18628,1.18667,8861.51
2026-02-13 04:00:00,1.1867,1.18677,1.18469,1.18585,13386.0
2026-02-13 08:00:00,1.18584,1.18666,1.18529,1.18585,15349.86
2026-02-13 12:00:00,1.18587,1.18846,1.18475,1.18483,40074.24
2026-02-13 16:00:00,1.18483,1.18827,1.18482,1.18665,19220.06
2026-02-13 20:00:00,1.18663,1.18764,1.18643,1.18655,4473.2300000000005
2026-02-15 20:00:00,1.18751,1.18755,1.18631,1.18667,2707.28
2026-02-16 00:00:00,1.18667,1.1869,1.18589,1.18671,9065.05
2026-02-16 04:00:00,1.18671,1.18701,1.18602,1.18626,6033.68
2026-02-16 08:00:00,1.18626,1.18703,1.18571,1.18611,12650.619999999999
2026-02-16 12:00:00,1.1861,1.18634,1.18489,1.18538,12536.66
2026-02-16 16:00:00,1.18539,1.18567,1.18462,1.18541,5185.66
2026-02-16 20:00:00,1.1854,1.1855,1.18465,1.18503,2836.1
2026-02-17 00:00:00,1.18505,1.18519,1.18378,1.18416,7514.07
2026-02-17 04:00:00,1.18414,1.18457,1.18286,1.18327,9471.54
2026-02-17 08:00:00,1.18326,1.18497,1.1824,1.18308,15593.42
2026-02-17 12:00:00,1.18307,1.18358,1.18049,1.18105,32571.53
2026-02-17 16:00:00,1.18106,1.18531,1.18106,1.1848,18807.64
2026-02-17 20:00:00,1.18478,1.18573,1.18468,1.18507,5611.33
2026-02-18 00:00:00,1.18507,1.18535,1.1841,1.18411,6629.74
2026-02-18 04:00:00,1.18411,1.18464,1.18329,1.18347,7798.15
2026-02-18 08:00:00,1.18346,1.18408,1.18284,1.18345,12852.08
2026-02-18 12:00:00,1.18347,1.18485,1.18118,1.18226,26888.47
2026-02-18 16:00:00,1.18226,1.1826,1.17836,1.17873,24360.87
2026-02-18 20:00:00,1.17872,1.17904,1.17818,1.17885,5741.39
2026-02-19 00:00:00,1.17884,1.17955,1.17852,1.17906,9174.3
2026-02-19 04:00:00,1.17906,1.18035,1.17847,1.18006,8823.43
2026-02-19 08:00:00,1.18006,1.18075,1.17765,1.17807,16385.29
2026-02-19 12:00:00,1.17805,1.17807,1.17418,1.17629,38769.8
2026-02-19 16:00:00,1.1763,1.17741,1.1756,1.17637,18845.08
2026-02-19 20:00:00,1.17638,1.1778,1.17632,1.17682,5920.55
2026-02-20 00:00:00,1.17683,1.17722,1.17536,1.17566,11161.97
2026-02-20 04:00:00,1.17568,1.17625,1.17496,1.17512,11257.02
2026-02-20 08:00:00,1.1751,1.1769,1.17432,1.17673,16537.49
2026-02-20 12:00:00,1.17672,1.18074,1.17551,1.1788,50603.26
2026-02-20 16:00:00,1.17881,1.1799,1.17654,1.17806,30770.18
2026-02-20 20:00:00,1.17806,1.17914,1.17772,1.17814,5276.6
2026-02-22 20:00:00,1.17906,1.18346,1.17901,1.18333,5747.05
2026-02-23 00:00:00,1.18333,1.18344,1.18165,1.18233,19206.09
2026-02-23 04:00:00,1.18235,1.18338,1.1815,1.18232,10599.49
2026-02-23 08:00:00,1.18233,1.18249,1.17809,1.17859,18856.89
2026-02-23 12:00:00,1.17858,1.18098,1.17744,1.17947,30183.15
2026-02-23 16:00:00,1.17945,1.18087,1.1788,1.17915,19588.98
2026-02-23 20:00:00,1.17917,1.17953,1.1784,1.17929,6947.52
2026-02-24 00:00:00,1.17928,1.17963,1.17715,1.1775,11320.22
2026-02-24 04:00:00,1.17752,1.17823,1.17679,1.17791,13900.65
2026-02-24 08:00:00,1.17792,1.1793,1.17733,1.17804,16225.72
2026-02-24 12:00:00,1.17803,1.17835,1.1766,1.17727,25453.06
2026-02-24 16:00:00,1.17727,1.179,1.1772,1.17886,4798.25
